DELETE FROM user_group_functions WHERE id=70;
insert into user_group_functions(id,user_group_id,system_function_id,can_view,can_add,can_edit,can_delete,can_execute,can_publish,can_export,created_by,created_at,updated_by,updated_at,is_deleted) values ("70","0","80","1","1","1",null,null,null,null,"0","2015-05-13 07:54:18.0","0","2015-05-13 07:54:18.0","0");
DELETE FROM user_group_functions WHERE id=71;
insert into user_group_functions(id,user_group_id,system_function_id,can_view,can_add,can_edit,can_delete,can_execute,can_publish,can_export,created_by,created_at,updated_by,updated_at,is_deleted) values ("71","0","81","1","1","1",null,null,null,null,"0","2015-05-13 07:54:18.0","0","2015-05-13 07:54:18.0","0");
DELETE FROM user_group_functions WHERE id=72;
insert into user_group_functions(id,user_group_id,system_function_id,can_view,can_add,can_edit,can_delete,can_execute,can_publish,can_export,created_by,created_at,updated_by,updated_at,is_deleted) values ("72","0","78","1","1","1","1","1","1","1","0","2015-05-13 07:54:18.0","0","2015-05-13 07:54:18.0","0");
DELETE FROM area_codes WHERE id=101;
insert into area_codes(id,code,name,description,created_by,created_at,updated_by,updated_at,is_system,is_deleted) values ("101","101","Kadavanthara","","0","2021-09-27 07:08:39.0",null,null,"0","0");
DELETE FROM user_group_functions WHERE id=73;
insert into user_group_functions(id,user_group_id,system_function_id,can_view,can_add,can_edit,can_delete,can_execute,can_publish,can_export,created_by,created_at,updated_by,updated_at,is_deleted) values ("73","0","86","1",null,null,null,null,null,null,"0","2015-05-13 07:54:18.0","0","2015-05-13 07:54:18.0","0");
DELETE FROM bill_params WHERE id=1;
insert into bill_params(id,show_discount_summary,show_tax_summary,show_item_discount,show_item_tax,bill_tax_id,bill_hdr1,bill_hdr2,bill_hdr3,bill_hdr4,bill_hdr5,bill_hdr6,bill_hdr7,bill_hdr8,bill_hdr9,bill_hdr10,bill_footer1,bill_footer2,bill_footer3,bill_footer4,bill_footer5,bill_footer6,bill_footer7,bill_footer8,bill_footer9,bill_footer10,rounding_id,created_by,created_at,updated_by,updated_at,is_system,is_deleted) values ("1","0","0","0","0",null,"POSELLA V2","","","","","","","","","","...THANK YOU...","","","","","","","","","","0","0","2016-03-17 04:36:31.0","0","2016-03-17 04:36:31.0","0","0");
DELETE FROM user_group_functions WHERE id=74;
insert into user_group_functions(id,user_group_id,system_function_id,can_view,can_add,can_edit,can_delete,can_execute,can_publish,can_export,created_by,created_at,updated_by,updated_at,is_deleted) values ("74","0","83","1",null,null,null,null,null,"1","0","2015-05-13 07:54:18.0","0","2015-05-13 07:54:18.0","0");
DELETE FROM customer_types WHERE id=0;
insert into customer_types(id,code,name,description,is_ar,default_price_variance_pc,created_by,created_at,updated_by,updated_at,is_system,is_deleted) values ("0","WALKIN","Walk-in","Default Customer Type","0","0.00","0","2015-05-13 07:54:18.0","0","2015-05-13 07:54:18.0","1","0");
DELETE FROM user_group_functions WHERE id=75;
insert into user_group_functions(id,user_group_id,system_function_id,can_view,can_add,can_edit,can_delete,can_execute,can_publish,can_export,created_by,created_at,updated_by,updated_at,is_deleted) values ("75","0","85","1",null,"1",null,null,null,null,"0","2015-05-13 07:54:18.0","0","2015-05-13 07:54:18.0","0");
DELETE FROM customers WHERE id=0;
insert into customers(id,code,name,description,category,shop_id,customer_type,is_valid,card_no,address,street,city,state,state_code,country,zip_code,phone,fax,email,is_ar,ar_code,joining_date,accumulated_points,redeemed_points,cst_no,license_no,tin,gst_reg_type,gst_party_type,bank_name,bank_branch,bank_address,bank_ifsc_code,bank_micr_code,bank_account_no,created_by,created_at,updated_by,updated_at,is_system,is_deleted) values ("0","WALKIN","Walk-in",null,null,null,"0","1","000000","","","","",null,"","","0","","","0","0","2012-12-04","1","1",null,null,null,"2","1",null,null,null,null,null,null,"0","2015-05-13 07:54:18.0","0","2015-05-13 07:54:18.0","1","0");
DELETE FROM user_group_functions WHERE id=76;
insert into user_group_functions(id,user_group_id,system_function_id,can_view,can_add,can_edit,can_delete,can_execute,can_publish,can_export,created_by,created_at,updated_by,updated_at,is_deleted) values ("76","0","84","1",null,null,"1",null,null,null,"0","2015-05-13 07:54:18.0","0","2015-05-13 07:54:18.0","0");
DELETE FROM departments WHERE id=1;
insert into departments(id,code,name,description,sales_account_code,purchase_account_code,stock_account_code,cogs_account_code,wages_account_code,gst_collected_account_code,gst_paid_account_code,created_by,created_at,updated_by,updated_at,is_system,is_deleted) values ("1","DEFDEPT","All Items","All item department.","","","","","","","","0","2016-01-22 07:15:40.0",null,null,"1","0");
DELETE FROM user_group_functions WHERE id=77;
insert into user_group_functions(id,user_group_id,system_function_id,can_view,can_add,can_edit,can_delete,can_execute,can_publish,can_export,created_by,created_at,updated_by,updated_at,is_deleted) values ("77","0","82","1","1","1","1",null,null,null,"0","2015-05-13 07:54:18.0","0","2015-05-13 07:54:18.0","0");
DELETE FROM discounts WHERE id=1;
insert into discounts(id,code,name,description,is_percentage,is_overridable,is_item_specific,permitted_for,is_promotion,price,account_code,grouping_quantity,allow_editing,is_valid,date_from,date_to,time_from,time_to,week_days,created_by,created_at,updated_by,updated_at,is_system,is_deleted,disc_password) values ("1","DEFDSCNON","None","","0","0","0","0","0","0.00000","","0.00000","0","1","1900-01-01",null,"","","","0","2015-05-13 07:54:18.0","0","2015-05-13 07:54:18.0","1","0","");
DELETE FROM user_group_functions WHERE id=78;
insert into user_group_functions(id,user_group_id,system_function_id,can_view,can_add,can_edit,can_delete,can_execute,can_publish,can_export,created_by,created_at,updated_by,updated_at,is_deleted) values ("78","0","95","1",null,null,null,"1",null,null,"0","2015-05-13 07:54:18.0","0","2015-05-13 07:54:18.0","0");
DELETE FROM discounts WHERE id=2;
insert into discounts(id,code,name,description,is_percentage,is_overridable,is_item_specific,permitted_for,is_promotion,price,account_code,grouping_quantity,allow_editing,is_valid,date_from,date_to,time_from,time_to,week_days,created_by,created_at,updated_by,updated_at,is_system,is_deleted,disc_password) values ("2","DEFPRONON","None","","0","0","0","1","1","0.00000","","0.00000","0","1","1900-01-01",null,"","","","0","2015-05-13 07:54:18.0","0","2015-05-13 07:54:18.0","1","0","");
DELETE FROM user_group_functions WHERE id=79;
insert into user_group_functions(id,user_group_id,system_function_id,can_view,can_add,can_edit,can_delete,can_execute,can_publish,can_export,created_by,created_at,updated_by,updated_at,is_deleted) values ("79","0","96","1",null,null,null,null,null,null,"0","2015-05-13 07:54:18.0","0","2015-05-13 07:54:18.0","0");
DELETE FROM discounts WHERE id=3;
insert into discounts(id,code,name,description,is_percentage,is_overridable,is_item_specific,permitted_for,is_promotion,price,account_code,grouping_quantity,allow_editing,is_valid,date_from,date_to,time_from,time_to,week_days,created_by,created_at,updated_by,updated_at,is_system,is_deleted,disc_password) values ("3","DEFREETOP","Free Topping","Free Toppings Discount","1","0","0","0","0","100.00000","","0.00000","0","1","1900-01-01",null,"","","","0","2015-05-13 07:54:18.0","0","2015-05-13 07:54:18.0","1","0","");
DELETE FROM user_group_functions WHERE id=80;
insert into user_group_functions(id,user_group_id,system_function_id,can_view,can_add,can_edit,can_delete,can_execute,can_publish,can_export,created_by,created_at,updated_by,updated_at,is_deleted) values ("80","0","87","1","1","1","1",null,null,null,"0","2015-05-13 07:54:18.0","0","2015-05-13 07:54:18.0","0");
DELETE FROM discounts WHERE id=4;
insert into discounts(id,code,name,description,is_percentage,is_overridable,is_item_specific,permitted_for,is_promotion,price,account_code,grouping_quantity,allow_editing,is_valid,date_from,date_to,time_from,time_to,week_days,created_by,created_at,updated_by,updated_at,is_system,is_deleted,disc_password) values ("4","DEFDSCCUST","Cust Discount","Customer Discount","1","0","0","0","0","0.00000","","0.00000","0","1","1900-01-01",null,"","","","0","2015-05-13 07:54:18.0","0","2015-05-13 07:54:18.0","1","0","");
DELETE FROM user_group_functions WHERE id=81;
insert into user_group_functions(id,user_group_id,system_function_id,can_view,can_add,can_edit,can_delete,can_execute,can_publish,can_export,created_by,created_at,updated_by,updated_at,is_deleted) values ("81","0","91","1",null,null,null,"1",null,null,"0","2015-05-13 07:54:18.0","0","2015-05-13 07:54:18.0","0");
DELETE FROM user_group_functions WHERE id=82;
insert into user_group_functions(id,user_group_id,system_function_id,can_view,can_add,can_edit,can_delete,can_execute,can_publish,can_export,created_by,created_at,updated_by,updated_at,is_deleted) values ("82","0","90","1",null,null,null,"1",null,null,"0","2015-05-13 07:54:18.0","0","2015-05-13 07:54:18.0","0");
DELETE FROM user_group_functions WHERE id=83;
insert into user_group_functions(id,user_group_id,system_function_id,can_view,can_add,can_edit,can_delete,can_execute,can_publish,can_export,created_by,created_at,updated_by,updated_at,is_deleted) values ("83","0","89","1",null,null,null,"1",null,null,"0","2015-05-13 07:54:18.0","0","2015-05-13 07:54:18.0","0");
DELETE FROM user_group_functions WHERE id=84;
insert into user_group_functions(id,user_group_id,system_function_id,can_view,can_add,can_edit,can_delete,can_execute,can_publish,can_export,created_by,created_at,updated_by,updated_at,is_deleted) values ("84","0","97","1",null,null,null,"1",null,null,"0","2015-05-13 07:54:18.0","0","2015-05-13 07:54:18.0","0");
DELETE FROM employee_categories WHERE id=1;
insert into employee_categories(id,code,name,description,created_by,created_at,updated_by,updated_at,is_system,is_deleted) values ("1","WAITER","WAITER","WAITER","0","2015-10-10 09:03:48.0",null,null,"1","0");
DELETE FROM user_group_functions WHERE id=85;
insert into user_group_functions(id,user_group_id,system_function_id,can_view,can_add,can_edit,can_delete,can_execute,can_publish,can_export,created_by,created_at,updated_by,updated_at,is_deleted) values ("85","0","88","1",null,null,null,"1",null,null,"0","2015-05-13 07:54:18.0","0","2015-05-13 07:54:18.0","0");
DELETE FROM employees WHERE id=1;
insert into employees(id,code,employee_category_id,department_id,status,sex,dob,f_name,m_name,l_name,doj,wage_type,address,country,zip_code,phone,fax,email,loc_address,loc_country,loc_zip_code,loc_phone,card_no,loc_fax,cost_per_hour,over_time_pay_rate,work_permit,created_by,created_at,updated_by,updated_at,is_system,is_deleted) values ("1","SYSWTR","1","1","1","M","1900-01-01","System","","Waiter","1900-01-01","1","","","","","","","","","","","","","0.00000","0.00000","","0","2016-02-02 05:59:56.0","0","2016-04-08 07:04:02.0","1","0");
DELETE FROM user_group_functions WHERE id=86;
insert into user_group_functions(id,user_group_id,system_function_id,can_view,can_add,can_edit,can_delete,can_execute,can_publish,can_export,created_by,created_at,updated_by,updated_at,is_deleted) values ("86","0","94","1",null,null,null,"1",null,null,"0","2015-05-13 07:54:18.0","0","2015-05-13 07:54:18.0","0");
DELETE FROM mrp_item_category WHERE id=1;
insert into mrp_item_category(id,parent_id,code,name,description,is_system,is_deleted,created_by,created_at,updated_by,updated_at) values ("1",null,"MISC","Miscellaneous",null,"1","0","0","2017-09-19 12:15:14.0",null,null);
DELETE FROM user_group_functions WHERE id=87;
insert into user_group_functions(id,user_group_id,system_function_id,can_view,can_add,can_edit,can_delete,can_execute,can_publish,can_export,created_by,created_at,updated_by,updated_at,is_deleted) values ("87","0","93","1",null,null,null,"1",null,null,"0","2015-05-13 07:54:18.0","0","2015-05-13 07:54:18.0","0");
DELETE FROM payment_modes WHERE id=1;
insert into payment_modes(id,can_pay_by_cash,title_cash,can_pay_by_company,title_company,can_pay_by_vouchers,title_voucher,max_voucher_type,can_pay_by_card,title_card,can_pay_online,title_online,can_cash_refundable,can_card_refundable,can_company_refundable,can_voucher_refundable,can_online_refund,cash_account_no,cash_refund_account_no,alternative_refund_method,can_cash_round,can_company_round,can_voucher_round,can_card_round,can_online_round,created_by,created_at,updated_by,updated_at,is_system,is_deleted) values ("1","1","Cash","1","Credit ","1","Voucher","0","1","Card","1","Online","1","1","1","1","1","","","1","1","0","1","0","0","0","2017-12-12 02:30:27.0","0","2017-12-12 02:30:27.0","0","0");
DELETE FROM user_group_functions WHERE id=88;
insert into user_group_functions(id,user_group_id,system_function_id,can_view,can_add,can_edit,can_delete,can_execute,can_publish,can_export,created_by,created_at,updated_by,updated_at,is_deleted) values ("88","0","92","1",null,null,null,"1",null,null,"0","2015-05-13 07:54:18.0","0","2015-05-13 07:54:18.0","0");
DELETE FROM pos_system_functions WHERE id=1;
insert into pos_system_functions(id,code,name,description,is_view_applicable,is_add_applicable,is_edit_applicable,is_delete_applicable,is_execute_applicable,is_publish_applicable,is_export_applicable,created_by,created_at,updated_by,updated_at,is_deleted,is_sync_to_pos) values ("1","day_process","DayStart/Day End","DayStart/Day End","0","0","0","0","1","0","0","0","2015-05-13 07:54:18.0","0","2015-05-13 07:54:18.0","0","1");
DELETE FROM user_group_functions WHERE id=89;
insert into user_group_functions(id,user_group_id,system_function_id,can_view,can_add,can_edit,can_delete,can_execute,can_publish,can_export,created_by,created_at,updated_by,updated_at,is_deleted) values ("89","0","99","1",null,null,null,"1",null,null,"0","2015-05-13 07:54:18.0","0","2015-05-13 07:54:18.0","0");
DELETE FROM pos_system_functions WHERE id=2;
insert into pos_system_functions(id,code,name,description,is_view_applicable,is_add_applicable,is_edit_applicable,is_delete_applicable,is_execute_applicable,is_publish_applicable,is_export_applicable,created_by,created_at,updated_by,updated_at,is_deleted,is_sync_to_pos) values ("2","open_till","Open Till/Close Till","Open Till/Close Till","0","0","0","0","1","0","0","0","2015-05-13 07:54:18.0","0","2015-05-13 07:54:18.0","0","1");
DELETE FROM user_group_functions WHERE id=90;
insert into user_group_functions(id,user_group_id,system_function_id,can_view,can_add,can_edit,can_delete,can_execute,can_publish,can_export,created_by,created_at,updated_by,updated_at,is_deleted) values ("90","0","98","1",null,"1",null,null,null,"1","0","2015-05-13 07:54:18.0","0","2015-05-13 07:54:18.0","0");
DELETE FROM pos_system_functions WHERE id=3;
insert into pos_system_functions(id,code,name,description,is_view_applicable,is_add_applicable,is_edit_applicable,is_delete_applicable,is_execute_applicable,is_publish_applicable,is_export_applicable,created_by,created_at,updated_by,updated_at,is_deleted,is_sync_to_pos) values ("3","shift_summary","Summary","Summary","0","0","0","0","1","0","0","0","2015-05-13 07:54:18.0","0","2015-05-13 07:54:18.0","0","1");
DELETE FROM user_group_functions WHERE id=91;
insert into user_group_functions(id,user_group_id,system_function_id,can_view,can_add,can_edit,can_delete,can_execute,can_publish,can_export,created_by,created_at,updated_by,updated_at,is_deleted) values ("91","1","95","1",null,null,null,"1",null,null,"0","2016-06-15 00:00:00.0",null,null,"0");
DELETE FROM pos_system_functions WHERE id=4;
insert into pos_system_functions(id,code,name,description,is_view_applicable,is_add_applicable,is_edit_applicable,is_delete_applicable,is_execute_applicable,is_publish_applicable,is_export_applicable,created_by,created_at,updated_by,updated_at,is_deleted,is_sync_to_pos) values ("4","shift_report","Shift Reports","Shift Reports","0","0","0","0","1","0","0","0","2015-05-13 07:54:18.0","0","2015-05-13 07:54:18.0","0","1");
DELETE FROM user_group_functions WHERE id=92;
insert into user_group_functions(id,user_group_id,system_function_id,can_view,can_add,can_edit,can_delete,can_execute,can_publish,can_export,created_by,created_at,updated_by,updated_at,is_deleted) values ("92","1","71","1",null,null,null,null,null,null,"0","2016-06-15 00:00:00.0",null,null,"0");
DELETE FROM pos_system_functions WHERE id=5;
insert into pos_system_functions(id,code,name,description,is_view_applicable,is_add_applicable,is_edit_applicable,is_delete_applicable,is_execute_applicable,is_publish_applicable,is_export_applicable,created_by,created_at,updated_by,updated_at,is_deleted,is_sync_to_pos) values ("5","order_details_export","Order Details","Order Details","0","0","0","0","1","0","0","0","2015-05-13 07:54:18.0","0","2015-05-13 07:54:18.0","0","1");
DELETE FROM user_group_functions WHERE id=93;
insert into user_group_functions(id,user_group_id,system_function_id,can_view,can_add,can_edit,can_delete,can_execute,can_publish,can_export,created_by,created_at,updated_by,updated_at,is_deleted) values ("93","1","96","1",null,null,null,null,null,null,"0","2016-06-15 00:00:00.0",null,null,"0");
DELETE FROM pos_system_functions WHERE id=6;
insert into pos_system_functions(id,code,name,description,is_view_applicable,is_add_applicable,is_edit_applicable,is_delete_applicable,is_execute_applicable,is_publish_applicable,is_export_applicable,created_by,created_at,updated_by,updated_at,is_deleted,is_sync_to_pos) values ("6","sync_now","Sync Now","Sync Now","0","0","0","0","1","0","0","0","2015-05-13 07:54:18.0","0","2015-05-13 07:54:18.0","0","1");
DELETE FROM user_group_functions WHERE id=94;
insert into user_group_functions(id,user_group_id,system_function_id,can_view,can_add,can_edit,can_delete,can_execute,can_publish,can_export,created_by,created_at,updated_by,updated_at,is_deleted) values ("94","1","87","1","1","1","1",null,null,null,"0","2016-06-15 00:00:00.0",null,null,"0");
DELETE FROM pos_system_functions WHERE id=7;
insert into pos_system_functions(id,code,name,description,is_view_applicable,is_add_applicable,is_edit_applicable,is_delete_applicable,is_execute_applicable,is_publish_applicable,is_export_applicable,created_by,created_at,updated_by,updated_at,is_deleted,is_sync_to_pos) values ("7","order_refund","Order Refund","Order Refund","0","0","0","0","1","0","0","0","2015-05-13 07:54:18.0","0","2015-05-13 07:54:18.0","0","1");
DELETE FROM user_group_functions WHERE id=95;
insert into user_group_functions(id,user_group_id,system_function_id,can_view,can_add,can_edit,can_delete,can_execute,can_publish,can_export,created_by,created_at,updated_by,updated_at,is_deleted) values ("95","1","52","1","1","1","1",null,null,"1","0","2016-06-15 00:00:00.0",null,null,"0");
DELETE FROM pos_system_functions WHERE id=8;
insert into pos_system_functions(id,code,name,description,is_view_applicable,is_add_applicable,is_edit_applicable,is_delete_applicable,is_execute_applicable,is_publish_applicable,is_export_applicable,created_by,created_at,updated_by,updated_at,is_deleted,is_sync_to_pos) values ("8","terminal","Terminal","Terminal","0","0","0","0","1","0","0","0","2015-05-13 07:54:18.0","0","2015-05-13 07:54:18.0","0","1");
DELETE FROM user_group_functions WHERE id=96;
insert into user_group_functions(id,user_group_id,system_function_id,can_view,can_add,can_edit,can_delete,can_execute,can_publish,can_export,created_by,created_at,updated_by,updated_at,is_deleted) values ("96","1","53","1",null,null,null,"1",null,"1","0","2016-06-15 00:00:00.0",null,null,"0");
DELETE FROM pos_system_functions WHERE id=9;
insert into pos_system_functions(id,code,name,description,is_view_applicable,is_add_applicable,is_edit_applicable,is_delete_applicable,is_execute_applicable,is_publish_applicable,is_export_applicable,created_by,created_at,updated_by,updated_at,is_deleted,is_sync_to_pos) values ("9","order_entry","Order Entry","Order Entry","0","0","0","0","1","0","0","0","2015-05-13 07:54:18.0","0","2015-05-13 07:54:18.0","0","1");
DELETE FROM user_group_functions WHERE id=97;
insert into user_group_functions(id,user_group_id,system_function_id,can_view,can_add,can_edit,can_delete,can_execute,can_publish,can_export,created_by,created_at,updated_by,updated_at,is_deleted) values ("97","1","54","1","1","1","1","1",null,"1","0","2016-06-15 00:00:00.0",null,null,"0");
DELETE FROM pos_system_functions WHERE id=10;
insert into pos_system_functions(id,code,name,description,is_view_applicable,is_add_applicable,is_edit_applicable,is_delete_applicable,is_execute_applicable,is_publish_applicable,is_export_applicable,created_by,created_at,updated_by,updated_at,is_deleted,is_sync_to_pos) values ("10","change_customer","Change Customer","Select Customer","0","0","0","0","1","0","0","0","2015-05-13 07:54:18.0","0","2015-05-13 07:54:18.0","0","1");
DELETE FROM user_group_functions WHERE id=98;
insert into user_group_functions(id,user_group_id,system_function_id,can_view,can_add,can_edit,can_delete,can_execute,can_publish,can_export,created_by,created_at,updated_by,updated_at,is_deleted) values ("98","1","55","1","1","1","1",null,null,"1","0","2016-06-15 00:00:00.0",null,null,"0");
DELETE FROM pos_system_functions WHERE id=11;
insert into pos_system_functions(id,code,name,description,is_view_applicable,is_add_applicable,is_edit_applicable,is_delete_applicable,is_execute_applicable,is_publish_applicable,is_export_applicable,created_by,created_at,updated_by,updated_at,is_deleted,is_sync_to_pos) values ("11","change_menu","Menu","Menu","0","0","0","0","1","0","0","0","2015-05-13 07:54:18.0","0","2015-05-13 07:54:18.0","0","1");
DELETE FROM user_group_functions WHERE id=99;
insert into user_group_functions(id,user_group_id,system_function_id,can_view,can_add,can_edit,can_delete,can_execute,can_publish,can_export,created_by,created_at,updated_by,updated_at,is_deleted) values ("99","1","79","1","1","1",null,null,null,null,"0","2016-06-15 00:00:00.0",null,null,"0");
DELETE FROM pos_system_functions WHERE id=12;
insert into pos_system_functions(id,code,name,description,is_view_applicable,is_add_applicable,is_edit_applicable,is_delete_applicable,is_execute_applicable,is_publish_applicable,is_export_applicable,created_by,created_at,updated_by,updated_at,is_deleted,is_sync_to_pos) values ("12","bill_discount","Bill Discounts","Bill Discounts","0","0","0","0","1","0","0","0","2015-05-13 07:54:18.0","0","2015-05-13 07:54:18.0","0","1");
DELETE FROM user_group_functions WHERE id=100;
insert into user_group_functions(id,user_group_id,system_function_id,can_view,can_add,can_edit,can_delete,can_execute,can_publish,can_export,created_by,created_at,updated_by,updated_at,is_deleted) values ("100","1","80","1","1","1",null,null,null,null,"0","2016-06-15 00:00:00.0",null,null,"0");
DELETE FROM pos_system_functions WHERE id=13;
insert into pos_system_functions(id,code,name,description,is_view_applicable,is_add_applicable,is_edit_applicable,is_delete_applicable,is_execute_applicable,is_publish_applicable,is_export_applicable,created_by,created_at,updated_by,updated_at,is_deleted,is_sync_to_pos) values ("13","open_cash_drawer","Open Cash Drawer","Open Cash Drawer","0","0","0","0","1","0","0","0","2015-05-13 07:54:18.0","0","2015-05-13 07:54:18.0","0","1");
DELETE FROM user_group_functions WHERE id=101;
insert into user_group_functions(id,user_group_id,system_function_id,can_view,can_add,can_edit,can_delete,can_execute,can_publish,can_export,created_by,created_at,updated_by,updated_at,is_deleted) values ("101","1","42","1","1","1","1","1",null,"1","0","2016-06-15 00:00:00.0",null,null,"0");
DELETE FROM pos_system_functions WHERE id=14;
insert into pos_system_functions(id,code,name,description,is_view_applicable,is_add_applicable,is_edit_applicable,is_delete_applicable,is_execute_applicable,is_publish_applicable,is_export_applicable,created_by,created_at,updated_by,updated_at,is_deleted,is_sync_to_pos) values ("14","edit_item","Item Edit","Item Edit","0","0","0","0","1","0","0","0","2015-05-13 07:54:18.0","0","2015-05-13 07:54:18.0","0","1");
DELETE FROM user_group_functions WHERE id=102;
insert into user_group_functions(id,user_group_id,system_function_id,can_view,can_add,can_edit,can_delete,can_execute,can_publish,can_export,created_by,created_at,updated_by,updated_at,is_deleted) values ("102","1","43","1","1","1","1",null,null,"1","0","2016-06-15 00:00:00.0",null,null,"0");
DELETE FROM pos_system_functions WHERE id=15;
insert into pos_system_functions(id,code,name,description,is_view_applicable,is_add_applicable,is_edit_applicable,is_delete_applicable,is_execute_applicable,is_publish_applicable,is_export_applicable,created_by,created_at,updated_by,updated_at,is_deleted,is_sync_to_pos) values ("15","ui_configure","UI Configuration","Configuring Terminal UI","0","0","0","0","1","0","0","0","2015-05-13 07:54:18.0","0","2015-05-13 07:54:18.0","0","0");
DELETE FROM user_group_functions WHERE id=103;
insert into user_group_functions(id,user_group_id,system_function_id,can_view,can_add,can_edit,can_delete,can_execute,can_publish,can_export,created_by,created_at,updated_by,updated_at,is_deleted) values ("103","1","26","1","1","1","1",null,null,"1","0","2016-06-15 00:00:00.0",null,null,"0");
DELETE FROM pos_system_functions WHERE id=16;
insert into pos_system_functions(id,code,name,description,is_view_applicable,is_add_applicable,is_edit_applicable,is_delete_applicable,is_execute_applicable,is_publish_applicable,is_export_applicable,created_by,created_at,updated_by,updated_at,is_deleted,is_sync_to_pos) values ("16","printed_bill_edit","Edit printed bills","Allow edit printed bills","0","0","0","0","1","0","0","0","2015-05-13 07:54:18.0","0","2015-05-13 07:54:18.0","0","1");
DELETE FROM user_group_functions WHERE id=104;
insert into user_group_functions(id,user_group_id,system_function_id,can_view,can_add,can_edit,can_delete,can_execute,can_publish,can_export,created_by,created_at,updated_by,updated_at,is_deleted) values ("104","1","88","1",null,null,null,"1",null,null,"0","2016-06-15 00:00:00.0",null,null,"0");
DELETE FROM pos_system_functions WHERE id=17;
insert into pos_system_functions(id,code,name,description,is_view_applicable,is_add_applicable,is_edit_applicable,is_delete_applicable,is_execute_applicable,is_publish_applicable,is_export_applicable,created_by,created_at,updated_by,updated_at,is_deleted,is_sync_to_pos) values ("17","daily_cashout","Edit Daily Cashout","Allow edit daily cashout","0","0","0","0","1","0","0","0","2015-05-13 07:54:18.0","0","2015-05-13 07:54:18.0","0","1");
DELETE FROM user_group_functions WHERE id=105;
insert into user_group_functions(id,user_group_id,system_function_id,can_view,can_add,can_edit,can_delete,can_execute,can_publish,can_export,created_by,created_at,updated_by,updated_at,is_deleted) values ("105","1","89","1",null,null,null,"1",null,null,"0","2016-06-15 00:00:00.0",null,null,"0");
DELETE FROM pos_system_functions WHERE id=18;
insert into pos_system_functions(id,code,name,description,is_view_applicable,is_add_applicable,is_edit_applicable,is_delete_applicable,is_execute_applicable,is_publish_applicable,is_export_applicable,created_by,created_at,updated_by,updated_at,is_deleted,is_sync_to_pos) values ("18","release_locked_orders","Release locked orders","Allow to locked orders","0","0","0","0","1","0","0","0","2015-05-13 07:54:18.0","0","2015-05-13 07:54:18.0","0","1");
DELETE FROM user_group_functions WHERE id=106;
insert into user_group_functions(id,user_group_id,system_function_id,can_view,can_add,can_edit,can_delete,can_execute,can_publish,can_export,created_by,created_at,updated_by,updated_at,is_deleted) values ("106","1","90","1",null,null,null,"1",null,null,"0","2016-06-15 00:00:00.0",null,null,"0");
DELETE FROM pos_system_functions WHERE id=19;
insert into pos_system_functions(id,code,name,description,is_view_applicable,is_add_applicable,is_edit_applicable,is_delete_applicable,is_execute_applicable,is_publish_applicable,is_export_applicable,created_by,created_at,updated_by,updated_at,is_deleted,is_sync_to_pos) values ("19","release_locked_station","Release locked station","Allow to locked station","0","0","0","0","1","0","0","0","2015-05-13 07:54:18.0","0","2015-05-13 07:54:18.0","0","1");
DELETE FROM user_group_functions WHERE id=107;
insert into user_group_functions(id,user_group_id,system_function_id,can_view,can_add,can_edit,can_delete,can_execute,can_publish,can_export,created_by,created_at,updated_by,updated_at,is_deleted) values ("107","1","91","1",null,null,null,"1",null,null,"0","2016-06-15 00:00:00.0",null,null,"0");
DELETE FROM pos_system_functions WHERE id=20;
insert into pos_system_functions(id,code,name,description,is_view_applicable,is_add_applicable,is_edit_applicable,is_delete_applicable,is_execute_applicable,is_publish_applicable,is_export_applicable,created_by,created_at,updated_by,updated_at,is_deleted,is_sync_to_pos) values ("20","till_summary_report","Till Summary Report","Till Summary Report","1","0","0","0","1","0","0","0","2015-05-13 07:54:18.0","0","2015-05-13 07:54:18.0","0","1");
DELETE FROM user_group_functions WHERE id=108;
insert into user_group_functions(id,user_group_id,system_function_id,can_view,can_add,can_edit,can_delete,can_execute,can_publish,can_export,created_by,created_at,updated_by,updated_at,is_deleted) values ("108","1","92","1",null,null,null,"1",null,null,"0","2016-06-15 00:00:00.0",null,null,"0");
DELETE FROM pos_system_functions WHERE id=21;
insert into pos_system_functions(id,code,name,description,is_view_applicable,is_add_applicable,is_edit_applicable,is_delete_applicable,is_execute_applicable,is_publish_applicable,is_export_applicable,created_by,created_at,updated_by,updated_at,is_deleted,is_sync_to_pos) values ("21","parked_order_edit","Edit parked orders","Allow edit parked order","0","0","0","0","1","0","0","0","2015-05-13 07:54:18.0","0","2015-05-13 07:54:18.0","0","1");
DELETE FROM user_group_functions WHERE id=109;
insert into user_group_functions(id,user_group_id,system_function_id,can_view,can_add,can_edit,can_delete,can_execute,can_publish,can_export,created_by,created_at,updated_by,updated_at,is_deleted) values ("109","1","93","1",null,null,null,"1",null,null,"0","2016-06-15 00:00:00.0",null,null,"0");
DELETE FROM user_group_functions WHERE id=110;
insert into user_group_functions(id,user_group_id,system_function_id,can_view,can_add,can_edit,can_delete,can_execute,can_publish,can_export,created_by,created_at,updated_by,updated_at,is_deleted) values ("110","1","94","1",null,null,null,"1",null,null,"0","2016-06-15 00:00:00.0",null,null,"0");
DELETE FROM user_group_functions WHERE id=111;
insert into user_group_functions(id,user_group_id,system_function_id,can_view,can_add,can_edit,can_delete,can_execute,can_publish,can_export,created_by,created_at,updated_by,updated_at,is_deleted) values ("111","1","97","1",null,null,null,"1",null,null,"0","2016-06-15 00:00:00.0",null,null,"0");
DELETE FROM user_group_functions WHERE id=112;
insert into user_group_functions(id,user_group_id,system_function_id,can_view,can_add,can_edit,can_delete,can_execute,can_publish,can_export,created_by,created_at,updated_by,updated_at,is_deleted) values ("112","1","28","1","1","1","1",null,"1","1","0","2016-06-15 00:00:00.0",null,null,"0");
DELETE FROM user_group_functions WHERE id=113;
insert into user_group_functions(id,user_group_id,system_function_id,can_view,can_add,can_edit,can_delete,can_execute,can_publish,can_export,created_by,created_at,updated_by,updated_at,is_deleted) values ("113","1","30","1","1","1","1",null,"1","1","0","2016-06-15 00:00:00.0",null,null,"0");
DELETE FROM user_group_functions WHERE id=114;
insert into user_group_functions(id,user_group_id,system_function_id,can_view,can_add,can_edit,can_delete,can_execute,can_publish,can_export,created_by,created_at,updated_by,updated_at,is_deleted) values ("114","1","32","1","1","1","1",null,"1","1","0","2016-06-15 00:00:00.0",null,null,"0");
DELETE FROM user_group_functions WHERE id=115;
insert into user_group_functions(id,user_group_id,system_function_id,can_view,can_add,can_edit,can_delete,can_execute,can_publish,can_export,created_by,created_at,updated_by,updated_at,is_deleted) values ("115","1","38","1","1","1","1",null,"1","1","0","2016-06-15 00:00:00.0",null,null,"0");
DELETE FROM user_group_functions WHERE id=116;
insert into user_group_functions(id,user_group_id,system_function_id,can_view,can_add,can_edit,can_delete,can_execute,can_publish,can_export,created_by,created_at,updated_by,updated_at,is_deleted) values ("116","1","39","1","1","1","1",null,"1","1","0","2016-06-15 00:00:00.0",null,null,"0");
DELETE FROM user_group_functions WHERE id=117;
insert into user_group_functions(id,user_group_id,system_function_id,can_view,can_add,can_edit,can_delete,can_execute,can_publish,can_export,created_by,created_at,updated_by,updated_at,is_deleted) values ("117","1","40","1","1","1","1",null,"1","1","0","2016-06-15 00:00:00.0",null,null,"0");
DELETE FROM user_group_functions WHERE id=118;
insert into user_group_functions(id,user_group_id,system_function_id,can_view,can_add,can_edit,can_delete,can_execute,can_publish,can_export,created_by,created_at,updated_by,updated_at,is_deleted) values ("118","1","41","1","1","1","1",null,"1","1","0","2016-06-15 00:00:00.0",null,null,"0");
DELETE FROM user_group_functions WHERE id=119;
insert into user_group_functions(id,user_group_id,system_function_id,can_view,can_add,can_edit,can_delete,can_execute,can_publish,can_export,created_by,created_at,updated_by,updated_at,is_deleted) values ("119","1","33","1","1","1","1",null,"1","1","0","2016-06-15 00:00:00.0",null,null,"0");
DELETE FROM pos_user_group_functions WHERE id=1;
insert into pos_user_group_functions(id,user_group_id,pos_system_function_id,can_view,can_add,can_edit,can_delete,can_execute,can_publish,can_export,is_deleted,created_by,created_at,updated_by,updated_at) values ("1","0","1",null,null,null,null,"1","1",null,"0","0","2015-05-13 07:54:18.0",null,null);
DELETE FROM user_group_functions WHERE id=120;
insert into user_group_functions(id,user_group_id,system_function_id,can_view,can_add,can_edit,can_delete,can_execute,can_publish,can_export,created_by,created_at,updated_by,updated_at,is_deleted) values ("120","1","34","1","1","1","1",null,"1","1","0","2016-06-15 00:00:00.0",null,null,"0");
DELETE FROM pos_user_group_functions WHERE id=2;
insert into pos_user_group_functions(id,user_group_id,pos_system_function_id,can_view,can_add,can_edit,can_delete,can_execute,can_publish,can_export,is_deleted,created_by,created_at,updated_by,updated_at) values ("2","0","2",null,null,null,null,"1","1",null,"0","0","2015-05-13 07:54:18.0",null,null);
DELETE FROM user_group_functions WHERE id=121;
insert into user_group_functions(id,user_group_id,system_function_id,can_view,can_add,can_edit,can_delete,can_execute,can_publish,can_export,created_by,created_at,updated_by,updated_at,is_deleted) values ("121","1","35","1","1","1","1",null,"1","1","0","2016-06-15 00:00:00.0",null,null,"0");
DELETE FROM pos_user_group_functions WHERE id=3;
insert into pos_user_group_functions(id,user_group_id,pos_system_function_id,can_view,can_add,can_edit,can_delete,can_execute,can_publish,can_export,is_deleted,created_by,created_at,updated_by,updated_at) values ("3","0","3",null,null,null,null,"1","1",null,"0","0","2015-05-13 07:54:18.0",null,null);
DELETE FROM user_group_functions WHERE id=122;
insert into user_group_functions(id,user_group_id,system_function_id,can_view,can_add,can_edit,can_delete,can_execute,can_publish,can_export,created_by,created_at,updated_by,updated_at,is_deleted) values ("122","1","36","1","1","1","1",null,"1","1","0","2016-06-15 00:00:00.0",null,null,"0");
DELETE FROM pos_user_group_functions WHERE id=4;
insert into pos_user_group_functions(id,user_group_id,pos_system_function_id,can_view,can_add,can_edit,can_delete,can_execute,can_publish,can_export,is_deleted,created_by,created_at,updated_by,updated_at) values ("4","0","4",null,null,null,null,"1","1",null,"0","0","2015-05-13 07:54:18.0",null,null);
DELETE FROM user_group_functions WHERE id=123;
insert into user_group_functions(id,user_group_id,system_function_id,can_view,can_add,can_edit,can_delete,can_execute,can_publish,can_export,created_by,created_at,updated_by,updated_at,is_deleted) values ("123","1","58","1","1","1","1","1","1","1","0","2016-06-15 00:00:00.0",null,null,"0");
DELETE FROM pos_user_group_functions WHERE id=5;
insert into pos_user_group_functions(id,user_group_id,pos_system_function_id,can_view,can_add,can_edit,can_delete,can_execute,can_publish,can_export,is_deleted,created_by,created_at,updated_by,updated_at) values ("5","0","5",null,null,null,null,"1","1",null,"0","0","2015-05-13 07:54:18.0",null,null);
DELETE FROM user_group_functions WHERE id=124;
insert into user_group_functions(id,user_group_id,system_function_id,can_view,can_add,can_edit,can_delete,can_execute,can_publish,can_export,created_by,created_at,updated_by,updated_at,is_deleted) values ("124","1","22","1","1","1","1",null,"1","1","0","2016-06-15 00:00:00.0",null,null,"0");
DELETE FROM pos_user_group_functions WHERE id=6;
insert into pos_user_group_functions(id,user_group_id,pos_system_function_id,can_view,can_add,can_edit,can_delete,can_execute,can_publish,can_export,is_deleted,created_by,created_at,updated_by,updated_at) values ("6","0","6",null,null,null,null,"1","1",null,"0","0","2015-05-13 07:54:18.0",null,null);
DELETE FROM user_group_functions WHERE id=125;
insert into user_group_functions(id,user_group_id,system_function_id,can_view,can_add,can_edit,can_delete,can_execute,can_publish,can_export,created_by,created_at,updated_by,updated_at,is_deleted) values ("125","1","23","1","1","1","1",null,"1","1","0","2016-06-15 00:00:00.0",null,null,"0");
DELETE FROM pos_user_group_functions WHERE id=7;
insert into pos_user_group_functions(id,user_group_id,pos_system_function_id,can_view,can_add,can_edit,can_delete,can_execute,can_publish,can_export,is_deleted,created_by,created_at,updated_by,updated_at) values ("7","0","7",null,null,null,null,"1","1",null,"0","0","2015-05-13 07:54:18.0",null,null);
DELETE FROM user_group_functions WHERE id=126;
insert into user_group_functions(id,user_group_id,system_function_id,can_view,can_add,can_edit,can_delete,can_execute,can_publish,can_export,created_by,created_at,updated_by,updated_at,is_deleted) values ("126","1","24","1","1","1","1",null,"1","1","0","2016-06-15 00:00:00.0",null,null,"0");
DELETE FROM pos_user_group_functions WHERE id=8;
insert into pos_user_group_functions(id,user_group_id,pos_system_function_id,can_view,can_add,can_edit,can_delete,can_execute,can_publish,can_export,is_deleted,created_by,created_at,updated_by,updated_at) values ("8","0","8",null,null,null,null,"1","1",null,"0","0","2015-05-13 07:54:18.0",null,null);
DELETE FROM user_group_functions WHERE id=127;
insert into user_group_functions(id,user_group_id,system_function_id,can_view,can_add,can_edit,can_delete,can_execute,can_publish,can_export,created_by,created_at,updated_by,updated_at,is_deleted) values ("127","1","5","1","1","1","1",null,"1","1","0","2016-06-15 00:00:00.0",null,null,"0");
DELETE FROM pos_user_group_functions WHERE id=9;
insert into pos_user_group_functions(id,user_group_id,pos_system_function_id,can_view,can_add,can_edit,can_delete,can_execute,can_publish,can_export,is_deleted,created_by,created_at,updated_by,updated_at) values ("9","0","9",null,null,null,null,"1","1",null,"0","0","2015-05-13 07:54:18.0",null,null);
DELETE FROM user_group_functions WHERE id=128;
insert into user_group_functions(id,user_group_id,system_function_id,can_view,can_add,can_edit,can_delete,can_execute,can_publish,can_export,created_by,created_at,updated_by,updated_at,is_deleted) values ("128","1","6","1","1","1","1",null,"1","1","0","2016-06-15 00:00:00.0",null,null,"0");
DELETE FROM pos_user_group_functions WHERE id=10;
insert into pos_user_group_functions(id,user_group_id,pos_system_function_id,can_view,can_add,can_edit,can_delete,can_execute,can_publish,can_export,is_deleted,created_by,created_at,updated_by,updated_at) values ("10","0","10",null,null,null,null,"1","1",null,"0","0","2015-05-13 07:54:18.0",null,null);
DELETE FROM user_group_functions WHERE id=129;
insert into user_group_functions(id,user_group_id,system_function_id,can_view,can_add,can_edit,can_delete,can_execute,can_publish,can_export,created_by,created_at,updated_by,updated_at,is_deleted) values ("129","1","8","1","1","1","1",null,"1","1","0","2016-06-15 00:00:00.0",null,null,"0");
DELETE FROM pos_user_group_functions WHERE id=11;
insert into pos_user_group_functions(id,user_group_id,pos_system_function_id,can_view,can_add,can_edit,can_delete,can_execute,can_publish,can_export,is_deleted,created_by,created_at,updated_by,updated_at) values ("11","0","11",null,null,null,null,"1","1",null,"0","0","2015-05-13 07:54:18.0",null,null);
DELETE FROM user_group_functions WHERE id=130;
insert into user_group_functions(id,user_group_id,system_function_id,can_view,can_add,can_edit,can_delete,can_execute,can_publish,can_export,created_by,created_at,updated_by,updated_at,is_deleted) values ("130","1","9","1","1","1","1",null,"1","1","0","2016-06-15 00:00:00.0",null,null,"0");
DELETE FROM pos_user_group_functions WHERE id=12;
insert into pos_user_group_functions(id,user_group_id,pos_system_function_id,can_view,can_add,can_edit,can_delete,can_execute,can_publish,can_export,is_deleted,created_by,created_at,updated_by,updated_at) values ("12","0","12",null,null,null,null,"1","1",null,"0","0","2015-05-13 07:54:18.0",null,null);
DELETE FROM user_group_functions WHERE id=131;
insert into user_group_functions(id,user_group_id,system_function_id,can_view,can_add,can_edit,can_delete,can_execute,can_publish,can_export,created_by,created_at,updated_by,updated_at,is_deleted) values ("131","1","10","1","1","1","1",null,"1","1","0","2016-06-15 00:00:00.0",null,null,"0");
DELETE FROM pos_user_group_functions WHERE id=13;
insert into pos_user_group_functions(id,user_group_id,pos_system_function_id,can_view,can_add,can_edit,can_delete,can_execute,can_publish,can_export,is_deleted,created_by,created_at,updated_by,updated_at) values ("13","0","13",null,null,null,null,"1","1",null,"0","0","2015-05-13 07:54:18.0",null,null);
DELETE FROM user_group_functions WHERE id=132;
insert into user_group_functions(id,user_group_id,system_function_id,can_view,can_add,can_edit,can_delete,can_execute,can_publish,can_export,created_by,created_at,updated_by,updated_at,is_deleted) values ("132","1","13","1","1","1","1",null,null,"1","0","2016-06-15 00:00:00.0",null,null,"0");
DELETE FROM pos_user_group_functions WHERE id=14;
insert into pos_user_group_functions(id,user_group_id,pos_system_function_id,can_view,can_add,can_edit,can_delete,can_execute,can_publish,can_export,is_deleted,created_by,created_at,updated_by,updated_at) values ("14","0","14",null,null,null,null,"1","1",null,"0","0","2015-05-13 07:54:18.0",null,null);
DELETE FROM user_group_functions WHERE id=133;
insert into user_group_functions(id,user_group_id,system_function_id,can_view,can_add,can_edit,can_delete,can_execute,can_publish,can_export,created_by,created_at,updated_by,updated_at,is_deleted) values ("133","1","14","1","1","1","1",null,"1","1","0","2016-06-15 00:00:00.0",null,null,"0");
DELETE FROM pos_user_group_functions WHERE id=15;
insert into pos_user_group_functions(id,user_group_id,pos_system_function_id,can_view,can_add,can_edit,can_delete,can_execute,can_publish,can_export,is_deleted,created_by,created_at,updated_by,updated_at) values ("15","0","15",null,null,null,null,"1","1",null,"0","0","2016-02-15 00:46:26.0",null,null);
DELETE FROM user_group_functions WHERE id=134;
insert into user_group_functions(id,user_group_id,system_function_id,can_view,can_add,can_edit,can_delete,can_execute,can_publish,can_export,created_by,created_at,updated_by,updated_at,is_deleted) values ("134","1","15","1","1","1","1",null,"1","1","0","2016-06-15 00:00:00.0",null,null,"0");
DELETE FROM pos_user_group_functions WHERE id=16;
insert into pos_user_group_functions(id,user_group_id,pos_system_function_id,can_view,can_add,can_edit,can_delete,can_execute,can_publish,can_export,is_deleted,created_by,created_at,updated_by,updated_at) values ("16","1","1",null,null,null,null,"1","1",null,"0","0","2016-06-15 00:00:00.0",null,null);
DELETE FROM user_group_functions WHERE id=135;
insert into user_group_functions(id,user_group_id,system_function_id,can_view,can_add,can_edit,can_delete,can_execute,can_publish,can_export,created_by,created_at,updated_by,updated_at,is_deleted) values ("135","1","16","1",null,"1",null,null,"1","1","0","2016-06-15 00:00:00.0",null,null,"0");
DELETE FROM pos_user_group_functions WHERE id=17;
insert into pos_user_group_functions(id,user_group_id,pos_system_function_id,can_view,can_add,can_edit,can_delete,can_execute,can_publish,can_export,is_deleted,created_by,created_at,updated_by,updated_at) values ("17","1","2",null,null,null,null,"1","1",null,"0","0","2016-06-15 00:00:00.0",null,null);
DELETE FROM user_group_functions WHERE id=136;
insert into user_group_functions(id,user_group_id,system_function_id,can_view,can_add,can_edit,can_delete,can_execute,can_publish,can_export,created_by,created_at,updated_by,updated_at,is_deleted) values ("136","1","56","1","1","1","1",null,"1","1","0","2016-06-15 00:00:00.0",null,null,"0");
DELETE FROM pos_user_group_functions WHERE id=18;
insert into pos_user_group_functions(id,user_group_id,pos_system_function_id,can_view,can_add,can_edit,can_delete,can_execute,can_publish,can_export,is_deleted,created_by,created_at,updated_by,updated_at) values ("18","1","3",null,null,null,null,"1","1",null,"0","0","2016-06-15 00:00:00.0",null,null);
DELETE FROM user_group_functions WHERE id=137;
insert into user_group_functions(id,user_group_id,system_function_id,can_view,can_add,can_edit,can_delete,can_execute,can_publish,can_export,created_by,created_at,updated_by,updated_at,is_deleted) values ("137","1","57","1",null,"1",null,null,"1","1","0","2016-06-15 00:00:00.0",null,null,"0");
DELETE FROM pos_user_group_functions WHERE id=19;
insert into pos_user_group_functions(id,user_group_id,pos_system_function_id,can_view,can_add,can_edit,can_delete,can_execute,can_publish,can_export,is_deleted,created_by,created_at,updated_by,updated_at) values ("19","1","4",null,null,null,null,"1","1",null,"0","0","2016-06-15 00:00:00.0",null,null);
DELETE FROM user_group_functions WHERE id=138;
insert into user_group_functions(id,user_group_id,system_function_id,can_view,can_add,can_edit,can_delete,can_execute,can_publish,can_export,created_by,created_at,updated_by,updated_at,is_deleted) values ("138","1","17","1","1","1","1",null,"1","1","0","2016-06-15 00:00:00.0",null,null,"0");
DELETE FROM pos_user_group_functions WHERE id=20;
insert into pos_user_group_functions(id,user_group_id,pos_system_function_id,can_view,can_add,can_edit,can_delete,can_execute,can_publish,can_export,is_deleted,created_by,created_at,updated_by,updated_at) values ("20","1","5",null,null,null,null,"1","1",null,"0","0","2016-06-15 00:00:00.0",null,null);
DELETE FROM user_group_functions WHERE id=139;
insert into user_group_functions(id,user_group_id,system_function_id,can_view,can_add,can_edit,can_delete,can_execute,can_publish,can_export,created_by,created_at,updated_by,updated_at,is_deleted) values ("139","1","18","1","1","1","1",null,"1","1","0","2016-06-15 00:00:00.0",null,null,"0");
DELETE FROM pos_user_group_functions WHERE id=21;
insert into pos_user_group_functions(id,user_group_id,pos_system_function_id,can_view,can_add,can_edit,can_delete,can_execute,can_publish,can_export,is_deleted,created_by,created_at,updated_by,updated_at) values ("21","1","6",null,null,null,null,"1","1",null,"0","0","2016-06-15 00:00:00.0",null,null);
DELETE FROM user_group_functions WHERE id=140;
insert into user_group_functions(id,user_group_id,system_function_id,can_view,can_add,can_edit,can_delete,can_execute,can_publish,can_export,created_by,created_at,updated_by,updated_at,is_deleted) values ("140","1","19","1","1","1","1",null,"1","1","0","2016-06-15 00:00:00.0",null,null,"0");
DELETE FROM pos_user_group_functions WHERE id=22;
insert into pos_user_group_functions(id,user_group_id,pos_system_function_id,can_view,can_add,can_edit,can_delete,can_execute,can_publish,can_export,is_deleted,created_by,created_at,updated_by,updated_at) values ("22","1","7",null,null,null,null,"1","1",null,"0","0","2016-06-15 00:00:00.0",null,null);
DELETE FROM user_group_functions WHERE id=141;
insert into user_group_functions(id,user_group_id,system_function_id,can_view,can_add,can_edit,can_delete,can_execute,can_publish,can_export,created_by,created_at,updated_by,updated_at,is_deleted) values ("141","1","20","1","1","1","1",null,"1","1","0","2016-06-15 00:00:00.0",null,null,"0");
DELETE FROM pos_user_group_functions WHERE id=23;
insert into pos_user_group_functions(id,user_group_id,pos_system_function_id,can_view,can_add,can_edit,can_delete,can_execute,can_publish,can_export,is_deleted,created_by,created_at,updated_by,updated_at) values ("23","1","8",null,null,null,null,"1","1",null,"0","0","2016-06-15 00:00:00.0",null,null);
DELETE FROM user_group_functions WHERE id=142;
insert into user_group_functions(id,user_group_id,system_function_id,can_view,can_add,can_edit,can_delete,can_execute,can_publish,can_export,created_by,created_at,updated_by,updated_at,is_deleted) values ("142","1","21","1","1","1","1",null,"1","1","0","2016-06-15 00:00:00.0",null,null,"0");
DELETE FROM pos_user_group_functions WHERE id=24;
insert into pos_user_group_functions(id,user_group_id,pos_system_function_id,can_view,can_add,can_edit,can_delete,can_execute,can_publish,can_export,is_deleted,created_by,created_at,updated_by,updated_at) values ("24","1","9",null,null,null,null,"1","1",null,"0","0","2016-06-15 00:00:00.0",null,null);
DELETE FROM user_group_functions WHERE id=143;
insert into user_group_functions(id,user_group_id,system_function_id,can_view,can_add,can_edit,can_delete,can_execute,can_publish,can_export,created_by,created_at,updated_by,updated_at,is_deleted) values ("143","1","31","1","1","1","1",null,"1","1","0","2016-06-15 00:00:00.0",null,null,"0");
DELETE FROM pos_user_group_functions WHERE id=25;
insert into pos_user_group_functions(id,user_group_id,pos_system_function_id,can_view,can_add,can_edit,can_delete,can_execute,can_publish,can_export,is_deleted,created_by,created_at,updated_by,updated_at) values ("25","1","10",null,null,null,null,"1","1",null,"0","0","2016-06-15 00:00:00.0",null,null);
DELETE FROM user_group_functions WHERE id=144;
insert into user_group_functions(id,user_group_id,system_function_id,can_view,can_add,can_edit,can_delete,can_execute,can_publish,can_export,created_by,created_at,updated_by,updated_at,is_deleted) values ("144","1","29","1","1","1","1",null,"1","1","0","2016-06-15 00:00:00.0",null,null,"0");
DELETE FROM pos_user_group_functions WHERE id=26;
insert into pos_user_group_functions(id,user_group_id,pos_system_function_id,can_view,can_add,can_edit,can_delete,can_execute,can_publish,can_export,is_deleted,created_by,created_at,updated_by,updated_at) values ("26","1","11",null,null,null,null,"1","1",null,"0","0","2016-06-15 00:00:00.0",null,null);
DELETE FROM user_group_functions WHERE id=145;
insert into user_group_functions(id,user_group_id,system_function_id,can_view,can_add,can_edit,can_delete,can_execute,can_publish,can_export,created_by,created_at,updated_by,updated_at,is_deleted) values ("145","1","37","1","1","1","1",null,"1","1","0","2016-06-15 00:00:00.0",null,null,"0");
DELETE FROM pos_user_group_functions WHERE id=27;
insert into pos_user_group_functions(id,user_group_id,pos_system_function_id,can_view,can_add,can_edit,can_delete,can_execute,can_publish,can_export,is_deleted,created_by,created_at,updated_by,updated_at) values ("27","1","12",null,null,null,null,"1","1",null,"0","0","2016-06-15 00:00:00.0",null,null);
DELETE FROM user_group_functions WHERE id=146;
insert into user_group_functions(id,user_group_id,system_function_id,can_view,can_add,can_edit,can_delete,can_execute,can_publish,can_export,created_by,created_at,updated_by,updated_at,is_deleted) values ("146","1","25","1","1","1","1",null,"1","1","0","2016-06-15 00:00:00.0",null,null,"0");
DELETE FROM pos_user_group_functions WHERE id=28;
insert into pos_user_group_functions(id,user_group_id,pos_system_function_id,can_view,can_add,can_edit,can_delete,can_execute,can_publish,can_export,is_deleted,created_by,created_at,updated_by,updated_at) values ("28","1","13",null,null,null,null,"1","1",null,"0","0","2016-06-15 00:00:00.0",null,null);
DELETE FROM user_group_functions WHERE id=147;
insert into user_group_functions(id,user_group_id,system_function_id,can_view,can_add,can_edit,can_delete,can_execute,can_publish,can_export,created_by,created_at,updated_by,updated_at,is_deleted) values ("147","1","65","1",null,null,null,"1",null,null,"0","2016-06-15 00:00:00.0",null,null,"0");
DELETE FROM pos_user_group_functions WHERE id=29;
insert into pos_user_group_functions(id,user_group_id,pos_system_function_id,can_view,can_add,can_edit,can_delete,can_execute,can_publish,can_export,is_deleted,created_by,created_at,updated_by,updated_at) values ("29","1","14",null,null,null,null,"1","1",null,"0","0","2016-06-15 00:00:00.0",null,null);
DELETE FROM user_group_functions WHERE id=148;
insert into user_group_functions(id,user_group_id,system_function_id,can_view,can_add,can_edit,can_delete,can_execute,can_publish,can_export,created_by,created_at,updated_by,updated_at,is_deleted) values ("148","1","70","1",null,null,null,"1",null,null,"0","2016-06-15 00:00:00.0",null,null,"0");
DELETE FROM pos_user_group_functions WHERE id=30;
insert into pos_user_group_functions(id,user_group_id,pos_system_function_id,can_view,can_add,can_edit,can_delete,can_execute,can_publish,can_export,is_deleted,created_by,created_at,updated_by,updated_at) values ("30","1","15",null,null,null,null,"1","1",null,"0","0","2016-06-15 00:00:00.0",null,null);
DELETE FROM user_group_functions WHERE id=149;
insert into user_group_functions(id,user_group_id,system_function_id,can_view,can_add,can_edit,can_delete,can_execute,can_publish,can_export,created_by,created_at,updated_by,updated_at,is_deleted) values ("149","1","44","1","1","1","1","1",null,"1","0","2016-06-15 00:00:00.0",null,null,"0");
DELETE FROM pos_user_group_functions WHERE id=31;
insert into pos_user_group_functions(id,user_group_id,pos_system_function_id,can_view,can_add,can_edit,can_delete,can_execute,can_publish,can_export,is_deleted,created_by,created_at,updated_by,updated_at) values ("31","0","16",null,null,null,null,"1","1",null,"0","0","2016-02-15 00:46:26.0",null,null);
DELETE FROM user_group_functions WHERE id=150;
insert into user_group_functions(id,user_group_id,system_function_id,can_view,can_add,can_edit,can_delete,can_execute,can_publish,can_export,created_by,created_at,updated_by,updated_at,is_deleted) values ("150","1","45","1","1","1","1",null,null,"1","0","2016-06-15 00:00:00.0",null,null,"0");
DELETE FROM pos_user_group_functions WHERE id=32;
insert into pos_user_group_functions(id,user_group_id,pos_system_function_id,can_view,can_add,can_edit,can_delete,can_execute,can_publish,can_export,is_deleted,created_by,created_at,updated_by,updated_at) values ("32","0","17",null,null,null,null,"1","1",null,"0","0","2016-02-15 00:46:26.0",null,null);
DELETE FROM user_group_functions WHERE id=151;
insert into user_group_functions(id,user_group_id,system_function_id,can_view,can_add,can_edit,can_delete,can_execute,can_publish,can_export,created_by,created_at,updated_by,updated_at,is_deleted) values ("151","1","46","1","1","1","1",null,null,"1","0","2016-06-15 00:00:00.0",null,null,"0");
DELETE FROM pos_user_group_functions WHERE id=33;
insert into pos_user_group_functions(id,user_group_id,pos_system_function_id,can_view,can_add,can_edit,can_delete,can_execute,can_publish,can_export,is_deleted,created_by,created_at,updated_by,updated_at) values ("33","0","18",null,null,null,null,"1","1",null,"0","0","2016-02-15 00:46:26.0",null,null);
DELETE FROM user_group_functions WHERE id=152;
insert into user_group_functions(id,user_group_id,system_function_id,can_view,can_add,can_edit,can_delete,can_execute,can_publish,can_export,created_by,created_at,updated_by,updated_at,is_deleted) values ("152","1","47","1","1","1","1",null,null,"1","0","2016-06-15 00:00:00.0",null,null,"0");
DELETE FROM pos_user_group_functions WHERE id=34;
insert into pos_user_group_functions(id,user_group_id,pos_system_function_id,can_view,can_add,can_edit,can_delete,can_execute,can_publish,can_export,is_deleted,created_by,created_at,updated_by,updated_at) values ("34","0","19",null,null,null,null,"1","1",null,"0","0","2016-02-15 00:46:26.0",null,null);
DELETE FROM user_group_functions WHERE id=153;
insert into user_group_functions(id,user_group_id,system_function_id,can_view,can_add,can_edit,can_delete,can_execute,can_publish,can_export,created_by,created_at,updated_by,updated_at,is_deleted) values ("153","1","59","1",null,null,null,"1",null,null,"0","2016-06-15 00:00:00.0",null,null,"0");
DELETE FROM pos_user_group_functions WHERE id=35;
insert into pos_user_group_functions(id,user_group_id,pos_system_function_id,can_view,can_add,can_edit,can_delete,can_execute,can_publish,can_export,is_deleted,created_by,created_at,updated_by,updated_at) values ("35","1","16",null,null,null,null,"1","1",null,"0","0","2016-02-15 00:46:26.0",null,null);
DELETE FROM user_group_functions WHERE id=154;
insert into user_group_functions(id,user_group_id,system_function_id,can_view,can_add,can_edit,can_delete,can_execute,can_publish,can_export,created_by,created_at,updated_by,updated_at,is_deleted) values ("154","1","60","1",null,null,null,"1",null,null,"0","2016-06-15 00:00:00.0",null,null,"0");
DELETE FROM pos_user_group_functions WHERE id=36;
insert into pos_user_group_functions(id,user_group_id,pos_system_function_id,can_view,can_add,can_edit,can_delete,can_execute,can_publish,can_export,is_deleted,created_by,created_at,updated_by,updated_at) values ("36","1","17",null,null,null,null,"1","1",null,"0","0","2016-02-15 00:46:26.0",null,null);
DELETE FROM user_group_functions WHERE id=155;
insert into user_group_functions(id,user_group_id,system_function_id,can_view,can_add,can_edit,can_delete,can_execute,can_publish,can_export,created_by,created_at,updated_by,updated_at,is_deleted) values ("155","1","61","1",null,null,null,"1",null,null,"0","2016-06-15 00:00:00.0",null,null,"0");
DELETE FROM pos_user_group_functions WHERE id=37;
insert into pos_user_group_functions(id,user_group_id,pos_system_function_id,can_view,can_add,can_edit,can_delete,can_execute,can_publish,can_export,is_deleted,created_by,created_at,updated_by,updated_at) values ("37","1","18",null,null,null,null,"1","1",null,"0","0","2016-02-15 00:46:26.0",null,null);
DELETE FROM user_group_functions WHERE id=156;
insert into user_group_functions(id,user_group_id,system_function_id,can_view,can_add,can_edit,can_delete,can_execute,can_publish,can_export,created_by,created_at,updated_by,updated_at,is_deleted) values ("156","1","62","1",null,null,null,"1",null,null,"0","2016-06-15 00:00:00.0",null,null,"0");
DELETE FROM pos_user_group_functions WHERE id=38;
insert into pos_user_group_functions(id,user_group_id,pos_system_function_id,can_view,can_add,can_edit,can_delete,can_execute,can_publish,can_export,is_deleted,created_by,created_at,updated_by,updated_at) values ("38","1","19",null,null,null,null,"1","1",null,"0","0","2016-02-15 00:46:26.0",null,null);
DELETE FROM user_group_functions WHERE id=157;
insert into user_group_functions(id,user_group_id,system_function_id,can_view,can_add,can_edit,can_delete,can_execute,can_publish,can_export,created_by,created_at,updated_by,updated_at,is_deleted) values ("157","1","63","1",null,null,null,"1",null,null,"0","2016-06-15 00:00:00.0",null,null,"0");
DELETE FROM pos_user_group_functions WHERE id=39;
insert into pos_user_group_functions(id,user_group_id,pos_system_function_id,can_view,can_add,can_edit,can_delete,can_execute,can_publish,can_export,is_deleted,created_by,created_at,updated_by,updated_at) values ("39","0","20",null,null,null,null,"1","1",null,"0","0","2016-02-15 00:46:26.0",null,null);
DELETE FROM user_group_functions WHERE id=158;
insert into user_group_functions(id,user_group_id,system_function_id,can_view,can_add,can_edit,can_delete,can_execute,can_publish,can_export,created_by,created_at,updated_by,updated_at,is_deleted) values ("158","1","64","1",null,null,null,"1",null,null,"0","2016-06-15 00:00:00.0",null,null,"0");
DELETE FROM pos_user_group_functions WHERE id=40;
insert into pos_user_group_functions(id,user_group_id,pos_system_function_id,can_view,can_add,can_edit,can_delete,can_execute,can_publish,can_export,is_deleted,created_by,created_at,updated_by,updated_at) values ("40","1","20",null,null,null,null,"1","1",null,"0","0","2016-02-15 00:46:26.0",null,null);
DELETE FROM user_group_functions WHERE id=159;
insert into user_group_functions(id,user_group_id,system_function_id,can_view,can_add,can_edit,can_delete,can_execute,can_publish,can_export,created_by,created_at,updated_by,updated_at,is_deleted) values ("159","1","67","1",null,null,null,"1",null,null,"0","2016-06-15 00:00:00.0",null,null,"0");
DELETE FROM pos_user_group_functions WHERE id=41;
insert into pos_user_group_functions(id,user_group_id,pos_system_function_id,can_view,can_add,can_edit,can_delete,can_execute,can_publish,can_export,is_deleted,created_by,created_at,updated_by,updated_at) values ("41","0","21",null,null,null,null,"1","1",null,"0","0","2016-02-15 00:46:26.0",null,null);
DELETE FROM user_group_functions WHERE id=160;
insert into user_group_functions(id,user_group_id,system_function_id,can_view,can_add,can_edit,can_delete,can_execute,can_publish,can_export,created_by,created_at,updated_by,updated_at,is_deleted) values ("160","1","68","1",null,null,null,"1",null,null,"0","2016-06-15 00:00:00.0",null,null,"0");
DELETE FROM pos_user_group_functions WHERE id=42;
insert into pos_user_group_functions(id,user_group_id,pos_system_function_id,can_view,can_add,can_edit,can_delete,can_execute,can_publish,can_export,is_deleted,created_by,created_at,updated_by,updated_at) values ("42","1","21",null,null,null,null,"1","1",null,"0","0","2016-02-15 00:46:26.0",null,null);
DELETE FROM user_group_functions WHERE id=161;
insert into user_group_functions(id,user_group_id,system_function_id,can_view,can_add,can_edit,can_delete,can_execute,can_publish,can_export,created_by,created_at,updated_by,updated_at,is_deleted) values ("161","1","69","1",null,null,null,"1",null,null,"0","2016-06-15 00:00:00.0",null,null,"0");
DELETE FROM user_group_functions WHERE id=162;
insert into user_group_functions(id,user_group_id,system_function_id,can_view,can_add,can_edit,can_delete,can_execute,can_publish,can_export,created_by,created_at,updated_by,updated_at,is_deleted) values ("162","1","81","1","1","1",null,null,null,null,"0","2016-06-15 00:00:00.0",null,null,"0");
DELETE FROM user_group_functions WHERE id=163;
insert into user_group_functions(id,user_group_id,system_function_id,can_view,can_add,can_edit,can_delete,can_execute,can_publish,can_export,created_by,created_at,updated_by,updated_at,is_deleted) values ("163","1","48","1","1","1","1",null,null,"1","0","2016-06-15 00:00:00.0",null,null,"0");
DELETE FROM user_group_functions WHERE id=164;
insert into user_group_functions(id,user_group_id,system_function_id,can_view,can_add,can_edit,can_delete,can_execute,can_publish,can_export,created_by,created_at,updated_by,updated_at,is_deleted) values ("164","1","49","1","1","1","1",null,null,"1","0","2016-06-15 00:00:00.0",null,null,"0");
DELETE FROM user_group_functions WHERE id=165;
insert into user_group_functions(id,user_group_id,system_function_id,can_view,can_add,can_edit,can_delete,can_execute,can_publish,can_export,created_by,created_at,updated_by,updated_at,is_deleted) values ("165","1","50","1","1","1","1",null,null,"1","0","2016-06-15 00:00:00.0",null,null,"0");
DELETE FROM user_group_functions WHERE id=166;
insert into user_group_functions(id,user_group_id,system_function_id,can_view,can_add,can_edit,can_delete,can_execute,can_publish,can_export,created_by,created_at,updated_by,updated_at,is_deleted) values ("166","1","51","1","1","1","1",null,null,"1","0","2016-06-15 00:00:00.0",null,null,"0");
DELETE FROM user_group_functions WHERE id=167;
insert into user_group_functions(id,user_group_id,system_function_id,can_view,can_add,can_edit,can_delete,can_execute,can_publish,can_export,created_by,created_at,updated_by,updated_at,is_deleted) values ("167","1","99","1",null,null,null,"1",null,null,"0","2016-06-15 00:00:00.0",null,null,"0");
DELETE FROM user_group_functions WHERE id=168;
insert into user_group_functions(id,user_group_id,system_function_id,can_view,can_add,can_edit,can_delete,can_execute,can_publish,can_export,created_by,created_at,updated_by,updated_at,is_deleted) values ("168","1","78","1","1","1","1",null,null,null,"0","2016-06-15 00:00:00.0",null,null,"0");
DELETE FROM user_group_functions WHERE id=169;
insert into user_group_functions(id,user_group_id,system_function_id,can_view,can_add,can_edit,can_delete,can_execute,can_publish,can_export,created_by,created_at,updated_by,updated_at,is_deleted) values ("169","1","98","1",null,"1",null,null,null,"1","0","2016-06-15 00:00:00.0",null,null,"0");
DELETE FROM user_group_functions WHERE id=170;
insert into user_group_functions(id,user_group_id,system_function_id,can_view,can_add,can_edit,can_delete,can_execute,can_publish,can_export,created_by,created_at,updated_by,updated_at,is_deleted) values ("170","1","73","1",null,null,null,null,null,"1","0","2016-06-15 00:00:00.0",null,null,"0");
DELETE FROM user_group_functions WHERE id=171;
insert into user_group_functions(id,user_group_id,system_function_id,can_view,can_add,can_edit,can_delete,can_execute,can_publish,can_export,created_by,created_at,updated_by,updated_at,is_deleted) values ("171","1","74","1",null,null,null,null,null,null,"0","2016-06-15 00:00:00.0",null,null,"0");
DELETE FROM user_group_functions WHERE id=172;
insert into user_group_functions(id,user_group_id,system_function_id,can_view,can_add,can_edit,can_delete,can_execute,can_publish,can_export,created_by,created_at,updated_by,updated_at,is_deleted) values ("172","1","76","1",null,"1",null,null,null,"1","0","2016-06-15 00:00:00.0",null,null,"0");
DELETE FROM user_group_functions WHERE id=173;
insert into user_group_functions(id,user_group_id,system_function_id,can_view,can_add,can_edit,can_delete,can_execute,can_publish,can_export,created_by,created_at,updated_by,updated_at,is_deleted) values ("173","1","83","1",null,null,null,null,null,"1","0","2016-06-15 00:00:00.0",null,null,"0");
DELETE FROM user_group_functions WHERE id=174;
insert into user_group_functions(id,user_group_id,system_function_id,can_view,can_add,can_edit,can_delete,can_execute,can_publish,can_export,created_by,created_at,updated_by,updated_at,is_deleted) values ("174","1","86","1",null,null,null,null,null,"1","0","2016-06-15 00:00:00.0",null,null,"0");
DELETE FROM user_group_functions WHERE id=175;
insert into user_group_functions(id,user_group_id,system_function_id,can_view,can_add,can_edit,can_delete,can_execute,can_publish,can_export,created_by,created_at,updated_by,updated_at,is_deleted) values ("175","1","77","1",null,"1","1",null,null,null,"0","2016-06-15 00:00:00.0",null,null,"0");
DELETE FROM user_group_functions WHERE id=176;
insert into user_group_functions(id,user_group_id,system_function_id,can_view,can_add,can_edit,can_delete,can_execute,can_publish,can_export,created_by,created_at,updated_by,updated_at,is_deleted) values ("176","1","72","1","1","1",null,null,null,null,"0","2016-06-15 00:00:00.0",null,null,"0");
DELETE FROM user_group_functions WHERE id=177;
insert into user_group_functions(id,user_group_id,system_function_id,can_view,can_add,can_edit,can_delete,can_execute,can_publish,can_export,created_by,created_at,updated_by,updated_at,is_deleted) values ("177","1","75","1","1","1","1",null,null,null,"0","2016-06-15 00:00:00.0",null,null,"0");
DELETE FROM user_group_functions WHERE id=178;
insert into user_group_functions(id,user_group_id,system_function_id,can_view,can_add,can_edit,can_delete,can_execute,can_publish,can_export,created_by,created_at,updated_by,updated_at,is_deleted) values ("178","1","82","1","1","1","1",null,null,"1","0","2016-06-15 00:00:00.0",null,null,"0");
DELETE FROM user_group_functions WHERE id=179;
insert into user_group_functions(id,user_group_id,system_function_id,can_view,can_add,can_edit,can_delete,can_execute,can_publish,can_export,created_by,created_at,updated_by,updated_at,is_deleted) values ("179","1","84","1",null,null,"1","1",null,null,"0","2016-06-15 00:00:00.0",null,null,"0");
DELETE FROM user_group_functions WHERE id=180;
insert into user_group_functions(id,user_group_id,system_function_id,can_view,can_add,can_edit,can_delete,can_execute,can_publish,can_export,created_by,created_at,updated_by,updated_at,is_deleted) values ("180","1","85","1",null,"1",null,null,null,null,"0","2016-06-15 00:00:00.0",null,null,"0");
DELETE FROM user_group_functions WHERE id=181;
insert into user_group_functions(id,user_group_id,system_function_id,can_view,can_add,can_edit,can_delete,can_execute,can_publish,can_export,created_by,created_at,updated_by,updated_at,is_deleted) values ("181","0","100","1","1","1","1",null,null,"1","0","2017-05-03 00:00:00.0",null,null,"0");
DELETE FROM user_group_functions WHERE id=182;
insert into user_group_functions(id,user_group_id,system_function_id,can_view,can_add,can_edit,can_delete,can_execute,can_publish,can_export,created_by,created_at,updated_by,updated_at,is_deleted) values ("182","0","101","1","1","1","1",null,null,"1","0","2017-05-03 00:00:00.0",null,null,"0");
DELETE FROM rounding WHERE id=0;
insert into rounding(id,code,name,description,round_to,created_by,created_at,updated_by,updated_at,is_system,is_deleted) values ("0","NO_ROUND","No Rounding","No Rounding","0.0100","0","2015-05-13 07:54:18.0","0","2015-05-13 07:54:18.0","1","0");
DELETE FROM user_group_functions WHERE id=183;
insert into user_group_functions(id,user_group_id,system_function_id,can_view,can_add,can_edit,can_delete,can_execute,can_publish,can_export,created_by,created_at,updated_by,updated_at,is_deleted) values ("183","0","102","1","1","1","1",null,null,"1","0","2017-05-03 00:00:00.0",null,null,"0");
DELETE FROM shop_shifts WHERE id=1;
insert into shop_shifts(id,code,name,description,shift_type,start_time,allowed_time_before_start,allowed_time_after_start,interval_start_time,interval_end_time,interval_is_payable,end_time,allowed_time_before_end,allowed_time_after_end,is_active,total_hours,allow_unscheduled_unpaid_breaks,overtime_is_payable,minimum_overtime_limit,created_by,created_at,updated_by,updated_at,is_system,is_deleted) values ("1","SFT01","Daily Shift","","1","08:00:00","00:00:00","00:00:00","00:00:00","00:00:00","0","20:00:00","00:00:00","00:00:00","1","12:00:00","0","0",null,"0","2017-03-22 03:48:55.0","0","2017-03-26 04:35:49.0","0","0");
DELETE FROM user_group_functions WHERE id=184;
insert into user_group_functions(id,user_group_id,system_function_id,can_view,can_add,can_edit,can_delete,can_execute,can_publish,can_export,created_by,created_at,updated_by,updated_at,is_deleted) values ("184","1","100","1","1","1","1",null,null,"1","0","2017-05-03 00:00:00.0",null,null,"0");
DELETE FROM stock_item_categories WHERE id=0;
insert into stock_item_categories(id,code,name,department_id,super_category_id,description,created_by,created_at,updated_by,updated_at,is_system,is_deleted) values ("0","STKCATDEF","DEFAULT","0",null,"","0","2016-01-22 07:23:26.0","0","2016-01-30 08:30:44.0","1","0");
DELETE FROM user_group_functions WHERE id=185;
insert into user_group_functions(id,user_group_id,system_function_id,can_view,can_add,can_edit,can_delete,can_execute,can_publish,can_export,created_by,created_at,updated_by,updated_at,is_deleted) values ("185","1","101","1","1","1","1",null,null,"1","0","2017-05-03 00:00:00.0",null,null,"0");
DELETE FROM stock_item_categories WHERE id=1;
insert into stock_item_categories(id,code,name,department_id,super_category_id,description,created_by,created_at,updated_by,updated_at,is_system,is_deleted) values ("1","INGRADIENT","INGRADIENT ","0","0","","0","2016-01-22 07:23:51.0",null,null,"1","0");
DELETE FROM user_group_functions WHERE id=186;
insert into user_group_functions(id,user_group_id,system_function_id,can_view,can_add,can_edit,can_delete,can_execute,can_publish,can_export,created_by,created_at,updated_by,updated_at,is_deleted) values ("186","1","102","1","1","1","1",null,null,"1","0","2017-05-03 00:00:00.0",null,null,"0");
DELETE FROM user_group_functions WHERE id=280;
insert into user_group_functions(id,user_group_id,system_function_id,can_view,can_add,can_edit,can_delete,can_execute,can_publish,can_export,created_by,created_at,updated_by,updated_at,is_deleted) values ("280","0","104","1","1","1","1",null,"1","1","0","2017-10-06 00:00:00.0",null,null,"0");
DELETE FROM stock_items WHERE id=1;
insert into stock_items(id,code,name,description,supplier_product_code,stock_item_attributes,stock_item_location,stock_item_category_id,prd_department_id,part_no,market_valuation_method,movement_method,uom_id,stock_uom_id,item_weight,qty_on_hand,unit_price,optimum_level,reorder_level,reorder_qty,preferred_supplier_id,last_purchase_unit_price,last_purchase_supplier_id,tax_id,tax_calculation_method,is_service_item,is_valid,is_manufactured,is_sellable,is_semi_finished,is_finished,sales_margin,is_sales_margin_percent,tax_percentage,qty_manufactured,top_consumption_rank,created_by,created_at,updated_by,updated_at,is_system,is_deleted) values ("1","SIGSTK","Sale Item Group Stock","Sale Item Group Stock","","Default",null,"1",null,null,null,null,"1",null,"1.00000",null,null,null,null,null,null,null,null,"1",null,"0","1","1","0","0","0","0","0","0.00",null,"0","0","2016-01-22 07:25:33.0","0","2016-01-30 08:33:49.0","1","0");
DELETE FROM user_group_functions WHERE id=281;
insert into user_group_functions(id,user_group_id,system_function_id,can_view,can_add,can_edit,can_delete,can_execute,can_publish,can_export,created_by,created_at,updated_by,updated_at,is_deleted) values ("281","0","103","1","1","1","1",null,"1","1","0","2017-10-06 00:00:00.0",null,null,"0");
DELETE FROM stock_items WHERE id=2;
insert into stock_items(id,code,name,description,supplier_product_code,stock_item_attributes,stock_item_location,stock_item_category_id,prd_department_id,part_no,market_valuation_method,movement_method,uom_id,stock_uom_id,item_weight,qty_on_hand,unit_price,optimum_level,reorder_level,reorder_qty,preferred_supplier_id,last_purchase_unit_price,last_purchase_supplier_id,tax_id,tax_calculation_method,is_service_item,is_valid,is_manufactured,is_sellable,is_semi_finished,is_finished,sales_margin,is_sales_margin_percent,tax_percentage,qty_manufactured,top_consumption_rank,created_by,created_at,updated_by,updated_at,is_system,is_deleted) values ("2","NSTKI","Non Stock Item","Non Stock Item","","Default",null,"1",null,null,null,null,"1",null,"1.00000",null,null,null,null,null,null,null,null,"1","0","0","1","1","1","0","0","0","0","0.00",null,"0","0","2016-01-22 07:25:33.0","0","2016-01-30 08:33:49.0","1","0");
DELETE FROM user_group_functions WHERE id=282;
insert into user_group_functions(id,user_group_id,system_function_id,can_view,can_add,can_edit,can_delete,can_execute,can_publish,can_export,created_by,created_at,updated_by,updated_at,is_deleted) values ("282","0","105","1","1","1","1",null,"1","1","0","2018-02-28 00:00:00.0",null,null,"0");
DELETE FROM user_group_functions WHERE id=283;
insert into user_group_functions(id,user_group_id,system_function_id,can_view,can_add,can_edit,can_delete,can_execute,can_publish,can_export,created_by,created_at,updated_by,updated_at,is_deleted) values ("283","0","106","1","1","1","1",null,"1","1","0","2018-02-28 00:00:00.0",null,null,"0");
DELETE FROM system_params WHERE id=1;
insert into system_params(id,date_format,date_separator,time_format,time_zone,decimal_places,default_customer_type,default_taxation_method,is_direct_stock_entry,financial_month,week_start,smtp_server,smtp_port,smtp_mailid,smtp_password,sms_web_service,sms_userid,sms_password,created_by,created_at,updated_by,updated_at,is_deleted) values ("1","0","/","0","1","2","",null,"0",null,"0","","","","","","","","0","2017-09-24 03:13:12.0","0","2017-09-24 03:13:12.0","0");
DELETE FROM user_group_functions WHERE id=284;
insert into user_group_functions(id,user_group_id,system_function_id,can_view,can_add,can_edit,can_delete,can_execute,can_publish,can_export,created_by,created_at,updated_by,updated_at,is_deleted) values ("284","0","107","1","1","1","1",null,"1","1","0","2018-02-28 00:00:00.0",null,null,"0");
DELETE FROM tax_param WHERE id=1;
insert into tax_param(id,tax1_name,tax2_name,tax3_name,gst_name,sc_name,default_taxation_method,default_purchase_taxation_method,claculate_tax_before_discount,is_deleted,created_by,created_at,updated_by,updated_at) values ("1","CGST","SGST","CESS","IGST",null,"0","0","0","0","0","2021-09-27 07:07:41.0",null,null);
DELETE FROM user_group_functions WHERE id=285;
insert into user_group_functions(id,user_group_id,system_function_id,can_view,can_add,can_edit,can_delete,can_execute,can_publish,can_export,created_by,created_at,updated_by,updated_at,is_deleted) values ("285","0","108","1","1","1","1","1","1","1","0","2018-02-28 00:00:00.0",null,null,"0");
DELETE FROM taxes WHERE id=1;
insert into taxes(id,code,name,description,is_item_specific,is_tax1_applicable,tax1_percentage,is_tax2_applicable,tax2_percentage,is_tax3_applicable,tax3_percentage,is_sc_applicable,sc_percentage,is_define_gst,gst_percentage,is_tax1_included_in_gst,is_tax2_included_in_gst,is_tax3_included_in_gst,is_sc_included_in_gst,tax1_refund_rate,tax2_refund_rate,tax3_refund_rate,sc_refund_rate,gst_refund_rate,created_by,created_at,updated_by,updated_at,is_deleted,is_system) values ("1","NOTAX","NO TAX","NO TAX","0","1","0.00","0",null,"0",null,"0",null,"0",null,"0","0","0","0","0.00000","0.00000","0.00000","0.00000","0.00000","0","2016-05-04 12:30:02.0",null,null,"0","1");
DELETE FROM user_group_functions WHERE id=286;
insert into user_group_functions(id,user_group_id,system_function_id,can_view,can_add,can_edit,can_delete,can_execute,can_publish,can_export,created_by,created_at,updated_by,updated_at,is_deleted) values ("286","0","109","1","1","1","1",null,"1","1","0","2018-02-28 00:00:00.0",null,null,"0");
DELETE FROM uoms WHERE id=1;
insert into uoms(id,code,name,description,is_compound,base_uom_id,compound_unit,uom_symbol,decimal_places,created_by,created_at,updated_by,updated_at,is_system,is_deleted) values ("1","DEFUOM","Default Uom","Default Uom","0",null,null,"-","2","0","2015-05-13 07:54:18.0","0","2015-05-13 07:54:18.0","1","0");
DELETE FROM user_group_functions WHERE id=287;
insert into user_group_functions(id,user_group_id,system_function_id,can_view,can_add,can_edit,can_delete,can_execute,can_publish,can_export,created_by,created_at,updated_by,updated_at,is_deleted) values ("287","0","110","1","1","1","1",null,"1","1","0","2018-02-28 00:00:00.0",null,null,"0");
DELETE FROM uoms WHERE id=2;
insert into uoms(id,code,name,description,is_compound,base_uom_id,compound_unit,uom_symbol,decimal_places,created_by,created_at,updated_by,updated_at,is_system,is_deleted) values ("2","BAG","BAGS","BAGS","0",null,null,"BAG","2","0","2015-05-13 07:54:18.0","0","2015-05-13 07:54:18.0","0","0");
DELETE FROM user_group_functions WHERE id=288;
insert into user_group_functions(id,user_group_id,system_function_id,can_view,can_add,can_edit,can_delete,can_execute,can_publish,can_export,created_by,created_at,updated_by,updated_at,is_deleted) values ("288","0","111","1","1","1","1","1","1","1","0","2018-02-28 00:00:00.0",null,null,"0");
DELETE FROM uoms WHERE id=3;
insert into uoms(id,code,name,description,is_compound,base_uom_id,compound_unit,uom_symbol,decimal_places,created_by,created_at,updated_by,updated_at,is_system,is_deleted) values ("3","BAL","BALE","BALE","0",null,null,"BAL","2","0","2015-05-13 07:54:18.0","0","2015-05-13 07:54:18.0","0","0");
DELETE FROM uoms WHERE id=4;
insert into uoms(id,code,name,description,is_compound,base_uom_id,compound_unit,uom_symbol,decimal_places,created_by,created_at,updated_by,updated_at,is_system,is_deleted) values ("4","BDL","BUNDLES","BUNDLES","0",null,null,"BDL","2","0","2015-05-13 07:54:18.0","0","2015-05-13 07:54:18.0","0","0");
DELETE FROM uoms WHERE id=5;
insert into uoms(id,code,name,description,is_compound,base_uom_id,compound_unit,uom_symbol,decimal_places,created_by,created_at,updated_by,updated_at,is_system,is_deleted) values ("5","BKL","BUCKLES","BUCKLES","0",null,null,"BKL","2","0","2015-05-13 07:54:18.0","0","2015-05-13 07:54:18.0","0","0");
DELETE FROM uoms WHERE id=6;
insert into uoms(id,code,name,description,is_compound,base_uom_id,compound_unit,uom_symbol,decimal_places,created_by,created_at,updated_by,updated_at,is_system,is_deleted) values ("6","BOU","BILLION OF UNITS","BILLION OF UNITS","0",null,null,"BOU","2","0","2015-05-13 07:54:18.0","0","2015-05-13 07:54:18.0","0","0");
DELETE FROM uoms WHERE id=7;
insert into uoms(id,code,name,description,is_compound,base_uom_id,compound_unit,uom_symbol,decimal_places,created_by,created_at,updated_by,updated_at,is_system,is_deleted) values ("7","BOX","BOX","BOX","0",null,null,"BOX","2","0","2015-05-13 07:54:18.0","0","2015-05-13 07:54:18.0","0","0");
DELETE FROM uoms WHERE id=8;
insert into uoms(id,code,name,description,is_compound,base_uom_id,compound_unit,uom_symbol,decimal_places,created_by,created_at,updated_by,updated_at,is_system,is_deleted) values ("8","BTL","BOTTLES","BOTTLES","0",null,null,"BTL","2","0","2015-05-13 07:54:18.0","0","2015-05-13 07:54:18.0","0","0");
DELETE FROM uoms WHERE id=9;
insert into uoms(id,code,name,description,is_compound,base_uom_id,compound_unit,uom_symbol,decimal_places,created_by,created_at,updated_by,updated_at,is_system,is_deleted) values ("9","BUN","BUNCHES","BUNCHES","0",null,null,"BUN","2","0","2015-05-13 07:54:18.0","0","2015-05-13 07:54:18.0","0","0");
DELETE FROM uoms WHERE id=10;
insert into uoms(id,code,name,description,is_compound,base_uom_id,compound_unit,uom_symbol,decimal_places,created_by,created_at,updated_by,updated_at,is_system,is_deleted) values ("10","CAN","CANS","CANS","0",null,null,"CAN","2","0","2015-05-13 07:54:18.0","0","2015-05-13 07:54:18.0","0","0");
DELETE FROM uoms WHERE id=11;
insert into uoms(id,code,name,description,is_compound,base_uom_id,compound_unit,uom_symbol,decimal_places,created_by,created_at,updated_by,updated_at,is_system,is_deleted) values ("11","CBM","CUBIC METERS","CUBIC METERS","0",null,null,"CBM","2","0","2015-05-13 07:54:18.0","0","2015-05-13 07:54:18.0","0","0");
DELETE FROM uoms WHERE id=12;
insert into uoms(id,code,name,description,is_compound,base_uom_id,compound_unit,uom_symbol,decimal_places,created_by,created_at,updated_by,updated_at,is_system,is_deleted) values ("12","CCM","CUBIC CENTIMETERS","CUBIC CENTIMETERS","0",null,null,"CCM","2","0","2015-05-13 07:54:18.0","0","2015-05-13 07:54:18.0","0","0");
DELETE FROM uoms WHERE id=13;
insert into uoms(id,code,name,description,is_compound,base_uom_id,compound_unit,uom_symbol,decimal_places,created_by,created_at,updated_by,updated_at,is_system,is_deleted) values ("13","CMS","CENTIMETERS","CENTIMETERS","0",null,null,"CMS","2","0","2015-05-13 07:54:18.0","0","2015-05-13 07:54:18.0","0","0");
DELETE FROM uoms WHERE id=14;
insert into uoms(id,code,name,description,is_compound,base_uom_id,compound_unit,uom_symbol,decimal_places,created_by,created_at,updated_by,updated_at,is_system,is_deleted) values ("14","CTN","CARTONS","CARTONS","0",null,null,"CTN","2","0","2015-05-13 07:54:18.0","0","2015-05-13 07:54:18.0","0","0");
DELETE FROM uoms WHERE id=15;
insert into uoms(id,code,name,description,is_compound,base_uom_id,compound_unit,uom_symbol,decimal_places,created_by,created_at,updated_by,updated_at,is_system,is_deleted) values ("15","DOZ","DOZENS","DOZENS","0",null,null,"DOZ","2","0","2015-05-13 07:54:18.0","0","2015-05-13 07:54:18.0","0","0");
DELETE FROM uoms WHERE id=16;
insert into uoms(id,code,name,description,is_compound,base_uom_id,compound_unit,uom_symbol,decimal_places,created_by,created_at,updated_by,updated_at,is_system,is_deleted) values ("16","DRM","DRUMS","DRUMS","0",null,null,"DRM","2","0","2015-05-13 07:54:18.0","0","2015-05-13 07:54:18.0","0","0");
DELETE FROM uoms WHERE id=17;
insert into uoms(id,code,name,description,is_compound,base_uom_id,compound_unit,uom_symbol,decimal_places,created_by,created_at,updated_by,updated_at,is_system,is_deleted) values ("17","GGK","GREAT GROSS","GREAT GROSS","0",null,null,"GGK","2","0","2015-05-13 07:54:18.0","0","2015-05-13 07:54:18.0","0","0");
DELETE FROM uoms WHERE id=18;
insert into uoms(id,code,name,description,is_compound,base_uom_id,compound_unit,uom_symbol,decimal_places,created_by,created_at,updated_by,updated_at,is_system,is_deleted) values ("18","GMS","GRAMMES","GRAMMES","0",null,null,"GMS","2","0","2015-05-13 07:54:18.0","0","2015-05-13 07:54:18.0","0","0");
DELETE FROM uoms WHERE id=19;
insert into uoms(id,code,name,description,is_compound,base_uom_id,compound_unit,uom_symbol,decimal_places,created_by,created_at,updated_by,updated_at,is_system,is_deleted) values ("19","GRS","GROSS","GROSS","0",null,null,"GRS","2","0","2015-05-13 07:54:18.0","0","2015-05-13 07:54:18.0","0","0");
DELETE FROM uoms WHERE id=20;
insert into uoms(id,code,name,description,is_compound,base_uom_id,compound_unit,uom_symbol,decimal_places,created_by,created_at,updated_by,updated_at,is_system,is_deleted) values ("20","GYD","GROSS YARDS","GROSS YARDS","0",null,null,"GYD","2","0","2015-05-13 07:54:18.0","0","2015-05-13 07:54:18.0","0","0");
DELETE FROM uoms WHERE id=21;
insert into uoms(id,code,name,description,is_compound,base_uom_id,compound_unit,uom_symbol,decimal_places,created_by,created_at,updated_by,updated_at,is_system,is_deleted) values ("21","KGS","KILOGRAMS","KILOGRAMS","0",null,null,"KGS","2","0","2015-05-13 07:54:18.0","0","2015-05-13 07:54:18.0","0","0");
DELETE FROM uoms WHERE id=22;
insert into uoms(id,code,name,description,is_compound,base_uom_id,compound_unit,uom_symbol,decimal_places,created_by,created_at,updated_by,updated_at,is_system,is_deleted) values ("22","KLR","KILOLITRE","KILOLITRE","0",null,null,"KLR","2","0","2015-05-13 07:54:18.0","0","2015-05-13 07:54:18.0","0","0");
DELETE FROM uoms WHERE id=23;
insert into uoms(id,code,name,description,is_compound,base_uom_id,compound_unit,uom_symbol,decimal_places,created_by,created_at,updated_by,updated_at,is_system,is_deleted) values ("23","KME","KILOMETRE","KILOMETRE","0",null,null,"KME","2","0","2015-05-13 07:54:18.0","0","2015-05-13 07:54:18.0","0","0");
DELETE FROM uoms WHERE id=24;
insert into uoms(id,code,name,description,is_compound,base_uom_id,compound_unit,uom_symbol,decimal_places,created_by,created_at,updated_by,updated_at,is_system,is_deleted) values ("24","MLT","MILILITRE","MILILITRE","0",null,null,"MLT","2","0","2015-05-13 07:54:18.0","0","2015-05-13 07:54:18.0","0","0");
DELETE FROM uoms WHERE id=25;
insert into uoms(id,code,name,description,is_compound,base_uom_id,compound_unit,uom_symbol,decimal_places,created_by,created_at,updated_by,updated_at,is_system,is_deleted) values ("25","MTR","METERS","METERS","0",null,null,"MTR","2","0","2015-05-13 07:54:18.0","0","2015-05-13 07:54:18.0","0","0");
DELETE FROM uoms WHERE id=26;
insert into uoms(id,code,name,description,is_compound,base_uom_id,compound_unit,uom_symbol,decimal_places,created_by,created_at,updated_by,updated_at,is_system,is_deleted) values ("26","MTS","METRIC TON","METRIC TON","0",null,null,"MTS","2","0","2015-05-13 07:54:18.0","0","2015-05-13 07:54:18.0","0","0");
DELETE FROM uoms WHERE id=27;
insert into uoms(id,code,name,description,is_compound,base_uom_id,compound_unit,uom_symbol,decimal_places,created_by,created_at,updated_by,updated_at,is_system,is_deleted) values ("27","NOS","NUMBERS","NUMBERS","0",null,null,"NOS","2","0","2015-05-13 07:54:18.0","0","2015-05-13 07:54:18.0","0","0");
DELETE FROM uoms WHERE id=28;
insert into uoms(id,code,name,description,is_compound,base_uom_id,compound_unit,uom_symbol,decimal_places,created_by,created_at,updated_by,updated_at,is_system,is_deleted) values ("28","PAC","PACKS","PACKS","0",null,null,"PAC","2","0","2015-05-13 07:54:18.0","0","2015-05-13 07:54:18.0","0","0");
DELETE FROM uoms WHERE id=29;
insert into uoms(id,code,name,description,is_compound,base_uom_id,compound_unit,uom_symbol,decimal_places,created_by,created_at,updated_by,updated_at,is_system,is_deleted) values ("29","PCS","PIECES","PIECES","0",null,null,"PCS","2","0","2015-05-13 07:54:18.0","0","2015-05-13 07:54:18.0","0","0");
DELETE FROM uoms WHERE id=30;
insert into uoms(id,code,name,description,is_compound,base_uom_id,compound_unit,uom_symbol,decimal_places,created_by,created_at,updated_by,updated_at,is_system,is_deleted) values ("30","PRS","PAIRS","PAIRS","0",null,null,"PRS","2","0","2015-05-13 07:54:18.0","0","2015-05-13 07:54:18.0","0","0");
DELETE FROM uoms WHERE id=31;
insert into uoms(id,code,name,description,is_compound,base_uom_id,compound_unit,uom_symbol,decimal_places,created_by,created_at,updated_by,updated_at,is_system,is_deleted) values ("31","QTL","QUINTAL","QUINTAL","0",null,null,"QTL","2","0","2015-05-13 07:54:18.0","0","2015-05-13 07:54:18.0","0","0");
DELETE FROM uoms WHERE id=32;
insert into uoms(id,code,name,description,is_compound,base_uom_id,compound_unit,uom_symbol,decimal_places,created_by,created_at,updated_by,updated_at,is_system,is_deleted) values ("32","ROL","ROLLS","ROLLS","0",null,null,"ROL","2","0","2015-05-13 07:54:18.0","0","2015-05-13 07:54:18.0","0","0");
DELETE FROM uoms WHERE id=33;
insert into uoms(id,code,name,description,is_compound,base_uom_id,compound_unit,uom_symbol,decimal_places,created_by,created_at,updated_by,updated_at,is_system,is_deleted) values ("33","SET","SETS","SETS","0",null,null,"SET","2","0","2015-05-13 07:54:18.0","0","2015-05-13 07:54:18.0","0","0");
DELETE FROM uoms WHERE id=34;
insert into uoms(id,code,name,description,is_compound,base_uom_id,compound_unit,uom_symbol,decimal_places,created_by,created_at,updated_by,updated_at,is_system,is_deleted) values ("34","SQF","SQUARE FEET","SQUARE FEET","0",null,null,"SQF","2","0","2015-05-13 07:54:18.0","0","2015-05-13 07:54:18.0","0","0");
DELETE FROM uoms WHERE id=35;
insert into uoms(id,code,name,description,is_compound,base_uom_id,compound_unit,uom_symbol,decimal_places,created_by,created_at,updated_by,updated_at,is_system,is_deleted) values ("35","SQM","SQUARE METERS","SQUARE METERS","0",null,null,"SQM","2","0","2015-05-13 07:54:18.0","0","2015-05-13 07:54:18.0","0","0");
DELETE FROM uoms WHERE id=36;
insert into uoms(id,code,name,description,is_compound,base_uom_id,compound_unit,uom_symbol,decimal_places,created_by,created_at,updated_by,updated_at,is_system,is_deleted) values ("36","SQY","SQUARE YARDS","SQUARE YARDS","0",null,null,"SQY","2","0","2015-05-13 07:54:18.0","0","2015-05-13 07:54:18.0","0","0");
DELETE FROM uoms WHERE id=37;
insert into uoms(id,code,name,description,is_compound,base_uom_id,compound_unit,uom_symbol,decimal_places,created_by,created_at,updated_by,updated_at,is_system,is_deleted) values ("37","TBS","TABLETS","TABLETS","0",null,null,"TBS","2","0","2015-05-13 07:54:18.0","0","2015-05-13 07:54:18.0","0","0");
DELETE FROM uoms WHERE id=38;
insert into uoms(id,code,name,description,is_compound,base_uom_id,compound_unit,uom_symbol,decimal_places,created_by,created_at,updated_by,updated_at,is_system,is_deleted) values ("38","TGM","TEN GROSS","TEN GROSS","0",null,null,"TGM","2","0","2015-05-13 07:54:18.0","0","2015-05-13 07:54:18.0","0","0");
DELETE FROM uoms WHERE id=39;
insert into uoms(id,code,name,description,is_compound,base_uom_id,compound_unit,uom_symbol,decimal_places,created_by,created_at,updated_by,updated_at,is_system,is_deleted) values ("39","THD","THOUSANDS","THOUSANDS","0",null,null,"THD","2","0","2015-05-13 07:54:18.0","0","2015-05-13 07:54:18.0","0","0");
DELETE FROM uoms WHERE id=40;
insert into uoms(id,code,name,description,is_compound,base_uom_id,compound_unit,uom_symbol,decimal_places,created_by,created_at,updated_by,updated_at,is_system,is_deleted) values ("40","TON","TONNES","TONNES","0",null,null,"TON","2","0","2015-05-13 07:54:18.0","0","2015-05-13 07:54:18.0","0","0");
DELETE FROM uoms WHERE id=41;
insert into uoms(id,code,name,description,is_compound,base_uom_id,compound_unit,uom_symbol,decimal_places,created_by,created_at,updated_by,updated_at,is_system,is_deleted) values ("41","TUB","TUBES","TUBES","0",null,null,"TUB","2","0","2015-05-13 07:54:18.0","0","2015-05-13 07:54:18.0","0","0");
DELETE FROM uoms WHERE id=42;
insert into uoms(id,code,name,description,is_compound,base_uom_id,compound_unit,uom_symbol,decimal_places,created_by,created_at,updated_by,updated_at,is_system,is_deleted) values ("42","UGS","US GALLONS","US GALLONS","0",null,null,"UGS","2","0","2015-05-13 07:54:18.0","0","2015-05-13 07:54:18.0","0","0");
DELETE FROM uoms WHERE id=43;
insert into uoms(id,code,name,description,is_compound,base_uom_id,compound_unit,uom_symbol,decimal_places,created_by,created_at,updated_by,updated_at,is_system,is_deleted) values ("43","UNT","UNITS","UNITS","0",null,null,"UNT","2","0","2015-05-13 07:54:18.0","0","2015-05-13 07:54:18.0","0","0");
DELETE FROM uoms WHERE id=44;
insert into uoms(id,code,name,description,is_compound,base_uom_id,compound_unit,uom_symbol,decimal_places,created_by,created_at,updated_by,updated_at,is_system,is_deleted) values ("44","YDS","YARDS","YARDS","0",null,null,"YDS","2","0","2015-05-13 07:54:18.0","0","2015-05-13 07:54:18.0","0","0");
DELETE FROM user_groups WHERE id=0;
insert into user_groups(id,code,name,description,created_by,created_at,updated_by,updated_at,is_system,is_deleted,user_type) values ("0","SADM","System Administration","System Administration","0","2015-05-13 07:54:18.0","0","2015-05-13 07:54:18.0","1","0","2");
DELETE FROM user_group_functions WHERE id=1;
insert into user_group_functions(id,user_group_id,system_function_id,can_view,can_add,can_edit,can_delete,can_execute,can_publish,can_export,created_by,created_at,updated_by,updated_at,is_deleted) values ("1","0","5","1","1","1","1",null,"1","1","0","2015-05-13 07:54:18.0","0","2015-05-13 07:54:18.0","0");
DELETE FROM user_groups WHERE id=1;
insert into user_groups(id,code,name,description,created_by,created_at,updated_by,updated_at,is_system,is_deleted,user_type) values ("1","TADM","Terminal Administration","Terminal Administration","0","2016-06-15 12:16:27.0",null,null,"1","0","1");
DELETE FROM user_group_functions WHERE id=2;
insert into user_group_functions(id,user_group_id,system_function_id,can_view,can_add,can_edit,can_delete,can_execute,can_publish,can_export,created_by,created_at,updated_by,updated_at,is_deleted) values ("2","0","6","1","1","1","1",null,"1","1","0","2015-05-13 07:54:18.0","0","2015-05-13 07:54:18.0","0");
DELETE FROM user_group_functions WHERE id=3;
insert into user_group_functions(id,user_group_id,system_function_id,can_view,can_add,can_edit,can_delete,can_execute,can_publish,can_export,created_by,created_at,updated_by,updated_at,is_deleted) values ("3","0","8","1","1","1","1",null,"1","1","0","2015-05-13 07:54:18.0","0","2015-05-13 07:54:18.0","0");
DELETE FROM shop WHERE id=101;
insert into shop(id,code,name,description,area_id,address,city,state,state_code,country,zip_code,company_license_no,company_tax_no,cst_no,email,phone,email_subscribe,service_type,business_type,bank_name,bank_branch,bank_address,bank_ifsc_code,bank_micr_code,bank_account_no,created_by,created_at,updated_by,updated_at,is_system,is_deleted) values ("101","101","Niko Hotels","","101","KP Vallon Road","","","","","","","","","","9652635241","0","0","1","","","","","","","0","2021-09-27 07:09:32.0",null,null,"0","0");
DELETE FROM user_group_functions WHERE id=4;
insert into user_group_functions(id,user_group_id,system_function_id,can_view,can_add,can_edit,can_delete,can_execute,can_publish,can_export,created_by,created_at,updated_by,updated_at,is_deleted) values ("4","0","9","1","1","1","1",null,"1","1","0","2015-05-13 07:54:18.0","0","2015-05-13 07:54:18.0","0");
DELETE FROM shop_departments WHERE id=101;
insert into shop_departments(id,shop_id,department_id,is_system,is_deleted) values ("101","101","1","0","0");
DELETE FROM user_group_functions WHERE id=5;
insert into user_group_functions(id,user_group_id,system_function_id,can_view,can_add,can_edit,can_delete,can_execute,can_publish,can_export,created_by,created_at,updated_by,updated_at,is_deleted) values ("5","0","10","1","1","1","1",null,"1","1","0","2015-05-13 07:54:18.0","0","2015-05-13 07:54:18.0","0");
DELETE FROM users WHERE id=0;
insert into users(id,code,name,description,card_no,user_group_id,employee_id,password,valid_from,valid_to,is_active,is_admin,email,lastlogin_date,token_id,token_expire_time,created_by,created_at,updated_by,updated_at,is_deleted,is_system) values ("0","Admin","admin","Administrator","999999","0",null,"120ffdae19382938c9ceedd2faf551e8","2015-10-09",null,"1","1","","2015-05-13 07:54:18.0",null,null,"0","2015-05-13 07:54:18.0","0","2015-06-23 02:02:37.0","0","1");
DELETE FROM user_group_functions WHERE id=6;
insert into user_group_functions(id,user_group_id,system_function_id,can_view,can_add,can_edit,can_delete,can_execute,can_publish,can_export,created_by,created_at,updated_by,updated_at,is_deleted) values ("6","0","13","1","1","1","1",null,null,"1","0","2015-05-13 07:54:18.0","0","2015-05-13 07:54:18.0","0");
DELETE FROM shop_users WHERE id=3;
insert into shop_users(id,shop_id,user_id,user_group_id,is_deleted) values ("3","101","0","0","0");
DELETE FROM user_group_functions WHERE id=7;
insert into user_group_functions(id,user_group_id,system_function_id,can_view,can_add,can_edit,can_delete,can_execute,can_publish,can_export,created_by,created_at,updated_by,updated_at,is_deleted) values ("7","0","14","1","1","1","1",null,"1","1","0","2015-05-13 07:54:18.0","0","2015-05-13 07:54:18.0","0");
DELETE FROM user_group_functions WHERE id=8;
insert into user_group_functions(id,user_group_id,system_function_id,can_view,can_add,can_edit,can_delete,can_execute,can_publish,can_export,created_by,created_at,updated_by,updated_at,is_deleted) values ("8","0","15","1","1","1","1",null,"1","1","0","2015-05-13 07:54:18.0","0","2015-05-13 07:54:18.0","0");
DELETE FROM user_group_functions WHERE id=9;
insert into user_group_functions(id,user_group_id,system_function_id,can_view,can_add,can_edit,can_delete,can_execute,can_publish,can_export,created_by,created_at,updated_by,updated_at,is_deleted) values ("9","0","16","1",null,"1",null,null,"1","1","0","2015-05-13 07:54:18.0","0","2015-05-13 07:54:18.0","0");
DELETE FROM user_group_functions WHERE id=10;
insert into user_group_functions(id,user_group_id,system_function_id,can_view,can_add,can_edit,can_delete,can_execute,can_publish,can_export,created_by,created_at,updated_by,updated_at,is_deleted) values ("10","0","17","1","1","1","1",null,"1","1","0","2015-05-13 07:54:18.0","0","2015-05-13 07:54:18.0","0");
DELETE FROM user_group_functions WHERE id=11;
insert into user_group_functions(id,user_group_id,system_function_id,can_view,can_add,can_edit,can_delete,can_execute,can_publish,can_export,created_by,created_at,updated_by,updated_at,is_deleted) values ("11","0","18","1","1","1","1",null,"1","1","0","2015-05-13 07:54:18.0","0","2015-05-13 07:54:18.0","0");
DELETE FROM user_group_functions WHERE id=12;
insert into user_group_functions(id,user_group_id,system_function_id,can_view,can_add,can_edit,can_delete,can_execute,can_publish,can_export,created_by,created_at,updated_by,updated_at,is_deleted) values ("12","0","19","1","1","1","1",null,"1","1","0","2015-05-13 07:54:18.0","0","2015-05-13 07:54:18.0","0");
DELETE FROM user_group_functions WHERE id=13;
insert into user_group_functions(id,user_group_id,system_function_id,can_view,can_add,can_edit,can_delete,can_execute,can_publish,can_export,created_by,created_at,updated_by,updated_at,is_deleted) values ("13","0","20","1","1","1","1",null,"1","1","0","2015-05-13 07:54:18.0","0","2015-05-13 07:54:18.0","0");
DELETE FROM user_group_functions WHERE id=14;
insert into user_group_functions(id,user_group_id,system_function_id,can_view,can_add,can_edit,can_delete,can_execute,can_publish,can_export,created_by,created_at,updated_by,updated_at,is_deleted) values ("14","0","21","1","1","1","1",null,"1","1","0","2015-05-13 07:54:18.0","0","2015-05-13 07:54:18.0","0");
DELETE FROM user_group_functions WHERE id=15;
insert into user_group_functions(id,user_group_id,system_function_id,can_view,can_add,can_edit,can_delete,can_execute,can_publish,can_export,created_by,created_at,updated_by,updated_at,is_deleted) values ("15","0","22","1","1","1","1",null,"1","1","0","2015-05-13 07:54:18.0","0","2015-05-13 07:54:18.0","0");
DELETE FROM user_group_functions WHERE id=16;
insert into user_group_functions(id,user_group_id,system_function_id,can_view,can_add,can_edit,can_delete,can_execute,can_publish,can_export,created_by,created_at,updated_by,updated_at,is_deleted) values ("16","0","23","1","1","1","1",null,"1","1","0","2015-05-13 07:54:18.0","0","2015-05-13 07:54:18.0","0");
DELETE FROM user_group_functions WHERE id=17;
insert into user_group_functions(id,user_group_id,system_function_id,can_view,can_add,can_edit,can_delete,can_execute,can_publish,can_export,created_by,created_at,updated_by,updated_at,is_deleted) values ("17","0","24","1","1","1","1",null,"1","1","0","2015-05-13 07:54:18.0","0","2015-05-13 07:54:18.0","0");
DELETE FROM user_group_functions WHERE id=18;
insert into user_group_functions(id,user_group_id,system_function_id,can_view,can_add,can_edit,can_delete,can_execute,can_publish,can_export,created_by,created_at,updated_by,updated_at,is_deleted) values ("18","0","25","1","1","1","1",null,"1","1","0","2015-05-13 07:54:18.0","0","2015-05-13 07:54:18.0","0");
DELETE FROM user_group_functions WHERE id=19;
insert into user_group_functions(id,user_group_id,system_function_id,can_view,can_add,can_edit,can_delete,can_execute,can_publish,can_export,created_by,created_at,updated_by,updated_at,is_deleted) values ("19","0","26","1","1","1","1",null,null,"1","0","2015-05-13 07:54:18.0","0","2015-05-13 07:54:18.0","0");
DELETE FROM user_group_functions WHERE id=20;
insert into user_group_functions(id,user_group_id,system_function_id,can_view,can_add,can_edit,can_delete,can_execute,can_publish,can_export,created_by,created_at,updated_by,updated_at,is_deleted) values ("20","0","28","1","1","1","1",null,"1","1","0","2015-05-13 07:54:18.0","0","2015-05-13 07:54:18.0","0");
DELETE FROM user_group_functions WHERE id=21;
insert into user_group_functions(id,user_group_id,system_function_id,can_view,can_add,can_edit,can_delete,can_execute,can_publish,can_export,created_by,created_at,updated_by,updated_at,is_deleted) values ("21","0","29","1","1","1","1",null,"1","1","0","2015-05-13 07:54:18.0","0","2015-05-13 07:54:18.0","0");
DELETE FROM user_group_functions WHERE id=22;
insert into user_group_functions(id,user_group_id,system_function_id,can_view,can_add,can_edit,can_delete,can_execute,can_publish,can_export,created_by,created_at,updated_by,updated_at,is_deleted) values ("22","0","30","1","1","1","1",null,"1","1","0","2015-05-13 07:54:18.0","0","2015-05-13 07:54:18.0","0");
DELETE FROM user_group_functions WHERE id=23;
insert into user_group_functions(id,user_group_id,system_function_id,can_view,can_add,can_edit,can_delete,can_execute,can_publish,can_export,created_by,created_at,updated_by,updated_at,is_deleted) values ("23","0","31","1","1","1","1",null,"1","1","0","2015-05-13 07:54:18.0","0","2015-05-13 07:54:18.0","0");
DELETE FROM user_group_functions WHERE id=24;
insert into user_group_functions(id,user_group_id,system_function_id,can_view,can_add,can_edit,can_delete,can_execute,can_publish,can_export,created_by,created_at,updated_by,updated_at,is_deleted) values ("24","0","32","1","1","1","1",null,"1","1","0","2015-05-13 07:54:18.0","0","2015-05-13 07:54:18.0","0");
DELETE FROM user_group_functions WHERE id=25;
insert into user_group_functions(id,user_group_id,system_function_id,can_view,can_add,can_edit,can_delete,can_execute,can_publish,can_export,created_by,created_at,updated_by,updated_at,is_deleted) values ("25","0","33","1","1","1","1",null,"1","1","0","2015-05-13 07:54:18.0","0","2015-05-13 07:54:18.0","0");
DELETE FROM user_group_functions WHERE id=26;
insert into user_group_functions(id,user_group_id,system_function_id,can_view,can_add,can_edit,can_delete,can_execute,can_publish,can_export,created_by,created_at,updated_by,updated_at,is_deleted) values ("26","0","34","1","1","1","1",null,"1","1","0","2015-05-13 07:54:18.0","0","2015-05-13 07:54:18.0","0");
DELETE FROM user_group_functions WHERE id=27;
insert into user_group_functions(id,user_group_id,system_function_id,can_view,can_add,can_edit,can_delete,can_execute,can_publish,can_export,created_by,created_at,updated_by,updated_at,is_deleted) values ("27","0","35","1","1","1","1",null,"1","1","0","2015-05-13 07:54:18.0","0","2015-05-13 07:54:18.0","0");
DELETE FROM user_group_functions WHERE id=28;
insert into user_group_functions(id,user_group_id,system_function_id,can_view,can_add,can_edit,can_delete,can_execute,can_publish,can_export,created_by,created_at,updated_by,updated_at,is_deleted) values ("28","0","36","1","1","1","1",null,"1","1","0","2015-05-13 07:54:18.0","0","2015-05-13 07:54:18.0","0");
DELETE FROM user_group_functions WHERE id=29;
insert into user_group_functions(id,user_group_id,system_function_id,can_view,can_add,can_edit,can_delete,can_execute,can_publish,can_export,created_by,created_at,updated_by,updated_at,is_deleted) values ("29","0","37","1","1","1","1",null,"1","1","0","2015-05-13 07:54:18.0","0","2015-05-13 07:54:18.0","0");
DELETE FROM user_group_functions WHERE id=30;
insert into user_group_functions(id,user_group_id,system_function_id,can_view,can_add,can_edit,can_delete,can_execute,can_publish,can_export,created_by,created_at,updated_by,updated_at,is_deleted) values ("30","0","38","1","1","1","1",null,"1","1","0","2015-05-13 07:54:18.0","0","2015-05-13 07:54:18.0","0");
DELETE FROM user_group_functions WHERE id=31;
insert into user_group_functions(id,user_group_id,system_function_id,can_view,can_add,can_edit,can_delete,can_execute,can_publish,can_export,created_by,created_at,updated_by,updated_at,is_deleted) values ("31","0","39","1","1","1","1",null,"1","1","0","2015-05-13 07:54:18.0","0","2015-05-13 07:54:18.0","0");
DELETE FROM user_group_functions WHERE id=32;
insert into user_group_functions(id,user_group_id,system_function_id,can_view,can_add,can_edit,can_delete,can_execute,can_publish,can_export,created_by,created_at,updated_by,updated_at,is_deleted) values ("32","0","40","1","1","1","1",null,"1","1","0","2015-05-13 07:54:18.0","0","2015-05-13 07:54:18.0","0");
DELETE FROM user_group_functions WHERE id=33;
insert into user_group_functions(id,user_group_id,system_function_id,can_view,can_add,can_edit,can_delete,can_execute,can_publish,can_export,created_by,created_at,updated_by,updated_at,is_deleted) values ("33","0","41","1","1","1","1",null,"1","1","0","2015-05-13 07:54:18.0","0","2015-05-13 07:54:18.0","0");
DELETE FROM user_group_functions WHERE id=34;
insert into user_group_functions(id,user_group_id,system_function_id,can_view,can_add,can_edit,can_delete,can_execute,can_publish,can_export,created_by,created_at,updated_by,updated_at,is_deleted) values ("34","0","42","1","1","1","1","1",null,"1","0","2015-05-13 07:54:18.0","0","2015-05-13 07:54:18.0","0");
DELETE FROM user_group_functions WHERE id=35;
insert into user_group_functions(id,user_group_id,system_function_id,can_view,can_add,can_edit,can_delete,can_execute,can_publish,can_export,created_by,created_at,updated_by,updated_at,is_deleted) values ("35","0","43","1","1","1","1",null,null,"1","0","2015-05-13 07:54:18.0","0","2015-05-13 07:54:18.0","0");
DELETE FROM user_group_functions WHERE id=36;
insert into user_group_functions(id,user_group_id,system_function_id,can_view,can_add,can_edit,can_delete,can_execute,can_publish,can_export,created_by,created_at,updated_by,updated_at,is_deleted) values ("36","0","44","1","1","1","1","1",null,"1","0","2015-05-13 07:54:18.0","0","2015-05-13 07:54:18.0","0");
DELETE FROM user_group_functions WHERE id=37;
insert into user_group_functions(id,user_group_id,system_function_id,can_view,can_add,can_edit,can_delete,can_execute,can_publish,can_export,created_by,created_at,updated_by,updated_at,is_deleted) values ("37","0","45","1","1","1","1",null,null,"1","0","2015-05-13 07:54:18.0","0","2015-05-13 07:54:18.0","0");
DELETE FROM user_group_functions WHERE id=38;
insert into user_group_functions(id,user_group_id,system_function_id,can_view,can_add,can_edit,can_delete,can_execute,can_publish,can_export,created_by,created_at,updated_by,updated_at,is_deleted) values ("38","0","46","1","1","1","1",null,null,"1","0","2015-05-13 07:54:18.0","0","2015-05-13 07:54:18.0","0");
DELETE FROM user_group_functions WHERE id=39;
insert into user_group_functions(id,user_group_id,system_function_id,can_view,can_add,can_edit,can_delete,can_execute,can_publish,can_export,created_by,created_at,updated_by,updated_at,is_deleted) values ("39","0","47","1","1","1","1",null,null,"1","0","2015-05-13 07:54:18.0","0","2015-05-13 07:54:18.0","0");
DELETE FROM user_group_functions WHERE id=40;
insert into user_group_functions(id,user_group_id,system_function_id,can_view,can_add,can_edit,can_delete,can_execute,can_publish,can_export,created_by,created_at,updated_by,updated_at,is_deleted) values ("40","0","48","1","1","1","1",null,null,"1","0","2015-05-13 07:54:18.0","0","2015-05-13 07:54:18.0","0");
DELETE FROM user_group_functions WHERE id=41;
insert into user_group_functions(id,user_group_id,system_function_id,can_view,can_add,can_edit,can_delete,can_execute,can_publish,can_export,created_by,created_at,updated_by,updated_at,is_deleted) values ("41","0","49","1","1","1","1",null,null,"1","0","2015-05-13 07:54:18.0","0","2015-05-13 07:54:18.0","0");
DELETE FROM user_group_functions WHERE id=42;
insert into user_group_functions(id,user_group_id,system_function_id,can_view,can_add,can_edit,can_delete,can_execute,can_publish,can_export,created_by,created_at,updated_by,updated_at,is_deleted) values ("42","0","50","1","1","1","1",null,null,"1","0","2015-05-13 07:54:18.0","0","2015-05-13 07:54:18.0","0");
DELETE FROM user_group_functions WHERE id=43;
insert into user_group_functions(id,user_group_id,system_function_id,can_view,can_add,can_edit,can_delete,can_execute,can_publish,can_export,created_by,created_at,updated_by,updated_at,is_deleted) values ("43","0","51","1","1","1","1",null,null,"1","0","2015-05-13 07:54:18.0","0","2015-05-13 07:54:18.0","0");
DELETE FROM user_group_functions WHERE id=44;
insert into user_group_functions(id,user_group_id,system_function_id,can_view,can_add,can_edit,can_delete,can_execute,can_publish,can_export,created_by,created_at,updated_by,updated_at,is_deleted) values ("44","0","52","1","1","1","1",null,null,"1","0","2015-05-13 07:54:18.0","0","2015-05-13 07:54:18.0","0");
DELETE FROM user_group_functions WHERE id=45;
insert into user_group_functions(id,user_group_id,system_function_id,can_view,can_add,can_edit,can_delete,can_execute,can_publish,can_export,created_by,created_at,updated_by,updated_at,is_deleted) values ("45","0","53","1",null,null,null,"1",null,"1","0","2015-05-13 07:54:18.0","0","2015-05-13 07:54:18.0","0");
DELETE FROM user_group_functions WHERE id=46;
insert into user_group_functions(id,user_group_id,system_function_id,can_view,can_add,can_edit,can_delete,can_execute,can_publish,can_export,created_by,created_at,updated_by,updated_at,is_deleted) values ("46","0","54","1","1","1","1","1",null,"1","0","2015-05-13 07:54:18.0","0","2015-05-13 07:54:18.0","0");
DELETE FROM user_group_functions WHERE id=47;
insert into user_group_functions(id,user_group_id,system_function_id,can_view,can_add,can_edit,can_delete,can_execute,can_publish,can_export,created_by,created_at,updated_by,updated_at,is_deleted) values ("47","0","55","1","1","1","1",null,null,"1","0","2015-05-13 07:54:18.0","0","2015-05-13 07:54:18.0","0");
DELETE FROM user_group_functions WHERE id=48;
insert into user_group_functions(id,user_group_id,system_function_id,can_view,can_add,can_edit,can_delete,can_execute,can_publish,can_export,created_by,created_at,updated_by,updated_at,is_deleted) values ("48","0","56","1","1","1","1",null,"1","1","0","2015-05-13 07:54:18.0","0","2015-05-13 07:54:18.0","0");
DELETE FROM user_group_functions WHERE id=49;
insert into user_group_functions(id,user_group_id,system_function_id,can_view,can_add,can_edit,can_delete,can_execute,can_publish,can_export,created_by,created_at,updated_by,updated_at,is_deleted) values ("49","0","57","1",null,"1",null,null,"1","1","0","2015-05-13 07:54:18.0","0","2015-05-13 07:54:18.0","0");
DELETE FROM user_group_functions WHERE id=50;
insert into user_group_functions(id,user_group_id,system_function_id,can_view,can_add,can_edit,can_delete,can_execute,can_publish,can_export,created_by,created_at,updated_by,updated_at,is_deleted) values ("50","0","58","1","1","1","1","1","1","1","0","2015-05-13 07:54:18.0","0","2015-05-13 07:54:18.0","0");
DELETE FROM user_group_functions WHERE id=51;
insert into user_group_functions(id,user_group_id,system_function_id,can_view,can_add,can_edit,can_delete,can_execute,can_publish,can_export,created_by,created_at,updated_by,updated_at,is_deleted) values ("51","0","59","1",null,null,null,"1",null,null,"0","2015-05-13 07:54:18.0","0","2015-05-13 07:54:18.0","0");
DELETE FROM user_group_functions WHERE id=52;
insert into user_group_functions(id,user_group_id,system_function_id,can_view,can_add,can_edit,can_delete,can_execute,can_publish,can_export,created_by,created_at,updated_by,updated_at,is_deleted) values ("52","0","60","1",null,null,null,"1",null,null,"0","2015-05-13 07:54:18.0","0","2015-05-13 07:54:18.0","0");
DELETE FROM user_group_functions WHERE id=53;
insert into user_group_functions(id,user_group_id,system_function_id,can_view,can_add,can_edit,can_delete,can_execute,can_publish,can_export,created_by,created_at,updated_by,updated_at,is_deleted) values ("53","0","61","1",null,null,null,"1",null,null,"0","2015-05-13 07:54:18.0","0","2015-05-13 07:54:18.0","0");
DELETE FROM user_group_functions WHERE id=54;
insert into user_group_functions(id,user_group_id,system_function_id,can_view,can_add,can_edit,can_delete,can_execute,can_publish,can_export,created_by,created_at,updated_by,updated_at,is_deleted) values ("54","0","62","1",null,null,null,"1",null,null,"0","2015-05-13 07:54:18.0","0","2015-05-13 07:54:18.0","0");
DELETE FROM user_group_functions WHERE id=55;
insert into user_group_functions(id,user_group_id,system_function_id,can_view,can_add,can_edit,can_delete,can_execute,can_publish,can_export,created_by,created_at,updated_by,updated_at,is_deleted) values ("55","0","63","1",null,null,null,"1",null,null,"0","2015-05-13 07:54:18.0","0","2015-05-13 07:54:18.0","0");
DELETE FROM user_group_functions WHERE id=56;
insert into user_group_functions(id,user_group_id,system_function_id,can_view,can_add,can_edit,can_delete,can_execute,can_publish,can_export,created_by,created_at,updated_by,updated_at,is_deleted) values ("56","0","64","1",null,null,null,"1",null,null,"0","2015-05-13 07:54:18.0","0","2015-05-13 07:54:18.0","0");
DELETE FROM user_group_functions WHERE id=57;
insert into user_group_functions(id,user_group_id,system_function_id,can_view,can_add,can_edit,can_delete,can_execute,can_publish,can_export,created_by,created_at,updated_by,updated_at,is_deleted) values ("57","0","65","1",null,null,null,"1",null,null,"0","2015-05-13 07:54:18.0","0","2015-05-13 07:54:18.0","0");
DELETE FROM user_group_functions WHERE id=58;
insert into user_group_functions(id,user_group_id,system_function_id,can_view,can_add,can_edit,can_delete,can_execute,can_publish,can_export,created_by,created_at,updated_by,updated_at,is_deleted) values ("58","0","67","1",null,null,null,"1",null,null,"0","2015-05-13 07:54:18.0","0","2015-05-13 07:54:18.0","0");
DELETE FROM user_group_functions WHERE id=59;
insert into user_group_functions(id,user_group_id,system_function_id,can_view,can_add,can_edit,can_delete,can_execute,can_publish,can_export,created_by,created_at,updated_by,updated_at,is_deleted) values ("59","0","68","1",null,null,null,"1",null,null,"0","2015-05-13 07:54:18.0","0","2015-05-13 07:54:18.0","0");
DELETE FROM user_group_functions WHERE id=60;
insert into user_group_functions(id,user_group_id,system_function_id,can_view,can_add,can_edit,can_delete,can_execute,can_publish,can_export,created_by,created_at,updated_by,updated_at,is_deleted) values ("60","0","69","1",null,null,null,"1",null,null,"0","2015-05-13 07:54:18.0","0","2015-05-13 07:54:18.0","0");
DELETE FROM user_group_functions WHERE id=61;
insert into user_group_functions(id,user_group_id,system_function_id,can_view,can_add,can_edit,can_delete,can_execute,can_publish,can_export,created_by,created_at,updated_by,updated_at,is_deleted) values ("61","0","70","1",null,null,null,"1",null,null,"0","2015-05-13 07:54:18.0","0","2015-05-13 07:54:18.0","0");
DELETE FROM user_group_functions WHERE id=62;
insert into user_group_functions(id,user_group_id,system_function_id,can_view,can_add,can_edit,can_delete,can_execute,can_publish,can_export,created_by,created_at,updated_by,updated_at,is_deleted) values ("62","0","71","1",null,null,null,null,null,null,"0","2015-05-13 07:54:18.0","0","2015-05-13 07:54:18.0","0");
DELETE FROM user_group_functions WHERE id=63;
insert into user_group_functions(id,user_group_id,system_function_id,can_view,can_add,can_edit,can_delete,can_execute,can_publish,can_export,created_by,created_at,updated_by,updated_at,is_deleted) values ("63","0","72","1","1","1",null,null,null,null,"0","2015-05-13 07:54:18.0","0","2015-05-13 07:54:18.0","0");
DELETE FROM user_group_functions WHERE id=64;
insert into user_group_functions(id,user_group_id,system_function_id,can_view,can_add,can_edit,can_delete,can_execute,can_publish,can_export,created_by,created_at,updated_by,updated_at,is_deleted) values ("64","0","73","1",null,null,null,null,null,"1","0","2015-05-13 07:54:18.0","0","2015-05-13 07:54:18.0","0");
DELETE FROM user_group_functions WHERE id=65;
insert into user_group_functions(id,user_group_id,system_function_id,can_view,can_add,can_edit,can_delete,can_execute,can_publish,can_export,created_by,created_at,updated_by,updated_at,is_deleted) values ("65","0","74","1",null,null,null,null,null,null,"0","2015-05-13 07:54:18.0","0","2015-05-13 07:54:18.0","0");
DELETE FROM user_group_functions WHERE id=66;
insert into user_group_functions(id,user_group_id,system_function_id,can_view,can_add,can_edit,can_delete,can_execute,can_publish,can_export,created_by,created_at,updated_by,updated_at,is_deleted) values ("66","0","75","1","1","1","1",null,null,null,"0","2015-05-13 07:54:18.0","0","2015-05-13 07:54:18.0","0");
DELETE FROM user_group_functions WHERE id=67;
insert into user_group_functions(id,user_group_id,system_function_id,can_view,can_add,can_edit,can_delete,can_execute,can_publish,can_export,created_by,created_at,updated_by,updated_at,is_deleted) values ("67","0","76","1",null,"1",null,null,null,"1","0","2015-05-13 07:54:18.0","0","2015-05-13 07:54:18.0","0");
DELETE FROM user_group_functions WHERE id=68;
insert into user_group_functions(id,user_group_id,system_function_id,can_view,can_add,can_edit,can_delete,can_execute,can_publish,can_export,created_by,created_at,updated_by,updated_at,is_deleted) values ("68","0","77","1",null,"1","1",null,null,null,"0","2015-05-13 07:54:18.0","0","2015-05-13 07:54:18.0","0");
DELETE FROM user_group_functions WHERE id=69;
insert into user_group_functions(id,user_group_id,system_function_id,can_view,can_add,can_edit,can_delete,can_execute,can_publish,can_export,created_by,created_at,updated_by,updated_at,is_deleted) values ("69","0","79","1","1","1",null,null,null,null,"0","2015-05-13 07:54:18.0","0","2015-05-13 07:54:18.0","0");
