DELETE FROM customer_types WHERE id=101000101;
insert into customer_types(id,code,name,description,is_ar,default_price_variance_pc,created_by,created_at,updated_by,updated_at,is_deleted,is_system) values ("101000101","101","franchise","","0","0.00000","0","2021-10-07 08:14:22.0",null,null,"0","0");
DELETE FROM customers WHERE id=101000101;
insert into customers(id,code,name,category,shop_id,customer_type,is_valid,card_no,address,street,city,state,state_code,country,zip_code,phone,fax,email,is_ar,ar_code,joining_date,accumulated_points,redeemed_points,cst_no,license_no,tin,gst_reg_type,gst_party_type,bank_name,bank_branch,bank_address,bank_ifsc_code,bank_micr_code,bank_account_no,created_by,created_at,updated_by,updated_at,is_deleted,is_system) values ("101000101","101","test customer",null,null,"101000101","1","","dgcgdgfdfgdfg","","","","","","","","","","1","101","2021-10-07",null,null,"","","",null,null,"","","","","","","0","2021-10-07 08:15:23.0","0","2021-10-07 08:17:27.0","0","0");
update customers set id="101000101", code="101", name="test customer", category=null, shop_id=null, customer_type="101000101", is_valid="1", card_no="", address="dgcgdgfdfgdfg", street="", city="", state="", state_code="", country="", zip_code="", phone="", fax="", email="", is_ar="1", ar_code="101", joining_date="2021-10-07", accumulated_points=null, redeemed_points=null, cst_no="", license_no="", tin="", gst_reg_type=null, gst_party_type=null, bank_name="", bank_branch="", bank_address="", bank_ifsc_code="", bank_micr_code="", bank_account_no="", created_by="0", created_at="2021-10-07 08:15:23.0", updated_by="0", updated_at="2021-10-07 08:17:27.0", is_deleted="0", is_system="0" where id=101000101 and is_deleted = 0 and is_synchable = 1;
DELETE FROM item_classes WHERE id=101000103;
insert into item_classes(id,code,hsn_code,name,alternative_name,department_id,description,menu_id,super_class_id,tax_calculation_method,tax_id,tax_exemption,tax_group_id,display_order,print_order,account_code,fg_color,bg_color,item_thumb,created_by,created_at,updated_by,updated_at,is_deleted,is_system) values ("101000103","103","","CUTLERY,CROCKERY &GLASS WEARS","","1","",null,"101000101","1","1","0","1",null,null,"","#FFFFFF","#A9A9A9","","0","2021-10-07 08:18:49.0",null,null,"0","0");
DELETE FROM item_classes WHERE id=101000104;
insert into item_classes(id,code,hsn_code,name,alternative_name,department_id,description,menu_id,super_class_id,tax_calculation_method,tax_id,tax_exemption,tax_group_id,display_order,print_order,account_code,fg_color,bg_color,item_thumb,created_by,created_at,updated_by,updated_at,is_deleted,is_system) values ("101000104","104","","ELECTRICAL ITEMS","","1","",null,"101000101","1","1","0","1",null,null,"","#FFFFFF","#A9A9A9","","0","2021-10-07 08:19:11.0",null,null,"0","0");
DELETE FROM item_classes WHERE id=101000105;
insert into item_classes(id,code,hsn_code,name,alternative_name,department_id,description,menu_id,super_class_id,tax_calculation_method,tax_id,tax_exemption,tax_group_id,display_order,print_order,account_code,fg_color,bg_color,item_thumb,created_by,created_at,updated_by,updated_at,is_deleted,is_system) values ("101000105","105","","ROOM LINEN","","1","",null,"101000101","1","1","0","1",null,null,"","#FFFFFF","#A9A9A9","","0","2021-10-07 08:19:42.0",null,null,"0","0");
DELETE FROM item_classes WHERE id=101000106;
insert into item_classes(id,code,hsn_code,name,alternative_name,department_id,description,menu_id,super_class_id,tax_calculation_method,tax_id,tax_exemption,tax_group_id,display_order,print_order,account_code,fg_color,bg_color,item_thumb,created_by,created_at,updated_by,updated_at,is_deleted,is_system) values ("101000106","106","","CURTAINS","","1","",null,"101000101","1","1","0","1",null,null,"","#FFFFFF","#A9A9A9","","0","2021-10-07 08:20:15.0",null,null,"0","0");
DELETE FROM item_classes WHERE id=101000107;
insert into item_classes(id,code,hsn_code,name,alternative_name,department_id,description,menu_id,super_class_id,tax_calculation_method,tax_id,tax_exemption,tax_group_id,display_order,print_order,account_code,fg_color,bg_color,item_thumb,created_by,created_at,updated_by,updated_at,is_deleted,is_system) values ("101000107","107","","RUNNERS&CUSHION COVERS","","1","",null,"101000101","1","1","0","1",null,null,"","#FFFFFF","#A9A9A9","","0","2021-10-07 08:20:57.0",null,null,"0","0");
DELETE FROM item_classes WHERE id=101000108;
insert into item_classes(id,code,hsn_code,name,alternative_name,department_id,description,menu_id,super_class_id,tax_calculation_method,tax_id,tax_exemption,tax_group_id,display_order,print_order,account_code,fg_color,bg_color,item_thumb,created_by,created_at,updated_by,updated_at,is_deleted,is_system) values ("101000108","108","","DUSTBINS & FURNITURES","","1","",null,"101000101","1","1","0","1",null,null,"","#FFFFFF","#A9A9A9","","0","2021-10-07 08:21:18.0",null,null,"0","0");
DELETE FROM stock_items WHERE id=101000102;
insert into stock_items(id,code,name,description,supplier_product_code,stock_item_attributes,stock_item_location,stock_item_category_id,prd_department_id,part_no,market_valuation_method,movement_method,uom_id,item_weight,qty_on_hand,unit_price,optimum_level,reorder_level,reorder_qty,preferred_supplier_id,last_purchase_unit_price,last_purchase_supplier_id,tax_id,tax_calculation_method,is_service_item,is_valid,is_manufactured,is_sellable,is_semi_finished,is_finished,sales_margin,is_sales_margin_percent,tax_percentage,qty_manufactured,top_consumption_rank,created_by,created_at,updated_by,updated_at,is_system,is_deleted) values ("101000102","102","Glass","",null,null,null,"1",null,null,"0",null,"1","1.00000",null,"1.00000",null,null,null,null,null,null,"1","0","0","1","0","1","0","0","0","0","0.00",null,"0","0","2021-10-07 08:22:38.0",null,null,"0","0");
DELETE FROM sale_items WHERE id=101000102;
insert into sale_items(id,stock_item_id,stock_item_code,code,hsn_code,is_group_item,group_item_id,is_combo_item,name,description,sub_class_id,is_valid,is_manufactured,alternative_name,is_printable_to_kitchen,name_to_print,alternative_name_to_print,barcode,is_open,qty_on_hand,uom_id,item_weight,profit_category_id,prd_department_id,tax_id,tax_exemption,tax_group_id,tax_id_home_service,tax_id_table_service,tax_id_take_away_service,fixed_price,whls_price,is_whls_price_pc,item_cost,tax_calculation_method,taxation_based_on,is_require_weighing,display_order,best_before,is_hot_item_1,hot_item_1_display_order,is_hot_item_2,hot_item_2_display_order,is_hot_item_3,hot_item_3_display_order,fg_color,bg_color,attrib1_name,attrib1_options,attrib2_name,attrib2_options,attrib3_name,attrib3_options,attrib4_name,attrib4_options,attrib5_name,attrib5_options,tag1,tag2,tag3,tag4,tag5,choice_ids,created_by,created_at,updated_by,updated_at,is_deleted,is_system,item_thumb,sys_sale_flag) values ("101000102","101000102",null,"102","","0",null,"0","Glass","","101000103","1","0","","1","","","","0",null,"1","1.00000",null,null,"1","0","1",null,null,null,"1.00000","0.00000","0","0.00000","0","0","0",null,null,"0",null,"0",null,"0",null,"#FFFFFF","#A9A9A9","",null,null,null,null,null,null,null,null,null,null,null,null,null,null,"","0","2021-10-07 20:22:38.0",null,null,"0","0","","1");
DELETE FROM stock_items WHERE id=101000103;
insert into stock_items(id,code,name,description,supplier_product_code,stock_item_attributes,stock_item_location,stock_item_category_id,prd_department_id,part_no,market_valuation_method,movement_method,uom_id,item_weight,qty_on_hand,unit_price,optimum_level,reorder_level,reorder_qty,preferred_supplier_id,last_purchase_unit_price,last_purchase_supplier_id,tax_id,tax_calculation_method,is_service_item,is_valid,is_manufactured,is_sellable,is_semi_finished,is_finished,sales_margin,is_sales_margin_percent,tax_percentage,qty_manufactured,top_consumption_rank,created_by,created_at,updated_by,updated_at,is_system,is_deleted) values ("101000103","103","Plate","",null,null,null,"1",null,null,"0",null,"1","1.00000",null,"1.00000",null,null,null,null,null,null,"1","0","0","1","0","1","0","0","0","0","0.00",null,"0","0","2021-10-07 08:23:10.0",null,null,"0","0");
DELETE FROM sale_items WHERE id=101000103;
insert into sale_items(id,stock_item_id,stock_item_code,code,hsn_code,is_group_item,group_item_id,is_combo_item,name,description,sub_class_id,is_valid,is_manufactured,alternative_name,is_printable_to_kitchen,name_to_print,alternative_name_to_print,barcode,is_open,qty_on_hand,uom_id,item_weight,profit_category_id,prd_department_id,tax_id,tax_exemption,tax_group_id,tax_id_home_service,tax_id_table_service,tax_id_take_away_service,fixed_price,whls_price,is_whls_price_pc,item_cost,tax_calculation_method,taxation_based_on,is_require_weighing,display_order,best_before,is_hot_item_1,hot_item_1_display_order,is_hot_item_2,hot_item_2_display_order,is_hot_item_3,hot_item_3_display_order,fg_color,bg_color,attrib1_name,attrib1_options,attrib2_name,attrib2_options,attrib3_name,attrib3_options,attrib4_name,attrib4_options,attrib5_name,attrib5_options,tag1,tag2,tag3,tag4,tag5,choice_ids,created_by,created_at,updated_by,updated_at,is_deleted,is_system,item_thumb,sys_sale_flag) values ("101000103","101000103",null,"103","","0",null,"0","Plate","","101000103","1","0","","1","","","","0",null,"1","1.00000",null,null,"1","0","1",null,null,null,"1.00000","0.00000","0","0.00000","0","0","0",null,null,"0",null,"0",null,"0",null,"#FFFFFF","#A9A9A9","",null,null,null,null,null,null,null,null,null,null,null,null,null,null,"","0","2021-10-07 20:23:11.0",null,null,"0","0","","1");
DELETE FROM stock_items WHERE id=101000104;
insert into stock_items(id,code,name,description,supplier_product_code,stock_item_attributes,stock_item_location,stock_item_category_id,prd_department_id,part_no,market_valuation_method,movement_method,uom_id,item_weight,qty_on_hand,unit_price,optimum_level,reorder_level,reorder_qty,preferred_supplier_id,last_purchase_unit_price,last_purchase_supplier_id,tax_id,tax_calculation_method,is_service_item,is_valid,is_manufactured,is_sellable,is_semi_finished,is_finished,sales_margin,is_sales_margin_percent,tax_percentage,qty_manufactured,top_consumption_rank,created_by,created_at,updated_by,updated_at,is_system,is_deleted) values ("101000104","104","Tea spoon","",null,null,null,"1",null,null,"0",null,"1","1.00000",null,"1.00000",null,null,null,null,null,null,"1","0","0","1","0","1","0","0","0","0","0.00",null,"0","0","2021-10-07 08:23:42.0",null,null,"0","0");
DELETE FROM sale_items WHERE id=101000104;
insert into sale_items(id,stock_item_id,stock_item_code,code,hsn_code,is_group_item,group_item_id,is_combo_item,name,description,sub_class_id,is_valid,is_manufactured,alternative_name,is_printable_to_kitchen,name_to_print,alternative_name_to_print,barcode,is_open,qty_on_hand,uom_id,item_weight,profit_category_id,prd_department_id,tax_id,tax_exemption,tax_group_id,tax_id_home_service,tax_id_table_service,tax_id_take_away_service,fixed_price,whls_price,is_whls_price_pc,item_cost,tax_calculation_method,taxation_based_on,is_require_weighing,display_order,best_before,is_hot_item_1,hot_item_1_display_order,is_hot_item_2,hot_item_2_display_order,is_hot_item_3,hot_item_3_display_order,fg_color,bg_color,attrib1_name,attrib1_options,attrib2_name,attrib2_options,attrib3_name,attrib3_options,attrib4_name,attrib4_options,attrib5_name,attrib5_options,tag1,tag2,tag3,tag4,tag5,choice_ids,created_by,created_at,updated_by,updated_at,is_deleted,is_system,item_thumb,sys_sale_flag) values ("101000104","101000104",null,"104","","0",null,"0","Tea spoon","","101000103","1","0","","1","","","","0",null,"1","1.00000",null,null,"1","0","1",null,null,null,"1.00000","0.00000","0","0.00000","0","0","0",null,null,"0",null,"0",null,"0",null,"#FFFFFF","#A9A9A9","",null,null,null,null,null,null,null,null,null,null,null,null,null,null,"","0","2021-10-07 20:23:42.0",null,null,"0","0","","1");
DELETE FROM stock_items WHERE id=101000105;
insert into stock_items(id,code,name,description,supplier_product_code,stock_item_attributes,stock_item_location,stock_item_category_id,prd_department_id,part_no,market_valuation_method,movement_method,uom_id,item_weight,qty_on_hand,unit_price,optimum_level,reorder_level,reorder_qty,preferred_supplier_id,last_purchase_unit_price,last_purchase_supplier_id,tax_id,tax_calculation_method,is_service_item,is_valid,is_manufactured,is_sellable,is_semi_finished,is_finished,sales_margin,is_sales_margin_percent,tax_percentage,qty_manufactured,top_consumption_rank,created_by,created_at,updated_by,updated_at,is_system,is_deleted) values ("101000105","105","Juicer","",null,null,null,"1",null,null,"0",null,"1","1.00000",null,"1.00000",null,null,null,null,null,null,"1","0","0","1","0","1","0","0","0","0","0.00",null,"0","0","2021-10-07 08:25:05.0",null,null,"0","0");
DELETE FROM sale_items WHERE id=101000105;
insert into sale_items(id,stock_item_id,stock_item_code,code,hsn_code,is_group_item,group_item_id,is_combo_item,name,description,sub_class_id,is_valid,is_manufactured,alternative_name,is_printable_to_kitchen,name_to_print,alternative_name_to_print,barcode,is_open,qty_on_hand,uom_id,item_weight,profit_category_id,prd_department_id,tax_id,tax_exemption,tax_group_id,tax_id_home_service,tax_id_table_service,tax_id_take_away_service,fixed_price,whls_price,is_whls_price_pc,item_cost,tax_calculation_method,taxation_based_on,is_require_weighing,display_order,best_before,is_hot_item_1,hot_item_1_display_order,is_hot_item_2,hot_item_2_display_order,is_hot_item_3,hot_item_3_display_order,fg_color,bg_color,attrib1_name,attrib1_options,attrib2_name,attrib2_options,attrib3_name,attrib3_options,attrib4_name,attrib4_options,attrib5_name,attrib5_options,tag1,tag2,tag3,tag4,tag5,choice_ids,created_by,created_at,updated_by,updated_at,is_deleted,is_system,item_thumb,sys_sale_flag) values ("101000105","101000105",null,"105","","0",null,"0","Juicer","","101000104","1","0","","1","","","","0",null,"1","1.00000",null,null,"1","0","1",null,null,null,"1.00000","0.00000","0","0.00000","0","0","0",null,null,"0",null,"0",null,"0",null,"#FFFFFF","#A9A9A9","",null,null,null,null,null,null,null,null,null,null,null,null,null,null,"","0","2021-10-07 20:25:05.0",null,null,"0","0","","1");
DELETE FROM stock_items WHERE id=101000106;
insert into stock_items(id,code,name,description,supplier_product_code,stock_item_attributes,stock_item_location,stock_item_category_id,prd_department_id,part_no,market_valuation_method,movement_method,uom_id,item_weight,qty_on_hand,unit_price,optimum_level,reorder_level,reorder_qty,preferred_supplier_id,last_purchase_unit_price,last_purchase_supplier_id,tax_id,tax_calculation_method,is_service_item,is_valid,is_manufactured,is_sellable,is_semi_finished,is_finished,sales_margin,is_sales_margin_percent,tax_percentage,qty_manufactured,top_consumption_rank,created_by,created_at,updated_by,updated_at,is_system,is_deleted) values ("101000106","106","Bread Toster","",null,null,null,"1",null,null,"0",null,"1","1.00000",null,"1.00000",null,null,null,null,null,null,"1","0","0","1","0","1","0","0","0","0","0.00",null,"0","0","2021-10-07 08:26:04.0",null,null,"0","0");
DELETE FROM sale_items WHERE id=101000106;
insert into sale_items(id,stock_item_id,stock_item_code,code,hsn_code,is_group_item,group_item_id,is_combo_item,name,description,sub_class_id,is_valid,is_manufactured,alternative_name,is_printable_to_kitchen,name_to_print,alternative_name_to_print,barcode,is_open,qty_on_hand,uom_id,item_weight,profit_category_id,prd_department_id,tax_id,tax_exemption,tax_group_id,tax_id_home_service,tax_id_table_service,tax_id_take_away_service,fixed_price,whls_price,is_whls_price_pc,item_cost,tax_calculation_method,taxation_based_on,is_require_weighing,display_order,best_before,is_hot_item_1,hot_item_1_display_order,is_hot_item_2,hot_item_2_display_order,is_hot_item_3,hot_item_3_display_order,fg_color,bg_color,attrib1_name,attrib1_options,attrib2_name,attrib2_options,attrib3_name,attrib3_options,attrib4_name,attrib4_options,attrib5_name,attrib5_options,tag1,tag2,tag3,tag4,tag5,choice_ids,created_by,created_at,updated_by,updated_at,is_deleted,is_system,item_thumb,sys_sale_flag) values ("101000106","101000106",null,"106","","0",null,"0","Bread Toster","","101000104","1","0","","1","","","","0",null,"1","1.00000",null,null,"1","0","1",null,null,null,"1.00000","0.00000","0","0.00000","0","0","0",null,null,"0",null,"0",null,"0",null,"#FFFFFF","#A9A9A9","",null,null,null,null,null,null,null,null,null,null,null,null,null,null,"","0","2021-10-07 20:26:05.0",null,null,"0","0","","1");
DELETE FROM stock_items WHERE id=101000107;
insert into stock_items(id,code,name,description,supplier_product_code,stock_item_attributes,stock_item_location,stock_item_category_id,prd_department_id,part_no,market_valuation_method,movement_method,uom_id,item_weight,qty_on_hand,unit_price,optimum_level,reorder_level,reorder_qty,preferred_supplier_id,last_purchase_unit_price,last_purchase_supplier_id,tax_id,tax_calculation_method,is_service_item,is_valid,is_manufactured,is_sellable,is_semi_finished,is_finished,sales_margin,is_sales_margin_percent,tax_percentage,qty_manufactured,top_consumption_rank,created_by,created_at,updated_by,updated_at,is_system,is_deleted) values ("101000107","107","Coffee Warm Pot","",null,null,null,"1",null,null,"0",null,"1","1.00000",null,"1.00000",null,null,null,null,null,null,"1","0","0","1","0","1","0","0","0","0","0.00",null,"0","0","2021-10-07 08:27:12.0",null,null,"0","0");
DELETE FROM sale_items WHERE id=101000107;
insert into sale_items(id,stock_item_id,stock_item_code,code,hsn_code,is_group_item,group_item_id,is_combo_item,name,description,sub_class_id,is_valid,is_manufactured,alternative_name,is_printable_to_kitchen,name_to_print,alternative_name_to_print,barcode,is_open,qty_on_hand,uom_id,item_weight,profit_category_id,prd_department_id,tax_id,tax_exemption,tax_group_id,tax_id_home_service,tax_id_table_service,tax_id_take_away_service,fixed_price,whls_price,is_whls_price_pc,item_cost,tax_calculation_method,taxation_based_on,is_require_weighing,display_order,best_before,is_hot_item_1,hot_item_1_display_order,is_hot_item_2,hot_item_2_display_order,is_hot_item_3,hot_item_3_display_order,fg_color,bg_color,attrib1_name,attrib1_options,attrib2_name,attrib2_options,attrib3_name,attrib3_options,attrib4_name,attrib4_options,attrib5_name,attrib5_options,tag1,tag2,tag3,tag4,tag5,choice_ids,created_by,created_at,updated_by,updated_at,is_deleted,is_system,item_thumb,sys_sale_flag) values ("101000107","101000107",null,"107","","0",null,"0","Coffee Warm Pot","","101000104","1","0","","1","","","","0",null,"1","1.00000",null,null,"1","0","1",null,null,null,"1.00000","0.00000","0","0.00000","0","0","0",null,null,"0",null,"0",null,"0",null,"#FFFFFF","#A9A9A9","",null,null,null,null,null,null,null,null,null,null,null,null,null,null,"","0","2021-10-07 20:27:12.0",null,null,"0","0","","1");
DELETE FROM stock_items WHERE id=101000108;
insert into stock_items(id,code,name,description,supplier_product_code,stock_item_attributes,stock_item_location,stock_item_category_id,prd_department_id,part_no,market_valuation_method,movement_method,uom_id,item_weight,qty_on_hand,unit_price,optimum_level,reorder_level,reorder_qty,preferred_supplier_id,last_purchase_unit_price,last_purchase_supplier_id,tax_id,tax_calculation_method,is_service_item,is_valid,is_manufactured,is_sellable,is_semi_finished,is_finished,sales_margin,is_sales_margin_percent,tax_percentage,qty_manufactured,top_consumption_rank,created_by,created_at,updated_by,updated_at,is_system,is_deleted) values ("101000108","108","SINGLE BEDSHEET","",null,null,null,"1",null,null,"0",null,"27","1.00000",null,"1.00000",null,null,null,null,null,null,"1","0","0","1","0","1","0","0","0","0","0.00",null,"0","0","2021-10-07 08:28:44.0",null,null,"0","0");
DELETE FROM sale_items WHERE id=101000108;
insert into sale_items(id,stock_item_id,stock_item_code,code,hsn_code,is_group_item,group_item_id,is_combo_item,name,description,sub_class_id,is_valid,is_manufactured,alternative_name,is_printable_to_kitchen,name_to_print,alternative_name_to_print,barcode,is_open,qty_on_hand,uom_id,item_weight,profit_category_id,prd_department_id,tax_id,tax_exemption,tax_group_id,tax_id_home_service,tax_id_table_service,tax_id_take_away_service,fixed_price,whls_price,is_whls_price_pc,item_cost,tax_calculation_method,taxation_based_on,is_require_weighing,display_order,best_before,is_hot_item_1,hot_item_1_display_order,is_hot_item_2,hot_item_2_display_order,is_hot_item_3,hot_item_3_display_order,fg_color,bg_color,attrib1_name,attrib1_options,attrib2_name,attrib2_options,attrib3_name,attrib3_options,attrib4_name,attrib4_options,attrib5_name,attrib5_options,tag1,tag2,tag3,tag4,tag5,choice_ids,created_by,created_at,updated_by,updated_at,is_deleted,is_system,item_thumb,sys_sale_flag) values ("101000108","101000108",null,"108","","0",null,"0","SINGLE BEDSHEET","","101000105","1","0","","1","","","","0",null,"27","1.00000",null,null,"1","0","1",null,null,null,"1.00000","0.00000","0","0.00000","0","0","0",null,null,"0",null,"0",null,"0",null,"#FFFFFF","#A9A9A9","",null,null,null,null,null,null,null,null,null,null,null,null,null,null,"","0","2021-10-07 20:28:44.0",null,null,"0","0","","1");
DELETE FROM stock_items WHERE id=101000109;
insert into stock_items(id,code,name,description,supplier_product_code,stock_item_attributes,stock_item_location,stock_item_category_id,prd_department_id,part_no,market_valuation_method,movement_method,uom_id,item_weight,qty_on_hand,unit_price,optimum_level,reorder_level,reorder_qty,preferred_supplier_id,last_purchase_unit_price,last_purchase_supplier_id,tax_id,tax_calculation_method,is_service_item,is_valid,is_manufactured,is_sellable,is_semi_finished,is_finished,sales_margin,is_sales_margin_percent,tax_percentage,qty_manufactured,top_consumption_rank,created_by,created_at,updated_by,updated_at,is_system,is_deleted) values ("101000109","109","DOUBLE BEDSHEET ","",null,null,null,"1",null,null,"0",null,"27","1.00000",null,"1.00000",null,null,null,null,null,null,"1","0","0","1","0","1","0","0","0","0","0.00",null,"0","0","2021-10-07 08:29:26.0",null,null,"0","0");
DELETE FROM sale_items WHERE id=101000109;
insert into sale_items(id,stock_item_id,stock_item_code,code,hsn_code,is_group_item,group_item_id,is_combo_item,name,description,sub_class_id,is_valid,is_manufactured,alternative_name,is_printable_to_kitchen,name_to_print,alternative_name_to_print,barcode,is_open,qty_on_hand,uom_id,item_weight,profit_category_id,prd_department_id,tax_id,tax_exemption,tax_group_id,tax_id_home_service,tax_id_table_service,tax_id_take_away_service,fixed_price,whls_price,is_whls_price_pc,item_cost,tax_calculation_method,taxation_based_on,is_require_weighing,display_order,best_before,is_hot_item_1,hot_item_1_display_order,is_hot_item_2,hot_item_2_display_order,is_hot_item_3,hot_item_3_display_order,fg_color,bg_color,attrib1_name,attrib1_options,attrib2_name,attrib2_options,attrib3_name,attrib3_options,attrib4_name,attrib4_options,attrib5_name,attrib5_options,tag1,tag2,tag3,tag4,tag5,choice_ids,created_by,created_at,updated_by,updated_at,is_deleted,is_system,item_thumb,sys_sale_flag) values ("101000109","101000109",null,"109","","0",null,"0","DOUBLE BEDSHEET ","","101000105","1","0","","1","","","","0",null,"27","1.00000",null,null,"1","0","1",null,null,null,"1.00000","0.00000","0","0.00000","0","0","0",null,null,"0",null,"0",null,"0",null,"#FFFFFF","#A9A9A9","",null,null,null,null,null,null,null,null,null,null,null,null,null,null,"","0","2021-10-07 20:29:26.0",null,null,"0","0","","1");
