DELETE FROM shop_users WHERE id=5;
insert into shop_users(id,shop_id,user_id,user_group_id,is_deleted) values ("5","101","101000102","0","0");
DELETE FROM users WHERE id=101000102;
insert into users(id,code,name,card_no,user_group_id,employee_id,password,valid_from,valid_to,is_active,is_admin,email,lastlogin_date,token_id,token_expire_time,created_by,created_at,updated_by,updated_at,is_deleted,is_system) values ("101000102","102","storeuser","1001","0",null,"a9b7ba70783b617e9998dc4dd82eb3c5","2021-10-07",null,"1","0","","2021-11-09 12:56:45.0",null,null,"0","2021-10-07 06:18:46.0",null,null,"0","0");
update users set id="101000102", code="102", name="storeuser", card_no="1001", user_group_id="0", employee_id=null, password="a9b7ba70783b617e9998dc4dd82eb3c5", valid_from="2021-10-07", valid_to=null, is_active="1", is_admin="0", email="", lastlogin_date="2021-11-09 12:56:45.0", token_id=null, token_expire_time=null, created_by="0", created_at="2021-10-07 06:18:46.0", updated_by=null, updated_at=null, is_deleted="0", is_system="0" where id=101000102 and is_deleted = 0 and is_synchable = 1;
DELETE FROM stock_items WHERE id=101000102;
insert into stock_items(id,code,name,description,supplier_product_code,stock_item_attributes,stock_item_location,stock_item_category_id,prd_department_id,part_no,market_valuation_method,movement_method,uom_id,item_weight,qty_on_hand,unit_price,optimum_level,reorder_level,reorder_qty,preferred_supplier_id,last_purchase_unit_price,last_purchase_supplier_id,tax_id,tax_calculation_method,is_service_item,is_valid,is_manufactured,is_sellable,is_semi_finished,is_finished,sales_margin,is_sales_margin_percent,tax_percentage,qty_manufactured,top_consumption_rank,created_by,created_at,updated_by,updated_at,is_system,is_deleted) values ("101000102","102","ROYAL STAR CHICKEN","",null,null,null,"1",null,null,"0",null,"28","1.00000",null,"50.00000",null,null,null,null,null,null,"1","0","0","1","0","1","0","0","0","0","0.00",null,"0","0","2021-10-09 09:58:50.0","0","2021-10-09 10:11:28.0","0","0");
DELETE FROM sale_items WHERE id=101000102;
insert into sale_items(id,stock_item_id,stock_item_code,code,hsn_code,is_group_item,group_item_id,is_combo_item,name,description,sub_class_id,is_valid,is_manufactured,alternative_name,is_printable_to_kitchen,name_to_print,alternative_name_to_print,barcode,is_open,qty_on_hand,uom_id,item_weight,profit_category_id,prd_department_id,tax_id,tax_exemption,tax_group_id,tax_id_home_service,tax_id_table_service,tax_id_take_away_service,fixed_price,whls_price,is_whls_price_pc,item_cost,tax_calculation_method,taxation_based_on,is_require_weighing,display_order,best_before,is_hot_item_1,hot_item_1_display_order,is_hot_item_2,hot_item_2_display_order,is_hot_item_3,hot_item_3_display_order,fg_color,bg_color,attrib1_name,attrib1_options,attrib2_name,attrib2_options,attrib3_name,attrib3_options,attrib4_name,attrib4_options,attrib5_name,attrib5_options,tag1,tag2,tag3,tag4,tag5,choice_ids,created_by,created_at,updated_by,updated_at,is_deleted,is_system,item_thumb,sys_sale_flag) values ("101000102","101000102",null,"102","","0",null,"0","ROYAL STAR CHICKEN","","101000102","1","0","","1","","","","0",null,"28","1.00000",null,null,"1","0","1",null,null,null,"50.00000","0.00000","0","0.00000","0","0","0",null,null,"0",null,"0",null,"0",null,"#FFFFFF","#A9A9A9","",null,null,null,null,null,null,null,null,null,null,null,null,null,null,"","0","2021-10-09 09:58:50.0","0","2021-10-09 10:11:28.0","0","0","","1");
DELETE FROM stock_items WHERE id=101000103;
insert into stock_items(id,code,name,description,supplier_product_code,stock_item_attributes,stock_item_location,stock_item_category_id,prd_department_id,part_no,market_valuation_method,movement_method,uom_id,item_weight,qty_on_hand,unit_price,optimum_level,reorder_level,reorder_qty,preferred_supplier_id,last_purchase_unit_price,last_purchase_supplier_id,tax_id,tax_calculation_method,is_service_item,is_valid,is_manufactured,is_sellable,is_semi_finished,is_finished,sales_margin,is_sales_margin_percent,tax_percentage,qty_manufactured,top_consumption_rank,created_by,created_at,updated_by,updated_at,is_system,is_deleted) values ("101000103","103","MILMA ORAGNE 520ML","",null,null,null,"1",null,null,"0",null,"28","1.00000",null,"25.00000",null,null,null,null,null,null,"1","0","0","1","0","1","0","0","0","0","0.00",null,"0","0","2021-10-09 10:00:20.0","0","2021-10-09 10:11:08.0","0","0");
DELETE FROM sale_items WHERE id=101000103;
insert into sale_items(id,stock_item_id,stock_item_code,code,hsn_code,is_group_item,group_item_id,is_combo_item,name,description,sub_class_id,is_valid,is_manufactured,alternative_name,is_printable_to_kitchen,name_to_print,alternative_name_to_print,barcode,is_open,qty_on_hand,uom_id,item_weight,profit_category_id,prd_department_id,tax_id,tax_exemption,tax_group_id,tax_id_home_service,tax_id_table_service,tax_id_take_away_service,fixed_price,whls_price,is_whls_price_pc,item_cost,tax_calculation_method,taxation_based_on,is_require_weighing,display_order,best_before,is_hot_item_1,hot_item_1_display_order,is_hot_item_2,hot_item_2_display_order,is_hot_item_3,hot_item_3_display_order,fg_color,bg_color,attrib1_name,attrib1_options,attrib2_name,attrib2_options,attrib3_name,attrib3_options,attrib4_name,attrib4_options,attrib5_name,attrib5_options,tag1,tag2,tag3,tag4,tag5,choice_ids,created_by,created_at,updated_by,updated_at,is_deleted,is_system,item_thumb,sys_sale_flag) values ("101000103","101000103",null,"103","","0",null,"0","MILMA ORAGNE 520ML","","101000102","1","0","","1","","","","0",null,"28","1.00000",null,null,"1","0","1",null,null,null,"25.00000","0.00000","0","0.00000","0","0","0",null,null,"0",null,"0",null,"0",null,"#FFFFFF","#A9A9A9","",null,null,null,null,null,null,null,null,null,null,null,null,null,null,"","0","2021-10-09 10:00:20.0","0","2021-10-09 10:11:08.0","0","0","","1");
DELETE FROM stock_items WHERE id=101000104;
insert into stock_items(id,code,name,description,supplier_product_code,stock_item_attributes,stock_item_location,stock_item_category_id,prd_department_id,part_no,market_valuation_method,movement_method,uom_id,item_weight,qty_on_hand,unit_price,optimum_level,reorder_level,reorder_qty,preferred_supplier_id,last_purchase_unit_price,last_purchase_supplier_id,tax_id,tax_calculation_method,is_service_item,is_valid,is_manufactured,is_sellable,is_semi_finished,is_finished,sales_margin,is_sales_margin_percent,tax_percentage,qty_manufactured,top_consumption_rank,created_by,created_at,updated_by,updated_at,is_system,is_deleted) values ("101000104","104","PLAIN BREAD 400GM","",null,null,null,"1",null,null,"0",null,"28","1.00000",null,"35.00000",null,null,null,null,null,null,"1","0","0","1","0","1","0","0","0","0","0.00",null,"0","0","2021-10-09 10:01:43.0","0","2021-10-09 10:39:16.0","0","0");
DELETE FROM sale_items WHERE id=101000104;
insert into sale_items(id,stock_item_id,stock_item_code,code,hsn_code,is_group_item,group_item_id,is_combo_item,name,description,sub_class_id,is_valid,is_manufactured,alternative_name,is_printable_to_kitchen,name_to_print,alternative_name_to_print,barcode,is_open,qty_on_hand,uom_id,item_weight,profit_category_id,prd_department_id,tax_id,tax_exemption,tax_group_id,tax_id_home_service,tax_id_table_service,tax_id_take_away_service,fixed_price,whls_price,is_whls_price_pc,item_cost,tax_calculation_method,taxation_based_on,is_require_weighing,display_order,best_before,is_hot_item_1,hot_item_1_display_order,is_hot_item_2,hot_item_2_display_order,is_hot_item_3,hot_item_3_display_order,fg_color,bg_color,attrib1_name,attrib1_options,attrib2_name,attrib2_options,attrib3_name,attrib3_options,attrib4_name,attrib4_options,attrib5_name,attrib5_options,tag1,tag2,tag3,tag4,tag5,choice_ids,created_by,created_at,updated_by,updated_at,is_deleted,is_system,item_thumb,sys_sale_flag) values ("101000104","101000104",null,"104","","0",null,"0","PLAIN BREAD 400GM","","101000102","1","0","","1","","","","0",null,"28","1.00000",null,null,"1","0","1",null,null,null,"35.00000","0.00000","0","0.00000","0","0","0",null,null,"0",null,"0",null,"0",null,"#FFFFFF","#A9A9A9","",null,null,null,null,null,null,null,null,null,null,null,null,null,null,"","0","2021-10-09 10:01:43.0","0","2021-10-09 10:39:16.0","0","0","","1");
DELETE FROM stock_items WHERE id=101000105;
insert into stock_items(id,code,name,description,supplier_product_code,stock_item_attributes,stock_item_location,stock_item_category_id,prd_department_id,part_no,market_valuation_method,movement_method,uom_id,item_weight,qty_on_hand,unit_price,optimum_level,reorder_level,reorder_qty,preferred_supplier_id,last_purchase_unit_price,last_purchase_supplier_id,tax_id,tax_calculation_method,is_service_item,is_valid,is_manufactured,is_sellable,is_semi_finished,is_finished,sales_margin,is_sales_margin_percent,tax_percentage,qty_manufactured,top_consumption_rank,created_by,created_at,updated_by,updated_at,is_system,is_deleted) values ("101000105","105","MURALYA CURE 500ML","",null,null,null,"1",null,null,"0",null,"28","1.00000",null,"30.00000",null,null,null,null,null,null,"1","0","0","1","0","1","0","0","0","0","0.00",null,"0","0","2021-10-09 10:10:56.0",null,null,"0","0");
DELETE FROM sale_items WHERE id=101000105;
insert into sale_items(id,stock_item_id,stock_item_code,code,hsn_code,is_group_item,group_item_id,is_combo_item,name,description,sub_class_id,is_valid,is_manufactured,alternative_name,is_printable_to_kitchen,name_to_print,alternative_name_to_print,barcode,is_open,qty_on_hand,uom_id,item_weight,profit_category_id,prd_department_id,tax_id,tax_exemption,tax_group_id,tax_id_home_service,tax_id_table_service,tax_id_take_away_service,fixed_price,whls_price,is_whls_price_pc,item_cost,tax_calculation_method,taxation_based_on,is_require_weighing,display_order,best_before,is_hot_item_1,hot_item_1_display_order,is_hot_item_2,hot_item_2_display_order,is_hot_item_3,hot_item_3_display_order,fg_color,bg_color,attrib1_name,attrib1_options,attrib2_name,attrib2_options,attrib3_name,attrib3_options,attrib4_name,attrib4_options,attrib5_name,attrib5_options,tag1,tag2,tag3,tag4,tag5,choice_ids,created_by,created_at,updated_by,updated_at,is_deleted,is_system,item_thumb,sys_sale_flag) values ("101000105","101000105",null,"105","","0",null,"0","MURALYA CURE 500ML","","101000102","1","0","","1","","","","0",null,"28","1.00000",null,null,"1","0","1",null,null,null,"30.00000","0.00000","0","0.00000","0","0","0",null,null,"0",null,"0",null,"0",null,"#FFFFFF","#A9A9A9","",null,null,null,null,null,null,null,null,null,null,null,null,null,null,"","0","2021-10-09 10:10:56.0",null,null,"0","0","","1");
update stock_items set id="101000103", code="103", name="MILMA ORAGNE 520ML", description="", supplier_product_code=null, stock_item_attributes=null, stock_item_location=null, stock_item_category_id="1", prd_department_id=null, part_no=null, market_valuation_method="0", movement_method=null, uom_id="28", item_weight="1.00000", qty_on_hand=null, unit_price="25.00000", optimum_level=null, reorder_level=null, reorder_qty=null, preferred_supplier_id=null, last_purchase_unit_price=null, last_purchase_supplier_id=null, tax_id="1", tax_calculation_method="0", is_service_item="0", is_valid="1", is_manufactured="0", is_sellable="1", is_semi_finished="0", is_finished="0", sales_margin="0", is_sales_margin_percent="0", tax_percentage="0.00", qty_manufactured=null, top_consumption_rank="0", created_by="0", created_at="2021-10-09 10:00:20.0", updated_by="0", updated_at="2021-10-09 10:11:08.0", is_system="0", is_deleted="0" where id=101000103 and is_deleted = 0 and is_synchable = 1;
update sale_items set id="101000103", stock_item_id="101000103", stock_item_code=null, code="103", hsn_code="", is_group_item="0", group_item_id=null, is_combo_item="0", name="MILMA ORAGNE 520ML", description="", sub_class_id="101000102", is_valid="1", is_manufactured="0", alternative_name="", is_printable_to_kitchen="1", name_to_print="", alternative_name_to_print="", barcode="", is_open="0", qty_on_hand=null, uom_id="28", item_weight="1.00000", profit_category_id=null, prd_department_id=null, tax_id="1", tax_exemption="0", tax_group_id="1", tax_id_home_service=null, tax_id_table_service=null, tax_id_take_away_service=null, fixed_price="25.00000", whls_price="0.00000", is_whls_price_pc="0", item_cost="0.00000", tax_calculation_method="0", taxation_based_on="0", is_require_weighing="0", display_order=null, best_before=null, is_hot_item_1="0", hot_item_1_display_order=null, is_hot_item_2="0", hot_item_2_display_order=null, is_hot_item_3="0", hot_item_3_display_order=null, fg_color="#FFFFFF", bg_color="#A9A9A9", attrib1_name="", attrib1_options=null, attrib2_name=null, attrib2_options=null, attrib3_name=null, attrib3_options=null, attrib4_name=null, attrib4_options=null, attrib5_name=null, attrib5_options=null, tag1=null, tag2=null, tag3=null, tag4=null, tag5=null, choice_ids="", created_by="0", created_at="2021-10-09 10:00:20.0", updated_by="0", updated_at="2021-10-09 10:11:08.0", is_deleted="0", is_system="0", item_thumb="", sys_sale_flag="1" where id=101000103 and is_deleted = 0 and is_synchable = 1;
update stock_items set id="101000102", code="102", name="ROYAL STAR CHICKEN", description="", supplier_product_code=null, stock_item_attributes=null, stock_item_location=null, stock_item_category_id="1", prd_department_id=null, part_no=null, market_valuation_method="0", movement_method=null, uom_id="28", item_weight="1.00000", qty_on_hand=null, unit_price="50.00000", optimum_level=null, reorder_level=null, reorder_qty=null, preferred_supplier_id=null, last_purchase_unit_price=null, last_purchase_supplier_id=null, tax_id="1", tax_calculation_method="0", is_service_item="0", is_valid="1", is_manufactured="0", is_sellable="1", is_semi_finished="0", is_finished="0", sales_margin="0", is_sales_margin_percent="0", tax_percentage="0.00", qty_manufactured=null, top_consumption_rank="0", created_by="0", created_at="2021-10-09 09:58:50.0", updated_by="0", updated_at="2021-10-09 10:11:28.0", is_system="0", is_deleted="0" where id=101000102 and is_deleted = 0 and is_synchable = 1;
update sale_items set id="101000102", stock_item_id="101000102", stock_item_code=null, code="102", hsn_code="", is_group_item="0", group_item_id=null, is_combo_item="0", name="ROYAL STAR CHICKEN", description="", sub_class_id="101000102", is_valid="1", is_manufactured="0", alternative_name="", is_printable_to_kitchen="1", name_to_print="", alternative_name_to_print="", barcode="", is_open="0", qty_on_hand=null, uom_id="28", item_weight="1.00000", profit_category_id=null, prd_department_id=null, tax_id="1", tax_exemption="0", tax_group_id="1", tax_id_home_service=null, tax_id_table_service=null, tax_id_take_away_service=null, fixed_price="50.00000", whls_price="0.00000", is_whls_price_pc="0", item_cost="0.00000", tax_calculation_method="0", taxation_based_on="0", is_require_weighing="0", display_order=null, best_before=null, is_hot_item_1="0", hot_item_1_display_order=null, is_hot_item_2="0", hot_item_2_display_order=null, is_hot_item_3="0", hot_item_3_display_order=null, fg_color="#FFFFFF", bg_color="#A9A9A9", attrib1_name="", attrib1_options=null, attrib2_name=null, attrib2_options=null, attrib3_name=null, attrib3_options=null, attrib4_name=null, attrib4_options=null, attrib5_name=null, attrib5_options=null, tag1=null, tag2=null, tag3=null, tag4=null, tag5=null, choice_ids="", created_by="0", created_at="2021-10-09 09:58:50.0", updated_by="0", updated_at="2021-10-09 10:11:28.0", is_deleted="0", is_system="0", item_thumb="", sys_sale_flag="1" where id=101000102 and is_deleted = 0 and is_synchable = 1;
DELETE FROM stock_items WHERE id=101000106;
insert into stock_items(id,code,name,description,supplier_product_code,stock_item_attributes,stock_item_location,stock_item_category_id,prd_department_id,part_no,market_valuation_method,movement_method,uom_id,item_weight,qty_on_hand,unit_price,optimum_level,reorder_level,reorder_qty,preferred_supplier_id,last_purchase_unit_price,last_purchase_supplier_id,tax_id,tax_calculation_method,is_service_item,is_valid,is_manufactured,is_sellable,is_semi_finished,is_finished,sales_margin,is_sales_margin_percent,tax_percentage,qty_manufactured,top_consumption_rank,created_by,created_at,updated_by,updated_at,is_system,is_deleted) values ("101000106","106","POMEGRANATE KESAR 1S","",null,null,null,"1",null,null,"0",null,"21","1.00000",null,"299.00000",null,null,null,null,null,null,"1","0","0","1","0","1","0","0","0","0","0.00",null,"0","0","2021-10-09 10:12:45.0","101000101","2021-10-11 05:12:29.0","0","0");
DELETE FROM sale_items WHERE id=101000106;
insert into sale_items(id,stock_item_id,stock_item_code,code,hsn_code,is_group_item,group_item_id,is_combo_item,name,description,sub_class_id,is_valid,is_manufactured,alternative_name,is_printable_to_kitchen,name_to_print,alternative_name_to_print,barcode,is_open,qty_on_hand,uom_id,item_weight,profit_category_id,prd_department_id,tax_id,tax_exemption,tax_group_id,tax_id_home_service,tax_id_table_service,tax_id_take_away_service,fixed_price,whls_price,is_whls_price_pc,item_cost,tax_calculation_method,taxation_based_on,is_require_weighing,display_order,best_before,is_hot_item_1,hot_item_1_display_order,is_hot_item_2,hot_item_2_display_order,is_hot_item_3,hot_item_3_display_order,fg_color,bg_color,attrib1_name,attrib1_options,attrib2_name,attrib2_options,attrib3_name,attrib3_options,attrib4_name,attrib4_options,attrib5_name,attrib5_options,tag1,tag2,tag3,tag4,tag5,choice_ids,created_by,created_at,updated_by,updated_at,is_deleted,is_system,item_thumb,sys_sale_flag) values ("101000106","101000106",null,"106","","0",null,"0","POMEGRANATE KESAR 1S","","101000102","1","0","","1","","","","0",null,"21","1.00000",null,null,"1","0","1",null,null,null,"299.00000","0.00000","0","0.00000","0","0","0",null,null,"0",null,"0",null,"0",null,"#FFFFFF","#A9A9A9","",null,null,null,null,null,null,null,null,null,null,null,null,null,null,"","0","2021-10-09 10:12:45.0","101000101","2021-10-11 17:12:29.0","0","0","","1");
DELETE FROM stock_items WHERE id=101000107;
insert into stock_items(id,code,name,description,supplier_product_code,stock_item_attributes,stock_item_location,stock_item_category_id,prd_department_id,part_no,market_valuation_method,movement_method,uom_id,item_weight,qty_on_hand,unit_price,optimum_level,reorder_level,reorder_qty,preferred_supplier_id,last_purchase_unit_price,last_purchase_supplier_id,tax_id,tax_calculation_method,is_service_item,is_valid,is_manufactured,is_sellable,is_semi_finished,is_finished,sales_margin,is_sales_margin_percent,tax_percentage,qty_manufactured,top_consumption_rank,created_by,created_at,updated_by,updated_at,is_system,is_deleted) values ("101000107","107","CARROT REGULAR","",null,null,null,"1",null,null,"0",null,"21","1.00000",null,"77.00000",null,null,null,null,null,null,"1","0","0","1","0","1","0","0","0","0","0.00",null,"0","0","2021-10-09 10:13:35.0",null,null,"0","0");
DELETE FROM sale_items WHERE id=101000107;
insert into sale_items(id,stock_item_id,stock_item_code,code,hsn_code,is_group_item,group_item_id,is_combo_item,name,description,sub_class_id,is_valid,is_manufactured,alternative_name,is_printable_to_kitchen,name_to_print,alternative_name_to_print,barcode,is_open,qty_on_hand,uom_id,item_weight,profit_category_id,prd_department_id,tax_id,tax_exemption,tax_group_id,tax_id_home_service,tax_id_table_service,tax_id_take_away_service,fixed_price,whls_price,is_whls_price_pc,item_cost,tax_calculation_method,taxation_based_on,is_require_weighing,display_order,best_before,is_hot_item_1,hot_item_1_display_order,is_hot_item_2,hot_item_2_display_order,is_hot_item_3,hot_item_3_display_order,fg_color,bg_color,attrib1_name,attrib1_options,attrib2_name,attrib2_options,attrib3_name,attrib3_options,attrib4_name,attrib4_options,attrib5_name,attrib5_options,tag1,tag2,tag3,tag4,tag5,choice_ids,created_by,created_at,updated_by,updated_at,is_deleted,is_system,item_thumb,sys_sale_flag) values ("101000107","101000107",null,"107","","0",null,"0","CARROT REGULAR","","101000102","1","0","","1","","","","0",null,"21","1.00000",null,null,"1","0","1",null,null,null,"77.00000","0.00000","0","0.00000","0","0","0",null,null,"0",null,"0",null,"0",null,"#FFFFFF","#A9A9A9","",null,null,null,null,null,null,null,null,null,null,null,null,null,null,"","0","2021-10-09 10:13:35.0",null,null,"0","0","","1");
DELETE FROM stock_items WHERE id=101000108;
insert into stock_items(id,code,name,description,supplier_product_code,stock_item_attributes,stock_item_location,stock_item_category_id,prd_department_id,part_no,market_valuation_method,movement_method,uom_id,item_weight,qty_on_hand,unit_price,optimum_level,reorder_level,reorder_qty,preferred_supplier_id,last_purchase_unit_price,last_purchase_supplier_id,tax_id,tax_calculation_method,is_service_item,is_valid,is_manufactured,is_sellable,is_semi_finished,is_finished,sales_margin,is_sales_margin_percent,tax_percentage,qty_manufactured,top_consumption_rank,created_by,created_at,updated_by,updated_at,is_system,is_deleted) values ("101000108","108","BANANA NENDRAN KG","",null,null,null,"1",null,null,"0",null,"21","1.00000",null,"39.00000",null,null,null,null,null,null,"1","0","0","1","0","1","0","0","0","0","0.00",null,"0","0","2021-10-09 10:14:43.0",null,null,"0","0");
DELETE FROM sale_items WHERE id=101000108;
insert into sale_items(id,stock_item_id,stock_item_code,code,hsn_code,is_group_item,group_item_id,is_combo_item,name,description,sub_class_id,is_valid,is_manufactured,alternative_name,is_printable_to_kitchen,name_to_print,alternative_name_to_print,barcode,is_open,qty_on_hand,uom_id,item_weight,profit_category_id,prd_department_id,tax_id,tax_exemption,tax_group_id,tax_id_home_service,tax_id_table_service,tax_id_take_away_service,fixed_price,whls_price,is_whls_price_pc,item_cost,tax_calculation_method,taxation_based_on,is_require_weighing,display_order,best_before,is_hot_item_1,hot_item_1_display_order,is_hot_item_2,hot_item_2_display_order,is_hot_item_3,hot_item_3_display_order,fg_color,bg_color,attrib1_name,attrib1_options,attrib2_name,attrib2_options,attrib3_name,attrib3_options,attrib4_name,attrib4_options,attrib5_name,attrib5_options,tag1,tag2,tag3,tag4,tag5,choice_ids,created_by,created_at,updated_by,updated_at,is_deleted,is_system,item_thumb,sys_sale_flag) values ("101000108","101000108",null,"108","","0",null,"0","BANANA NENDRAN KG","","101000102","1","0","","1","","","","0",null,"21","1.00000",null,null,"1","0","1",null,null,null,"39.00000","0.00000","0","0.00000","0","0","0",null,null,"0",null,"0",null,"0",null,"#FFFFFF","#A9A9A9","",null,null,null,null,null,null,null,null,null,null,null,null,null,null,"","0","2021-10-09 10:14:43.0",null,null,"0","0","","1");
DELETE FROM stock_items WHERE id=101000109;
insert into stock_items(id,code,name,description,supplier_product_code,stock_item_attributes,stock_item_location,stock_item_category_id,prd_department_id,part_no,market_valuation_method,movement_method,uom_id,item_weight,qty_on_hand,unit_price,optimum_level,reorder_level,reorder_qty,preferred_supplier_id,last_purchase_unit_price,last_purchase_supplier_id,tax_id,tax_calculation_method,is_service_item,is_valid,is_manufactured,is_sellable,is_semi_finished,is_finished,sales_margin,is_sales_margin_percent,tax_percentage,qty_manufactured,top_consumption_rank,created_by,created_at,updated_by,updated_at,is_system,is_deleted) values ("101000109","109","CUCUMBER","",null,null,null,"1",null,null,"0",null,"21","1.00000",null,"32.00000",null,null,null,null,null,null,"1","0","0","1","0","1","0","0","0","0","0.00",null,"0","0","2021-10-09 10:15:13.0",null,null,"0","0");
DELETE FROM sale_items WHERE id=101000109;
insert into sale_items(id,stock_item_id,stock_item_code,code,hsn_code,is_group_item,group_item_id,is_combo_item,name,description,sub_class_id,is_valid,is_manufactured,alternative_name,is_printable_to_kitchen,name_to_print,alternative_name_to_print,barcode,is_open,qty_on_hand,uom_id,item_weight,profit_category_id,prd_department_id,tax_id,tax_exemption,tax_group_id,tax_id_home_service,tax_id_table_service,tax_id_take_away_service,fixed_price,whls_price,is_whls_price_pc,item_cost,tax_calculation_method,taxation_based_on,is_require_weighing,display_order,best_before,is_hot_item_1,hot_item_1_display_order,is_hot_item_2,hot_item_2_display_order,is_hot_item_3,hot_item_3_display_order,fg_color,bg_color,attrib1_name,attrib1_options,attrib2_name,attrib2_options,attrib3_name,attrib3_options,attrib4_name,attrib4_options,attrib5_name,attrib5_options,tag1,tag2,tag3,tag4,tag5,choice_ids,created_by,created_at,updated_by,updated_at,is_deleted,is_system,item_thumb,sys_sale_flag) values ("101000109","101000109",null,"109","","0",null,"0","CUCUMBER","","101000102","1","0","","1","","","","0",null,"21","1.00000",null,null,"1","0","1",null,null,null,"32.00000","0.00000","0","0.00000","0","0","0",null,null,"0",null,"0",null,"0",null,"#FFFFFF","#A9A9A9","",null,null,null,null,null,null,null,null,null,null,null,null,null,null,"","0","2021-10-09 10:15:14.0",null,null,"0","0","","1");
DELETE FROM stock_items WHERE id=101000110;
insert into stock_items(id,code,name,description,supplier_product_code,stock_item_attributes,stock_item_location,stock_item_category_id,prd_department_id,part_no,market_valuation_method,movement_method,uom_id,item_weight,qty_on_hand,unit_price,optimum_level,reorder_level,reorder_qty,preferred_supplier_id,last_purchase_unit_price,last_purchase_supplier_id,tax_id,tax_calculation_method,is_service_item,is_valid,is_manufactured,is_sellable,is_semi_finished,is_finished,sales_margin,is_sales_margin_percent,tax_percentage,qty_manufactured,top_consumption_rank,created_by,created_at,updated_by,updated_at,is_system,is_deleted) values ("101000110","110","APPLE IMPORTED","",null,null,null,"1",null,null,"0",null,"21","1.00000",null,"249.00000",null,null,null,null,null,null,"1","0","0","1","0","1","0","0","0","0","0.00",null,"0","0","2021-10-09 10:16:03.0",null,null,"0","0");
DELETE FROM sale_items WHERE id=101000110;
insert into sale_items(id,stock_item_id,stock_item_code,code,hsn_code,is_group_item,group_item_id,is_combo_item,name,description,sub_class_id,is_valid,is_manufactured,alternative_name,is_printable_to_kitchen,name_to_print,alternative_name_to_print,barcode,is_open,qty_on_hand,uom_id,item_weight,profit_category_id,prd_department_id,tax_id,tax_exemption,tax_group_id,tax_id_home_service,tax_id_table_service,tax_id_take_away_service,fixed_price,whls_price,is_whls_price_pc,item_cost,tax_calculation_method,taxation_based_on,is_require_weighing,display_order,best_before,is_hot_item_1,hot_item_1_display_order,is_hot_item_2,hot_item_2_display_order,is_hot_item_3,hot_item_3_display_order,fg_color,bg_color,attrib1_name,attrib1_options,attrib2_name,attrib2_options,attrib3_name,attrib3_options,attrib4_name,attrib4_options,attrib5_name,attrib5_options,tag1,tag2,tag3,tag4,tag5,choice_ids,created_by,created_at,updated_by,updated_at,is_deleted,is_system,item_thumb,sys_sale_flag) values ("101000110","101000110",null,"110","","0",null,"0","APPLE IMPORTED","","101000102","1","0","","1","","","","0",null,"21","1.00000",null,null,"1","0","1",null,null,null,"249.00000","0.00000","0","0.00000","0","0","0",null,null,"0",null,"0",null,"0",null,"#FFFFFF","#A9A9A9","",null,null,null,null,null,null,null,null,null,null,null,null,null,null,"","0","2021-10-09 10:16:03.0",null,null,"0","0","","1");
DELETE FROM stock_items WHERE id=101000111;
insert into stock_items(id,code,name,description,supplier_product_code,stock_item_attributes,stock_item_location,stock_item_category_id,prd_department_id,part_no,market_valuation_method,movement_method,uom_id,item_weight,qty_on_hand,unit_price,optimum_level,reorder_level,reorder_qty,preferred_supplier_id,last_purchase_unit_price,last_purchase_supplier_id,tax_id,tax_calculation_method,is_service_item,is_valid,is_manufactured,is_sellable,is_semi_finished,is_finished,sales_margin,is_sales_margin_percent,tax_percentage,qty_manufactured,top_consumption_rank,created_by,created_at,updated_by,updated_at,is_system,is_deleted) values ("101000111","111","TOMATO PREMIUM","",null,null,null,"1",null,null,"0",null,"21","1.00000",null,"49.00000",null,null,null,null,null,null,"1","0","0","1","0","1","0","0","0","0","0.00",null,"0","0","2021-10-09 10:16:54.0",null,null,"0","0");
DELETE FROM sale_items WHERE id=101000111;
insert into sale_items(id,stock_item_id,stock_item_code,code,hsn_code,is_group_item,group_item_id,is_combo_item,name,description,sub_class_id,is_valid,is_manufactured,alternative_name,is_printable_to_kitchen,name_to_print,alternative_name_to_print,barcode,is_open,qty_on_hand,uom_id,item_weight,profit_category_id,prd_department_id,tax_id,tax_exemption,tax_group_id,tax_id_home_service,tax_id_table_service,tax_id_take_away_service,fixed_price,whls_price,is_whls_price_pc,item_cost,tax_calculation_method,taxation_based_on,is_require_weighing,display_order,best_before,is_hot_item_1,hot_item_1_display_order,is_hot_item_2,hot_item_2_display_order,is_hot_item_3,hot_item_3_display_order,fg_color,bg_color,attrib1_name,attrib1_options,attrib2_name,attrib2_options,attrib3_name,attrib3_options,attrib4_name,attrib4_options,attrib5_name,attrib5_options,tag1,tag2,tag3,tag4,tag5,choice_ids,created_by,created_at,updated_by,updated_at,is_deleted,is_system,item_thumb,sys_sale_flag) values ("101000111","101000111",null,"111","","0",null,"0","TOMATO PREMIUM","","101000102","1","0","","1","","","","0",null,"21","1.00000",null,null,"1","0","1",null,null,null,"49.00000","0.00000","0","0.00000","0","0","0",null,null,"0",null,"0",null,"0",null,"#FFFFFF","#A9A9A9","",null,null,null,null,null,null,null,null,null,null,null,null,null,null,"","0","2021-10-09 10:16:54.0",null,null,"0","0","","1");
DELETE FROM stock_items WHERE id=101000112;
insert into stock_items(id,code,name,description,supplier_product_code,stock_item_attributes,stock_item_location,stock_item_category_id,prd_department_id,part_no,market_valuation_method,movement_method,uom_id,item_weight,qty_on_hand,unit_price,optimum_level,reorder_level,reorder_qty,preferred_supplier_id,last_purchase_unit_price,last_purchase_supplier_id,tax_id,tax_calculation_method,is_service_item,is_valid,is_manufactured,is_sellable,is_semi_finished,is_finished,sales_margin,is_sales_margin_percent,tax_percentage,qty_manufactured,top_consumption_rank,created_by,created_at,updated_by,updated_at,is_system,is_deleted) values ("101000112","112","PAPAYA FRUIT","",null,null,null,"1",null,null,"0",null,"21","1.00000",null,"27.00000",null,null,null,null,null,null,"1","0","0","1","0","1","0","0","0","0","0.00",null,"0","0","2021-10-09 10:17:26.0",null,null,"0","0");
DELETE FROM sale_items WHERE id=101000112;
insert into sale_items(id,stock_item_id,stock_item_code,code,hsn_code,is_group_item,group_item_id,is_combo_item,name,description,sub_class_id,is_valid,is_manufactured,alternative_name,is_printable_to_kitchen,name_to_print,alternative_name_to_print,barcode,is_open,qty_on_hand,uom_id,item_weight,profit_category_id,prd_department_id,tax_id,tax_exemption,tax_group_id,tax_id_home_service,tax_id_table_service,tax_id_take_away_service,fixed_price,whls_price,is_whls_price_pc,item_cost,tax_calculation_method,taxation_based_on,is_require_weighing,display_order,best_before,is_hot_item_1,hot_item_1_display_order,is_hot_item_2,hot_item_2_display_order,is_hot_item_3,hot_item_3_display_order,fg_color,bg_color,attrib1_name,attrib1_options,attrib2_name,attrib2_options,attrib3_name,attrib3_options,attrib4_name,attrib4_options,attrib5_name,attrib5_options,tag1,tag2,tag3,tag4,tag5,choice_ids,created_by,created_at,updated_by,updated_at,is_deleted,is_system,item_thumb,sys_sale_flag) values ("101000112","101000112",null,"112","","0",null,"0","PAPAYA FRUIT","","101000102","1","0","","1","","","","0",null,"21","1.00000",null,null,"1","0","1",null,null,null,"27.00000","0.00000","0","0.00000","0","0","0",null,null,"0",null,"0",null,"0",null,"#FFFFFF","#A9A9A9","",null,null,null,null,null,null,null,null,null,null,null,null,null,null,"","0","2021-10-09 10:17:26.0",null,null,"0","0","","1");
DELETE FROM stock_items WHERE id=101000113;
insert into stock_items(id,code,name,description,supplier_product_code,stock_item_attributes,stock_item_location,stock_item_category_id,prd_department_id,part_no,market_valuation_method,movement_method,uom_id,item_weight,qty_on_hand,unit_price,optimum_level,reorder_level,reorder_qty,preferred_supplier_id,last_purchase_unit_price,last_purchase_supplier_id,tax_id,tax_calculation_method,is_service_item,is_valid,is_manufactured,is_sellable,is_semi_finished,is_finished,sales_margin,is_sales_margin_percent,tax_percentage,qty_manufactured,top_consumption_rank,created_by,created_at,updated_by,updated_at,is_system,is_deleted) values ("101000113","113","WATERMELON KIRAN","",null,null,null,"1",null,null,"0",null,"21","1.00000",null,"21.00000",null,null,null,null,null,null,"1","0","0","1","0","1","0","0","0","0","0.00",null,"0","0","2021-10-09 10:18:02.0",null,null,"0","0");
DELETE FROM sale_items WHERE id=101000113;
insert into sale_items(id,stock_item_id,stock_item_code,code,hsn_code,is_group_item,group_item_id,is_combo_item,name,description,sub_class_id,is_valid,is_manufactured,alternative_name,is_printable_to_kitchen,name_to_print,alternative_name_to_print,barcode,is_open,qty_on_hand,uom_id,item_weight,profit_category_id,prd_department_id,tax_id,tax_exemption,tax_group_id,tax_id_home_service,tax_id_table_service,tax_id_take_away_service,fixed_price,whls_price,is_whls_price_pc,item_cost,tax_calculation_method,taxation_based_on,is_require_weighing,display_order,best_before,is_hot_item_1,hot_item_1_display_order,is_hot_item_2,hot_item_2_display_order,is_hot_item_3,hot_item_3_display_order,fg_color,bg_color,attrib1_name,attrib1_options,attrib2_name,attrib2_options,attrib3_name,attrib3_options,attrib4_name,attrib4_options,attrib5_name,attrib5_options,tag1,tag2,tag3,tag4,tag5,choice_ids,created_by,created_at,updated_by,updated_at,is_deleted,is_system,item_thumb,sys_sale_flag) values ("101000113","101000113",null,"113","","0",null,"0","WATERMELON KIRAN","","101000102","1","0","","1","","","","0",null,"21","1.00000",null,null,"1","0","1",null,null,null,"21.00000","0.00000","0","0.00000","0","0","0",null,null,"0",null,"0",null,"0",null,"#FFFFFF","#A9A9A9","",null,null,null,null,null,null,null,null,null,null,null,null,null,null,"","0","2021-10-09 10:18:02.0",null,null,"0","0","","1");
DELETE FROM stock_items WHERE id=101000114;
insert into stock_items(id,code,name,description,supplier_product_code,stock_item_attributes,stock_item_location,stock_item_category_id,prd_department_id,part_no,market_valuation_method,movement_method,uom_id,item_weight,qty_on_hand,unit_price,optimum_level,reorder_level,reorder_qty,preferred_supplier_id,last_purchase_unit_price,last_purchase_supplier_id,tax_id,tax_calculation_method,is_service_item,is_valid,is_manufactured,is_sellable,is_semi_finished,is_finished,sales_margin,is_sales_margin_percent,tax_percentage,qty_manufactured,top_consumption_rank,created_by,created_at,updated_by,updated_at,is_system,is_deleted) values ("101000114","114","PINEAPPLE QUEEN","",null,null,null,"1",null,null,"0",null,"21","1.00000",null,"69.00000",null,null,null,null,null,null,"1","0","0","1","0","1","0","0","0","0","0.00",null,"0","0","2021-10-09 10:18:45.0",null,null,"0","0");
DELETE FROM sale_items WHERE id=101000114;
insert into sale_items(id,stock_item_id,stock_item_code,code,hsn_code,is_group_item,group_item_id,is_combo_item,name,description,sub_class_id,is_valid,is_manufactured,alternative_name,is_printable_to_kitchen,name_to_print,alternative_name_to_print,barcode,is_open,qty_on_hand,uom_id,item_weight,profit_category_id,prd_department_id,tax_id,tax_exemption,tax_group_id,tax_id_home_service,tax_id_table_service,tax_id_take_away_service,fixed_price,whls_price,is_whls_price_pc,item_cost,tax_calculation_method,taxation_based_on,is_require_weighing,display_order,best_before,is_hot_item_1,hot_item_1_display_order,is_hot_item_2,hot_item_2_display_order,is_hot_item_3,hot_item_3_display_order,fg_color,bg_color,attrib1_name,attrib1_options,attrib2_name,attrib2_options,attrib3_name,attrib3_options,attrib4_name,attrib4_options,attrib5_name,attrib5_options,tag1,tag2,tag3,tag4,tag5,choice_ids,created_by,created_at,updated_by,updated_at,is_deleted,is_system,item_thumb,sys_sale_flag) values ("101000114","101000114",null,"114","","0",null,"0","PINEAPPLE QUEEN","","101000102","1","0","","1","","","","0",null,"21","1.00000",null,null,"1","0","1",null,null,null,"69.00000","0.00000","0","0.00000","0","0","0",null,null,"0",null,"0",null,"0",null,"#FFFFFF","#A9A9A9","",null,null,null,null,null,null,null,null,null,null,null,null,null,null,"","0","2021-10-09 10:18:45.0",null,null,"0","0","","1");
DELETE FROM item_classes WHERE id=101000103;
insert into item_classes(id,code,hsn_code,name,alternative_name,department_id,description,menu_id,super_class_id,tax_calculation_method,tax_id,tax_exemption,tax_group_id,display_order,print_order,account_code,fg_color,bg_color,item_thumb,created_by,created_at,updated_by,updated_at,is_deleted,is_system) values ("101000103","103",null,"Assets","","1","",null,null,null,null,"0",null,null,null,"","","","","0","2021-10-09 10:19:30.0","0","2021-10-09 01:08:44.0","0","0");
DELETE FROM stock_items WHERE id=101000115;
insert into stock_items(id,code,name,description,supplier_product_code,stock_item_attributes,stock_item_location,stock_item_category_id,prd_department_id,part_no,market_valuation_method,movement_method,uom_id,item_weight,qty_on_hand,unit_price,optimum_level,reorder_level,reorder_qty,preferred_supplier_id,last_purchase_unit_price,last_purchase_supplier_id,tax_id,tax_calculation_method,is_service_item,is_valid,is_manufactured,is_sellable,is_semi_finished,is_finished,sales_margin,is_sales_margin_percent,tax_percentage,qty_manufactured,top_consumption_rank,created_by,created_at,updated_by,updated_at,is_system,is_deleted) values ("101000115","115","CLASSMATE A4 SHEET BOOK","",null,null,null,"1",null,null,"0",null,"27","1.00000",null,"300.00000",null,null,null,null,null,null,"1","0","0","1","0","1","0","0","0","0","0.00",null,"0","0","2021-10-09 10:20:44.0","0","2021-10-09 10:35:51.0","0","0");
DELETE FROM sale_items WHERE id=101000115;
insert into sale_items(id,stock_item_id,stock_item_code,code,hsn_code,is_group_item,group_item_id,is_combo_item,name,description,sub_class_id,is_valid,is_manufactured,alternative_name,is_printable_to_kitchen,name_to_print,alternative_name_to_print,barcode,is_open,qty_on_hand,uom_id,item_weight,profit_category_id,prd_department_id,tax_id,tax_exemption,tax_group_id,tax_id_home_service,tax_id_table_service,tax_id_take_away_service,fixed_price,whls_price,is_whls_price_pc,item_cost,tax_calculation_method,taxation_based_on,is_require_weighing,display_order,best_before,is_hot_item_1,hot_item_1_display_order,is_hot_item_2,hot_item_2_display_order,is_hot_item_3,hot_item_3_display_order,fg_color,bg_color,attrib1_name,attrib1_options,attrib2_name,attrib2_options,attrib3_name,attrib3_options,attrib4_name,attrib4_options,attrib5_name,attrib5_options,tag1,tag2,tag3,tag4,tag5,choice_ids,created_by,created_at,updated_by,updated_at,is_deleted,is_system,item_thumb,sys_sale_flag) values ("101000115","101000115",null,"115","","0",null,"0","CLASSMATE A4 SHEET BOOK","","101000103","1","0","","1","","","","0",null,"27","1.00000",null,null,"1","0","1",null,null,null,"300.00000","0.00000","0","0.00000","0","0","0",null,null,"0",null,"0",null,"0",null,"#FFFFFF","#A9A9A9","",null,null,null,null,null,null,null,null,null,null,null,null,null,null,"","0","2021-10-09 10:20:44.0","0","2021-10-09 10:35:51.0","0","0","","1");
DELETE FROM taxes WHERE id=101000101;
insert into taxes(id,code,name,is_item_specific,is_tax1_applicable,tax1_percentage,is_tax2_applicable,tax2_percentage,is_tax3_applicable,tax3_percentage,is_sc_applicable,sc_percentage,is_define_gst,gst_percentage,is_tax1_included_in_gst,is_tax2_included_in_gst,is_tax3_included_in_gst,is_sc_included_in_gst,tax1_refund_rate,tax2_refund_rate,tax3_refund_rate,sc_refund_rate,gst_refund_rate,created_by,created_at,updated_by,updated_at,is_deleted,is_system) values ("101000101","101","TAX 12 %","0","0",null,"0",null,"0",null,"0",null,"0",null,"0","0","0","0","0.00000","0.00000","0.00000","0.00000","0.00000","0","2021-10-09 10:21:39.0",null,null,"1","0");
update stock_items set id="101000115", code="115", name="CLASSMATE A4 SHEET BOOK", description="", supplier_product_code=null, stock_item_attributes=null, stock_item_location=null, stock_item_category_id="1", prd_department_id=null, part_no=null, market_valuation_method="0", movement_method=null, uom_id="27", item_weight="1.00000", qty_on_hand=null, unit_price="300.00000", optimum_level=null, reorder_level=null, reorder_qty=null, preferred_supplier_id=null, last_purchase_unit_price=null, last_purchase_supplier_id=null, tax_id="1", tax_calculation_method="0", is_service_item="0", is_valid="1", is_manufactured="0", is_sellable="1", is_semi_finished="0", is_finished="0", sales_margin="0", is_sales_margin_percent="0", tax_percentage="0.00", qty_manufactured=null, top_consumption_rank="0", created_by="0", created_at="2021-10-09 10:20:44.0", updated_by="0", updated_at="2021-10-09 10:35:51.0", is_system="0", is_deleted="0" where id=101000115 and is_deleted = 0 and is_synchable = 1;
update sale_items set id="101000115", stock_item_id="101000115", stock_item_code=null, code="115", hsn_code="", is_group_item="0", group_item_id=null, is_combo_item="0", name="CLASSMATE A4 SHEET BOOK", description="", sub_class_id="101000103", is_valid="1", is_manufactured="0", alternative_name="", is_printable_to_kitchen="1", name_to_print="", alternative_name_to_print="", barcode="", is_open="0", qty_on_hand=null, uom_id="27", item_weight="1.00000", profit_category_id=null, prd_department_id=null, tax_id="1", tax_exemption="0", tax_group_id="1", tax_id_home_service=null, tax_id_table_service=null, tax_id_take_away_service=null, fixed_price="300.00000", whls_price="0.00000", is_whls_price_pc="0", item_cost="0.00000", tax_calculation_method="0", taxation_based_on="0", is_require_weighing="0", display_order=null, best_before=null, is_hot_item_1="0", hot_item_1_display_order=null, is_hot_item_2="0", hot_item_2_display_order=null, is_hot_item_3="0", hot_item_3_display_order=null, fg_color="#FFFFFF", bg_color="#A9A9A9", attrib1_name="", attrib1_options=null, attrib2_name=null, attrib2_options=null, attrib3_name=null, attrib3_options=null, attrib4_name=null, attrib4_options=null, attrib5_name=null, attrib5_options=null, tag1=null, tag2=null, tag3=null, tag4=null, tag5=null, choice_ids="", created_by="0", created_at="2021-10-09 10:20:44.0", updated_by="0", updated_at="2021-10-09 10:35:51.0", is_deleted="0", is_system="0", item_thumb="", sys_sale_flag="1" where id=101000115 and is_deleted = 0 and is_synchable = 1;
update stock_items set id="101000115", code="115", name="CLASSMATE A4 SHEET BOOK", description="", supplier_product_code=null, stock_item_attributes=null, stock_item_location=null, stock_item_category_id="1", prd_department_id=null, part_no=null, market_valuation_method="0", movement_method=null, uom_id="27", item_weight="1.00000", qty_on_hand=null, unit_price="300.00000", optimum_level=null, reorder_level=null, reorder_qty=null, preferred_supplier_id=null, last_purchase_unit_price=null, last_purchase_supplier_id=null, tax_id="1", tax_calculation_method="0", is_service_item="0", is_valid="1", is_manufactured="0", is_sellable="1", is_semi_finished="0", is_finished="0", sales_margin="0", is_sales_margin_percent="0", tax_percentage="0.00", qty_manufactured=null, top_consumption_rank="0", created_by="0", created_at="2021-10-09 10:20:44.0", updated_by="0", updated_at="2021-10-09 10:35:51.0", is_system="0", is_deleted="0" where id=101000115 and is_deleted = 0 and is_synchable = 1;
update sale_items set id="101000115", stock_item_id="101000115", stock_item_code=null, code="115", hsn_code="", is_group_item="0", group_item_id=null, is_combo_item="0", name="CLASSMATE A4 SHEET BOOK", description="", sub_class_id="101000103", is_valid="1", is_manufactured="0", alternative_name="", is_printable_to_kitchen="1", name_to_print="", alternative_name_to_print="", barcode="", is_open="0", qty_on_hand=null, uom_id="27", item_weight="1.00000", profit_category_id=null, prd_department_id=null, tax_id="1", tax_exemption="0", tax_group_id="1", tax_id_home_service=null, tax_id_table_service=null, tax_id_take_away_service=null, fixed_price="300.00000", whls_price="0.00000", is_whls_price_pc="0", item_cost="0.00000", tax_calculation_method="0", taxation_based_on="0", is_require_weighing="0", display_order=null, best_before=null, is_hot_item_1="0", hot_item_1_display_order=null, is_hot_item_2="0", hot_item_2_display_order=null, is_hot_item_3="0", hot_item_3_display_order=null, fg_color="#FFFFFF", bg_color="#A9A9A9", attrib1_name="", attrib1_options=null, attrib2_name=null, attrib2_options=null, attrib3_name=null, attrib3_options=null, attrib4_name=null, attrib4_options=null, attrib5_name=null, attrib5_options=null, tag1=null, tag2=null, tag3=null, tag4=null, tag5=null, choice_ids="", created_by="0", created_at="2021-10-09 10:20:44.0", updated_by="0", updated_at="2021-10-09 10:35:51.0", is_deleted="0", is_system="0", item_thumb="", sys_sale_flag="1" where id=101000115 and is_deleted = 0 and is_synchable = 1;
update stock_items set id="101000104", code="104", name="PLAIN BREAD 400GM", description="", supplier_product_code=null, stock_item_attributes=null, stock_item_location=null, stock_item_category_id="1", prd_department_id=null, part_no=null, market_valuation_method="0", movement_method=null, uom_id="28", item_weight="1.00000", qty_on_hand=null, unit_price="35.00000", optimum_level=null, reorder_level=null, reorder_qty=null, preferred_supplier_id=null, last_purchase_unit_price=null, last_purchase_supplier_id=null, tax_id="1", tax_calculation_method="0", is_service_item="0", is_valid="1", is_manufactured="0", is_sellable="1", is_semi_finished="0", is_finished="0", sales_margin="0", is_sales_margin_percent="0", tax_percentage="0.00", qty_manufactured=null, top_consumption_rank="0", created_by="0", created_at="2021-10-09 10:01:43.0", updated_by="0", updated_at="2021-10-09 10:39:16.0", is_system="0", is_deleted="0" where id=101000104 and is_deleted = 0 and is_synchable = 1;
update sale_items set id="101000104", stock_item_id="101000104", stock_item_code=null, code="104", hsn_code="", is_group_item="0", group_item_id=null, is_combo_item="0", name="PLAIN BREAD 400GM", description="", sub_class_id="101000102", is_valid="1", is_manufactured="0", alternative_name="", is_printable_to_kitchen="1", name_to_print="", alternative_name_to_print="", barcode="", is_open="0", qty_on_hand=null, uom_id="28", item_weight="1.00000", profit_category_id=null, prd_department_id=null, tax_id="1", tax_exemption="0", tax_group_id="1", tax_id_home_service=null, tax_id_table_service=null, tax_id_take_away_service=null, fixed_price="35.00000", whls_price="0.00000", is_whls_price_pc="0", item_cost="0.00000", tax_calculation_method="0", taxation_based_on="0", is_require_weighing="0", display_order=null, best_before=null, is_hot_item_1="0", hot_item_1_display_order=null, is_hot_item_2="0", hot_item_2_display_order=null, is_hot_item_3="0", hot_item_3_display_order=null, fg_color="#FFFFFF", bg_color="#A9A9A9", attrib1_name="", attrib1_options=null, attrib2_name=null, attrib2_options=null, attrib3_name=null, attrib3_options=null, attrib4_name=null, attrib4_options=null, attrib5_name=null, attrib5_options=null, tag1=null, tag2=null, tag3=null, tag4=null, tag5=null, choice_ids="", created_by="0", created_at="2021-10-09 10:01:43.0", updated_by="0", updated_at="2021-10-09 10:39:16.0", is_deleted="0", is_system="0", item_thumb="", sys_sale_flag="1" where id=101000104 and is_deleted = 0 and is_synchable = 1;
update item_classes set id="101000102", code="102", hsn_code="", name="Grocery", alternative_name="", department_id="1", description="", menu_id=null, super_class_id="101000101", tax_calculation_method="0", tax_id="1", tax_exemption="0", tax_group_id="1", display_order=null, print_order=null, account_code="", fg_color="#FFFFFF", bg_color="#A9A9A9", item_thumb="", created_by="0", created_at="2021-10-05 03:41:04.0", updated_by="101000102", updated_at="2021-10-09 12:52:41.0", is_deleted="0", is_system="0" where id=101000102 and is_deleted = 0 and is_synchable = 1;
update item_classes set id="101000103", code="103", hsn_code=null, name="Assets", alternative_name="", department_id="1", description="", menu_id=null, super_class_id=null, tax_calculation_method=null, tax_id=null, tax_exemption="0", tax_group_id=null, display_order=null, print_order=null, account_code="", fg_color="", bg_color="", item_thumb="", created_by="0", created_at="2021-10-09 10:19:30.0", updated_by="0", updated_at="2021-10-09 01:08:44.0", is_deleted="0", is_system="0" where id=101000103 and is_deleted = 0 and is_synchable = 1;
DELETE FROM user_groups WHERE id=101000101;
insert into user_groups(id,code,name,description,created_by,created_at,updated_by,updated_at,is_deleted,is_system,user_type) values ("101000101","PO","po","","101000102","2021-10-09 12:59:07.0",null,null,"0","0","0");
DELETE FROM user_groups WHERE id=101000102;
insert into user_groups(id,code,name,description,created_by,created_at,updated_by,updated_at,is_deleted,is_system,user_type) values ("101000102","ADMIN","Admin","","101000102","2021-10-09 12:59:25.0",null,null,"0","0","0");
update item_classes set id="101000103", code="103", hsn_code=null, name="Assets", alternative_name="", department_id="1", description="", menu_id=null, super_class_id=null, tax_calculation_method=null, tax_id=null, tax_exemption="0", tax_group_id=null, display_order=null, print_order=null, account_code="", fg_color="", bg_color="", item_thumb="", created_by="0", created_at="2021-10-09 10:19:30.0", updated_by="0", updated_at="2021-10-09 01:08:44.0", is_deleted="0", is_system="0" where id=101000103 and is_deleted = 0 and is_synchable = 1;
DELETE FROM item_classes WHERE id=101000104;
insert into item_classes(id,code,hsn_code,name,alternative_name,department_id,description,menu_id,super_class_id,tax_calculation_method,tax_id,tax_exemption,tax_group_id,display_order,print_order,account_code,fg_color,bg_color,item_thumb,created_by,created_at,updated_by,updated_at,is_deleted,is_system) values ("101000104","104","","CUTLERY,CROCKERY &GLASS WEARS","","1","",null,"101000103","0",null,"0",null,null,null,"","#FFFFFF","#A9A9A9","","0","2021-10-09 01:09:01.0",null,null,"0","0");
DELETE FROM user_group_functions WHERE id=101000101;
insert into user_group_functions(id,user_group_id,system_function_id,can_view,can_add,can_edit,can_delete,can_execute,can_publish,can_export,is_deleted,created_by,created_at,updated_by,updated_at) values ("101000101","101000101","95",null,null,null,null,null,null,null,"0","101000102","2021-10-09 00:00:00.0",null,null);
DELETE FROM user_group_functions WHERE id=101000102;
insert into user_group_functions(id,user_group_id,system_function_id,can_view,can_add,can_edit,can_delete,can_execute,can_publish,can_export,is_deleted,created_by,created_at,updated_by,updated_at) values ("101000102","101000101","96",null,null,null,null,null,null,null,"0","101000102","2021-10-09 00:00:00.0",null,null);
DELETE FROM user_group_functions WHERE id=101000103;
insert into user_group_functions(id,user_group_id,system_function_id,can_view,can_add,can_edit,can_delete,can_execute,can_publish,can_export,is_deleted,created_by,created_at,updated_by,updated_at) values ("101000103","101000101","71",null,null,null,null,null,null,null,"0","101000102","2021-10-09 00:00:00.0",null,null);
DELETE FROM user_group_functions WHERE id=101000104;
insert into user_group_functions(id,user_group_id,system_function_id,can_view,can_add,can_edit,can_delete,can_execute,can_publish,can_export,is_deleted,created_by,created_at,updated_by,updated_at) values ("101000104","101000101","87",null,null,null,null,null,null,null,"0","101000102","2021-10-09 00:00:00.0",null,null);
DELETE FROM user_group_functions WHERE id=101000105;
insert into user_group_functions(id,user_group_id,system_function_id,can_view,can_add,can_edit,can_delete,can_execute,can_publish,can_export,is_deleted,created_by,created_at,updated_by,updated_at) values ("101000105","101000101","52",null,null,null,null,null,null,null,"0","101000102","2021-10-09 00:00:00.0",null,null);
DELETE FROM user_group_functions WHERE id=101000106;
insert into user_group_functions(id,user_group_id,system_function_id,can_view,can_add,can_edit,can_delete,can_execute,can_publish,can_export,is_deleted,created_by,created_at,updated_by,updated_at) values ("101000106","101000101","53",null,null,null,null,null,null,null,"0","101000102","2021-10-09 00:00:00.0",null,null);
DELETE FROM user_group_functions WHERE id=101000107;
insert into user_group_functions(id,user_group_id,system_function_id,can_view,can_add,can_edit,can_delete,can_execute,can_publish,can_export,is_deleted,created_by,created_at,updated_by,updated_at) values ("101000107","101000101","54",null,null,null,null,null,null,null,"0","101000102","2021-10-09 00:00:00.0",null,null);
DELETE FROM user_group_functions WHERE id=101000108;
insert into user_group_functions(id,user_group_id,system_function_id,can_view,can_add,can_edit,can_delete,can_execute,can_publish,can_export,is_deleted,created_by,created_at,updated_by,updated_at) values ("101000108","101000101","55",null,null,null,null,null,null,null,"0","101000102","2021-10-09 00:00:00.0",null,null);
DELETE FROM user_group_functions WHERE id=101000109;
insert into user_group_functions(id,user_group_id,system_function_id,can_view,can_add,can_edit,can_delete,can_execute,can_publish,can_export,is_deleted,created_by,created_at,updated_by,updated_at) values ("101000109","101000101","79",null,null,null,null,null,null,null,"0","101000102","2021-10-09 00:00:00.0",null,null);
DELETE FROM user_group_functions WHERE id=101000110;
insert into user_group_functions(id,user_group_id,system_function_id,can_view,can_add,can_edit,can_delete,can_execute,can_publish,can_export,is_deleted,created_by,created_at,updated_by,updated_at) values ("101000110","101000101","80",null,null,null,null,null,null,null,"0","101000102","2021-10-09 00:00:00.0",null,null);
DELETE FROM user_group_functions WHERE id=101000111;
insert into user_group_functions(id,user_group_id,system_function_id,can_view,can_add,can_edit,can_delete,can_execute,can_publish,can_export,is_deleted,created_by,created_at,updated_by,updated_at) values ("101000111","101000101","26",null,null,null,null,null,null,null,"0","101000102","2021-10-09 00:00:00.0",null,null);
DELETE FROM user_group_functions WHERE id=101000112;
insert into user_group_functions(id,user_group_id,system_function_id,can_view,can_add,can_edit,can_delete,can_execute,can_publish,can_export,is_deleted,created_by,created_at,updated_by,updated_at) values ("101000112","101000101","42",null,null,null,null,null,null,null,"0","101000102","2021-10-09 00:00:00.0",null,null);
DELETE FROM user_group_functions WHERE id=101000114;
insert into user_group_functions(id,user_group_id,system_function_id,can_view,can_add,can_edit,can_delete,can_execute,can_publish,can_export,is_deleted,created_by,created_at,updated_by,updated_at) values ("101000114","101000101","90",null,null,null,null,null,null,null,"0","101000102","2021-10-09 00:00:00.0",null,null);
DELETE FROM user_group_functions WHERE id=101000115;
insert into user_group_functions(id,user_group_id,system_function_id,can_view,can_add,can_edit,can_delete,can_execute,can_publish,can_export,is_deleted,created_by,created_at,updated_by,updated_at) values ("101000115","101000101","91",null,null,null,null,null,null,null,"0","101000102","2021-10-09 00:00:00.0",null,null);
DELETE FROM user_group_functions WHERE id=101000116;
insert into user_group_functions(id,user_group_id,system_function_id,can_view,can_add,can_edit,can_delete,can_execute,can_publish,can_export,is_deleted,created_by,created_at,updated_by,updated_at) values ("101000116","101000101","92",null,null,null,null,null,null,null,"0","101000102","2021-10-09 00:00:00.0",null,null);
DELETE FROM user_group_functions WHERE id=101000117;
insert into user_group_functions(id,user_group_id,system_function_id,can_view,can_add,can_edit,can_delete,can_execute,can_publish,can_export,is_deleted,created_by,created_at,updated_by,updated_at) values ("101000117","101000101","93",null,null,null,null,null,null,null,"0","101000102","2021-10-09 00:00:00.0",null,null);
DELETE FROM user_group_functions WHERE id=101000118;
insert into user_group_functions(id,user_group_id,system_function_id,can_view,can_add,can_edit,can_delete,can_execute,can_publish,can_export,is_deleted,created_by,created_at,updated_by,updated_at) values ("101000118","101000101","94",null,null,null,null,null,null,null,"0","101000102","2021-10-09 00:00:00.0",null,null);
DELETE FROM user_group_functions WHERE id=101000119;
insert into user_group_functions(id,user_group_id,system_function_id,can_view,can_add,can_edit,can_delete,can_execute,can_publish,can_export,is_deleted,created_by,created_at,updated_by,updated_at) values ("101000119","101000101","97",null,null,null,null,null,null,null,"0","101000102","2021-10-09 00:00:00.0",null,null);
DELETE FROM user_group_functions WHERE id=101000120;
insert into user_group_functions(id,user_group_id,system_function_id,can_view,can_add,can_edit,can_delete,can_execute,can_publish,can_export,is_deleted,created_by,created_at,updated_by,updated_at) values ("101000120","101000101","102",null,null,null,null,null,null,null,"0","101000102","2021-10-09 00:00:00.0",null,null);
DELETE FROM user_group_functions WHERE id=101000121;
insert into user_group_functions(id,user_group_id,system_function_id,can_view,can_add,can_edit,can_delete,can_execute,can_publish,can_export,is_deleted,created_by,created_at,updated_by,updated_at) values ("101000121","101000101","105",null,null,null,null,null,null,null,"0","101000102","2021-10-09 00:00:00.0",null,null);
DELETE FROM user_group_functions WHERE id=101000122;
insert into user_group_functions(id,user_group_id,system_function_id,can_view,can_add,can_edit,can_delete,can_execute,can_publish,can_export,is_deleted,created_by,created_at,updated_by,updated_at) values ("101000122","101000101","106",null,null,null,null,null,null,null,"0","101000102","2021-10-09 00:00:00.0",null,null);
DELETE FROM user_group_functions WHERE id=101000123;
insert into user_group_functions(id,user_group_id,system_function_id,can_view,can_add,can_edit,can_delete,can_execute,can_publish,can_export,is_deleted,created_by,created_at,updated_by,updated_at) values ("101000123","101000101","108",null,null,null,null,null,null,null,"0","101000102","2021-10-09 00:00:00.0",null,null);
DELETE FROM user_group_functions WHERE id=101000124;
insert into user_group_functions(id,user_group_id,system_function_id,can_view,can_add,can_edit,can_delete,can_execute,can_publish,can_export,is_deleted,created_by,created_at,updated_by,updated_at) values ("101000124","101000101","109",null,null,null,null,null,null,null,"0","101000102","2021-10-09 00:00:00.0",null,null);
DELETE FROM user_group_functions WHERE id=101000125;
insert into user_group_functions(id,user_group_id,system_function_id,can_view,can_add,can_edit,can_delete,can_execute,can_publish,can_export,is_deleted,created_by,created_at,updated_by,updated_at) values ("101000125","101000101","110",null,null,null,null,null,null,null,"0","101000102","2021-10-09 00:00:00.0",null,null);
DELETE FROM user_group_functions WHERE id=101000126;
insert into user_group_functions(id,user_group_id,system_function_id,can_view,can_add,can_edit,can_delete,can_execute,can_publish,can_export,is_deleted,created_by,created_at,updated_by,updated_at) values ("101000126","101000101","111",null,null,null,null,null,null,null,"0","101000102","2021-10-09 00:00:00.0",null,null);
DELETE FROM user_group_functions WHERE id=101000127;
insert into user_group_functions(id,user_group_id,system_function_id,can_view,can_add,can_edit,can_delete,can_execute,can_publish,can_export,is_deleted,created_by,created_at,updated_by,updated_at) values ("101000127","101000101","88",null,null,null,null,null,null,null,"0","101000102","2021-10-09 00:00:00.0",null,null);
DELETE FROM user_group_functions WHERE id=101000128;
insert into user_group_functions(id,user_group_id,system_function_id,can_view,can_add,can_edit,can_delete,can_execute,can_publish,can_export,is_deleted,created_by,created_at,updated_by,updated_at) values ("101000128","101000101","89",null,null,null,null,null,null,null,"0","101000102","2021-10-09 00:00:00.0",null,null);
DELETE FROM user_group_functions WHERE id=101000129;
insert into user_group_functions(id,user_group_id,system_function_id,can_view,can_add,can_edit,can_delete,can_execute,can_publish,can_export,is_deleted,created_by,created_at,updated_by,updated_at) values ("101000129","101000101","28",null,null,null,null,null,null,null,"0","101000102","2021-10-09 00:00:00.0",null,null);
DELETE FROM user_group_functions WHERE id=101000130;
insert into user_group_functions(id,user_group_id,system_function_id,can_view,can_add,can_edit,can_delete,can_execute,can_publish,can_export,is_deleted,created_by,created_at,updated_by,updated_at) values ("101000130","101000101","30",null,null,null,null,null,null,null,"0","101000102","2021-10-09 00:00:00.0",null,null);
DELETE FROM user_group_functions WHERE id=101000131;
insert into user_group_functions(id,user_group_id,system_function_id,can_view,can_add,can_edit,can_delete,can_execute,can_publish,can_export,is_deleted,created_by,created_at,updated_by,updated_at) values ("101000131","101000101","32",null,null,null,null,null,null,null,"0","101000102","2021-10-09 00:00:00.0",null,null);
DELETE FROM user_group_functions WHERE id=101000132;
insert into user_group_functions(id,user_group_id,system_function_id,can_view,can_add,can_edit,can_delete,can_execute,can_publish,can_export,is_deleted,created_by,created_at,updated_by,updated_at) values ("101000132","101000101","38",null,null,null,null,null,null,null,"0","101000102","2021-10-09 00:00:00.0",null,null);
DELETE FROM user_group_functions WHERE id=101000133;
insert into user_group_functions(id,user_group_id,system_function_id,can_view,can_add,can_edit,can_delete,can_execute,can_publish,can_export,is_deleted,created_by,created_at,updated_by,updated_at) values ("101000133","101000101","39",null,null,null,null,null,null,null,"0","101000102","2021-10-09 00:00:00.0",null,null);
DELETE FROM user_group_functions WHERE id=101000134;
insert into user_group_functions(id,user_group_id,system_function_id,can_view,can_add,can_edit,can_delete,can_execute,can_publish,can_export,is_deleted,created_by,created_at,updated_by,updated_at) values ("101000134","101000101","40",null,null,null,null,null,null,null,"0","101000102","2021-10-09 00:00:00.0",null,null);
DELETE FROM user_group_functions WHERE id=101000135;
insert into user_group_functions(id,user_group_id,system_function_id,can_view,can_add,can_edit,can_delete,can_execute,can_publish,can_export,is_deleted,created_by,created_at,updated_by,updated_at) values ("101000135","101000101","41",null,null,null,null,null,null,null,"0","101000102","2021-10-09 00:00:00.0",null,null);
DELETE FROM user_group_functions WHERE id=101000136;
insert into user_group_functions(id,user_group_id,system_function_id,can_view,can_add,can_edit,can_delete,can_execute,can_publish,can_export,is_deleted,created_by,created_at,updated_by,updated_at) values ("101000136","101000101","58",null,null,null,null,null,null,null,"0","101000102","2021-10-09 00:00:00.0",null,null);
DELETE FROM user_group_functions WHERE id=101000137;
insert into user_group_functions(id,user_group_id,system_function_id,can_view,can_add,can_edit,can_delete,can_execute,can_publish,can_export,is_deleted,created_by,created_at,updated_by,updated_at) values ("101000137","101000101","33",null,null,null,null,null,null,null,"0","101000102","2021-10-09 00:00:00.0",null,null);
DELETE FROM user_group_functions WHERE id=101000138;
insert into user_group_functions(id,user_group_id,system_function_id,can_view,can_add,can_edit,can_delete,can_execute,can_publish,can_export,is_deleted,created_by,created_at,updated_by,updated_at) values ("101000138","101000101","34",null,null,null,null,null,null,null,"0","101000102","2021-10-09 00:00:00.0",null,null);
DELETE FROM user_group_functions WHERE id=101000139;
insert into user_group_functions(id,user_group_id,system_function_id,can_view,can_add,can_edit,can_delete,can_execute,can_publish,can_export,is_deleted,created_by,created_at,updated_by,updated_at) values ("101000139","101000101","35",null,null,null,null,null,null,null,"0","101000102","2021-10-09 00:00:00.0",null,null);
DELETE FROM user_group_functions WHERE id=101000140;
insert into user_group_functions(id,user_group_id,system_function_id,can_view,can_add,can_edit,can_delete,can_execute,can_publish,can_export,is_deleted,created_by,created_at,updated_by,updated_at) values ("101000140","101000101","100",null,null,null,null,null,null,null,"0","101000102","2021-10-09 00:00:00.0",null,null);
DELETE FROM user_group_functions WHERE id=101000141;
insert into user_group_functions(id,user_group_id,system_function_id,can_view,can_add,can_edit,can_delete,can_execute,can_publish,can_export,is_deleted,created_by,created_at,updated_by,updated_at) values ("101000141","101000101","36",null,null,null,null,null,null,null,"0","101000102","2021-10-09 00:00:00.0",null,null);
DELETE FROM user_group_functions WHERE id=101000142;
insert into user_group_functions(id,user_group_id,system_function_id,can_view,can_add,can_edit,can_delete,can_execute,can_publish,can_export,is_deleted,created_by,created_at,updated_by,updated_at) values ("101000142","101000101","101",null,null,null,null,null,null,null,"0","101000102","2021-10-09 00:00:00.0",null,null);
DELETE FROM user_group_functions WHERE id=101000143;
insert into user_group_functions(id,user_group_id,system_function_id,can_view,can_add,can_edit,can_delete,can_execute,can_publish,can_export,is_deleted,created_by,created_at,updated_by,updated_at) values ("101000143","101000101","24",null,null,null,null,null,null,null,"0","101000102","2021-10-09 00:00:00.0",null,null);
DELETE FROM user_group_functions WHERE id=101000144;
insert into user_group_functions(id,user_group_id,system_function_id,can_view,can_add,can_edit,can_delete,can_execute,can_publish,can_export,is_deleted,created_by,created_at,updated_by,updated_at) values ("101000144","101000101","22",null,null,null,null,null,null,null,"0","101000102","2021-10-09 00:00:00.0",null,null);
DELETE FROM user_group_functions WHERE id=101000145;
insert into user_group_functions(id,user_group_id,system_function_id,can_view,can_add,can_edit,can_delete,can_execute,can_publish,can_export,is_deleted,created_by,created_at,updated_by,updated_at) values ("101000145","101000101","23",null,null,null,null,null,null,null,"0","101000102","2021-10-09 00:00:00.0",null,null);
DELETE FROM user_group_functions WHERE id=101000146;
insert into user_group_functions(id,user_group_id,system_function_id,can_view,can_add,can_edit,can_delete,can_execute,can_publish,can_export,is_deleted,created_by,created_at,updated_by,updated_at) values ("101000146","101000101","57",null,null,null,null,null,null,null,"0","101000102","2021-10-09 00:00:00.0",null,null);
DELETE FROM user_group_functions WHERE id=101000147;
insert into user_group_functions(id,user_group_id,system_function_id,can_view,can_add,can_edit,can_delete,can_execute,can_publish,can_export,is_deleted,created_by,created_at,updated_by,updated_at) values ("101000147","101000101","103",null,null,null,null,null,null,null,"0","101000102","2021-10-09 00:00:00.0",null,null);
DELETE FROM user_group_functions WHERE id=101000148;
insert into user_group_functions(id,user_group_id,system_function_id,can_view,can_add,can_edit,can_delete,can_execute,can_publish,can_export,is_deleted,created_by,created_at,updated_by,updated_at) values ("101000148","101000101","104",null,null,null,null,null,null,null,"0","101000102","2021-10-09 00:00:00.0",null,null);
DELETE FROM user_group_functions WHERE id=101000149;
insert into user_group_functions(id,user_group_id,system_function_id,can_view,can_add,can_edit,can_delete,can_execute,can_publish,can_export,is_deleted,created_by,created_at,updated_by,updated_at) values ("101000149","101000101","5",null,null,null,null,null,null,null,"0","101000102","2021-10-09 00:00:00.0",null,null);
DELETE FROM user_group_functions WHERE id=101000150;
insert into user_group_functions(id,user_group_id,system_function_id,can_view,can_add,can_edit,can_delete,can_execute,can_publish,can_export,is_deleted,created_by,created_at,updated_by,updated_at) values ("101000150","101000101","107",null,null,null,null,null,null,null,"0","101000102","2021-10-09 00:00:00.0",null,null);
DELETE FROM user_group_functions WHERE id=101000151;
insert into user_group_functions(id,user_group_id,system_function_id,can_view,can_add,can_edit,can_delete,can_execute,can_publish,can_export,is_deleted,created_by,created_at,updated_by,updated_at) values ("101000151","101000101","6",null,null,null,null,null,null,null,"0","101000102","2021-10-09 00:00:00.0",null,null);
DELETE FROM user_group_functions WHERE id=101000152;
insert into user_group_functions(id,user_group_id,system_function_id,can_view,can_add,can_edit,can_delete,can_execute,can_publish,can_export,is_deleted,created_by,created_at,updated_by,updated_at) values ("101000152","101000101","8",null,null,null,null,null,null,null,"0","101000102","2021-10-09 00:00:00.0",null,null);
DELETE FROM user_group_functions WHERE id=101000153;
insert into user_group_functions(id,user_group_id,system_function_id,can_view,can_add,can_edit,can_delete,can_execute,can_publish,can_export,is_deleted,created_by,created_at,updated_by,updated_at) values ("101000153","101000101","9",null,null,null,null,null,null,null,"0","101000102","2021-10-09 00:00:00.0",null,null);
DELETE FROM user_group_functions WHERE id=101000154;
insert into user_group_functions(id,user_group_id,system_function_id,can_view,can_add,can_edit,can_delete,can_execute,can_publish,can_export,is_deleted,created_by,created_at,updated_by,updated_at) values ("101000154","101000101","10",null,null,null,null,null,null,null,"0","101000102","2021-10-09 00:00:00.0",null,null);
DELETE FROM user_group_functions WHERE id=101000155;
insert into user_group_functions(id,user_group_id,system_function_id,can_view,can_add,can_edit,can_delete,can_execute,can_publish,can_export,is_deleted,created_by,created_at,updated_by,updated_at) values ("101000155","101000101","13",null,null,null,null,null,null,null,"0","101000102","2021-10-09 00:00:00.0",null,null);
DELETE FROM user_group_functions WHERE id=101000156;
insert into user_group_functions(id,user_group_id,system_function_id,can_view,can_add,can_edit,can_delete,can_execute,can_publish,can_export,is_deleted,created_by,created_at,updated_by,updated_at) values ("101000156","101000101","14",null,null,null,null,null,null,null,"0","101000102","2021-10-09 00:00:00.0",null,null);
DELETE FROM user_group_functions WHERE id=101000157;
insert into user_group_functions(id,user_group_id,system_function_id,can_view,can_add,can_edit,can_delete,can_execute,can_publish,can_export,is_deleted,created_by,created_at,updated_by,updated_at) values ("101000157","101000101","15",null,null,null,null,null,null,null,"0","101000102","2021-10-09 00:00:00.0",null,null);
DELETE FROM user_group_functions WHERE id=101000158;
insert into user_group_functions(id,user_group_id,system_function_id,can_view,can_add,can_edit,can_delete,can_execute,can_publish,can_export,is_deleted,created_by,created_at,updated_by,updated_at) values ("101000158","101000101","16",null,null,null,null,null,null,null,"0","101000102","2021-10-09 00:00:00.0",null,null);
DELETE FROM user_group_functions WHERE id=101000159;
insert into user_group_functions(id,user_group_id,system_function_id,can_view,can_add,can_edit,can_delete,can_execute,can_publish,can_export,is_deleted,created_by,created_at,updated_by,updated_at) values ("101000159","101000101","56",null,null,null,null,null,null,null,"0","101000102","2021-10-09 00:00:00.0",null,null);
DELETE FROM user_group_functions WHERE id=101000160;
insert into user_group_functions(id,user_group_id,system_function_id,can_view,can_add,can_edit,can_delete,can_execute,can_publish,can_export,is_deleted,created_by,created_at,updated_by,updated_at) values ("101000160","101000101","31",null,null,null,null,null,null,null,"0","101000102","2021-10-09 00:00:00.0",null,null);
DELETE FROM user_group_functions WHERE id=101000161;
insert into user_group_functions(id,user_group_id,system_function_id,can_view,can_add,can_edit,can_delete,can_execute,can_publish,can_export,is_deleted,created_by,created_at,updated_by,updated_at) values ("101000161","101000101","17",null,null,null,null,null,null,null,"0","101000102","2021-10-09 00:00:00.0",null,null);
DELETE FROM user_group_functions WHERE id=101000162;
insert into user_group_functions(id,user_group_id,system_function_id,can_view,can_add,can_edit,can_delete,can_execute,can_publish,can_export,is_deleted,created_by,created_at,updated_by,updated_at) values ("101000162","101000101","18",null,null,null,null,null,null,null,"0","101000102","2021-10-09 00:00:00.0",null,null);
DELETE FROM user_group_functions WHERE id=101000163;
insert into user_group_functions(id,user_group_id,system_function_id,can_view,can_add,can_edit,can_delete,can_execute,can_publish,can_export,is_deleted,created_by,created_at,updated_by,updated_at) values ("101000163","101000101","19",null,null,null,null,null,null,null,"0","101000102","2021-10-09 00:00:00.0",null,null);
DELETE FROM user_group_functions WHERE id=101000164;
insert into user_group_functions(id,user_group_id,system_function_id,can_view,can_add,can_edit,can_delete,can_execute,can_publish,can_export,is_deleted,created_by,created_at,updated_by,updated_at) values ("101000164","101000101","20",null,null,null,null,null,null,null,"0","101000102","2021-10-09 00:00:00.0",null,null);
DELETE FROM user_group_functions WHERE id=101000165;
insert into user_group_functions(id,user_group_id,system_function_id,can_view,can_add,can_edit,can_delete,can_execute,can_publish,can_export,is_deleted,created_by,created_at,updated_by,updated_at) values ("101000165","101000101","21",null,null,null,null,null,null,null,"0","101000102","2021-10-09 00:00:00.0",null,null);
DELETE FROM user_group_functions WHERE id=101000166;
insert into user_group_functions(id,user_group_id,system_function_id,can_view,can_add,can_edit,can_delete,can_execute,can_publish,can_export,is_deleted,created_by,created_at,updated_by,updated_at) values ("101000166","101000101","29",null,null,null,null,null,null,null,"0","101000102","2021-10-09 00:00:00.0",null,null);
DELETE FROM user_group_functions WHERE id=101000167;
insert into user_group_functions(id,user_group_id,system_function_id,can_view,can_add,can_edit,can_delete,can_execute,can_publish,can_export,is_deleted,created_by,created_at,updated_by,updated_at) values ("101000167","101000101","25",null,null,null,null,null,null,null,"0","101000102","2021-10-09 00:00:00.0",null,null);
DELETE FROM user_group_functions WHERE id=101000168;
insert into user_group_functions(id,user_group_id,system_function_id,can_view,can_add,can_edit,can_delete,can_execute,can_publish,can_export,is_deleted,created_by,created_at,updated_by,updated_at) values ("101000168","101000101","37",null,null,null,null,null,null,null,"0","101000102","2021-10-09 00:00:00.0",null,null);
DELETE FROM user_group_functions WHERE id=101000169;
insert into user_group_functions(id,user_group_id,system_function_id,can_view,can_add,can_edit,can_delete,can_execute,can_publish,can_export,is_deleted,created_by,created_at,updated_by,updated_at) values ("101000169","101000101","59","1",null,null,null,"1",null,null,"0","101000102","2021-10-09 00:00:00.0",null,null);
DELETE FROM user_group_functions WHERE id=101000170;
insert into user_group_functions(id,user_group_id,system_function_id,can_view,can_add,can_edit,can_delete,can_execute,can_publish,can_export,is_deleted,created_by,created_at,updated_by,updated_at) values ("101000170","101000101","60","1",null,null,null,"1",null,null,"0","101000102","2021-10-09 00:00:00.0",null,null);
DELETE FROM user_group_functions WHERE id=101000171;
insert into user_group_functions(id,user_group_id,system_function_id,can_view,can_add,can_edit,can_delete,can_execute,can_publish,can_export,is_deleted,created_by,created_at,updated_by,updated_at) values ("101000171","101000101","61",null,null,null,null,null,null,null,"0","101000102","2021-10-09 00:00:00.0",null,null);
DELETE FROM user_group_functions WHERE id=101000172;
insert into user_group_functions(id,user_group_id,system_function_id,can_view,can_add,can_edit,can_delete,can_execute,can_publish,can_export,is_deleted,created_by,created_at,updated_by,updated_at) values ("101000172","101000101","62",null,null,null,null,null,null,null,"0","101000102","2021-10-09 00:00:00.0",null,null);
DELETE FROM user_group_functions WHERE id=101000173;
insert into user_group_functions(id,user_group_id,system_function_id,can_view,can_add,can_edit,can_delete,can_execute,can_publish,can_export,is_deleted,created_by,created_at,updated_by,updated_at) values ("101000173","101000101","63",null,null,null,null,null,null,null,"0","101000102","2021-10-09 00:00:00.0",null,null);
DELETE FROM user_group_functions WHERE id=101000174;
insert into user_group_functions(id,user_group_id,system_function_id,can_view,can_add,can_edit,can_delete,can_execute,can_publish,can_export,is_deleted,created_by,created_at,updated_by,updated_at) values ("101000174","101000101","64",null,null,null,null,null,null,null,"0","101000102","2021-10-09 00:00:00.0",null,null);
DELETE FROM user_group_functions WHERE id=101000175;
insert into user_group_functions(id,user_group_id,system_function_id,can_view,can_add,can_edit,can_delete,can_execute,can_publish,can_export,is_deleted,created_by,created_at,updated_by,updated_at) values ("101000175","101000101","65",null,null,null,null,null,null,null,"0","101000102","2021-10-09 00:00:00.0",null,null);
DELETE FROM user_group_functions WHERE id=101000176;
insert into user_group_functions(id,user_group_id,system_function_id,can_view,can_add,can_edit,can_delete,can_execute,can_publish,can_export,is_deleted,created_by,created_at,updated_by,updated_at) values ("101000176","101000101","70",null,null,null,null,null,null,null,"0","101000102","2021-10-09 00:00:00.0",null,null);
DELETE FROM user_group_functions WHERE id=101000177;
insert into user_group_functions(id,user_group_id,system_function_id,can_view,can_add,can_edit,can_delete,can_execute,can_publish,can_export,is_deleted,created_by,created_at,updated_by,updated_at) values ("101000177","101000101","44","1","1","1","1","1",null,"1","0","101000102","2021-10-09 00:00:00.0",null,null);
DELETE FROM user_group_functions WHERE id=101000178;
insert into user_group_functions(id,user_group_id,system_function_id,can_view,can_add,can_edit,can_delete,can_execute,can_publish,can_export,is_deleted,created_by,created_at,updated_by,updated_at) values ("101000178","101000101","45","1","1","1","1",null,null,"1","0","101000102","2021-10-09 00:00:00.0",null,null);
DELETE FROM user_group_functions WHERE id=101000179;
insert into user_group_functions(id,user_group_id,system_function_id,can_view,can_add,can_edit,can_delete,can_execute,can_publish,can_export,is_deleted,created_by,created_at,updated_by,updated_at) values ("101000179","101000101","46",null,null,null,null,null,null,null,"0","101000102","2021-10-09 00:00:00.0",null,null);
DELETE FROM user_group_functions WHERE id=101000180;
insert into user_group_functions(id,user_group_id,system_function_id,can_view,can_add,can_edit,can_delete,can_execute,can_publish,can_export,is_deleted,created_by,created_at,updated_by,updated_at) values ("101000180","101000101","47",null,null,null,null,null,null,null,"0","101000102","2021-10-09 00:00:00.0",null,null);
DELETE FROM user_group_functions WHERE id=101000181;
insert into user_group_functions(id,user_group_id,system_function_id,can_view,can_add,can_edit,can_delete,can_execute,can_publish,can_export,is_deleted,created_by,created_at,updated_by,updated_at) values ("101000181","101000101","67","1",null,null,null,"1",null,null,"0","101000102","2021-10-09 00:00:00.0",null,null);
DELETE FROM user_group_functions WHERE id=101000182;
insert into user_group_functions(id,user_group_id,system_function_id,can_view,can_add,can_edit,can_delete,can_execute,can_publish,can_export,is_deleted,created_by,created_at,updated_by,updated_at) values ("101000182","101000101","68","1",null,null,null,"1",null,null,"0","101000102","2021-10-09 00:00:00.0",null,null);
DELETE FROM user_group_functions WHERE id=101000183;
insert into user_group_functions(id,user_group_id,system_function_id,can_view,can_add,can_edit,can_delete,can_execute,can_publish,can_export,is_deleted,created_by,created_at,updated_by,updated_at) values ("101000183","101000101","69","1",null,null,null,"1",null,null,"0","101000102","2021-10-09 00:00:00.0",null,null);
DELETE FROM user_group_functions WHERE id=101000184;
insert into user_group_functions(id,user_group_id,system_function_id,can_view,can_add,can_edit,can_delete,can_execute,can_publish,can_export,is_deleted,created_by,created_at,updated_by,updated_at) values ("101000184","101000101","48","1","1","1","1",null,null,"1","0","101000102","2021-10-09 00:00:00.0",null,null);
DELETE FROM user_group_functions WHERE id=101000185;
insert into user_group_functions(id,user_group_id,system_function_id,can_view,can_add,can_edit,can_delete,can_execute,can_publish,can_export,is_deleted,created_by,created_at,updated_by,updated_at) values ("101000185","101000101","81",null,null,null,null,null,null,null,"0","101000102","2021-10-09 00:00:00.0",null,null);
DELETE FROM user_group_functions WHERE id=101000186;
insert into user_group_functions(id,user_group_id,system_function_id,can_view,can_add,can_edit,can_delete,can_execute,can_publish,can_export,is_deleted,created_by,created_at,updated_by,updated_at) values ("101000186","101000101","49",null,null,null,null,null,null,null,"0","101000102","2021-10-09 00:00:00.0",null,null);
DELETE FROM user_group_functions WHERE id=101000187;
insert into user_group_functions(id,user_group_id,system_function_id,can_view,can_add,can_edit,can_delete,can_execute,can_publish,can_export,is_deleted,created_by,created_at,updated_by,updated_at) values ("101000187","101000101","50",null,null,null,null,null,null,null,"0","101000102","2021-10-09 00:00:00.0",null,null);
DELETE FROM user_group_functions WHERE id=101000188;
insert into user_group_functions(id,user_group_id,system_function_id,can_view,can_add,can_edit,can_delete,can_execute,can_publish,can_export,is_deleted,created_by,created_at,updated_by,updated_at) values ("101000188","101000101","51",null,null,null,null,null,null,null,"0","101000102","2021-10-09 00:00:00.0",null,null);
DELETE FROM user_group_functions WHERE id=101000189;
insert into user_group_functions(id,user_group_id,system_function_id,can_view,can_add,can_edit,can_delete,can_execute,can_publish,can_export,is_deleted,created_by,created_at,updated_by,updated_at) values ("101000189","101000101","99",null,null,null,null,null,null,null,"0","101000102","2021-10-09 00:00:00.0",null,null);
DELETE FROM user_group_functions WHERE id=101000190;
insert into user_group_functions(id,user_group_id,system_function_id,can_view,can_add,can_edit,can_delete,can_execute,can_publish,can_export,is_deleted,created_by,created_at,updated_by,updated_at) values ("101000190","101000101","78",null,null,null,null,null,null,null,"0","101000102","2021-10-09 00:00:00.0",null,null);
DELETE FROM user_group_functions WHERE id=101000191;
insert into user_group_functions(id,user_group_id,system_function_id,can_view,can_add,can_edit,can_delete,can_execute,can_publish,can_export,is_deleted,created_by,created_at,updated_by,updated_at) values ("101000191","101000101","98",null,null,null,null,null,null,null,"0","101000102","2021-10-09 00:00:00.0",null,null);
DELETE FROM user_group_functions WHERE id=101000192;
insert into user_group_functions(id,user_group_id,system_function_id,can_view,can_add,can_edit,can_delete,can_execute,can_publish,can_export,is_deleted,created_by,created_at,updated_by,updated_at) values ("101000192","101000101","73",null,null,null,null,null,null,null,"0","101000102","2021-10-09 00:00:00.0",null,null);
DELETE FROM user_group_functions WHERE id=101000193;
insert into user_group_functions(id,user_group_id,system_function_id,can_view,can_add,can_edit,can_delete,can_execute,can_publish,can_export,is_deleted,created_by,created_at,updated_by,updated_at) values ("101000193","101000101","74",null,null,null,null,null,null,null,"0","101000102","2021-10-09 00:00:00.0",null,null);
DELETE FROM user_group_functions WHERE id=101000194;
insert into user_group_functions(id,user_group_id,system_function_id,can_view,can_add,can_edit,can_delete,can_execute,can_publish,can_export,is_deleted,created_by,created_at,updated_by,updated_at) values ("101000194","101000101","76",null,null,null,null,null,null,null,"0","101000102","2021-10-09 00:00:00.0",null,null);
DELETE FROM user_group_functions WHERE id=101000195;
insert into user_group_functions(id,user_group_id,system_function_id,can_view,can_add,can_edit,can_delete,can_execute,can_publish,can_export,is_deleted,created_by,created_at,updated_by,updated_at) values ("101000195","101000101","83",null,null,null,null,null,null,null,"0","101000102","2021-10-09 00:00:00.0",null,null);
DELETE FROM user_group_functions WHERE id=101000196;
insert into user_group_functions(id,user_group_id,system_function_id,can_view,can_add,can_edit,can_delete,can_execute,can_publish,can_export,is_deleted,created_by,created_at,updated_by,updated_at) values ("101000196","101000101","86",null,null,null,null,null,null,null,"0","101000102","2021-10-09 00:00:00.0",null,null);
DELETE FROM user_group_functions WHERE id=101000197;
insert into user_group_functions(id,user_group_id,system_function_id,can_view,can_add,can_edit,can_delete,can_execute,can_publish,can_export,is_deleted,created_by,created_at,updated_by,updated_at) values ("101000197","101000101","77",null,null,null,null,null,null,null,"0","101000102","2021-10-09 00:00:00.0",null,null);
DELETE FROM user_group_functions WHERE id=101000198;
insert into user_group_functions(id,user_group_id,system_function_id,can_view,can_add,can_edit,can_delete,can_execute,can_publish,can_export,is_deleted,created_by,created_at,updated_by,updated_at) values ("101000198","101000101","72",null,null,null,null,null,null,null,"0","101000102","2021-10-09 00:00:00.0",null,null);
DELETE FROM user_group_functions WHERE id=101000199;
insert into user_group_functions(id,user_group_id,system_function_id,can_view,can_add,can_edit,can_delete,can_execute,can_publish,can_export,is_deleted,created_by,created_at,updated_by,updated_at) values ("101000199","101000101","75",null,null,null,null,null,null,null,"0","101000102","2021-10-09 00:00:00.0",null,null);
DELETE FROM user_group_functions WHERE id=101000200;
insert into user_group_functions(id,user_group_id,system_function_id,can_view,can_add,can_edit,can_delete,can_execute,can_publish,can_export,is_deleted,created_by,created_at,updated_by,updated_at) values ("101000200","101000101","82",null,null,null,null,null,null,null,"0","101000102","2021-10-09 00:00:00.0",null,null);
DELETE FROM user_group_functions WHERE id=101000201;
insert into user_group_functions(id,user_group_id,system_function_id,can_view,can_add,can_edit,can_delete,can_execute,can_publish,can_export,is_deleted,created_by,created_at,updated_by,updated_at) values ("101000201","101000101","84",null,null,null,null,null,null,null,"0","101000102","2021-10-09 00:00:00.0",null,null);
DELETE FROM user_group_functions WHERE id=101000202;
insert into user_group_functions(id,user_group_id,system_function_id,can_view,can_add,can_edit,can_delete,can_execute,can_publish,can_export,is_deleted,created_by,created_at,updated_by,updated_at) values ("101000202","101000101","85",null,null,null,null,null,null,null,"0","101000102","2021-10-09 00:00:00.0",null,null);
DELETE FROM stock_items WHERE id=101000116;
insert into stock_items(id,code,name,description,supplier_product_code,stock_item_attributes,stock_item_location,stock_item_category_id,prd_department_id,part_no,market_valuation_method,movement_method,uom_id,item_weight,qty_on_hand,unit_price,optimum_level,reorder_level,reorder_qty,preferred_supplier_id,last_purchase_unit_price,last_purchase_supplier_id,tax_id,tax_calculation_method,is_service_item,is_valid,is_manufactured,is_sellable,is_semi_finished,is_finished,sales_margin,is_sales_margin_percent,tax_percentage,qty_manufactured,top_consumption_rank,created_by,created_at,updated_by,updated_at,is_system,is_deleted) values ("101000116","116","Glass","",null,null,null,"1",null,null,"0",null,"27","1.00000",null,"1.00000",null,null,null,null,null,null,"1","0","0","1","0","1","0","0","0","0","0.00",null,"0","0","2021-10-09 01:10:30.0","0","2021-10-09 01:13:24.0","0","0");
DELETE FROM sale_items WHERE id=101000116;
insert into sale_items(id,stock_item_id,stock_item_code,code,hsn_code,is_group_item,group_item_id,is_combo_item,name,description,sub_class_id,is_valid,is_manufactured,alternative_name,is_printable_to_kitchen,name_to_print,alternative_name_to_print,barcode,is_open,qty_on_hand,uom_id,item_weight,profit_category_id,prd_department_id,tax_id,tax_exemption,tax_group_id,tax_id_home_service,tax_id_table_service,tax_id_take_away_service,fixed_price,whls_price,is_whls_price_pc,item_cost,tax_calculation_method,taxation_based_on,is_require_weighing,display_order,best_before,is_hot_item_1,hot_item_1_display_order,is_hot_item_2,hot_item_2_display_order,is_hot_item_3,hot_item_3_display_order,fg_color,bg_color,attrib1_name,attrib1_options,attrib2_name,attrib2_options,attrib3_name,attrib3_options,attrib4_name,attrib4_options,attrib5_name,attrib5_options,tag1,tag2,tag3,tag4,tag5,choice_ids,created_by,created_at,updated_by,updated_at,is_deleted,is_system,item_thumb,sys_sale_flag) values ("101000116","101000116",null,"116","","0",null,"0","Glass","","101000104","1","0","","1","","","","1",null,"27","1.00000",null,null,"1","0","1",null,null,null,"1.00000","0.00000","0","0.00000","0","0","0",null,null,"0",null,"0",null,"0",null,"#FFFFFF","#A9A9A9","",null,null,null,null,null,null,null,null,null,null,null,null,null,null,"","0","2021-10-09 13:10:30.0","0","2021-10-09 13:13:24.0","0","0","","1");
DELETE FROM stock_items WHERE id=101000117;
insert into stock_items(id,code,name,description,supplier_product_code,stock_item_attributes,stock_item_location,stock_item_category_id,prd_department_id,part_no,market_valuation_method,movement_method,uom_id,item_weight,qty_on_hand,unit_price,optimum_level,reorder_level,reorder_qty,preferred_supplier_id,last_purchase_unit_price,last_purchase_supplier_id,tax_id,tax_calculation_method,is_service_item,is_valid,is_manufactured,is_sellable,is_semi_finished,is_finished,sales_margin,is_sales_margin_percent,tax_percentage,qty_manufactured,top_consumption_rank,created_by,created_at,updated_by,updated_at,is_system,is_deleted) values ("101000117","117","Plate","",null,null,null,"1",null,null,"0",null,"27","1.00000",null,"1.00000",null,null,null,null,null,null,"1","0","0","1","0","1","0","0","0","0","0.00",null,"0","0","2021-10-09 01:11:15.0",null,null,"0","0");
DELETE FROM sale_items WHERE id=101000117;
insert into sale_items(id,stock_item_id,stock_item_code,code,hsn_code,is_group_item,group_item_id,is_combo_item,name,description,sub_class_id,is_valid,is_manufactured,alternative_name,is_printable_to_kitchen,name_to_print,alternative_name_to_print,barcode,is_open,qty_on_hand,uom_id,item_weight,profit_category_id,prd_department_id,tax_id,tax_exemption,tax_group_id,tax_id_home_service,tax_id_table_service,tax_id_take_away_service,fixed_price,whls_price,is_whls_price_pc,item_cost,tax_calculation_method,taxation_based_on,is_require_weighing,display_order,best_before,is_hot_item_1,hot_item_1_display_order,is_hot_item_2,hot_item_2_display_order,is_hot_item_3,hot_item_3_display_order,fg_color,bg_color,attrib1_name,attrib1_options,attrib2_name,attrib2_options,attrib3_name,attrib3_options,attrib4_name,attrib4_options,attrib5_name,attrib5_options,tag1,tag2,tag3,tag4,tag5,choice_ids,created_by,created_at,updated_by,updated_at,is_deleted,is_system,item_thumb,sys_sale_flag) values ("101000117","101000117",null,"117","","0",null,"0","Plate","","101000104","1","0","","1","","","","1",null,"27","1.00000",null,null,"1","0","1",null,null,null,"1.00000","0.00000","0","0.00000","0","0","0",null,null,"0",null,"0",null,"0",null,"#FFFFFF","#A9A9A9","",null,null,null,null,null,null,null,null,null,null,null,null,null,null,"","0","2021-10-09 13:11:15.0",null,null,"0","0","","1");
update taxes set is_deleted=1 where id =101000101;
update user_group_functions set id="101000121", user_group_id="101000101", system_function_id="105", can_view=null, can_add=null, can_edit=null, can_delete=null, can_execute=null, can_publish=null, can_export=null, is_deleted="0", created_by="101000102", created_at="2021-10-09 00:00:00.0", updated_by=null, updated_at=null where id=101000121 and is_deleted = 0 and is_synchable = 1;
update user_group_functions set id="101000122", user_group_id="101000101", system_function_id="106", can_view=null, can_add=null, can_edit=null, can_delete=null, can_execute=null, can_publish=null, can_export=null, is_deleted="0", created_by="101000102", created_at="2021-10-09 00:00:00.0", updated_by=null, updated_at=null where id=101000122 and is_deleted = 0 and is_synchable = 1;
update user_group_functions set id="101000123", user_group_id="101000101", system_function_id="108", can_view=null, can_add=null, can_edit=null, can_delete=null, can_execute=null, can_publish=null, can_export=null, is_deleted="0", created_by="101000102", created_at="2021-10-09 00:00:00.0", updated_by=null, updated_at=null where id=101000123 and is_deleted = 0 and is_synchable = 1;
update user_group_functions set id="101000124", user_group_id="101000101", system_function_id="109", can_view=null, can_add=null, can_edit=null, can_delete=null, can_execute=null, can_publish=null, can_export=null, is_deleted="0", created_by="101000102", created_at="2021-10-09 00:00:00.0", updated_by=null, updated_at=null where id=101000124 and is_deleted = 0 and is_synchable = 1;
update user_group_functions set id="101000125", user_group_id="101000101", system_function_id="110", can_view=null, can_add=null, can_edit=null, can_delete=null, can_execute=null, can_publish=null, can_export=null, is_deleted="0", created_by="101000102", created_at="2021-10-09 00:00:00.0", updated_by=null, updated_at=null where id=101000125 and is_deleted = 0 and is_synchable = 1;
update user_group_functions set id="101000126", user_group_id="101000101", system_function_id="111", can_view=null, can_add=null, can_edit=null, can_delete=null, can_execute=null, can_publish=null, can_export=null, is_deleted="0", created_by="101000102", created_at="2021-10-09 00:00:00.0", updated_by=null, updated_at=null where id=101000126 and is_deleted = 0 and is_synchable = 1;
update user_group_functions set id="101000127", user_group_id="101000101", system_function_id="88", can_view=null, can_add=null, can_edit=null, can_delete=null, can_execute=null, can_publish=null, can_export=null, is_deleted="0", created_by="101000102", created_at="2021-10-09 00:00:00.0", updated_by=null, updated_at=null where id=101000127 and is_deleted = 0 and is_synchable = 1;
update user_group_functions set id="101000128", user_group_id="101000101", system_function_id="89", can_view=null, can_add=null, can_edit=null, can_delete=null, can_execute=null, can_publish=null, can_export=null, is_deleted="0", created_by="101000102", created_at="2021-10-09 00:00:00.0", updated_by=null, updated_at=null where id=101000128 and is_deleted = 0 and is_synchable = 1;
update user_group_functions set id="101000129", user_group_id="101000101", system_function_id="28", can_view=null, can_add=null, can_edit=null, can_delete=null, can_execute=null, can_publish=null, can_export=null, is_deleted="0", created_by="101000102", created_at="2021-10-09 00:00:00.0", updated_by=null, updated_at=null where id=101000129 and is_deleted = 0 and is_synchable = 1;
update user_group_functions set id="101000130", user_group_id="101000101", system_function_id="30", can_view=null, can_add=null, can_edit=null, can_delete=null, can_execute=null, can_publish=null, can_export=null, is_deleted="0", created_by="101000102", created_at="2021-10-09 00:00:00.0", updated_by=null, updated_at=null where id=101000130 and is_deleted = 0 and is_synchable = 1;
update user_group_functions set id="101000131", user_group_id="101000101", system_function_id="32", can_view=null, can_add=null, can_edit=null, can_delete=null, can_execute=null, can_publish=null, can_export=null, is_deleted="0", created_by="101000102", created_at="2021-10-09 00:00:00.0", updated_by=null, updated_at=null where id=101000131 and is_deleted = 0 and is_synchable = 1;
update user_group_functions set id="101000132", user_group_id="101000101", system_function_id="38", can_view=null, can_add=null, can_edit=null, can_delete=null, can_execute=null, can_publish=null, can_export=null, is_deleted="0", created_by="101000102", created_at="2021-10-09 00:00:00.0", updated_by=null, updated_at=null where id=101000132 and is_deleted = 0 and is_synchable = 1;
update user_group_functions set id="101000133", user_group_id="101000101", system_function_id="39", can_view=null, can_add=null, can_edit=null, can_delete=null, can_execute=null, can_publish=null, can_export=null, is_deleted="0", created_by="101000102", created_at="2021-10-09 00:00:00.0", updated_by=null, updated_at=null where id=101000133 and is_deleted = 0 and is_synchable = 1;
update user_group_functions set id="101000134", user_group_id="101000101", system_function_id="40", can_view=null, can_add=null, can_edit=null, can_delete=null, can_execute=null, can_publish=null, can_export=null, is_deleted="0", created_by="101000102", created_at="2021-10-09 00:00:00.0", updated_by=null, updated_at=null where id=101000134 and is_deleted = 0 and is_synchable = 1;
update user_group_functions set id="101000135", user_group_id="101000101", system_function_id="41", can_view=null, can_add=null, can_edit=null, can_delete=null, can_execute=null, can_publish=null, can_export=null, is_deleted="0", created_by="101000102", created_at="2021-10-09 00:00:00.0", updated_by=null, updated_at=null where id=101000135 and is_deleted = 0 and is_synchable = 1;
update user_group_functions set id="101000136", user_group_id="101000101", system_function_id="58", can_view=null, can_add=null, can_edit=null, can_delete=null, can_execute=null, can_publish=null, can_export=null, is_deleted="0", created_by="101000102", created_at="2021-10-09 00:00:00.0", updated_by=null, updated_at=null where id=101000136 and is_deleted = 0 and is_synchable = 1;
update user_group_functions set id="101000137", user_group_id="101000101", system_function_id="33", can_view=null, can_add=null, can_edit=null, can_delete=null, can_execute=null, can_publish=null, can_export=null, is_deleted="0", created_by="101000102", created_at="2021-10-09 00:00:00.0", updated_by=null, updated_at=null where id=101000137 and is_deleted = 0 and is_synchable = 1;
update user_group_functions set id="101000138", user_group_id="101000101", system_function_id="34", can_view=null, can_add=null, can_edit=null, can_delete=null, can_execute=null, can_publish=null, can_export=null, is_deleted="0", created_by="101000102", created_at="2021-10-09 00:00:00.0", updated_by=null, updated_at=null where id=101000138 and is_deleted = 0 and is_synchable = 1;
update user_group_functions set id="101000139", user_group_id="101000101", system_function_id="35", can_view=null, can_add=null, can_edit=null, can_delete=null, can_execute=null, can_publish=null, can_export=null, is_deleted="0", created_by="101000102", created_at="2021-10-09 00:00:00.0", updated_by=null, updated_at=null where id=101000139 and is_deleted = 0 and is_synchable = 1;
update user_group_functions set id="101000140", user_group_id="101000101", system_function_id="100", can_view=null, can_add=null, can_edit=null, can_delete=null, can_execute=null, can_publish=null, can_export=null, is_deleted="0", created_by="101000102", created_at="2021-10-09 00:00:00.0", updated_by=null, updated_at=null where id=101000140 and is_deleted = 0 and is_synchable = 1;
update user_group_functions set id="101000141", user_group_id="101000101", system_function_id="36", can_view=null, can_add=null, can_edit=null, can_delete=null, can_execute=null, can_publish=null, can_export=null, is_deleted="0", created_by="101000102", created_at="2021-10-09 00:00:00.0", updated_by=null, updated_at=null where id=101000141 and is_deleted = 0 and is_synchable = 1;
update user_group_functions set id="101000142", user_group_id="101000101", system_function_id="101", can_view=null, can_add=null, can_edit=null, can_delete=null, can_execute=null, can_publish=null, can_export=null, is_deleted="0", created_by="101000102", created_at="2021-10-09 00:00:00.0", updated_by=null, updated_at=null where id=101000142 and is_deleted = 0 and is_synchable = 1;
update user_group_functions set id="101000143", user_group_id="101000101", system_function_id="24", can_view=null, can_add=null, can_edit=null, can_delete=null, can_execute=null, can_publish=null, can_export=null, is_deleted="0", created_by="101000102", created_at="2021-10-09 00:00:00.0", updated_by=null, updated_at=null where id=101000143 and is_deleted = 0 and is_synchable = 1;
update user_group_functions set id="101000144", user_group_id="101000101", system_function_id="22", can_view=null, can_add=null, can_edit=null, can_delete=null, can_execute=null, can_publish=null, can_export=null, is_deleted="0", created_by="101000102", created_at="2021-10-09 00:00:00.0", updated_by=null, updated_at=null where id=101000144 and is_deleted = 0 and is_synchable = 1;
update user_group_functions set id="101000145", user_group_id="101000101", system_function_id="23", can_view=null, can_add=null, can_edit=null, can_delete=null, can_execute=null, can_publish=null, can_export=null, is_deleted="0", created_by="101000102", created_at="2021-10-09 00:00:00.0", updated_by=null, updated_at=null where id=101000145 and is_deleted = 0 and is_synchable = 1;
update user_group_functions set id="101000146", user_group_id="101000101", system_function_id="57", can_view=null, can_add=null, can_edit=null, can_delete=null, can_execute=null, can_publish=null, can_export=null, is_deleted="0", created_by="101000102", created_at="2021-10-09 00:00:00.0", updated_by=null, updated_at=null where id=101000146 and is_deleted = 0 and is_synchable = 1;
update user_group_functions set id="101000147", user_group_id="101000101", system_function_id="103", can_view=null, can_add=null, can_edit=null, can_delete=null, can_execute=null, can_publish=null, can_export=null, is_deleted="0", created_by="101000102", created_at="2021-10-09 00:00:00.0", updated_by=null, updated_at=null where id=101000147 and is_deleted = 0 and is_synchable = 1;
update user_group_functions set id="101000148", user_group_id="101000101", system_function_id="104", can_view=null, can_add=null, can_edit=null, can_delete=null, can_execute=null, can_publish=null, can_export=null, is_deleted="0", created_by="101000102", created_at="2021-10-09 00:00:00.0", updated_by=null, updated_at=null where id=101000148 and is_deleted = 0 and is_synchable = 1;
update user_group_functions set id="101000149", user_group_id="101000101", system_function_id="5", can_view=null, can_add=null, can_edit=null, can_delete=null, can_execute=null, can_publish=null, can_export=null, is_deleted="0", created_by="101000102", created_at="2021-10-09 00:00:00.0", updated_by=null, updated_at=null where id=101000149 and is_deleted = 0 and is_synchable = 1;
update user_group_functions set id="101000150", user_group_id="101000101", system_function_id="107", can_view=null, can_add=null, can_edit=null, can_delete=null, can_execute=null, can_publish=null, can_export=null, is_deleted="0", created_by="101000102", created_at="2021-10-09 00:00:00.0", updated_by=null, updated_at=null where id=101000150 and is_deleted = 0 and is_synchable = 1;
update user_group_functions set id="101000151", user_group_id="101000101", system_function_id="6", can_view=null, can_add=null, can_edit=null, can_delete=null, can_execute=null, can_publish=null, can_export=null, is_deleted="0", created_by="101000102", created_at="2021-10-09 00:00:00.0", updated_by=null, updated_at=null where id=101000151 and is_deleted = 0 and is_synchable = 1;
update user_group_functions set id="101000152", user_group_id="101000101", system_function_id="8", can_view=null, can_add=null, can_edit=null, can_delete=null, can_execute=null, can_publish=null, can_export=null, is_deleted="0", created_by="101000102", created_at="2021-10-09 00:00:00.0", updated_by=null, updated_at=null where id=101000152 and is_deleted = 0 and is_synchable = 1;
update user_group_functions set id="101000153", user_group_id="101000101", system_function_id="9", can_view=null, can_add=null, can_edit=null, can_delete=null, can_execute=null, can_publish=null, can_export=null, is_deleted="0", created_by="101000102", created_at="2021-10-09 00:00:00.0", updated_by=null, updated_at=null where id=101000153 and is_deleted = 0 and is_synchable = 1;
update user_group_functions set id="101000154", user_group_id="101000101", system_function_id="10", can_view=null, can_add=null, can_edit=null, can_delete=null, can_execute=null, can_publish=null, can_export=null, is_deleted="0", created_by="101000102", created_at="2021-10-09 00:00:00.0", updated_by=null, updated_at=null where id=101000154 and is_deleted = 0 and is_synchable = 1;
update user_group_functions set id="101000155", user_group_id="101000101", system_function_id="13", can_view=null, can_add=null, can_edit=null, can_delete=null, can_execute=null, can_publish=null, can_export=null, is_deleted="0", created_by="101000102", created_at="2021-10-09 00:00:00.0", updated_by=null, updated_at=null where id=101000155 and is_deleted = 0 and is_synchable = 1;
update user_group_functions set id="101000156", user_group_id="101000101", system_function_id="14", can_view=null, can_add=null, can_edit=null, can_delete=null, can_execute=null, can_publish=null, can_export=null, is_deleted="0", created_by="101000102", created_at="2021-10-09 00:00:00.0", updated_by=null, updated_at=null where id=101000156 and is_deleted = 0 and is_synchable = 1;
update user_group_functions set id="101000157", user_group_id="101000101", system_function_id="15", can_view=null, can_add=null, can_edit=null, can_delete=null, can_execute=null, can_publish=null, can_export=null, is_deleted="0", created_by="101000102", created_at="2021-10-09 00:00:00.0", updated_by=null, updated_at=null where id=101000157 and is_deleted = 0 and is_synchable = 1;
update user_group_functions set id="101000158", user_group_id="101000101", system_function_id="16", can_view=null, can_add=null, can_edit=null, can_delete=null, can_execute=null, can_publish=null, can_export=null, is_deleted="0", created_by="101000102", created_at="2021-10-09 00:00:00.0", updated_by=null, updated_at=null where id=101000158 and is_deleted = 0 and is_synchable = 1;
update user_group_functions set id="101000159", user_group_id="101000101", system_function_id="56", can_view=null, can_add=null, can_edit=null, can_delete=null, can_execute=null, can_publish=null, can_export=null, is_deleted="0", created_by="101000102", created_at="2021-10-09 00:00:00.0", updated_by=null, updated_at=null where id=101000159 and is_deleted = 0 and is_synchable = 1;
update user_group_functions set id="101000164", user_group_id="101000101", system_function_id="20", can_view=null, can_add=null, can_edit=null, can_delete=null, can_execute=null, can_publish=null, can_export=null, is_deleted="0", created_by="101000102", created_at="2021-10-09 00:00:00.0", updated_by=null, updated_at=null where id=101000164 and is_deleted = 0 and is_synchable = 1;
update user_group_functions set id="101000165", user_group_id="101000101", system_function_id="21", can_view=null, can_add=null, can_edit=null, can_delete=null, can_execute=null, can_publish=null, can_export=null, is_deleted="0", created_by="101000102", created_at="2021-10-09 00:00:00.0", updated_by=null, updated_at=null where id=101000165 and is_deleted = 0 and is_synchable = 1;
update user_group_functions set id="101000160", user_group_id="101000101", system_function_id="31", can_view=null, can_add=null, can_edit=null, can_delete=null, can_execute=null, can_publish=null, can_export=null, is_deleted="0", created_by="101000102", created_at="2021-10-09 00:00:00.0", updated_by=null, updated_at=null where id=101000160 and is_deleted = 0 and is_synchable = 1;
update user_group_functions set id="101000161", user_group_id="101000101", system_function_id="17", can_view=null, can_add=null, can_edit=null, can_delete=null, can_execute=null, can_publish=null, can_export=null, is_deleted="0", created_by="101000102", created_at="2021-10-09 00:00:00.0", updated_by=null, updated_at=null where id=101000161 and is_deleted = 0 and is_synchable = 1;
update user_group_functions set id="101000162", user_group_id="101000101", system_function_id="18", can_view=null, can_add=null, can_edit=null, can_delete=null, can_execute=null, can_publish=null, can_export=null, is_deleted="0", created_by="101000102", created_at="2021-10-09 00:00:00.0", updated_by=null, updated_at=null where id=101000162 and is_deleted = 0 and is_synchable = 1;
update user_group_functions set id="101000163", user_group_id="101000101", system_function_id="19", can_view=null, can_add=null, can_edit=null, can_delete=null, can_execute=null, can_publish=null, can_export=null, is_deleted="0", created_by="101000102", created_at="2021-10-09 00:00:00.0", updated_by=null, updated_at=null where id=101000163 and is_deleted = 0 and is_synchable = 1;
update user_group_functions set id="101000166", user_group_id="101000101", system_function_id="29", can_view=null, can_add=null, can_edit=null, can_delete=null, can_execute=null, can_publish=null, can_export=null, is_deleted="0", created_by="101000102", created_at="2021-10-09 00:00:00.0", updated_by=null, updated_at=null where id=101000166 and is_deleted = 0 and is_synchable = 1;
update user_group_functions set id="101000167", user_group_id="101000101", system_function_id="25", can_view=null, can_add=null, can_edit=null, can_delete=null, can_execute=null, can_publish=null, can_export=null, is_deleted="0", created_by="101000102", created_at="2021-10-09 00:00:00.0", updated_by=null, updated_at=null where id=101000167 and is_deleted = 0 and is_synchable = 1;
update user_group_functions set id="101000168", user_group_id="101000101", system_function_id="37", can_view=null, can_add=null, can_edit=null, can_delete=null, can_execute=null, can_publish=null, can_export=null, is_deleted="0", created_by="101000102", created_at="2021-10-09 00:00:00.0", updated_by=null, updated_at=null where id=101000168 and is_deleted = 0 and is_synchable = 1;
update user_group_functions set id="101000169", user_group_id="101000101", system_function_id="59", can_view="1", can_add=null, can_edit=null, can_delete=null, can_execute="1", can_publish=null, can_export=null, is_deleted="0", created_by="101000102", created_at="2021-10-09 00:00:00.0", updated_by=null, updated_at=null where id=101000169 and is_deleted = 0 and is_synchable = 1;
update user_group_functions set id="101000170", user_group_id="101000101", system_function_id="60", can_view="1", can_add=null, can_edit=null, can_delete=null, can_execute="1", can_publish=null, can_export=null, is_deleted="0", created_by="101000102", created_at="2021-10-09 00:00:00.0", updated_by=null, updated_at=null where id=101000170 and is_deleted = 0 and is_synchable = 1;
update user_group_functions set id="101000171", user_group_id="101000101", system_function_id="61", can_view=null, can_add=null, can_edit=null, can_delete=null, can_execute=null, can_publish=null, can_export=null, is_deleted="0", created_by="101000102", created_at="2021-10-09 00:00:00.0", updated_by=null, updated_at=null where id=101000171 and is_deleted = 0 and is_synchable = 1;
update user_group_functions set id="101000172", user_group_id="101000101", system_function_id="62", can_view=null, can_add=null, can_edit=null, can_delete=null, can_execute=null, can_publish=null, can_export=null, is_deleted="0", created_by="101000102", created_at="2021-10-09 00:00:00.0", updated_by=null, updated_at=null where id=101000172 and is_deleted = 0 and is_synchable = 1;
update user_group_functions set id="101000173", user_group_id="101000101", system_function_id="63", can_view=null, can_add=null, can_edit=null, can_delete=null, can_execute=null, can_publish=null, can_export=null, is_deleted="0", created_by="101000102", created_at="2021-10-09 00:00:00.0", updated_by=null, updated_at=null where id=101000173 and is_deleted = 0 and is_synchable = 1;
update user_group_functions set id="101000174", user_group_id="101000101", system_function_id="64", can_view=null, can_add=null, can_edit=null, can_delete=null, can_execute=null, can_publish=null, can_export=null, is_deleted="0", created_by="101000102", created_at="2021-10-09 00:00:00.0", updated_by=null, updated_at=null where id=101000174 and is_deleted = 0 and is_synchable = 1;
update user_group_functions set id="101000175", user_group_id="101000101", system_function_id="65", can_view=null, can_add=null, can_edit=null, can_delete=null, can_execute=null, can_publish=null, can_export=null, is_deleted="0", created_by="101000102", created_at="2021-10-09 00:00:00.0", updated_by=null, updated_at=null where id=101000175 and is_deleted = 0 and is_synchable = 1;
update user_group_functions set id="101000176", user_group_id="101000101", system_function_id="70", can_view=null, can_add=null, can_edit=null, can_delete=null, can_execute=null, can_publish=null, can_export=null, is_deleted="0", created_by="101000102", created_at="2021-10-09 00:00:00.0", updated_by=null, updated_at=null where id=101000176 and is_deleted = 0 and is_synchable = 1;
update user_group_functions set id="101000177", user_group_id="101000101", system_function_id="44", can_view="1", can_add="1", can_edit="1", can_delete="1", can_execute="1", can_publish=null, can_export="1", is_deleted="0", created_by="101000102", created_at="2021-10-09 00:00:00.0", updated_by=null, updated_at=null where id=101000177 and is_deleted = 0 and is_synchable = 1;
update user_group_functions set id="101000178", user_group_id="101000101", system_function_id="45", can_view="1", can_add="1", can_edit="1", can_delete="1", can_execute=null, can_publish=null, can_export="1", is_deleted="0", created_by="101000102", created_at="2021-10-09 00:00:00.0", updated_by=null, updated_at=null where id=101000178 and is_deleted = 0 and is_synchable = 1;
update user_group_functions set id="101000179", user_group_id="101000101", system_function_id="46", can_view=null, can_add=null, can_edit=null, can_delete=null, can_execute=null, can_publish=null, can_export=null, is_deleted="0", created_by="101000102", created_at="2021-10-09 00:00:00.0", updated_by=null, updated_at=null where id=101000179 and is_deleted = 0 and is_synchable = 1;
update user_group_functions set id="101000180", user_group_id="101000101", system_function_id="47", can_view=null, can_add=null, can_edit=null, can_delete=null, can_execute=null, can_publish=null, can_export=null, is_deleted="0", created_by="101000102", created_at="2021-10-09 00:00:00.0", updated_by=null, updated_at=null where id=101000180 and is_deleted = 0 and is_synchable = 1;
update user_group_functions set id="101000181", user_group_id="101000101", system_function_id="67", can_view="1", can_add=null, can_edit=null, can_delete=null, can_execute="1", can_publish=null, can_export=null, is_deleted="0", created_by="101000102", created_at="2021-10-09 00:00:00.0", updated_by=null, updated_at=null where id=101000181 and is_deleted = 0 and is_synchable = 1;
update user_group_functions set id="101000182", user_group_id="101000101", system_function_id="68", can_view="1", can_add=null, can_edit=null, can_delete=null, can_execute="1", can_publish=null, can_export=null, is_deleted="0", created_by="101000102", created_at="2021-10-09 00:00:00.0", updated_by=null, updated_at=null where id=101000182 and is_deleted = 0 and is_synchable = 1;
update user_group_functions set id="101000183", user_group_id="101000101", system_function_id="69", can_view="1", can_add=null, can_edit=null, can_delete=null, can_execute="1", can_publish=null, can_export=null, is_deleted="0", created_by="101000102", created_at="2021-10-09 00:00:00.0", updated_by=null, updated_at=null where id=101000183 and is_deleted = 0 and is_synchable = 1;
update user_group_functions set id="101000184", user_group_id="101000101", system_function_id="48", can_view="1", can_add="1", can_edit="1", can_delete="1", can_execute=null, can_publish=null, can_export="1", is_deleted="0", created_by="101000102", created_at="2021-10-09 00:00:00.0", updated_by=null, updated_at=null where id=101000184 and is_deleted = 0 and is_synchable = 1;
update user_group_functions set id="101000185", user_group_id="101000101", system_function_id="81", can_view=null, can_add=null, can_edit=null, can_delete=null, can_execute=null, can_publish=null, can_export=null, is_deleted="0", created_by="101000102", created_at="2021-10-09 00:00:00.0", updated_by=null, updated_at=null where id=101000185 and is_deleted = 0 and is_synchable = 1;
update user_group_functions set id="101000186", user_group_id="101000101", system_function_id="49", can_view=null, can_add=null, can_edit=null, can_delete=null, can_execute=null, can_publish=null, can_export=null, is_deleted="0", created_by="101000102", created_at="2021-10-09 00:00:00.0", updated_by=null, updated_at=null where id=101000186 and is_deleted = 0 and is_synchable = 1;
update user_group_functions set id="101000187", user_group_id="101000101", system_function_id="50", can_view=null, can_add=null, can_edit=null, can_delete=null, can_execute=null, can_publish=null, can_export=null, is_deleted="0", created_by="101000102", created_at="2021-10-09 00:00:00.0", updated_by=null, updated_at=null where id=101000187 and is_deleted = 0 and is_synchable = 1;
update user_group_functions set id="101000188", user_group_id="101000101", system_function_id="51", can_view=null, can_add=null, can_edit=null, can_delete=null, can_execute=null, can_publish=null, can_export=null, is_deleted="0", created_by="101000102", created_at="2021-10-09 00:00:00.0", updated_by=null, updated_at=null where id=101000188 and is_deleted = 0 and is_synchable = 1;
update user_group_functions set id="101000189", user_group_id="101000101", system_function_id="99", can_view=null, can_add=null, can_edit=null, can_delete=null, can_execute=null, can_publish=null, can_export=null, is_deleted="0", created_by="101000102", created_at="2021-10-09 00:00:00.0", updated_by=null, updated_at=null where id=101000189 and is_deleted = 0 and is_synchable = 1;
update user_group_functions set id="101000190", user_group_id="101000101", system_function_id="78", can_view=null, can_add=null, can_edit=null, can_delete=null, can_execute=null, can_publish=null, can_export=null, is_deleted="0", created_by="101000102", created_at="2021-10-09 00:00:00.0", updated_by=null, updated_at=null where id=101000190 and is_deleted = 0 and is_synchable = 1;
update user_group_functions set id="101000196", user_group_id="101000101", system_function_id="86", can_view=null, can_add=null, can_edit=null, can_delete=null, can_execute=null, can_publish=null, can_export=null, is_deleted="0", created_by="101000102", created_at="2021-10-09 00:00:00.0", updated_by=null, updated_at=null where id=101000196 and is_deleted = 0 and is_synchable = 1;
update user_group_functions set id="101000191", user_group_id="101000101", system_function_id="98", can_view=null, can_add=null, can_edit=null, can_delete=null, can_execute=null, can_publish=null, can_export=null, is_deleted="0", created_by="101000102", created_at="2021-10-09 00:00:00.0", updated_by=null, updated_at=null where id=101000191 and is_deleted = 0 and is_synchable = 1;
update user_group_functions set id="101000192", user_group_id="101000101", system_function_id="73", can_view=null, can_add=null, can_edit=null, can_delete=null, can_execute=null, can_publish=null, can_export=null, is_deleted="0", created_by="101000102", created_at="2021-10-09 00:00:00.0", updated_by=null, updated_at=null where id=101000192 and is_deleted = 0 and is_synchable = 1;
update user_group_functions set id="101000193", user_group_id="101000101", system_function_id="74", can_view=null, can_add=null, can_edit=null, can_delete=null, can_execute=null, can_publish=null, can_export=null, is_deleted="0", created_by="101000102", created_at="2021-10-09 00:00:00.0", updated_by=null, updated_at=null where id=101000193 and is_deleted = 0 and is_synchable = 1;
update user_group_functions set id="101000194", user_group_id="101000101", system_function_id="76", can_view=null, can_add=null, can_edit=null, can_delete=null, can_execute=null, can_publish=null, can_export=null, is_deleted="0", created_by="101000102", created_at="2021-10-09 00:00:00.0", updated_by=null, updated_at=null where id=101000194 and is_deleted = 0 and is_synchable = 1;
update user_group_functions set id="101000195", user_group_id="101000101", system_function_id="83", can_view=null, can_add=null, can_edit=null, can_delete=null, can_execute=null, can_publish=null, can_export=null, is_deleted="0", created_by="101000102", created_at="2021-10-09 00:00:00.0", updated_by=null, updated_at=null where id=101000195 and is_deleted = 0 and is_synchable = 1;
update user_group_functions set id="101000197", user_group_id="101000101", system_function_id="77", can_view=null, can_add=null, can_edit=null, can_delete=null, can_execute=null, can_publish=null, can_export=null, is_deleted="0", created_by="101000102", created_at="2021-10-09 00:00:00.0", updated_by=null, updated_at=null where id=101000197 and is_deleted = 0 and is_synchable = 1;
update user_group_functions set id="101000198", user_group_id="101000101", system_function_id="72", can_view=null, can_add=null, can_edit=null, can_delete=null, can_execute=null, can_publish=null, can_export=null, is_deleted="0", created_by="101000102", created_at="2021-10-09 00:00:00.0", updated_by=null, updated_at=null where id=101000198 and is_deleted = 0 and is_synchable = 1;
update user_group_functions set id="101000199", user_group_id="101000101", system_function_id="75", can_view=null, can_add=null, can_edit=null, can_delete=null, can_execute=null, can_publish=null, can_export=null, is_deleted="0", created_by="101000102", created_at="2021-10-09 00:00:00.0", updated_by=null, updated_at=null where id=101000199 and is_deleted = 0 and is_synchable = 1;
update user_group_functions set id="101000200", user_group_id="101000101", system_function_id="82", can_view=null, can_add=null, can_edit=null, can_delete=null, can_execute=null, can_publish=null, can_export=null, is_deleted="0", created_by="101000102", created_at="2021-10-09 00:00:00.0", updated_by=null, updated_at=null where id=101000200 and is_deleted = 0 and is_synchable = 1;
update user_group_functions set id="101000201", user_group_id="101000101", system_function_id="84", can_view=null, can_add=null, can_edit=null, can_delete=null, can_execute=null, can_publish=null, can_export=null, is_deleted="0", created_by="101000102", created_at="2021-10-09 00:00:00.0", updated_by=null, updated_at=null where id=101000201 and is_deleted = 0 and is_synchable = 1;
update user_group_functions set id="101000202", user_group_id="101000101", system_function_id="85", can_view=null, can_add=null, can_edit=null, can_delete=null, can_execute=null, can_publish=null, can_export=null, is_deleted="0", created_by="101000102", created_at="2021-10-09 00:00:00.0", updated_by=null, updated_at=null where id=101000202 and is_deleted = 0 and is_synchable = 1;
update user_group_functions set id="101000101", user_group_id="101000101", system_function_id="95", can_view=null, can_add=null, can_edit=null, can_delete=null, can_execute=null, can_publish=null, can_export=null, is_deleted="0", created_by="101000102", created_at="2021-10-09 00:00:00.0", updated_by=null, updated_at=null where id=101000101 and is_deleted = 0 and is_synchable = 1;
update user_group_functions set id="101000102", user_group_id="101000101", system_function_id="96", can_view=null, can_add=null, can_edit=null, can_delete=null, can_execute=null, can_publish=null, can_export=null, is_deleted="0", created_by="101000102", created_at="2021-10-09 00:00:00.0", updated_by=null, updated_at=null where id=101000102 and is_deleted = 0 and is_synchable = 1;
update user_group_functions set id="101000103", user_group_id="101000101", system_function_id="71", can_view=null, can_add=null, can_edit=null, can_delete=null, can_execute=null, can_publish=null, can_export=null, is_deleted="0", created_by="101000102", created_at="2021-10-09 00:00:00.0", updated_by=null, updated_at=null where id=101000103 and is_deleted = 0 and is_synchable = 1;
update user_group_functions set id="101000104", user_group_id="101000101", system_function_id="87", can_view=null, can_add=null, can_edit=null, can_delete=null, can_execute=null, can_publish=null, can_export=null, is_deleted="0", created_by="101000102", created_at="2021-10-09 00:00:00.0", updated_by=null, updated_at=null where id=101000104 and is_deleted = 0 and is_synchable = 1;
update user_group_functions set id="101000105", user_group_id="101000101", system_function_id="52", can_view=null, can_add=null, can_edit=null, can_delete=null, can_execute=null, can_publish=null, can_export=null, is_deleted="0", created_by="101000102", created_at="2021-10-09 00:00:00.0", updated_by=null, updated_at=null where id=101000105 and is_deleted = 0 and is_synchable = 1;
update user_group_functions set id="101000106", user_group_id="101000101", system_function_id="53", can_view=null, can_add=null, can_edit=null, can_delete=null, can_execute=null, can_publish=null, can_export=null, is_deleted="0", created_by="101000102", created_at="2021-10-09 00:00:00.0", updated_by=null, updated_at=null where id=101000106 and is_deleted = 0 and is_synchable = 1;
update user_group_functions set id="101000107", user_group_id="101000101", system_function_id="54", can_view=null, can_add=null, can_edit=null, can_delete=null, can_execute=null, can_publish=null, can_export=null, is_deleted="0", created_by="101000102", created_at="2021-10-09 00:00:00.0", updated_by=null, updated_at=null where id=101000107 and is_deleted = 0 and is_synchable = 1;
update user_group_functions set id="101000108", user_group_id="101000101", system_function_id="55", can_view=null, can_add=null, can_edit=null, can_delete=null, can_execute=null, can_publish=null, can_export=null, is_deleted="0", created_by="101000102", created_at="2021-10-09 00:00:00.0", updated_by=null, updated_at=null where id=101000108 and is_deleted = 0 and is_synchable = 1;
update user_group_functions set id="101000109", user_group_id="101000101", system_function_id="79", can_view=null, can_add=null, can_edit=null, can_delete=null, can_execute=null, can_publish=null, can_export=null, is_deleted="0", created_by="101000102", created_at="2021-10-09 00:00:00.0", updated_by=null, updated_at=null where id=101000109 and is_deleted = 0 and is_synchable = 1;
update user_group_functions set id="101000110", user_group_id="101000101", system_function_id="80", can_view=null, can_add=null, can_edit=null, can_delete=null, can_execute=null, can_publish=null, can_export=null, is_deleted="0", created_by="101000102", created_at="2021-10-09 00:00:00.0", updated_by=null, updated_at=null where id=101000110 and is_deleted = 0 and is_synchable = 1;
update user_group_functions set id="101000111", user_group_id="101000101", system_function_id="26", can_view=null, can_add=null, can_edit=null, can_delete=null, can_execute=null, can_publish=null, can_export=null, is_deleted="0", created_by="101000102", created_at="2021-10-09 00:00:00.0", updated_by=null, updated_at=null where id=101000111 and is_deleted = 0 and is_synchable = 1;
update user_group_functions set id="101000112", user_group_id="101000101", system_function_id="42", can_view=null, can_add=null, can_edit=null, can_delete=null, can_execute=null, can_publish=null, can_export=null, is_deleted="0", created_by="101000102", created_at="2021-10-09 00:00:00.0", updated_by=null, updated_at=null where id=101000112 and is_deleted = 0 and is_synchable = 1;
update user_group_functions set id="101000114", user_group_id="101000101", system_function_id="90", can_view=null, can_add=null, can_edit=null, can_delete=null, can_execute=null, can_publish=null, can_export=null, is_deleted="0", created_by="101000102", created_at="2021-10-09 00:00:00.0", updated_by=null, updated_at=null where id=101000114 and is_deleted = 0 and is_synchable = 1;
update user_group_functions set id="101000115", user_group_id="101000101", system_function_id="91", can_view=null, can_add=null, can_edit=null, can_delete=null, can_execute=null, can_publish=null, can_export=null, is_deleted="0", created_by="101000102", created_at="2021-10-09 00:00:00.0", updated_by=null, updated_at=null where id=101000115 and is_deleted = 0 and is_synchable = 1;
update user_group_functions set id="101000116", user_group_id="101000101", system_function_id="92", can_view=null, can_add=null, can_edit=null, can_delete=null, can_execute=null, can_publish=null, can_export=null, is_deleted="0", created_by="101000102", created_at="2021-10-09 00:00:00.0", updated_by=null, updated_at=null where id=101000116 and is_deleted = 0 and is_synchable = 1;
update user_group_functions set id="101000117", user_group_id="101000101", system_function_id="93", can_view=null, can_add=null, can_edit=null, can_delete=null, can_execute=null, can_publish=null, can_export=null, is_deleted="0", created_by="101000102", created_at="2021-10-09 00:00:00.0", updated_by=null, updated_at=null where id=101000117 and is_deleted = 0 and is_synchable = 1;
update user_group_functions set id="101000118", user_group_id="101000101", system_function_id="94", can_view=null, can_add=null, can_edit=null, can_delete=null, can_execute=null, can_publish=null, can_export=null, is_deleted="0", created_by="101000102", created_at="2021-10-09 00:00:00.0", updated_by=null, updated_at=null where id=101000118 and is_deleted = 0 and is_synchable = 1;
update user_group_functions set id="101000119", user_group_id="101000101", system_function_id="97", can_view=null, can_add=null, can_edit=null, can_delete=null, can_execute=null, can_publish=null, can_export=null, is_deleted="0", created_by="101000102", created_at="2021-10-09 00:00:00.0", updated_by=null, updated_at=null where id=101000119 and is_deleted = 0 and is_synchable = 1;
update user_group_functions set id="101000120", user_group_id="101000101", system_function_id="102", can_view=null, can_add=null, can_edit=null, can_delete=null, can_execute=null, can_publish=null, can_export=null, is_deleted="0", created_by="101000102", created_at="2021-10-09 00:00:00.0", updated_by=null, updated_at=null where id=101000120 and is_deleted = 0 and is_synchable = 1;
DELETE FROM stock_items WHERE id=101000118;
insert into stock_items(id,code,name,description,supplier_product_code,stock_item_attributes,stock_item_location,stock_item_category_id,prd_department_id,part_no,market_valuation_method,movement_method,uom_id,item_weight,qty_on_hand,unit_price,optimum_level,reorder_level,reorder_qty,preferred_supplier_id,last_purchase_unit_price,last_purchase_supplier_id,tax_id,tax_calculation_method,is_service_item,is_valid,is_manufactured,is_sellable,is_semi_finished,is_finished,sales_margin,is_sales_margin_percent,tax_percentage,qty_manufactured,top_consumption_rank,created_by,created_at,updated_by,updated_at,is_system,is_deleted) values ("101000118","118","Tea spoon	","",null,null,null,"1",null,null,"0",null,"27","1.00000",null,"1.00000",null,null,null,null,null,null,"1","0","0","1","0","1","0","0","0","0","0.00",null,"0","0","2021-10-09 01:11:58.0",null,null,"0","0");
DELETE FROM sale_items WHERE id=101000118;
insert into sale_items(id,stock_item_id,stock_item_code,code,hsn_code,is_group_item,group_item_id,is_combo_item,name,description,sub_class_id,is_valid,is_manufactured,alternative_name,is_printable_to_kitchen,name_to_print,alternative_name_to_print,barcode,is_open,qty_on_hand,uom_id,item_weight,profit_category_id,prd_department_id,tax_id,tax_exemption,tax_group_id,tax_id_home_service,tax_id_table_service,tax_id_take_away_service,fixed_price,whls_price,is_whls_price_pc,item_cost,tax_calculation_method,taxation_based_on,is_require_weighing,display_order,best_before,is_hot_item_1,hot_item_1_display_order,is_hot_item_2,hot_item_2_display_order,is_hot_item_3,hot_item_3_display_order,fg_color,bg_color,attrib1_name,attrib1_options,attrib2_name,attrib2_options,attrib3_name,attrib3_options,attrib4_name,attrib4_options,attrib5_name,attrib5_options,tag1,tag2,tag3,tag4,tag5,choice_ids,created_by,created_at,updated_by,updated_at,is_deleted,is_system,item_thumb,sys_sale_flag) values ("101000118","101000118",null,"118","","0",null,"0","Tea spoon	","","101000104","1","0","","1","","","","1",null,"27","1.00000",null,null,"1","0","1",null,null,null,"1.00000","0.00000","0","0.00000","0","0","0",null,null,"0",null,"0",null,"0",null,"#FFFFFF","#A9A9A9","",null,null,null,null,null,null,null,null,null,null,null,null,null,null,"","0","2021-10-09 13:11:58.0",null,null,"0","0","","1");
DELETE FROM stock_items WHERE id=101000119;
insert into stock_items(id,code,name,description,supplier_product_code,stock_item_attributes,stock_item_location,stock_item_category_id,prd_department_id,part_no,market_valuation_method,movement_method,uom_id,item_weight,qty_on_hand,unit_price,optimum_level,reorder_level,reorder_qty,preferred_supplier_id,last_purchase_unit_price,last_purchase_supplier_id,tax_id,tax_calculation_method,is_service_item,is_valid,is_manufactured,is_sellable,is_semi_finished,is_finished,sales_margin,is_sales_margin_percent,tax_percentage,qty_manufactured,top_consumption_rank,created_by,created_at,updated_by,updated_at,is_system,is_deleted) values ("101000119","119","Dinner Spoon	","",null,null,null,"1",null,null,"0",null,"27","1.00000",null,"1.00000",null,null,null,null,null,null,"1","0","0","1","0","1","0","0","0","0","0.00",null,"0","0","2021-10-09 01:12:29.0",null,null,"0","0");
DELETE FROM sale_items WHERE id=101000119;
insert into sale_items(id,stock_item_id,stock_item_code,code,hsn_code,is_group_item,group_item_id,is_combo_item,name,description,sub_class_id,is_valid,is_manufactured,alternative_name,is_printable_to_kitchen,name_to_print,alternative_name_to_print,barcode,is_open,qty_on_hand,uom_id,item_weight,profit_category_id,prd_department_id,tax_id,tax_exemption,tax_group_id,tax_id_home_service,tax_id_table_service,tax_id_take_away_service,fixed_price,whls_price,is_whls_price_pc,item_cost,tax_calculation_method,taxation_based_on,is_require_weighing,display_order,best_before,is_hot_item_1,hot_item_1_display_order,is_hot_item_2,hot_item_2_display_order,is_hot_item_3,hot_item_3_display_order,fg_color,bg_color,attrib1_name,attrib1_options,attrib2_name,attrib2_options,attrib3_name,attrib3_options,attrib4_name,attrib4_options,attrib5_name,attrib5_options,tag1,tag2,tag3,tag4,tag5,choice_ids,created_by,created_at,updated_by,updated_at,is_deleted,is_system,item_thumb,sys_sale_flag) values ("101000119","101000119",null,"119","","0",null,"0","Dinner Spoon	","","101000104","1","0","","1","","","","1",null,"27","1.00000",null,null,"1","0","1",null,null,null,"1.00000","0.00000","0","0.00000","0","0","0",null,null,"0",null,"0",null,"0",null,"#FFFFFF","#A9A9A9","",null,null,null,null,null,null,null,null,null,null,null,null,null,null,"","0","2021-10-09 13:12:29.0",null,null,"0","0","","1");
DELETE FROM shop_users WHERE id=6;
insert into shop_users(id,shop_id,user_id,user_group_id,is_deleted) values ("6","101","101000103","101000101","0");
DELETE FROM users WHERE id=101000103;
insert into users(id,code,name,card_no,user_group_id,employee_id,password,valid_from,valid_to,is_active,is_admin,email,lastlogin_date,token_id,token_expire_time,created_by,created_at,updated_by,updated_at,is_deleted,is_system) values ("101000103","N01","Ajeesh","2000","101000101",null,"08f90c1a417155361a5c4b8d297e0d78",null,null,"1","0","",null,"281b292a-9e6a-4","2021-10-13 16:06:58.0","101000102","2021-10-09 01:12:32.0",null,null,"0","0");
DELETE FROM stock_items WHERE id=101000120;
insert into stock_items(id,code,name,description,supplier_product_code,stock_item_attributes,stock_item_location,stock_item_category_id,prd_department_id,part_no,market_valuation_method,movement_method,uom_id,item_weight,qty_on_hand,unit_price,optimum_level,reorder_level,reorder_qty,preferred_supplier_id,last_purchase_unit_price,last_purchase_supplier_id,tax_id,tax_calculation_method,is_service_item,is_valid,is_manufactured,is_sellable,is_semi_finished,is_finished,sales_margin,is_sales_margin_percent,tax_percentage,qty_manufactured,top_consumption_rank,created_by,created_at,updated_by,updated_at,is_system,is_deleted) values ("101000120","120","Dinner fork	","",null,null,null,"1",null,null,"0",null,"27","1.00000",null,"1.00000",null,null,null,null,null,null,"1","0","0","1","0","1","0","0","0","0","0.00",null,"0","0","2021-10-09 01:13:17.0",null,null,"0","0");
DELETE FROM sale_items WHERE id=101000120;
insert into sale_items(id,stock_item_id,stock_item_code,code,hsn_code,is_group_item,group_item_id,is_combo_item,name,description,sub_class_id,is_valid,is_manufactured,alternative_name,is_printable_to_kitchen,name_to_print,alternative_name_to_print,barcode,is_open,qty_on_hand,uom_id,item_weight,profit_category_id,prd_department_id,tax_id,tax_exemption,tax_group_id,tax_id_home_service,tax_id_table_service,tax_id_take_away_service,fixed_price,whls_price,is_whls_price_pc,item_cost,tax_calculation_method,taxation_based_on,is_require_weighing,display_order,best_before,is_hot_item_1,hot_item_1_display_order,is_hot_item_2,hot_item_2_display_order,is_hot_item_3,hot_item_3_display_order,fg_color,bg_color,attrib1_name,attrib1_options,attrib2_name,attrib2_options,attrib3_name,attrib3_options,attrib4_name,attrib4_options,attrib5_name,attrib5_options,tag1,tag2,tag3,tag4,tag5,choice_ids,created_by,created_at,updated_by,updated_at,is_deleted,is_system,item_thumb,sys_sale_flag) values ("101000120","101000120",null,"120","","0",null,"0","Dinner fork	","","101000104","1","0","","1","","","","1",null,"27","1.00000",null,null,"1","0","1",null,null,null,"1.00000","0.00000","0","0.00000","0","0","0",null,null,"0",null,"0",null,"0",null,"#FFFFFF","#A9A9A9","",null,null,null,null,null,null,null,null,null,null,null,null,null,null,"","0","2021-10-09 13:13:17.0",null,null,"0","0","","1");
update stock_items set id="101000116", code="116", name="Glass", description="", supplier_product_code=null, stock_item_attributes=null, stock_item_location=null, stock_item_category_id="1", prd_department_id=null, part_no=null, market_valuation_method="0", movement_method=null, uom_id="27", item_weight="1.00000", qty_on_hand=null, unit_price="1.00000", optimum_level=null, reorder_level=null, reorder_qty=null, preferred_supplier_id=null, last_purchase_unit_price=null, last_purchase_supplier_id=null, tax_id="1", tax_calculation_method="0", is_service_item="0", is_valid="1", is_manufactured="0", is_sellable="1", is_semi_finished="0", is_finished="0", sales_margin="0", is_sales_margin_percent="0", tax_percentage="0.00", qty_manufactured=null, top_consumption_rank="0", created_by="0", created_at="2021-10-09 01:10:30.0", updated_by="0", updated_at="2021-10-09 01:13:24.0", is_system="0", is_deleted="0" where id=101000116 and is_deleted = 0 and is_synchable = 1;
update sale_items set id="101000116", stock_item_id="101000116", stock_item_code=null, code="116", hsn_code="", is_group_item="0", group_item_id=null, is_combo_item="0", name="Glass", description="", sub_class_id="101000104", is_valid="1", is_manufactured="0", alternative_name="", is_printable_to_kitchen="1", name_to_print="", alternative_name_to_print="", barcode="", is_open="1", qty_on_hand=null, uom_id="27", item_weight="1.00000", profit_category_id=null, prd_department_id=null, tax_id="1", tax_exemption="0", tax_group_id="1", tax_id_home_service=null, tax_id_table_service=null, tax_id_take_away_service=null, fixed_price="1.00000", whls_price="0.00000", is_whls_price_pc="0", item_cost="0.00000", tax_calculation_method="0", taxation_based_on="0", is_require_weighing="0", display_order=null, best_before=null, is_hot_item_1="0", hot_item_1_display_order=null, is_hot_item_2="0", hot_item_2_display_order=null, is_hot_item_3="0", hot_item_3_display_order=null, fg_color="#FFFFFF", bg_color="#A9A9A9", attrib1_name="", attrib1_options=null, attrib2_name=null, attrib2_options=null, attrib3_name=null, attrib3_options=null, attrib4_name=null, attrib4_options=null, attrib5_name=null, attrib5_options=null, tag1=null, tag2=null, tag3=null, tag4=null, tag5=null, choice_ids="", created_by="0", created_at="2021-10-09 13:10:30.0", updated_by="0", updated_at="2021-10-09 13:13:24.0", is_deleted="0", is_system="0", item_thumb="", sys_sale_flag="1" where id=101000116 and is_deleted = 0 and is_synchable = 1;
DELETE FROM stock_items WHERE id=101000121;
insert into stock_items(id,code,name,description,supplier_product_code,stock_item_attributes,stock_item_location,stock_item_category_id,prd_department_id,part_no,market_valuation_method,movement_method,uom_id,item_weight,qty_on_hand,unit_price,optimum_level,reorder_level,reorder_qty,preferred_supplier_id,last_purchase_unit_price,last_purchase_supplier_id,tax_id,tax_calculation_method,is_service_item,is_valid,is_manufactured,is_sellable,is_semi_finished,is_finished,sales_margin,is_sales_margin_percent,tax_percentage,qty_manufactured,top_consumption_rank,created_by,created_at,updated_by,updated_at,is_system,is_deleted) values ("101000121","121","Soup Bowl	","",null,null,null,"1",null,null,"0",null,"27","1.00000",null,"1.00000",null,null,null,null,null,null,"1","0","0","1","0","1","0","0","0","0","0.00",null,"0","0","2021-10-09 01:13:59.0",null,null,"0","0");
DELETE FROM sale_items WHERE id=101000121;
insert into sale_items(id,stock_item_id,stock_item_code,code,hsn_code,is_group_item,group_item_id,is_combo_item,name,description,sub_class_id,is_valid,is_manufactured,alternative_name,is_printable_to_kitchen,name_to_print,alternative_name_to_print,barcode,is_open,qty_on_hand,uom_id,item_weight,profit_category_id,prd_department_id,tax_id,tax_exemption,tax_group_id,tax_id_home_service,tax_id_table_service,tax_id_take_away_service,fixed_price,whls_price,is_whls_price_pc,item_cost,tax_calculation_method,taxation_based_on,is_require_weighing,display_order,best_before,is_hot_item_1,hot_item_1_display_order,is_hot_item_2,hot_item_2_display_order,is_hot_item_3,hot_item_3_display_order,fg_color,bg_color,attrib1_name,attrib1_options,attrib2_name,attrib2_options,attrib3_name,attrib3_options,attrib4_name,attrib4_options,attrib5_name,attrib5_options,tag1,tag2,tag3,tag4,tag5,choice_ids,created_by,created_at,updated_by,updated_at,is_deleted,is_system,item_thumb,sys_sale_flag) values ("101000121","101000121",null,"121","","0",null,"0","Soup Bowl	","","101000104","1","0","","1","","","","1",null,"27","1.00000",null,null,"1","0","1",null,null,null,"1.00000","0.00000","0","0.00000","0","0","0",null,null,"0",null,"0",null,"0",null,"#FFFFFF","#A9A9A9","",null,null,null,null,null,null,null,null,null,null,null,null,null,null,"","0","2021-10-09 13:13:59.0",null,null,"0","0","","1");
DELETE FROM shop_users WHERE id=7;
insert into shop_users(id,shop_id,user_id,user_group_id,is_deleted) values ("7","101","101000104","101000101","0");
DELETE FROM users WHERE id=101000104;
insert into users(id,code,name,card_no,user_group_id,employee_id,password,valid_from,valid_to,is_active,is_admin,email,lastlogin_date,token_id,token_expire_time,created_by,created_at,updated_by,updated_at,is_deleted,is_system) values ("101000104","N02","Shilbi","2001","101000101",null,"d0fb963ff976f9c37fc81fe03c21ea7b",null,null,"1","0","","2021-11-12 15:19:25.0",null,null,"101000102","2021-10-09 01:14:01.0",null,null,"0","0");
DELETE FROM stock_items WHERE id=101000122;
insert into stock_items(id,code,name,description,supplier_product_code,stock_item_attributes,stock_item_location,stock_item_category_id,prd_department_id,part_no,market_valuation_method,movement_method,uom_id,item_weight,qty_on_hand,unit_price,optimum_level,reorder_level,reorder_qty,preferred_supplier_id,last_purchase_unit_price,last_purchase_supplier_id,tax_id,tax_calculation_method,is_service_item,is_valid,is_manufactured,is_sellable,is_semi_finished,is_finished,sales_margin,is_sales_margin_percent,tax_percentage,qty_manufactured,top_consumption_rank,created_by,created_at,updated_by,updated_at,is_system,is_deleted) values ("101000122","122","Chutney Bowl	","",null,null,null,"1",null,null,"0",null,"27","1.00000",null,"1.00000",null,null,null,null,null,null,"1","0","0","1","0","1","0","0","0","0","0.00",null,"0","0","2021-10-09 01:14:28.0",null,null,"0","0");
DELETE FROM sale_items WHERE id=101000122;
insert into sale_items(id,stock_item_id,stock_item_code,code,hsn_code,is_group_item,group_item_id,is_combo_item,name,description,sub_class_id,is_valid,is_manufactured,alternative_name,is_printable_to_kitchen,name_to_print,alternative_name_to_print,barcode,is_open,qty_on_hand,uom_id,item_weight,profit_category_id,prd_department_id,tax_id,tax_exemption,tax_group_id,tax_id_home_service,tax_id_table_service,tax_id_take_away_service,fixed_price,whls_price,is_whls_price_pc,item_cost,tax_calculation_method,taxation_based_on,is_require_weighing,display_order,best_before,is_hot_item_1,hot_item_1_display_order,is_hot_item_2,hot_item_2_display_order,is_hot_item_3,hot_item_3_display_order,fg_color,bg_color,attrib1_name,attrib1_options,attrib2_name,attrib2_options,attrib3_name,attrib3_options,attrib4_name,attrib4_options,attrib5_name,attrib5_options,tag1,tag2,tag3,tag4,tag5,choice_ids,created_by,created_at,updated_by,updated_at,is_deleted,is_system,item_thumb,sys_sale_flag) values ("101000122","101000122",null,"122","","0",null,"0","Chutney Bowl	","","101000104","1","0","","1","","","","1",null,"27","1.00000",null,null,"1","0","1",null,null,null,"1.00000","0.00000","0","0.00000","0","0","0",null,null,"0",null,"0",null,"0",null,"#FFFFFF","#A9A9A9","",null,null,null,null,null,null,null,null,null,null,null,null,null,null,"","0","2021-10-09 13:14:28.0",null,null,"0","0","","1");
DELETE FROM shop_users WHERE id=8;
insert into shop_users(id,shop_id,user_id,user_group_id,is_deleted) values ("8","101","101000105","101000101","0");
DELETE FROM users WHERE id=101000105;
insert into users(id,code,name,card_no,user_group_id,employee_id,password,valid_from,valid_to,is_active,is_admin,email,lastlogin_date,token_id,token_expire_time,created_by,created_at,updated_by,updated_at,is_deleted,is_system) values ("101000105","N03","Akhil","2003","101000101",null,"a591024321c5e2bdbd23ed35f0574dde",null,null,"1","0","",null,null,null,"101000102","2021-10-09 01:14:50.0",null,null,"0","0");
DELETE FROM stock_items WHERE id=101000123;
insert into stock_items(id,code,name,description,supplier_product_code,stock_item_attributes,stock_item_location,stock_item_category_id,prd_department_id,part_no,market_valuation_method,movement_method,uom_id,item_weight,qty_on_hand,unit_price,optimum_level,reorder_level,reorder_qty,preferred_supplier_id,last_purchase_unit_price,last_purchase_supplier_id,tax_id,tax_calculation_method,is_service_item,is_valid,is_manufactured,is_sellable,is_semi_finished,is_finished,sales_margin,is_sales_margin_percent,tax_percentage,qty_manufactured,top_consumption_rank,created_by,created_at,updated_by,updated_at,is_system,is_deleted) values ("101000123","123","Ashtray(S.S)	","",null,null,null,"1",null,null,"0",null,"27","1.00000",null,"1.00000",null,null,null,null,null,null,"1","0","0","1","0","1","0","0","0","0","0.00",null,"0","0","2021-10-09 01:15:17.0",null,null,"0","0");
DELETE FROM sale_items WHERE id=101000123;
insert into sale_items(id,stock_item_id,stock_item_code,code,hsn_code,is_group_item,group_item_id,is_combo_item,name,description,sub_class_id,is_valid,is_manufactured,alternative_name,is_printable_to_kitchen,name_to_print,alternative_name_to_print,barcode,is_open,qty_on_hand,uom_id,item_weight,profit_category_id,prd_department_id,tax_id,tax_exemption,tax_group_id,tax_id_home_service,tax_id_table_service,tax_id_take_away_service,fixed_price,whls_price,is_whls_price_pc,item_cost,tax_calculation_method,taxation_based_on,is_require_weighing,display_order,best_before,is_hot_item_1,hot_item_1_display_order,is_hot_item_2,hot_item_2_display_order,is_hot_item_3,hot_item_3_display_order,fg_color,bg_color,attrib1_name,attrib1_options,attrib2_name,attrib2_options,attrib3_name,attrib3_options,attrib4_name,attrib4_options,attrib5_name,attrib5_options,tag1,tag2,tag3,tag4,tag5,choice_ids,created_by,created_at,updated_by,updated_at,is_deleted,is_system,item_thumb,sys_sale_flag) values ("101000123","101000123",null,"123","","0",null,"0","Ashtray(S.S)	","","101000104","1","0","","1","","","","1",null,"27","1.00000",null,null,"1","0","1",null,null,null,"1.00000","0.00000","0","0.00000","0","0","0",null,null,"0",null,"0",null,"0",null,"#FFFFFF","#A9A9A9","",null,null,null,null,null,null,null,null,null,null,null,null,null,null,"","0","2021-10-09 13:15:17.0",null,null,"0","0","","1");
DELETE FROM stock_items WHERE id=101000124;
insert into stock_items(id,code,name,description,supplier_product_code,stock_item_attributes,stock_item_location,stock_item_category_id,prd_department_id,part_no,market_valuation_method,movement_method,uom_id,item_weight,qty_on_hand,unit_price,optimum_level,reorder_level,reorder_qty,preferred_supplier_id,last_purchase_unit_price,last_purchase_supplier_id,tax_id,tax_calculation_method,is_service_item,is_valid,is_manufactured,is_sellable,is_semi_finished,is_finished,sales_margin,is_sales_margin_percent,tax_percentage,qty_manufactured,top_consumption_rank,created_by,created_at,updated_by,updated_at,is_system,is_deleted) values ("101000124","124","Coffee Pot	","",null,null,null,"1",null,null,"0",null,"27","1.00000",null,"1.00000",null,null,null,null,null,null,"1","0","0","1","0","1","0","0","0","0","0.00",null,"0","0","2021-10-09 01:16:02.0",null,null,"0","0");
DELETE FROM sale_items WHERE id=101000124;
insert into sale_items(id,stock_item_id,stock_item_code,code,hsn_code,is_group_item,group_item_id,is_combo_item,name,description,sub_class_id,is_valid,is_manufactured,alternative_name,is_printable_to_kitchen,name_to_print,alternative_name_to_print,barcode,is_open,qty_on_hand,uom_id,item_weight,profit_category_id,prd_department_id,tax_id,tax_exemption,tax_group_id,tax_id_home_service,tax_id_table_service,tax_id_take_away_service,fixed_price,whls_price,is_whls_price_pc,item_cost,tax_calculation_method,taxation_based_on,is_require_weighing,display_order,best_before,is_hot_item_1,hot_item_1_display_order,is_hot_item_2,hot_item_2_display_order,is_hot_item_3,hot_item_3_display_order,fg_color,bg_color,attrib1_name,attrib1_options,attrib2_name,attrib2_options,attrib3_name,attrib3_options,attrib4_name,attrib4_options,attrib5_name,attrib5_options,tag1,tag2,tag3,tag4,tag5,choice_ids,created_by,created_at,updated_by,updated_at,is_deleted,is_system,item_thumb,sys_sale_flag) values ("101000124","101000124",null,"124","","0",null,"0","Coffee Pot	","","101000104","1","0","","1","","","","1",null,"27","1.00000",null,null,"1","0","1",null,null,null,"1.00000","0.00000","0","0.00000","0","0","0",null,null,"0",null,"0",null,"0",null,"#FFFFFF","#A9A9A9","",null,null,null,null,null,null,null,null,null,null,null,null,null,null,"","0","2021-10-09 13:16:02.0",null,null,"0","0","","1");
DELETE FROM shop_users WHERE id=9;
insert into shop_users(id,shop_id,user_id,user_group_id,is_deleted) values ("9","101","101000106","101000101","0");
DELETE FROM users WHERE id=101000106;
insert into users(id,code,name,card_no,user_group_id,employee_id,password,valid_from,valid_to,is_active,is_admin,email,lastlogin_date,token_id,token_expire_time,created_by,created_at,updated_by,updated_at,is_deleted,is_system) values ("101000106","N04","Akash","2004","101000101",null,"b8b4b727d6f5d1b61fff7be687f7970f",null,null,"1","0","",null,null,null,"101000102","2021-10-09 01:16:24.0","101000102","2021-10-09 01:17:57.0","0","0");
DELETE FROM stock_items WHERE id=101000125;
insert into stock_items(id,code,name,description,supplier_product_code,stock_item_attributes,stock_item_location,stock_item_category_id,prd_department_id,part_no,market_valuation_method,movement_method,uom_id,item_weight,qty_on_hand,unit_price,optimum_level,reorder_level,reorder_qty,preferred_supplier_id,last_purchase_unit_price,last_purchase_supplier_id,tax_id,tax_calculation_method,is_service_item,is_valid,is_manufactured,is_sellable,is_semi_finished,is_finished,sales_margin,is_sales_margin_percent,tax_percentage,qty_manufactured,top_consumption_rank,created_by,created_at,updated_by,updated_at,is_system,is_deleted) values ("101000125","125","Tea strainer	","",null,null,null,"1",null,null,"0",null,"27","1.00000",null,"1.00000",null,null,null,null,null,null,"1","0","0","1","0","1","0","0","0","0","0.00",null,"0","0","2021-10-09 01:16:37.0",null,null,"0","0");
DELETE FROM sale_items WHERE id=101000125;
insert into sale_items(id,stock_item_id,stock_item_code,code,hsn_code,is_group_item,group_item_id,is_combo_item,name,description,sub_class_id,is_valid,is_manufactured,alternative_name,is_printable_to_kitchen,name_to_print,alternative_name_to_print,barcode,is_open,qty_on_hand,uom_id,item_weight,profit_category_id,prd_department_id,tax_id,tax_exemption,tax_group_id,tax_id_home_service,tax_id_table_service,tax_id_take_away_service,fixed_price,whls_price,is_whls_price_pc,item_cost,tax_calculation_method,taxation_based_on,is_require_weighing,display_order,best_before,is_hot_item_1,hot_item_1_display_order,is_hot_item_2,hot_item_2_display_order,is_hot_item_3,hot_item_3_display_order,fg_color,bg_color,attrib1_name,attrib1_options,attrib2_name,attrib2_options,attrib3_name,attrib3_options,attrib4_name,attrib4_options,attrib5_name,attrib5_options,tag1,tag2,tag3,tag4,tag5,choice_ids,created_by,created_at,updated_by,updated_at,is_deleted,is_system,item_thumb,sys_sale_flag) values ("101000125","101000125",null,"125","","0",null,"0","Tea strainer	","","101000104","1","0","","1","","","","1",null,"27","1.00000",null,null,"1","0","1",null,null,null,"1.00000","0.00000","0","0.00000","0","0","0",null,null,"0",null,"0",null,"0",null,"#FFFFFF","#A9A9A9","",null,null,null,null,null,null,null,null,null,null,null,null,null,null,"","0","2021-10-09 13:16:37.0",null,null,"0","0","","1");
DELETE FROM shop_users WHERE id=10;
insert into shop_users(id,shop_id,user_id,user_group_id,is_deleted) values ("10","101","101000107","101000101","0");
DELETE FROM users WHERE id=101000107;
insert into users(id,code,name,card_no,user_group_id,employee_id,password,valid_from,valid_to,is_active,is_admin,email,lastlogin_date,token_id,token_expire_time,created_by,created_at,updated_by,updated_at,is_deleted,is_system) values ("101000107","2005","Antony","2005","101000101",null,"d47268e9db2e9aa3827bba3afb7ff94a",null,null,"1","0","",null,"7e320121-be36-4","2021-11-07 11:08:34.0","101000102","2021-10-09 01:17:00.0",null,null,"0","0");
update users set id="101000106", code="N04", name="Akash", card_no="2004", user_group_id="101000101", employee_id=null, password="b8b4b727d6f5d1b61fff7be687f7970f", valid_from=null, valid_to=null, is_active="1", is_admin="0", email="", lastlogin_date=null, token_id=null, token_expire_time=null, created_by="101000102", created_at="2021-10-09 01:16:24.0", updated_by="101000102", updated_at="2021-10-09 01:17:57.0", is_deleted="0", is_system="0" where id=101000106 and is_deleted = 0 and is_synchable = 1;
DELETE FROM stock_items WHERE id=101000126;
insert into stock_items(id,code,name,description,supplier_product_code,stock_item_attributes,stock_item_location,stock_item_category_id,prd_department_id,part_no,market_valuation_method,movement_method,uom_id,item_weight,qty_on_hand,unit_price,optimum_level,reorder_level,reorder_qty,preferred_supplier_id,last_purchase_unit_price,last_purchase_supplier_id,tax_id,tax_calculation_method,is_service_item,is_valid,is_manufactured,is_sellable,is_semi_finished,is_finished,sales_margin,is_sales_margin_percent,tax_percentage,qty_manufactured,top_consumption_rank,created_by,created_at,updated_by,updated_at,is_system,is_deleted) values ("101000126","126","Plastic Jar	","",null,null,null,"1",null,null,"0",null,"27","1.00000",null,"1.00000",null,null,null,null,null,null,"1","0","0","1","0","1","0","0","0","0","0.00",null,"0","0","2021-10-09 01:18:21.0",null,null,"0","0");
DELETE FROM sale_items WHERE id=101000126;
insert into sale_items(id,stock_item_id,stock_item_code,code,hsn_code,is_group_item,group_item_id,is_combo_item,name,description,sub_class_id,is_valid,is_manufactured,alternative_name,is_printable_to_kitchen,name_to_print,alternative_name_to_print,barcode,is_open,qty_on_hand,uom_id,item_weight,profit_category_id,prd_department_id,tax_id,tax_exemption,tax_group_id,tax_id_home_service,tax_id_table_service,tax_id_take_away_service,fixed_price,whls_price,is_whls_price_pc,item_cost,tax_calculation_method,taxation_based_on,is_require_weighing,display_order,best_before,is_hot_item_1,hot_item_1_display_order,is_hot_item_2,hot_item_2_display_order,is_hot_item_3,hot_item_3_display_order,fg_color,bg_color,attrib1_name,attrib1_options,attrib2_name,attrib2_options,attrib3_name,attrib3_options,attrib4_name,attrib4_options,attrib5_name,attrib5_options,tag1,tag2,tag3,tag4,tag5,choice_ids,created_by,created_at,updated_by,updated_at,is_deleted,is_system,item_thumb,sys_sale_flag) values ("101000126","101000126",null,"126","","0",null,"0","Plastic Jar	","","101000104","1","0","","1","","","","1",null,"27","1.00000",null,null,"1","0","1",null,null,null,"1.00000","0.00000","0","0.00000","0","0","0",null,null,"0",null,"0",null,"0",null,"#FFFFFF","#A9A9A9","",null,null,null,null,null,null,null,null,null,null,null,null,null,null,"","0","2021-10-09 13:18:21.0",null,null,"0","0","","1");
DELETE FROM shop_users WHERE id=11;
insert into shop_users(id,shop_id,user_id,user_group_id,is_deleted) values ("11","101","101000108","101000102","0");
DELETE FROM users WHERE id=101000108;
insert into users(id,code,name,card_no,user_group_id,employee_id,password,valid_from,valid_to,is_active,is_admin,email,lastlogin_date,token_id,token_expire_time,created_by,created_at,updated_by,updated_at,is_deleted,is_system) values ("101000108","N06","Srejeev","3000","101000102",null,"e93028bdc1aacdfb3687181f2031765d",null,null,"1","0","",null,null,null,"101000102","2021-10-09 01:19:12.0",null,null,"0","0");
DELETE FROM shop_users WHERE id=12;
insert into shop_users(id,shop_id,user_id,user_group_id,is_deleted) values ("12","101","101000109","101000102","0");
DELETE FROM users WHERE id=101000109;
insert into users(id,code,name,card_no,user_group_id,employee_id,password,valid_from,valid_to,is_active,is_admin,email,lastlogin_date,token_id,token_expire_time,created_by,created_at,updated_by,updated_at,is_deleted,is_system) values ("101000109","N07","Pradeep","3001","101000102",null,"908c9a564a86426585b29f5335b619bc",null,null,"1","0","",null,null,null,"101000102","2021-10-09 01:19:50.0",null,null,"0","0");
DELETE FROM stock_items WHERE id=101000127;
insert into stock_items(id,code,name,description,supplier_product_code,stock_item_attributes,stock_item_location,stock_item_category_id,prd_department_id,part_no,market_valuation_method,movement_method,uom_id,item_weight,qty_on_hand,unit_price,optimum_level,reorder_level,reorder_qty,preferred_supplier_id,last_purchase_unit_price,last_purchase_supplier_id,tax_id,tax_calculation_method,is_service_item,is_valid,is_manufactured,is_sellable,is_semi_finished,is_finished,sales_margin,is_sales_margin_percent,tax_percentage,qty_manufactured,top_consumption_rank,created_by,created_at,updated_by,updated_at,is_system,is_deleted) values ("101000127","127","Cutting Board	","",null,null,null,"1",null,null,"0",null,"27","1.00000",null,"1.00000",null,null,null,null,null,null,"1","0","0","1","0","1","0","0","0","0","0.00",null,"0","0","2021-10-09 01:20:34.0",null,null,"0","0");
DELETE FROM sale_items WHERE id=101000127;
insert into sale_items(id,stock_item_id,stock_item_code,code,hsn_code,is_group_item,group_item_id,is_combo_item,name,description,sub_class_id,is_valid,is_manufactured,alternative_name,is_printable_to_kitchen,name_to_print,alternative_name_to_print,barcode,is_open,qty_on_hand,uom_id,item_weight,profit_category_id,prd_department_id,tax_id,tax_exemption,tax_group_id,tax_id_home_service,tax_id_table_service,tax_id_take_away_service,fixed_price,whls_price,is_whls_price_pc,item_cost,tax_calculation_method,taxation_based_on,is_require_weighing,display_order,best_before,is_hot_item_1,hot_item_1_display_order,is_hot_item_2,hot_item_2_display_order,is_hot_item_3,hot_item_3_display_order,fg_color,bg_color,attrib1_name,attrib1_options,attrib2_name,attrib2_options,attrib3_name,attrib3_options,attrib4_name,attrib4_options,attrib5_name,attrib5_options,tag1,tag2,tag3,tag4,tag5,choice_ids,created_by,created_at,updated_by,updated_at,is_deleted,is_system,item_thumb,sys_sale_flag) values ("101000127","101000127",null,"127","","0",null,"0","Cutting Board	","","101000104","1","0","","1","","","","1",null,"27","1.00000",null,null,"1","0","1",null,null,null,"1.00000","0.00000","0","0.00000","0","0","0",null,null,"0",null,"0",null,"0",null,"#FFFFFF","#A9A9A9","",null,null,null,null,null,null,null,null,null,null,null,null,null,null,"","0","2021-10-09 13:20:34.0",null,null,"0","0","","1");
DELETE FROM stock_items WHERE id=101000128;
insert into stock_items(id,code,name,description,supplier_product_code,stock_item_attributes,stock_item_location,stock_item_category_id,prd_department_id,part_no,market_valuation_method,movement_method,uom_id,item_weight,qty_on_hand,unit_price,optimum_level,reorder_level,reorder_qty,preferred_supplier_id,last_purchase_unit_price,last_purchase_supplier_id,tax_id,tax_calculation_method,is_service_item,is_valid,is_manufactured,is_sellable,is_semi_finished,is_finished,sales_margin,is_sales_margin_percent,tax_percentage,qty_manufactured,top_consumption_rank,created_by,created_at,updated_by,updated_at,is_system,is_deleted) values ("101000128","128","Knife","",null,null,null,"1",null,null,"0",null,"27","1.00000",null,"1.00000",null,null,null,null,null,null,"1","0","0","1","0","1","0","0","0","0","0.00",null,"0","0","2021-10-09 01:21:36.0",null,null,"0","0");
DELETE FROM sale_items WHERE id=101000128;
insert into sale_items(id,stock_item_id,stock_item_code,code,hsn_code,is_group_item,group_item_id,is_combo_item,name,description,sub_class_id,is_valid,is_manufactured,alternative_name,is_printable_to_kitchen,name_to_print,alternative_name_to_print,barcode,is_open,qty_on_hand,uom_id,item_weight,profit_category_id,prd_department_id,tax_id,tax_exemption,tax_group_id,tax_id_home_service,tax_id_table_service,tax_id_take_away_service,fixed_price,whls_price,is_whls_price_pc,item_cost,tax_calculation_method,taxation_based_on,is_require_weighing,display_order,best_before,is_hot_item_1,hot_item_1_display_order,is_hot_item_2,hot_item_2_display_order,is_hot_item_3,hot_item_3_display_order,fg_color,bg_color,attrib1_name,attrib1_options,attrib2_name,attrib2_options,attrib3_name,attrib3_options,attrib4_name,attrib4_options,attrib5_name,attrib5_options,tag1,tag2,tag3,tag4,tag5,choice_ids,created_by,created_at,updated_by,updated_at,is_deleted,is_system,item_thumb,sys_sale_flag) values ("101000128","101000128",null,"128","","0",null,"0","Knife","","101000104","1","0","","1","","","","1",null,"27","1.00000",null,null,"1","0","1",null,null,null,"1.00000","0.00000","0","0.00000","0","0","0",null,null,"0",null,"0",null,"0",null,"#FFFFFF","#A9A9A9","",null,null,null,null,null,null,null,null,null,null,null,null,null,null,"","0","2021-10-09 13:21:36.0",null,null,"0","0","","1");
DELETE FROM shop_users WHERE id=13;
insert into shop_users(id,shop_id,user_id,user_group_id,is_deleted) values ("13","101","101000110","101000102","0");
DELETE FROM users WHERE id=101000110;
insert into users(id,code,name,card_no,user_group_id,employee_id,password,valid_from,valid_to,is_active,is_admin,email,lastlogin_date,token_id,token_expire_time,created_by,created_at,updated_by,updated_at,is_deleted,is_system) values ("101000110","N08","Nithin","3002","101000102",null,"d806ca13ca3449af72a1ea5aedbed26a",null,null,"1","0","",null,null,null,"101000102","2021-10-09 01:21:42.0",null,null,"0","0");
DELETE FROM stock_items WHERE id=101000129;
insert into stock_items(id,code,name,description,supplier_product_code,stock_item_attributes,stock_item_location,stock_item_category_id,prd_department_id,part_no,market_valuation_method,movement_method,uom_id,item_weight,qty_on_hand,unit_price,optimum_level,reorder_level,reorder_qty,preferred_supplier_id,last_purchase_unit_price,last_purchase_supplier_id,tax_id,tax_calculation_method,is_service_item,is_valid,is_manufactured,is_sellable,is_semi_finished,is_finished,sales_margin,is_sales_margin_percent,tax_percentage,qty_manufactured,top_consumption_rank,created_by,created_at,updated_by,updated_at,is_system,is_deleted) values ("101000129","129","Quarter Plate	","",null,null,null,"1",null,null,"0",null,"27","1.00000",null,"1.00000",null,null,null,null,null,null,"1","0","0","1","0","1","0","0","0","0","0.00",null,"0","0","2021-10-09 02:26:03.0",null,null,"0","0");
DELETE FROM sale_items WHERE id=101000129;
insert into sale_items(id,stock_item_id,stock_item_code,code,hsn_code,is_group_item,group_item_id,is_combo_item,name,description,sub_class_id,is_valid,is_manufactured,alternative_name,is_printable_to_kitchen,name_to_print,alternative_name_to_print,barcode,is_open,qty_on_hand,uom_id,item_weight,profit_category_id,prd_department_id,tax_id,tax_exemption,tax_group_id,tax_id_home_service,tax_id_table_service,tax_id_take_away_service,fixed_price,whls_price,is_whls_price_pc,item_cost,tax_calculation_method,taxation_based_on,is_require_weighing,display_order,best_before,is_hot_item_1,hot_item_1_display_order,is_hot_item_2,hot_item_2_display_order,is_hot_item_3,hot_item_3_display_order,fg_color,bg_color,attrib1_name,attrib1_options,attrib2_name,attrib2_options,attrib3_name,attrib3_options,attrib4_name,attrib4_options,attrib5_name,attrib5_options,tag1,tag2,tag3,tag4,tag5,choice_ids,created_by,created_at,updated_by,updated_at,is_deleted,is_system,item_thumb,sys_sale_flag) values ("101000129","101000129",null,"129","","0",null,"0","Quarter Plate	","","101000104","1","0","","1","","","","1",null,"27","1.00000",null,null,"1","0","1",null,null,null,"1.00000","0.00000","0","0.00000","0","0","0",null,null,"0",null,"0",null,"0",null,"#FFFFFF","#A9A9A9","",null,null,null,null,null,null,null,null,null,null,null,null,null,null,"","0","2021-10-09 14:26:03.0",null,null,"0","0","","1");
DELETE FROM stock_items WHERE id=101000130;
insert into stock_items(id,code,name,description,supplier_product_code,stock_item_attributes,stock_item_location,stock_item_category_id,prd_department_id,part_no,market_valuation_method,movement_method,uom_id,item_weight,qty_on_hand,unit_price,optimum_level,reorder_level,reorder_qty,preferred_supplier_id,last_purchase_unit_price,last_purchase_supplier_id,tax_id,tax_calculation_method,is_service_item,is_valid,is_manufactured,is_sellable,is_semi_finished,is_finished,sales_margin,is_sales_margin_percent,tax_percentage,qty_manufactured,top_consumption_rank,created_by,created_at,updated_by,updated_at,is_system,is_deleted) values ("101000130","130","Milk Mug 1","",null,null,null,"1",null,null,"0",null,"27","1.00000",null,"100.00000",null,null,null,null,null,null,"1","0","0","1","0","1","0","0","0","0","0.00",null,"0","0","2021-10-09 02:37:30.0","101000101","2021-10-11 04:54:56.0","0","0");
DELETE FROM sale_items WHERE id=101000130;
insert into sale_items(id,stock_item_id,stock_item_code,code,hsn_code,is_group_item,group_item_id,is_combo_item,name,description,sub_class_id,is_valid,is_manufactured,alternative_name,is_printable_to_kitchen,name_to_print,alternative_name_to_print,barcode,is_open,qty_on_hand,uom_id,item_weight,profit_category_id,prd_department_id,tax_id,tax_exemption,tax_group_id,tax_id_home_service,tax_id_table_service,tax_id_take_away_service,fixed_price,whls_price,is_whls_price_pc,item_cost,tax_calculation_method,taxation_based_on,is_require_weighing,display_order,best_before,is_hot_item_1,hot_item_1_display_order,is_hot_item_2,hot_item_2_display_order,is_hot_item_3,hot_item_3_display_order,fg_color,bg_color,attrib1_name,attrib1_options,attrib2_name,attrib2_options,attrib3_name,attrib3_options,attrib4_name,attrib4_options,attrib5_name,attrib5_options,tag1,tag2,tag3,tag4,tag5,choice_ids,created_by,created_at,updated_by,updated_at,is_deleted,is_system,item_thumb,sys_sale_flag) values ("101000130","101000130",null,"130","","0",null,"0","Milk Mug 1","","101000104","1","0","","1","","","","1",null,"27","1.00000",null,null,"1","0","1",null,null,null,"100.00000","0.00000","0","0.00000","0","0","0",null,null,"0",null,"0",null,"0",null,"#FFFFFF","#A9A9A9","",null,null,null,null,null,null,null,null,null,null,null,null,null,null,"","0","2021-10-09 14:37:30.0","101000101","2021-10-11 16:54:56.0","0","0","","1");
DELETE FROM stock_items WHERE id=101000131;
insert into stock_items(id,code,name,description,supplier_product_code,stock_item_attributes,stock_item_location,stock_item_category_id,prd_department_id,part_no,market_valuation_method,movement_method,uom_id,item_weight,qty_on_hand,unit_price,optimum_level,reorder_level,reorder_qty,preferred_supplier_id,last_purchase_unit_price,last_purchase_supplier_id,tax_id,tax_calculation_method,is_service_item,is_valid,is_manufactured,is_sellable,is_semi_finished,is_finished,sales_margin,is_sales_margin_percent,tax_percentage,qty_manufactured,top_consumption_rank,created_by,created_at,updated_by,updated_at,is_system,is_deleted) values ("101000131","131","Butter Knife	","",null,null,null,"1",null,null,"0",null,"27","1.00000",null,"1.00000",null,null,null,null,null,null,"1","0","0","1","0","1","0","0","0","0","0.00",null,"0","0","2021-10-09 02:41:14.0",null,null,"0","0");
DELETE FROM sale_items WHERE id=101000131;
insert into sale_items(id,stock_item_id,stock_item_code,code,hsn_code,is_group_item,group_item_id,is_combo_item,name,description,sub_class_id,is_valid,is_manufactured,alternative_name,is_printable_to_kitchen,name_to_print,alternative_name_to_print,barcode,is_open,qty_on_hand,uom_id,item_weight,profit_category_id,prd_department_id,tax_id,tax_exemption,tax_group_id,tax_id_home_service,tax_id_table_service,tax_id_take_away_service,fixed_price,whls_price,is_whls_price_pc,item_cost,tax_calculation_method,taxation_based_on,is_require_weighing,display_order,best_before,is_hot_item_1,hot_item_1_display_order,is_hot_item_2,hot_item_2_display_order,is_hot_item_3,hot_item_3_display_order,fg_color,bg_color,attrib1_name,attrib1_options,attrib2_name,attrib2_options,attrib3_name,attrib3_options,attrib4_name,attrib4_options,attrib5_name,attrib5_options,tag1,tag2,tag3,tag4,tag5,choice_ids,created_by,created_at,updated_by,updated_at,is_deleted,is_system,item_thumb,sys_sale_flag) values ("101000131","101000131",null,"131","","0",null,"0","Butter Knife	","","101000104","1","0","","1","","","","0",null,"27","1.00000",null,null,"1","0","1",null,null,null,"1.00000","0.00000","0","0.00000","0","0","0",null,null,"0",null,"0",null,"0",null,"#FFFFFF","#A9A9A9","",null,null,null,null,null,null,null,null,null,null,null,null,null,null,"","0","2021-10-09 14:41:14.0",null,null,"0","0","","1");
DELETE FROM stock_items WHERE id=101000132;
insert into stock_items(id,code,name,description,supplier_product_code,stock_item_attributes,stock_item_location,stock_item_category_id,prd_department_id,part_no,market_valuation_method,movement_method,uom_id,item_weight,qty_on_hand,unit_price,optimum_level,reorder_level,reorder_qty,preferred_supplier_id,last_purchase_unit_price,last_purchase_supplier_id,tax_id,tax_calculation_method,is_service_item,is_valid,is_manufactured,is_sellable,is_semi_finished,is_finished,sales_margin,is_sales_margin_percent,tax_percentage,qty_manufactured,top_consumption_rank,created_by,created_at,updated_by,updated_at,is_system,is_deleted) values ("101000132","132","Tong	","",null,null,null,"1",null,null,"0",null,"27","1.00000",null,"1.00000",null,null,null,null,null,null,"1","0","0","1","0","1","0","0","0","0","0.00",null,"0","0","2021-10-09 02:41:50.0","0","2021-10-09 02:42:28.0","0","0");
DELETE FROM sale_items WHERE id=101000132;
insert into sale_items(id,stock_item_id,stock_item_code,code,hsn_code,is_group_item,group_item_id,is_combo_item,name,description,sub_class_id,is_valid,is_manufactured,alternative_name,is_printable_to_kitchen,name_to_print,alternative_name_to_print,barcode,is_open,qty_on_hand,uom_id,item_weight,profit_category_id,prd_department_id,tax_id,tax_exemption,tax_group_id,tax_id_home_service,tax_id_table_service,tax_id_take_away_service,fixed_price,whls_price,is_whls_price_pc,item_cost,tax_calculation_method,taxation_based_on,is_require_weighing,display_order,best_before,is_hot_item_1,hot_item_1_display_order,is_hot_item_2,hot_item_2_display_order,is_hot_item_3,hot_item_3_display_order,fg_color,bg_color,attrib1_name,attrib1_options,attrib2_name,attrib2_options,attrib3_name,attrib3_options,attrib4_name,attrib4_options,attrib5_name,attrib5_options,tag1,tag2,tag3,tag4,tag5,choice_ids,created_by,created_at,updated_by,updated_at,is_deleted,is_system,item_thumb,sys_sale_flag) values ("101000132","101000132",null,"132","","0",null,"0","Tong	","","101000104","1","0","","1","","","","1",null,"27","1.00000",null,null,"1","0","1",null,null,null,"1.00000","0.00000","0","0.00000","0","0","0",null,null,"0",null,"0",null,"0",null,"#FFFFFF","#A9A9A9","",null,null,null,null,null,null,null,null,null,null,null,null,null,null,"","0","2021-10-09 14:41:50.0","0","2021-10-09 14:42:28.0","0","0","","1");
DELETE FROM stock_items WHERE id=101000133;
insert into stock_items(id,code,name,description,supplier_product_code,stock_item_attributes,stock_item_location,stock_item_category_id,prd_department_id,part_no,market_valuation_method,movement_method,uom_id,item_weight,qty_on_hand,unit_price,optimum_level,reorder_level,reorder_qty,preferred_supplier_id,last_purchase_unit_price,last_purchase_supplier_id,tax_id,tax_calculation_method,is_service_item,is_valid,is_manufactured,is_sellable,is_semi_finished,is_finished,sales_margin,is_sales_margin_percent,tax_percentage,qty_manufactured,top_consumption_rank,created_by,created_at,updated_by,updated_at,is_system,is_deleted) values ("101000133","133","Glass jug	","",null,null,null,"1",null,null,"0",null,"27","1.00000",null,"1.00000",null,null,null,null,null,null,"1","0","0","1","0","1","0","0","0","0","0.00",null,"0","0","2021-10-09 02:42:20.0",null,null,"0","0");
DELETE FROM sale_items WHERE id=101000133;
insert into sale_items(id,stock_item_id,stock_item_code,code,hsn_code,is_group_item,group_item_id,is_combo_item,name,description,sub_class_id,is_valid,is_manufactured,alternative_name,is_printable_to_kitchen,name_to_print,alternative_name_to_print,barcode,is_open,qty_on_hand,uom_id,item_weight,profit_category_id,prd_department_id,tax_id,tax_exemption,tax_group_id,tax_id_home_service,tax_id_table_service,tax_id_take_away_service,fixed_price,whls_price,is_whls_price_pc,item_cost,tax_calculation_method,taxation_based_on,is_require_weighing,display_order,best_before,is_hot_item_1,hot_item_1_display_order,is_hot_item_2,hot_item_2_display_order,is_hot_item_3,hot_item_3_display_order,fg_color,bg_color,attrib1_name,attrib1_options,attrib2_name,attrib2_options,attrib3_name,attrib3_options,attrib4_name,attrib4_options,attrib5_name,attrib5_options,tag1,tag2,tag3,tag4,tag5,choice_ids,created_by,created_at,updated_by,updated_at,is_deleted,is_system,item_thumb,sys_sale_flag) values ("101000133","101000133",null,"133","","0",null,"0","Glass jug	","","101000104","1","0","","1","","","","1",null,"27","1.00000",null,null,"1","0","1",null,null,null,"1.00000","0.00000","0","0.00000","0","0","0",null,null,"0",null,"0",null,"0",null,"#FFFFFF","#A9A9A9","",null,null,null,null,null,null,null,null,null,null,null,null,null,null,"","0","2021-10-09 14:42:20.0",null,null,"0","0","","1");
update stock_items set id="101000132", code="132", name="Tong	", description="", supplier_product_code=null, stock_item_attributes=null, stock_item_location=null, stock_item_category_id="1", prd_department_id=null, part_no=null, market_valuation_method="0", movement_method=null, uom_id="27", item_weight="1.00000", qty_on_hand=null, unit_price="1.00000", optimum_level=null, reorder_level=null, reorder_qty=null, preferred_supplier_id=null, last_purchase_unit_price=null, last_purchase_supplier_id=null, tax_id="1", tax_calculation_method="0", is_service_item="0", is_valid="1", is_manufactured="0", is_sellable="1", is_semi_finished="0", is_finished="0", sales_margin="0", is_sales_margin_percent="0", tax_percentage="0.00", qty_manufactured=null, top_consumption_rank="0", created_by="0", created_at="2021-10-09 02:41:50.0", updated_by="0", updated_at="2021-10-09 02:42:28.0", is_system="0", is_deleted="0" where id=101000132 and is_deleted = 0 and is_synchable = 1;
update sale_items set id="101000132", stock_item_id="101000132", stock_item_code=null, code="132", hsn_code="", is_group_item="0", group_item_id=null, is_combo_item="0", name="Tong	", description="", sub_class_id="101000104", is_valid="1", is_manufactured="0", alternative_name="", is_printable_to_kitchen="1", name_to_print="", alternative_name_to_print="", barcode="", is_open="1", qty_on_hand=null, uom_id="27", item_weight="1.00000", profit_category_id=null, prd_department_id=null, tax_id="1", tax_exemption="0", tax_group_id="1", tax_id_home_service=null, tax_id_table_service=null, tax_id_take_away_service=null, fixed_price="1.00000", whls_price="0.00000", is_whls_price_pc="0", item_cost="0.00000", tax_calculation_method="0", taxation_based_on="0", is_require_weighing="0", display_order=null, best_before=null, is_hot_item_1="0", hot_item_1_display_order=null, is_hot_item_2="0", hot_item_2_display_order=null, is_hot_item_3="0", hot_item_3_display_order=null, fg_color="#FFFFFF", bg_color="#A9A9A9", attrib1_name="", attrib1_options=null, attrib2_name=null, attrib2_options=null, attrib3_name=null, attrib3_options=null, attrib4_name=null, attrib4_options=null, attrib5_name=null, attrib5_options=null, tag1=null, tag2=null, tag3=null, tag4=null, tag5=null, choice_ids="", created_by="0", created_at="2021-10-09 14:41:50.0", updated_by="0", updated_at="2021-10-09 14:42:28.0", is_deleted="0", is_system="0", item_thumb="", sys_sale_flag="1" where id=101000132 and is_deleted = 0 and is_synchable = 1;
DELETE FROM stock_items WHERE id=101000134;
insert into stock_items(id,code,name,description,supplier_product_code,stock_item_attributes,stock_item_location,stock_item_category_id,prd_department_id,part_no,market_valuation_method,movement_method,uom_id,item_weight,qty_on_hand,unit_price,optimum_level,reorder_level,reorder_qty,preferred_supplier_id,last_purchase_unit_price,last_purchase_supplier_id,tax_id,tax_calculation_method,is_service_item,is_valid,is_manufactured,is_sellable,is_semi_finished,is_finished,sales_margin,is_sales_margin_percent,tax_percentage,qty_manufactured,top_consumption_rank,created_by,created_at,updated_by,updated_at,is_system,is_deleted) values ("101000134","134","Steel jug","",null,null,null,"1",null,null,"0",null,"27","1.00000",null,"1.00000",null,null,null,null,null,null,"1","0","0","1","0","1","0","0","0","0","0.00",null,"0","0","2021-10-09 02:47:55.0",null,null,"0","0");
DELETE FROM sale_items WHERE id=101000134;
insert into sale_items(id,stock_item_id,stock_item_code,code,hsn_code,is_group_item,group_item_id,is_combo_item,name,description,sub_class_id,is_valid,is_manufactured,alternative_name,is_printable_to_kitchen,name_to_print,alternative_name_to_print,barcode,is_open,qty_on_hand,uom_id,item_weight,profit_category_id,prd_department_id,tax_id,tax_exemption,tax_group_id,tax_id_home_service,tax_id_table_service,tax_id_take_away_service,fixed_price,whls_price,is_whls_price_pc,item_cost,tax_calculation_method,taxation_based_on,is_require_weighing,display_order,best_before,is_hot_item_1,hot_item_1_display_order,is_hot_item_2,hot_item_2_display_order,is_hot_item_3,hot_item_3_display_order,fg_color,bg_color,attrib1_name,attrib1_options,attrib2_name,attrib2_options,attrib3_name,attrib3_options,attrib4_name,attrib4_options,attrib5_name,attrib5_options,tag1,tag2,tag3,tag4,tag5,choice_ids,created_by,created_at,updated_by,updated_at,is_deleted,is_system,item_thumb,sys_sale_flag) values ("101000134","101000134",null,"134","","0",null,"0","Steel jug","","101000104","1","0","","1","","","","1",null,"27","1.00000",null,null,"1","0","1",null,null,null,"1.00000","0.00000","0","0.00000","0","0","0",null,null,"0",null,"0",null,"0",null,"#FFFFFF","#A9A9A9","",null,null,null,null,null,null,null,null,null,null,null,null,null,null,"","0","2021-10-09 14:47:55.0",null,null,"0","0","","1");
DELETE FROM stock_items WHERE id=101000135;
insert into stock_items(id,code,name,description,supplier_product_code,stock_item_attributes,stock_item_location,stock_item_category_id,prd_department_id,part_no,market_valuation_method,movement_method,uom_id,item_weight,qty_on_hand,unit_price,optimum_level,reorder_level,reorder_qty,preferred_supplier_id,last_purchase_unit_price,last_purchase_supplier_id,tax_id,tax_calculation_method,is_service_item,is_valid,is_manufactured,is_sellable,is_semi_finished,is_finished,sales_margin,is_sales_margin_percent,tax_percentage,qty_manufactured,top_consumption_rank,created_by,created_at,updated_by,updated_at,is_system,is_deleted) values ("101000135","135","Oval Bowl	","",null,null,null,"1",null,null,"0",null,"27","1.00000",null,"1.00000",null,null,null,null,null,null,"1","0","0","1","0","1","0","0","0","0","0.00",null,"0","0","2021-10-09 02:48:25.0",null,null,"0","0");
DELETE FROM sale_items WHERE id=101000135;
insert into sale_items(id,stock_item_id,stock_item_code,code,hsn_code,is_group_item,group_item_id,is_combo_item,name,description,sub_class_id,is_valid,is_manufactured,alternative_name,is_printable_to_kitchen,name_to_print,alternative_name_to_print,barcode,is_open,qty_on_hand,uom_id,item_weight,profit_category_id,prd_department_id,tax_id,tax_exemption,tax_group_id,tax_id_home_service,tax_id_table_service,tax_id_take_away_service,fixed_price,whls_price,is_whls_price_pc,item_cost,tax_calculation_method,taxation_based_on,is_require_weighing,display_order,best_before,is_hot_item_1,hot_item_1_display_order,is_hot_item_2,hot_item_2_display_order,is_hot_item_3,hot_item_3_display_order,fg_color,bg_color,attrib1_name,attrib1_options,attrib2_name,attrib2_options,attrib3_name,attrib3_options,attrib4_name,attrib4_options,attrib5_name,attrib5_options,tag1,tag2,tag3,tag4,tag5,choice_ids,created_by,created_at,updated_by,updated_at,is_deleted,is_system,item_thumb,sys_sale_flag) values ("101000135","101000135",null,"135","","0",null,"0","Oval Bowl	","","101000104","1","0","","1","","","","1",null,"27","1.00000",null,null,"1","0","1",null,null,null,"1.00000","0.00000","0","0.00000","0","0","0",null,null,"0",null,"0",null,"0",null,"#FFFFFF","#A9A9A9","",null,null,null,null,null,null,null,null,null,null,null,null,null,null,"","0","2021-10-09 14:48:25.0",null,null,"0","0","","1");
DELETE FROM stock_items WHERE id=101000136;
insert into stock_items(id,code,name,description,supplier_product_code,stock_item_attributes,stock_item_location,stock_item_category_id,prd_department_id,part_no,market_valuation_method,movement_method,uom_id,item_weight,qty_on_hand,unit_price,optimum_level,reorder_level,reorder_qty,preferred_supplier_id,last_purchase_unit_price,last_purchase_supplier_id,tax_id,tax_calculation_method,is_service_item,is_valid,is_manufactured,is_sellable,is_semi_finished,is_finished,sales_margin,is_sales_margin_percent,tax_percentage,qty_manufactured,top_consumption_rank,created_by,created_at,updated_by,updated_at,is_system,is_deleted) values ("101000136","136","Saucer Big	","",null,null,null,"1",null,null,"0",null,"27","1.00000",null,"1.00000",null,null,null,null,null,null,"1","0","0","1","0","1","0","0","0","0","0.00",null,"0","0","2021-10-09 03:06:31.0",null,null,"0","0");
DELETE FROM sale_items WHERE id=101000136;
insert into sale_items(id,stock_item_id,stock_item_code,code,hsn_code,is_group_item,group_item_id,is_combo_item,name,description,sub_class_id,is_valid,is_manufactured,alternative_name,is_printable_to_kitchen,name_to_print,alternative_name_to_print,barcode,is_open,qty_on_hand,uom_id,item_weight,profit_category_id,prd_department_id,tax_id,tax_exemption,tax_group_id,tax_id_home_service,tax_id_table_service,tax_id_take_away_service,fixed_price,whls_price,is_whls_price_pc,item_cost,tax_calculation_method,taxation_based_on,is_require_weighing,display_order,best_before,is_hot_item_1,hot_item_1_display_order,is_hot_item_2,hot_item_2_display_order,is_hot_item_3,hot_item_3_display_order,fg_color,bg_color,attrib1_name,attrib1_options,attrib2_name,attrib2_options,attrib3_name,attrib3_options,attrib4_name,attrib4_options,attrib5_name,attrib5_options,tag1,tag2,tag3,tag4,tag5,choice_ids,created_by,created_at,updated_by,updated_at,is_deleted,is_system,item_thumb,sys_sale_flag) values ("101000136","101000136",null,"136","","0",null,"0","Saucer Big	","","101000104","1","0","","1","","","","1",null,"27","1.00000",null,null,"1","0","1",null,null,null,"1.00000","0.00000","0","0.00000","0","0","0",null,null,"0",null,"0",null,"0",null,"#FFFFFF","#A9A9A9","",null,null,null,null,null,null,null,null,null,null,null,null,null,null,"","0","2021-10-09 15:06:31.0",null,null,"0","0","","1");
DELETE FROM stock_items WHERE id=101000137;
insert into stock_items(id,code,name,description,supplier_product_code,stock_item_attributes,stock_item_location,stock_item_category_id,prd_department_id,part_no,market_valuation_method,movement_method,uom_id,item_weight,qty_on_hand,unit_price,optimum_level,reorder_level,reorder_qty,preferred_supplier_id,last_purchase_unit_price,last_purchase_supplier_id,tax_id,tax_calculation_method,is_service_item,is_valid,is_manufactured,is_sellable,is_semi_finished,is_finished,sales_margin,is_sales_margin_percent,tax_percentage,qty_manufactured,top_consumption_rank,created_by,created_at,updated_by,updated_at,is_system,is_deleted) values ("101000137","137","Plastic Bowl	","",null,null,null,"1",null,null,"0",null,"27","1.00000",null,"1.00000",null,null,null,null,null,null,"1","0","0","1","0","1","0","0","0","0","0.00",null,"0","0","2021-10-09 03:11:23.0",null,null,"0","0");
DELETE FROM sale_items WHERE id=101000137;
insert into sale_items(id,stock_item_id,stock_item_code,code,hsn_code,is_group_item,group_item_id,is_combo_item,name,description,sub_class_id,is_valid,is_manufactured,alternative_name,is_printable_to_kitchen,name_to_print,alternative_name_to_print,barcode,is_open,qty_on_hand,uom_id,item_weight,profit_category_id,prd_department_id,tax_id,tax_exemption,tax_group_id,tax_id_home_service,tax_id_table_service,tax_id_take_away_service,fixed_price,whls_price,is_whls_price_pc,item_cost,tax_calculation_method,taxation_based_on,is_require_weighing,display_order,best_before,is_hot_item_1,hot_item_1_display_order,is_hot_item_2,hot_item_2_display_order,is_hot_item_3,hot_item_3_display_order,fg_color,bg_color,attrib1_name,attrib1_options,attrib2_name,attrib2_options,attrib3_name,attrib3_options,attrib4_name,attrib4_options,attrib5_name,attrib5_options,tag1,tag2,tag3,tag4,tag5,choice_ids,created_by,created_at,updated_by,updated_at,is_deleted,is_system,item_thumb,sys_sale_flag) values ("101000137","101000137",null,"137","","0",null,"0","Plastic Bowl	","","101000104","1","0","","1","","","","1",null,"27","1.00000",null,null,"1","0","1",null,null,null,"1.00000","0.00000","0","0.00000","0","0","0",null,null,"0",null,"0",null,"0",null,"#FFFFFF","#A9A9A9","",null,null,null,null,null,null,null,null,null,null,null,null,null,null,"","0","2021-10-09 15:11:23.0",null,null,"0","0","","1");
DELETE FROM stock_items WHERE id=101000138;
insert into stock_items(id,code,name,description,supplier_product_code,stock_item_attributes,stock_item_location,stock_item_category_id,prd_department_id,part_no,market_valuation_method,movement_method,uom_id,item_weight,qty_on_hand,unit_price,optimum_level,reorder_level,reorder_qty,preferred_supplier_id,last_purchase_unit_price,last_purchase_supplier_id,tax_id,tax_calculation_method,is_service_item,is_valid,is_manufactured,is_sellable,is_semi_finished,is_finished,sales_margin,is_sales_margin_percent,tax_percentage,qty_manufactured,top_consumption_rank,created_by,created_at,updated_by,updated_at,is_system,is_deleted) values ("101000138","138","Casserole","",null,null,null,"1",null,null,"0",null,"27","1.00000",null,"1.00000",null,null,null,null,null,null,"1","0","0","1","0","1","0","0","0","0","0.00",null,"0","0","2021-10-09 03:11:55.0",null,null,"0","0");
DELETE FROM sale_items WHERE id=101000138;
insert into sale_items(id,stock_item_id,stock_item_code,code,hsn_code,is_group_item,group_item_id,is_combo_item,name,description,sub_class_id,is_valid,is_manufactured,alternative_name,is_printable_to_kitchen,name_to_print,alternative_name_to_print,barcode,is_open,qty_on_hand,uom_id,item_weight,profit_category_id,prd_department_id,tax_id,tax_exemption,tax_group_id,tax_id_home_service,tax_id_table_service,tax_id_take_away_service,fixed_price,whls_price,is_whls_price_pc,item_cost,tax_calculation_method,taxation_based_on,is_require_weighing,display_order,best_before,is_hot_item_1,hot_item_1_display_order,is_hot_item_2,hot_item_2_display_order,is_hot_item_3,hot_item_3_display_order,fg_color,bg_color,attrib1_name,attrib1_options,attrib2_name,attrib2_options,attrib3_name,attrib3_options,attrib4_name,attrib4_options,attrib5_name,attrib5_options,tag1,tag2,tag3,tag4,tag5,choice_ids,created_by,created_at,updated_by,updated_at,is_deleted,is_system,item_thumb,sys_sale_flag) values ("101000138","101000138",null,"138","","0",null,"0","Casserole","","101000104","1","0","","1","","","","1",null,"27","1.00000",null,null,"1","0","1",null,null,null,"1.00000","0.00000","0","0.00000","0","0","0",null,null,"0",null,"0",null,"0",null,"#FFFFFF","#A9A9A9","",null,null,null,null,null,null,null,null,null,null,null,null,null,null,"","0","2021-10-09 15:11:55.0",null,null,"0","0","","1");
DELETE FROM stock_items WHERE id=101000139;
insert into stock_items(id,code,name,description,supplier_product_code,stock_item_attributes,stock_item_location,stock_item_category_id,prd_department_id,part_no,market_valuation_method,movement_method,uom_id,item_weight,qty_on_hand,unit_price,optimum_level,reorder_level,reorder_qty,preferred_supplier_id,last_purchase_unit_price,last_purchase_supplier_id,tax_id,tax_calculation_method,is_service_item,is_valid,is_manufactured,is_sellable,is_semi_finished,is_finished,sales_margin,is_sales_margin_percent,tax_percentage,qty_manufactured,top_consumption_rank,created_by,created_at,updated_by,updated_at,is_system,is_deleted) values ("101000139","139","Bowl Small(Ceramic)	","",null,null,null,"1",null,null,"0",null,"27","1.00000",null,"1.00000",null,null,null,null,null,null,"1","0","0","1","0","1","0","0","0","0","0.00",null,"0","0","2021-10-09 03:12:29.0",null,null,"0","0");
DELETE FROM sale_items WHERE id=101000139;
insert into sale_items(id,stock_item_id,stock_item_code,code,hsn_code,is_group_item,group_item_id,is_combo_item,name,description,sub_class_id,is_valid,is_manufactured,alternative_name,is_printable_to_kitchen,name_to_print,alternative_name_to_print,barcode,is_open,qty_on_hand,uom_id,item_weight,profit_category_id,prd_department_id,tax_id,tax_exemption,tax_group_id,tax_id_home_service,tax_id_table_service,tax_id_take_away_service,fixed_price,whls_price,is_whls_price_pc,item_cost,tax_calculation_method,taxation_based_on,is_require_weighing,display_order,best_before,is_hot_item_1,hot_item_1_display_order,is_hot_item_2,hot_item_2_display_order,is_hot_item_3,hot_item_3_display_order,fg_color,bg_color,attrib1_name,attrib1_options,attrib2_name,attrib2_options,attrib3_name,attrib3_options,attrib4_name,attrib4_options,attrib5_name,attrib5_options,tag1,tag2,tag3,tag4,tag5,choice_ids,created_by,created_at,updated_by,updated_at,is_deleted,is_system,item_thumb,sys_sale_flag) values ("101000139","101000139",null,"139","","0",null,"0","Bowl Small(Ceramic)	","","101000104","1","0","","1","","","","1",null,"27","1.00000",null,null,"1","0","1",null,null,null,"1.00000","0.00000","0","0.00000","0","0","0",null,null,"0",null,"0",null,"0",null,"#FFFFFF","#A9A9A9","",null,null,null,null,null,null,null,null,null,null,null,null,null,null,"","0","2021-10-09 15:12:29.0",null,null,"0","0","","1");
DELETE FROM stock_items WHERE id=101000140;
insert into stock_items(id,code,name,description,supplier_product_code,stock_item_attributes,stock_item_location,stock_item_category_id,prd_department_id,part_no,market_valuation_method,movement_method,uom_id,item_weight,qty_on_hand,unit_price,optimum_level,reorder_level,reorder_qty,preferred_supplier_id,last_purchase_unit_price,last_purchase_supplier_id,tax_id,tax_calculation_method,is_service_item,is_valid,is_manufactured,is_sellable,is_semi_finished,is_finished,sales_margin,is_sales_margin_percent,tax_percentage,qty_manufactured,top_consumption_rank,created_by,created_at,updated_by,updated_at,is_system,is_deleted) values ("101000140","140","Tea cups","",null,null,null,"1",null,null,"0",null,"27","1.00000",null,"1.00000",null,null,null,null,null,null,"1","0","0","1","0","1","0","0","0","0","0.00",null,"0","0","2021-10-09 03:13:00.0",null,null,"0","0");
DELETE FROM sale_items WHERE id=101000140;
insert into sale_items(id,stock_item_id,stock_item_code,code,hsn_code,is_group_item,group_item_id,is_combo_item,name,description,sub_class_id,is_valid,is_manufactured,alternative_name,is_printable_to_kitchen,name_to_print,alternative_name_to_print,barcode,is_open,qty_on_hand,uom_id,item_weight,profit_category_id,prd_department_id,tax_id,tax_exemption,tax_group_id,tax_id_home_service,tax_id_table_service,tax_id_take_away_service,fixed_price,whls_price,is_whls_price_pc,item_cost,tax_calculation_method,taxation_based_on,is_require_weighing,display_order,best_before,is_hot_item_1,hot_item_1_display_order,is_hot_item_2,hot_item_2_display_order,is_hot_item_3,hot_item_3_display_order,fg_color,bg_color,attrib1_name,attrib1_options,attrib2_name,attrib2_options,attrib3_name,attrib3_options,attrib4_name,attrib4_options,attrib5_name,attrib5_options,tag1,tag2,tag3,tag4,tag5,choice_ids,created_by,created_at,updated_by,updated_at,is_deleted,is_system,item_thumb,sys_sale_flag) values ("101000140","101000140",null,"140","","0",null,"0","Tea cups","","101000104","1","0","","1","","","","1",null,"27","1.00000",null,null,"1","0","1",null,null,null,"1.00000","0.00000","0","0.00000","0","0","0",null,null,"0",null,"0",null,"0",null,"#FFFFFF","#A9A9A9","",null,null,null,null,null,null,null,null,null,null,null,null,null,null,"","0","2021-10-09 15:13:00.0",null,null,"0","0","","1");
DELETE FROM stock_items WHERE id=101000141;
insert into stock_items(id,code,name,description,supplier_product_code,stock_item_attributes,stock_item_location,stock_item_category_id,prd_department_id,part_no,market_valuation_method,movement_method,uom_id,item_weight,qty_on_hand,unit_price,optimum_level,reorder_level,reorder_qty,preferred_supplier_id,last_purchase_unit_price,last_purchase_supplier_id,tax_id,tax_calculation_method,is_service_item,is_valid,is_manufactured,is_sellable,is_semi_finished,is_finished,sales_margin,is_sales_margin_percent,tax_percentage,qty_manufactured,top_consumption_rank,created_by,created_at,updated_by,updated_at,is_system,is_deleted) values ("101000141","141","Saucer Big","",null,null,null,"1",null,null,"0",null,"27","1.00000",null,"1.00000",null,null,null,null,null,null,"1","0","0","1","0","1","0","0","0","0","0.00",null,"0","0","2021-10-09 03:13:33.0",null,null,"0","0");
DELETE FROM sale_items WHERE id=101000141;
insert into sale_items(id,stock_item_id,stock_item_code,code,hsn_code,is_group_item,group_item_id,is_combo_item,name,description,sub_class_id,is_valid,is_manufactured,alternative_name,is_printable_to_kitchen,name_to_print,alternative_name_to_print,barcode,is_open,qty_on_hand,uom_id,item_weight,profit_category_id,prd_department_id,tax_id,tax_exemption,tax_group_id,tax_id_home_service,tax_id_table_service,tax_id_take_away_service,fixed_price,whls_price,is_whls_price_pc,item_cost,tax_calculation_method,taxation_based_on,is_require_weighing,display_order,best_before,is_hot_item_1,hot_item_1_display_order,is_hot_item_2,hot_item_2_display_order,is_hot_item_3,hot_item_3_display_order,fg_color,bg_color,attrib1_name,attrib1_options,attrib2_name,attrib2_options,attrib3_name,attrib3_options,attrib4_name,attrib4_options,attrib5_name,attrib5_options,tag1,tag2,tag3,tag4,tag5,choice_ids,created_by,created_at,updated_by,updated_at,is_deleted,is_system,item_thumb,sys_sale_flag) values ("101000141","101000141",null,"141","","0",null,"0","Saucer Big","","101000104","1","0","","1","","","","1",null,"27","1.00000",null,null,"1","0","1",null,null,null,"1.00000","0.00000","0","0.00000","0","0","0",null,null,"0",null,"0",null,"0",null,"#FFFFFF","#A9A9A9","",null,null,null,null,null,null,null,null,null,null,null,null,null,null,"","0","2021-10-09 15:13:33.0",null,null,"0","0","","1");
DELETE FROM stock_items WHERE id=101000142;
insert into stock_items(id,code,name,description,supplier_product_code,stock_item_attributes,stock_item_location,stock_item_category_id,prd_department_id,part_no,market_valuation_method,movement_method,uom_id,item_weight,qty_on_hand,unit_price,optimum_level,reorder_level,reorder_qty,preferred_supplier_id,last_purchase_unit_price,last_purchase_supplier_id,tax_id,tax_calculation_method,is_service_item,is_valid,is_manufactured,is_sellable,is_semi_finished,is_finished,sales_margin,is_sales_margin_percent,tax_percentage,qty_manufactured,top_consumption_rank,created_by,created_at,updated_by,updated_at,is_system,is_deleted) values ("101000142","142","Tray acrylic","",null,null,null,"1",null,null,"0",null,"27","1.00000",null,"1.00000",null,null,null,null,null,null,"1","0","0","1","0","1","0","0","0","0","0.00",null,"0","0","2021-10-09 03:14:02.0",null,null,"0","0");
DELETE FROM sale_items WHERE id=101000142;
insert into sale_items(id,stock_item_id,stock_item_code,code,hsn_code,is_group_item,group_item_id,is_combo_item,name,description,sub_class_id,is_valid,is_manufactured,alternative_name,is_printable_to_kitchen,name_to_print,alternative_name_to_print,barcode,is_open,qty_on_hand,uom_id,item_weight,profit_category_id,prd_department_id,tax_id,tax_exemption,tax_group_id,tax_id_home_service,tax_id_table_service,tax_id_take_away_service,fixed_price,whls_price,is_whls_price_pc,item_cost,tax_calculation_method,taxation_based_on,is_require_weighing,display_order,best_before,is_hot_item_1,hot_item_1_display_order,is_hot_item_2,hot_item_2_display_order,is_hot_item_3,hot_item_3_display_order,fg_color,bg_color,attrib1_name,attrib1_options,attrib2_name,attrib2_options,attrib3_name,attrib3_options,attrib4_name,attrib4_options,attrib5_name,attrib5_options,tag1,tag2,tag3,tag4,tag5,choice_ids,created_by,created_at,updated_by,updated_at,is_deleted,is_system,item_thumb,sys_sale_flag) values ("101000142","101000142",null,"142","","0",null,"0","Tray acrylic","","101000104","1","0","","1","","","","1",null,"27","1.00000",null,null,"1","0","1",null,null,null,"1.00000","0.00000","0","0.00000","0","0","0",null,null,"0",null,"0",null,"0",null,"#FFFFFF","#A9A9A9","",null,null,null,null,null,null,null,null,null,null,null,null,null,null,"","0","2021-10-09 15:14:02.0",null,null,"0","0","","1");
DELETE FROM stock_items WHERE id=101000143;
insert into stock_items(id,code,name,description,supplier_product_code,stock_item_attributes,stock_item_location,stock_item_category_id,prd_department_id,part_no,market_valuation_method,movement_method,uom_id,item_weight,qty_on_hand,unit_price,optimum_level,reorder_level,reorder_qty,preferred_supplier_id,last_purchase_unit_price,last_purchase_supplier_id,tax_id,tax_calculation_method,is_service_item,is_valid,is_manufactured,is_sellable,is_semi_finished,is_finished,sales_margin,is_sales_margin_percent,tax_percentage,qty_manufactured,top_consumption_rank,created_by,created_at,updated_by,updated_at,is_system,is_deleted) values ("101000143","143","Table Mat","",null,null,null,"1",null,null,"0",null,"27","1.00000",null,"1.00000",null,null,null,null,null,null,"1","0","0","1","0","1","0","0","0","0","0.00",null,"0","0","2021-10-09 03:15:13.0",null,null,"0","0");
DELETE FROM sale_items WHERE id=101000143;
insert into sale_items(id,stock_item_id,stock_item_code,code,hsn_code,is_group_item,group_item_id,is_combo_item,name,description,sub_class_id,is_valid,is_manufactured,alternative_name,is_printable_to_kitchen,name_to_print,alternative_name_to_print,barcode,is_open,qty_on_hand,uom_id,item_weight,profit_category_id,prd_department_id,tax_id,tax_exemption,tax_group_id,tax_id_home_service,tax_id_table_service,tax_id_take_away_service,fixed_price,whls_price,is_whls_price_pc,item_cost,tax_calculation_method,taxation_based_on,is_require_weighing,display_order,best_before,is_hot_item_1,hot_item_1_display_order,is_hot_item_2,hot_item_2_display_order,is_hot_item_3,hot_item_3_display_order,fg_color,bg_color,attrib1_name,attrib1_options,attrib2_name,attrib2_options,attrib3_name,attrib3_options,attrib4_name,attrib4_options,attrib5_name,attrib5_options,tag1,tag2,tag3,tag4,tag5,choice_ids,created_by,created_at,updated_by,updated_at,is_deleted,is_system,item_thumb,sys_sale_flag) values ("101000143","101000143",null,"143","","0",null,"0","Table Mat","","101000104","1","0","","1","","","","1",null,"27","1.00000",null,null,"1","0","1",null,null,null,"1.00000","0.00000","0","0.00000","0","0","0",null,null,"0",null,"0",null,"0",null,"#FFFFFF","#A9A9A9","",null,null,null,null,null,null,null,null,null,null,null,null,null,null,"","0","2021-10-09 15:15:13.0",null,null,"0","0","","1");
DELETE FROM stock_items WHERE id=101000144;
insert into stock_items(id,code,name,description,supplier_product_code,stock_item_attributes,stock_item_location,stock_item_category_id,prd_department_id,part_no,market_valuation_method,movement_method,uom_id,item_weight,qty_on_hand,unit_price,optimum_level,reorder_level,reorder_qty,preferred_supplier_id,last_purchase_unit_price,last_purchase_supplier_id,tax_id,tax_calculation_method,is_service_item,is_valid,is_manufactured,is_sellable,is_semi_finished,is_finished,sales_margin,is_sales_margin_percent,tax_percentage,qty_manufactured,top_consumption_rank,created_by,created_at,updated_by,updated_at,is_system,is_deleted) values ("101000144","144","Chef & Dish","",null,null,null,"1",null,null,"0",null,"27","1.00000",null,"1.00000",null,null,null,null,null,null,"1","0","0","1","0","1","0","0","0","0","0.00",null,"0","0","2021-10-09 03:16:09.0",null,null,"0","0");
DELETE FROM sale_items WHERE id=101000144;
insert into sale_items(id,stock_item_id,stock_item_code,code,hsn_code,is_group_item,group_item_id,is_combo_item,name,description,sub_class_id,is_valid,is_manufactured,alternative_name,is_printable_to_kitchen,name_to_print,alternative_name_to_print,barcode,is_open,qty_on_hand,uom_id,item_weight,profit_category_id,prd_department_id,tax_id,tax_exemption,tax_group_id,tax_id_home_service,tax_id_table_service,tax_id_take_away_service,fixed_price,whls_price,is_whls_price_pc,item_cost,tax_calculation_method,taxation_based_on,is_require_weighing,display_order,best_before,is_hot_item_1,hot_item_1_display_order,is_hot_item_2,hot_item_2_display_order,is_hot_item_3,hot_item_3_display_order,fg_color,bg_color,attrib1_name,attrib1_options,attrib2_name,attrib2_options,attrib3_name,attrib3_options,attrib4_name,attrib4_options,attrib5_name,attrib5_options,tag1,tag2,tag3,tag4,tag5,choice_ids,created_by,created_at,updated_by,updated_at,is_deleted,is_system,item_thumb,sys_sale_flag) values ("101000144","101000144",null,"144","","0",null,"0","Chef & Dish","","101000104","1","0","","1","","","","1",null,"27","1.00000",null,null,"1","0","1",null,null,null,"1.00000","0.00000","0","0.00000","0","0","0",null,null,"0",null,"0",null,"0",null,"#FFFFFF","#A9A9A9","",null,null,null,null,null,null,null,null,null,null,null,null,null,null,"","0","2021-10-09 15:16:09.0",null,null,"0","0","","1");
DELETE FROM stock_items WHERE id=101000145;
insert into stock_items(id,code,name,description,supplier_product_code,stock_item_attributes,stock_item_location,stock_item_category_id,prd_department_id,part_no,market_valuation_method,movement_method,uom_id,item_weight,qty_on_hand,unit_price,optimum_level,reorder_level,reorder_qty,preferred_supplier_id,last_purchase_unit_price,last_purchase_supplier_id,tax_id,tax_calculation_method,is_service_item,is_valid,is_manufactured,is_sellable,is_semi_finished,is_finished,sales_margin,is_sales_margin_percent,tax_percentage,qty_manufactured,top_consumption_rank,created_by,created_at,updated_by,updated_at,is_system,is_deleted) values ("101000145","145","Chef & Dish Tray","",null,null,null,"1",null,null,"0",null,"27","1.00000",null,"1.00000",null,null,null,null,null,null,"1","0","0","1","0","1","0","0","0","0","0.00",null,"0","0","2021-10-09 03:17:15.0",null,null,"0","0");
DELETE FROM sale_items WHERE id=101000145;
insert into sale_items(id,stock_item_id,stock_item_code,code,hsn_code,is_group_item,group_item_id,is_combo_item,name,description,sub_class_id,is_valid,is_manufactured,alternative_name,is_printable_to_kitchen,name_to_print,alternative_name_to_print,barcode,is_open,qty_on_hand,uom_id,item_weight,profit_category_id,prd_department_id,tax_id,tax_exemption,tax_group_id,tax_id_home_service,tax_id_table_service,tax_id_take_away_service,fixed_price,whls_price,is_whls_price_pc,item_cost,tax_calculation_method,taxation_based_on,is_require_weighing,display_order,best_before,is_hot_item_1,hot_item_1_display_order,is_hot_item_2,hot_item_2_display_order,is_hot_item_3,hot_item_3_display_order,fg_color,bg_color,attrib1_name,attrib1_options,attrib2_name,attrib2_options,attrib3_name,attrib3_options,attrib4_name,attrib4_options,attrib5_name,attrib5_options,tag1,tag2,tag3,tag4,tag5,choice_ids,created_by,created_at,updated_by,updated_at,is_deleted,is_system,item_thumb,sys_sale_flag) values ("101000145","101000145",null,"145","","0",null,"0","Chef & Dish Tray","","101000104","1","0","","1","","","","1",null,"27","1.00000",null,null,"1","0","1",null,null,null,"1.00000","0.00000","0","0.00000","0","0","0",null,null,"0",null,"0",null,"0",null,"#FFFFFF","#A9A9A9","",null,null,null,null,null,null,null,null,null,null,null,null,null,null,"","0","2021-10-09 15:17:15.0",null,null,"0","0","","1");
DELETE FROM stock_items WHERE id=101000146;
insert into stock_items(id,code,name,description,supplier_product_code,stock_item_attributes,stock_item_location,stock_item_category_id,prd_department_id,part_no,market_valuation_method,movement_method,uom_id,item_weight,qty_on_hand,unit_price,optimum_level,reorder_level,reorder_qty,preferred_supplier_id,last_purchase_unit_price,last_purchase_supplier_id,tax_id,tax_calculation_method,is_service_item,is_valid,is_manufactured,is_sellable,is_semi_finished,is_finished,sales_margin,is_sales_margin_percent,tax_percentage,qty_manufactured,top_consumption_rank,created_by,created_at,updated_by,updated_at,is_system,is_deleted) values ("101000146","146","Cruet set	","",null,null,null,"1",null,null,"0",null,"27","1.00000",null,"1.00000",null,null,null,null,null,null,"1","0","0","1","0","1","0","0","0","0","0.00",null,"0","0","2021-10-09 03:19:13.0","0","2021-10-09 03:19:33.0","0","0");
DELETE FROM sale_items WHERE id=101000146;
insert into sale_items(id,stock_item_id,stock_item_code,code,hsn_code,is_group_item,group_item_id,is_combo_item,name,description,sub_class_id,is_valid,is_manufactured,alternative_name,is_printable_to_kitchen,name_to_print,alternative_name_to_print,barcode,is_open,qty_on_hand,uom_id,item_weight,profit_category_id,prd_department_id,tax_id,tax_exemption,tax_group_id,tax_id_home_service,tax_id_table_service,tax_id_take_away_service,fixed_price,whls_price,is_whls_price_pc,item_cost,tax_calculation_method,taxation_based_on,is_require_weighing,display_order,best_before,is_hot_item_1,hot_item_1_display_order,is_hot_item_2,hot_item_2_display_order,is_hot_item_3,hot_item_3_display_order,fg_color,bg_color,attrib1_name,attrib1_options,attrib2_name,attrib2_options,attrib3_name,attrib3_options,attrib4_name,attrib4_options,attrib5_name,attrib5_options,tag1,tag2,tag3,tag4,tag5,choice_ids,created_by,created_at,updated_by,updated_at,is_deleted,is_system,item_thumb,sys_sale_flag) values ("101000146","101000146",null,"146","","0",null,"0","Cruet set	","","101000104","1","0","","1","","","","1",null,"27","1.00000",null,null,"1","0","1",null,null,null,"1.00000","0.00000","0","0.00000","0","0","0",null,null,"0",null,"0",null,"0",null,"#FFFFFF","#A9A9A9","",null,null,null,null,null,null,null,null,null,null,null,null,null,null,"","0","2021-10-09 15:19:13.0","0","2021-10-09 15:19:33.0","0","0","","1");
update stock_items set id="101000146", code="146", name="Cruet set	", description="", supplier_product_code=null, stock_item_attributes=null, stock_item_location=null, stock_item_category_id="1", prd_department_id=null, part_no=null, market_valuation_method="0", movement_method=null, uom_id="27", item_weight="1.00000", qty_on_hand=null, unit_price="1.00000", optimum_level=null, reorder_level=null, reorder_qty=null, preferred_supplier_id=null, last_purchase_unit_price=null, last_purchase_supplier_id=null, tax_id="1", tax_calculation_method="0", is_service_item="0", is_valid="1", is_manufactured="0", is_sellable="1", is_semi_finished="0", is_finished="0", sales_margin="0", is_sales_margin_percent="0", tax_percentage="0.00", qty_manufactured=null, top_consumption_rank="0", created_by="0", created_at="2021-10-09 03:19:13.0", updated_by="0", updated_at="2021-10-09 03:19:33.0", is_system="0", is_deleted="0" where id=101000146 and is_deleted = 0 and is_synchable = 1;
update sale_items set id="101000146", stock_item_id="101000146", stock_item_code=null, code="146", hsn_code="", is_group_item="0", group_item_id=null, is_combo_item="0", name="Cruet set	", description="", sub_class_id="101000104", is_valid="1", is_manufactured="0", alternative_name="", is_printable_to_kitchen="1", name_to_print="", alternative_name_to_print="", barcode="", is_open="1", qty_on_hand=null, uom_id="27", item_weight="1.00000", profit_category_id=null, prd_department_id=null, tax_id="1", tax_exemption="0", tax_group_id="1", tax_id_home_service=null, tax_id_table_service=null, tax_id_take_away_service=null, fixed_price="1.00000", whls_price="0.00000", is_whls_price_pc="0", item_cost="0.00000", tax_calculation_method="0", taxation_based_on="0", is_require_weighing="0", display_order=null, best_before=null, is_hot_item_1="0", hot_item_1_display_order=null, is_hot_item_2="0", hot_item_2_display_order=null, is_hot_item_3="0", hot_item_3_display_order=null, fg_color="#FFFFFF", bg_color="#A9A9A9", attrib1_name="", attrib1_options=null, attrib2_name=null, attrib2_options=null, attrib3_name=null, attrib3_options=null, attrib4_name=null, attrib4_options=null, attrib5_name=null, attrib5_options=null, tag1=null, tag2=null, tag3=null, tag4=null, tag5=null, choice_ids="", created_by="0", created_at="2021-10-09 15:19:13.0", updated_by="0", updated_at="2021-10-09 15:19:33.0", is_deleted="0", is_system="0", item_thumb="", sys_sale_flag="1" where id=101000146 and is_deleted = 0 and is_synchable = 1;
DELETE FROM stock_items WHERE id=101000147;
insert into stock_items(id,code,name,description,supplier_product_code,stock_item_attributes,stock_item_location,stock_item_category_id,prd_department_id,part_no,market_valuation_method,movement_method,uom_id,item_weight,qty_on_hand,unit_price,optimum_level,reorder_level,reorder_qty,preferred_supplier_id,last_purchase_unit_price,last_purchase_supplier_id,tax_id,tax_calculation_method,is_service_item,is_valid,is_manufactured,is_sellable,is_semi_finished,is_finished,sales_margin,is_sales_margin_percent,tax_percentage,qty_manufactured,top_consumption_rank,created_by,created_at,updated_by,updated_at,is_system,is_deleted) values ("101000147","147","Steel Glass","",null,null,null,"1",null,null,"0",null,"27","1.00000",null,"1.00000",null,null,null,null,null,null,"1","0","0","1","0","1","0","0","0","0","0.00",null,"0","0","2021-10-09 03:20:40.0",null,null,"0","0");
DELETE FROM sale_items WHERE id=101000147;
insert into sale_items(id,stock_item_id,stock_item_code,code,hsn_code,is_group_item,group_item_id,is_combo_item,name,description,sub_class_id,is_valid,is_manufactured,alternative_name,is_printable_to_kitchen,name_to_print,alternative_name_to_print,barcode,is_open,qty_on_hand,uom_id,item_weight,profit_category_id,prd_department_id,tax_id,tax_exemption,tax_group_id,tax_id_home_service,tax_id_table_service,tax_id_take_away_service,fixed_price,whls_price,is_whls_price_pc,item_cost,tax_calculation_method,taxation_based_on,is_require_weighing,display_order,best_before,is_hot_item_1,hot_item_1_display_order,is_hot_item_2,hot_item_2_display_order,is_hot_item_3,hot_item_3_display_order,fg_color,bg_color,attrib1_name,attrib1_options,attrib2_name,attrib2_options,attrib3_name,attrib3_options,attrib4_name,attrib4_options,attrib5_name,attrib5_options,tag1,tag2,tag3,tag4,tag5,choice_ids,created_by,created_at,updated_by,updated_at,is_deleted,is_system,item_thumb,sys_sale_flag) values ("101000147","101000147",null,"147","","0",null,"0","Steel Glass","","101000104","1","0","","1","","","","1",null,"27","1.00000",null,null,"1","0","1",null,null,null,"1.00000","0.00000","0","0.00000","0","0","0",null,null,"0",null,"0",null,"0",null,"#FFFFFF","#A9A9A9","",null,null,null,null,null,null,null,null,null,null,null,null,null,null,"","0","2021-10-09 15:20:40.0",null,null,"0","0","","1");
DELETE FROM stock_items WHERE id=101000148;
insert into stock_items(id,code,name,description,supplier_product_code,stock_item_attributes,stock_item_location,stock_item_category_id,prd_department_id,part_no,market_valuation_method,movement_method,uom_id,item_weight,qty_on_hand,unit_price,optimum_level,reorder_level,reorder_qty,preferred_supplier_id,last_purchase_unit_price,last_purchase_supplier_id,tax_id,tax_calculation_method,is_service_item,is_valid,is_manufactured,is_sellable,is_semi_finished,is_finished,sales_margin,is_sales_margin_percent,tax_percentage,qty_manufactured,top_consumption_rank,created_by,created_at,updated_by,updated_at,is_system,is_deleted) values ("101000148","148","Ice Bucket","",null,null,null,"1",null,null,"0",null,"27","1.00000",null,"1.00000",null,null,null,null,null,null,"1","0","0","1","0","1","0","0","0","0","0.00",null,"0","0","2021-10-09 03:29:15.0",null,null,"0","0");
DELETE FROM sale_items WHERE id=101000148;
insert into sale_items(id,stock_item_id,stock_item_code,code,hsn_code,is_group_item,group_item_id,is_combo_item,name,description,sub_class_id,is_valid,is_manufactured,alternative_name,is_printable_to_kitchen,name_to_print,alternative_name_to_print,barcode,is_open,qty_on_hand,uom_id,item_weight,profit_category_id,prd_department_id,tax_id,tax_exemption,tax_group_id,tax_id_home_service,tax_id_table_service,tax_id_take_away_service,fixed_price,whls_price,is_whls_price_pc,item_cost,tax_calculation_method,taxation_based_on,is_require_weighing,display_order,best_before,is_hot_item_1,hot_item_1_display_order,is_hot_item_2,hot_item_2_display_order,is_hot_item_3,hot_item_3_display_order,fg_color,bg_color,attrib1_name,attrib1_options,attrib2_name,attrib2_options,attrib3_name,attrib3_options,attrib4_name,attrib4_options,attrib5_name,attrib5_options,tag1,tag2,tag3,tag4,tag5,choice_ids,created_by,created_at,updated_by,updated_at,is_deleted,is_system,item_thumb,sys_sale_flag) values ("101000148","101000148",null,"148","","0",null,"0","Ice Bucket","","101000104","1","0","","1","","","","1",null,"27","1.00000",null,null,"1","0","1",null,null,null,"1.00000","0.00000","0","0.00000","0","0","0",null,null,"0",null,"0",null,"0",null,"#FFFFFF","#A9A9A9","",null,null,null,null,null,null,null,null,null,null,null,null,null,null,"","0","2021-10-09 15:29:15.0",null,null,"0","0","","1");
DELETE FROM stock_items WHERE id=101000149;
insert into stock_items(id,code,name,description,supplier_product_code,stock_item_attributes,stock_item_location,stock_item_category_id,prd_department_id,part_no,market_valuation_method,movement_method,uom_id,item_weight,qty_on_hand,unit_price,optimum_level,reorder_level,reorder_qty,preferred_supplier_id,last_purchase_unit_price,last_purchase_supplier_id,tax_id,tax_calculation_method,is_service_item,is_valid,is_manufactured,is_sellable,is_semi_finished,is_finished,sales_margin,is_sales_margin_percent,tax_percentage,qty_manufactured,top_consumption_rank,created_by,created_at,updated_by,updated_at,is_system,is_deleted) values ("101000149","149","Tea Flask","",null,null,null,"1",null,null,"0",null,"27","1.00000",null,"1.00000",null,null,null,null,null,null,"1","0","0","1","0","1","0","0","0","0","0.00",null,"0","0","2021-10-09 03:29:49.0",null,null,"0","0");
DELETE FROM sale_items WHERE id=101000149;
insert into sale_items(id,stock_item_id,stock_item_code,code,hsn_code,is_group_item,group_item_id,is_combo_item,name,description,sub_class_id,is_valid,is_manufactured,alternative_name,is_printable_to_kitchen,name_to_print,alternative_name_to_print,barcode,is_open,qty_on_hand,uom_id,item_weight,profit_category_id,prd_department_id,tax_id,tax_exemption,tax_group_id,tax_id_home_service,tax_id_table_service,tax_id_take_away_service,fixed_price,whls_price,is_whls_price_pc,item_cost,tax_calculation_method,taxation_based_on,is_require_weighing,display_order,best_before,is_hot_item_1,hot_item_1_display_order,is_hot_item_2,hot_item_2_display_order,is_hot_item_3,hot_item_3_display_order,fg_color,bg_color,attrib1_name,attrib1_options,attrib2_name,attrib2_options,attrib3_name,attrib3_options,attrib4_name,attrib4_options,attrib5_name,attrib5_options,tag1,tag2,tag3,tag4,tag5,choice_ids,created_by,created_at,updated_by,updated_at,is_deleted,is_system,item_thumb,sys_sale_flag) values ("101000149","101000149",null,"149","","0",null,"0","Tea Flask","","101000104","1","0","","1","","","","1",null,"27","1.00000",null,null,"1","0","1",null,null,null,"1.00000","0.00000","0","0.00000","0","0","0",null,null,"0",null,"0",null,"0",null,"#FFFFFF","#A9A9A9","",null,null,null,null,null,null,null,null,null,null,null,null,null,null,"","0","2021-10-09 15:29:49.0",null,null,"0","0","","1");
DELETE FROM stock_items WHERE id=101000150;
insert into stock_items(id,code,name,description,supplier_product_code,stock_item_attributes,stock_item_location,stock_item_category_id,prd_department_id,part_no,market_valuation_method,movement_method,uom_id,item_weight,qty_on_hand,unit_price,optimum_level,reorder_level,reorder_qty,preferred_supplier_id,last_purchase_unit_price,last_purchase_supplier_id,tax_id,tax_calculation_method,is_service_item,is_valid,is_manufactured,is_sellable,is_semi_finished,is_finished,sales_margin,is_sales_margin_percent,tax_percentage,qty_manufactured,top_consumption_rank,created_by,created_at,updated_by,updated_at,is_system,is_deleted) values ("101000150","150","Flower Pot (Roof top table)","",null,null,null,"1",null,null,"0",null,"27","1.00000",null,"1.00000",null,null,null,null,null,null,"1","0","0","1","0","1","0","0","0","0","0.00",null,"0","0","2021-10-09 03:30:25.0",null,null,"0","0");
DELETE FROM sale_items WHERE id=101000150;
insert into sale_items(id,stock_item_id,stock_item_code,code,hsn_code,is_group_item,group_item_id,is_combo_item,name,description,sub_class_id,is_valid,is_manufactured,alternative_name,is_printable_to_kitchen,name_to_print,alternative_name_to_print,barcode,is_open,qty_on_hand,uom_id,item_weight,profit_category_id,prd_department_id,tax_id,tax_exemption,tax_group_id,tax_id_home_service,tax_id_table_service,tax_id_take_away_service,fixed_price,whls_price,is_whls_price_pc,item_cost,tax_calculation_method,taxation_based_on,is_require_weighing,display_order,best_before,is_hot_item_1,hot_item_1_display_order,is_hot_item_2,hot_item_2_display_order,is_hot_item_3,hot_item_3_display_order,fg_color,bg_color,attrib1_name,attrib1_options,attrib2_name,attrib2_options,attrib3_name,attrib3_options,attrib4_name,attrib4_options,attrib5_name,attrib5_options,tag1,tag2,tag3,tag4,tag5,choice_ids,created_by,created_at,updated_by,updated_at,is_deleted,is_system,item_thumb,sys_sale_flag) values ("101000150","101000150",null,"150","","0",null,"0","Flower Pot (Roof top table)","","101000104","1","0","","1","","","","1",null,"27","1.00000",null,null,"1","0","1",null,null,null,"1.00000","0.00000","0","0.00000","0","0","0",null,null,"0",null,"0",null,"0",null,"#FFFFFF","#A9A9A9","",null,null,null,null,null,null,null,null,null,null,null,null,null,null,"","0","2021-10-09 15:30:25.0",null,null,"0","0","","1");
DELETE FROM stock_items WHERE id=101000151;
insert into stock_items(id,code,name,description,supplier_product_code,stock_item_attributes,stock_item_location,stock_item_category_id,prd_department_id,part_no,market_valuation_method,movement_method,uom_id,item_weight,qty_on_hand,unit_price,optimum_level,reorder_level,reorder_qty,preferred_supplier_id,last_purchase_unit_price,last_purchase_supplier_id,tax_id,tax_calculation_method,is_service_item,is_valid,is_manufactured,is_sellable,is_semi_finished,is_finished,sales_margin,is_sales_margin_percent,tax_percentage,qty_manufactured,top_consumption_rank,created_by,created_at,updated_by,updated_at,is_system,is_deleted) values ("101000151","151","Flower Pot (Room )","",null,null,null,"1",null,null,"0",null,"27","1.00000",null,"1.00000",null,null,null,null,null,null,"1","0","0","1","0","1","0","0","0","0","0.00",null,"0","0","2021-10-09 03:30:56.0",null,null,"0","0");
DELETE FROM sale_items WHERE id=101000151;
insert into sale_items(id,stock_item_id,stock_item_code,code,hsn_code,is_group_item,group_item_id,is_combo_item,name,description,sub_class_id,is_valid,is_manufactured,alternative_name,is_printable_to_kitchen,name_to_print,alternative_name_to_print,barcode,is_open,qty_on_hand,uom_id,item_weight,profit_category_id,prd_department_id,tax_id,tax_exemption,tax_group_id,tax_id_home_service,tax_id_table_service,tax_id_take_away_service,fixed_price,whls_price,is_whls_price_pc,item_cost,tax_calculation_method,taxation_based_on,is_require_weighing,display_order,best_before,is_hot_item_1,hot_item_1_display_order,is_hot_item_2,hot_item_2_display_order,is_hot_item_3,hot_item_3_display_order,fg_color,bg_color,attrib1_name,attrib1_options,attrib2_name,attrib2_options,attrib3_name,attrib3_options,attrib4_name,attrib4_options,attrib5_name,attrib5_options,tag1,tag2,tag3,tag4,tag5,choice_ids,created_by,created_at,updated_by,updated_at,is_deleted,is_system,item_thumb,sys_sale_flag) values ("101000151","101000151",null,"151","","0",null,"0","Flower Pot (Room )","","101000104","1","0","","1","","","","1",null,"27","1.00000",null,null,"1","0","1",null,null,null,"1.00000","0.00000","0","0.00000","0","0","0",null,null,"0",null,"0",null,"0",null,"#FFFFFF","#A9A9A9","",null,null,null,null,null,null,null,null,null,null,null,null,null,null,"","0","2021-10-09 15:30:56.0",null,null,"0","0","","1");
DELETE FROM stock_items WHERE id=101000152;
insert into stock_items(id,code,name,description,supplier_product_code,stock_item_attributes,stock_item_location,stock_item_category_id,prd_department_id,part_no,market_valuation_method,movement_method,uom_id,item_weight,qty_on_hand,unit_price,optimum_level,reorder_level,reorder_qty,preferred_supplier_id,last_purchase_unit_price,last_purchase_supplier_id,tax_id,tax_calculation_method,is_service_item,is_valid,is_manufactured,is_sellable,is_semi_finished,is_finished,sales_margin,is_sales_margin_percent,tax_percentage,qty_manufactured,top_consumption_rank,created_by,created_at,updated_by,updated_at,is_system,is_deleted) values ("101000152","152","Tea cup","",null,null,null,"1",null,null,"0",null,"27","1.00000",null,"1.00000",null,null,null,null,null,null,"1","0","0","1","0","1","0","0","0","0","0.00",null,"0","0","2021-10-09 03:31:26.0",null,null,"0","0");
DELETE FROM sale_items WHERE id=101000152;
insert into sale_items(id,stock_item_id,stock_item_code,code,hsn_code,is_group_item,group_item_id,is_combo_item,name,description,sub_class_id,is_valid,is_manufactured,alternative_name,is_printable_to_kitchen,name_to_print,alternative_name_to_print,barcode,is_open,qty_on_hand,uom_id,item_weight,profit_category_id,prd_department_id,tax_id,tax_exemption,tax_group_id,tax_id_home_service,tax_id_table_service,tax_id_take_away_service,fixed_price,whls_price,is_whls_price_pc,item_cost,tax_calculation_method,taxation_based_on,is_require_weighing,display_order,best_before,is_hot_item_1,hot_item_1_display_order,is_hot_item_2,hot_item_2_display_order,is_hot_item_3,hot_item_3_display_order,fg_color,bg_color,attrib1_name,attrib1_options,attrib2_name,attrib2_options,attrib3_name,attrib3_options,attrib4_name,attrib4_options,attrib5_name,attrib5_options,tag1,tag2,tag3,tag4,tag5,choice_ids,created_by,created_at,updated_by,updated_at,is_deleted,is_system,item_thumb,sys_sale_flag) values ("101000152","101000152",null,"152","","0",null,"0","Tea cup","","101000104","1","0","","1","","","","1",null,"27","1.00000",null,null,"1","0","1",null,null,null,"1.00000","0.00000","0","0.00000","0","0","0",null,null,"0",null,"0",null,"0",null,"#FFFFFF","#A9A9A9","",null,null,null,null,null,null,null,null,null,null,null,null,null,null,"","0","2021-10-09 15:31:26.0",null,null,"0","0","","1");
DELETE FROM stock_items WHERE id=101000153;
insert into stock_items(id,code,name,description,supplier_product_code,stock_item_attributes,stock_item_location,stock_item_category_id,prd_department_id,part_no,market_valuation_method,movement_method,uom_id,item_weight,qty_on_hand,unit_price,optimum_level,reorder_level,reorder_qty,preferred_supplier_id,last_purchase_unit_price,last_purchase_supplier_id,tax_id,tax_calculation_method,is_service_item,is_valid,is_manufactured,is_sellable,is_semi_finished,is_finished,sales_margin,is_sales_margin_percent,tax_percentage,qty_manufactured,top_consumption_rank,created_by,created_at,updated_by,updated_at,is_system,is_deleted) values ("101000153","153","Ladle","",null,null,null,"1",null,null,"0",null,"27","1.00000",null,"1.00000",null,null,null,null,null,null,"1","0","0","1","0","1","0","0","0","0","0.00",null,"0","0","2021-10-09 03:32:29.0",null,null,"0","0");
DELETE FROM sale_items WHERE id=101000153;
insert into sale_items(id,stock_item_id,stock_item_code,code,hsn_code,is_group_item,group_item_id,is_combo_item,name,description,sub_class_id,is_valid,is_manufactured,alternative_name,is_printable_to_kitchen,name_to_print,alternative_name_to_print,barcode,is_open,qty_on_hand,uom_id,item_weight,profit_category_id,prd_department_id,tax_id,tax_exemption,tax_group_id,tax_id_home_service,tax_id_table_service,tax_id_take_away_service,fixed_price,whls_price,is_whls_price_pc,item_cost,tax_calculation_method,taxation_based_on,is_require_weighing,display_order,best_before,is_hot_item_1,hot_item_1_display_order,is_hot_item_2,hot_item_2_display_order,is_hot_item_3,hot_item_3_display_order,fg_color,bg_color,attrib1_name,attrib1_options,attrib2_name,attrib2_options,attrib3_name,attrib3_options,attrib4_name,attrib4_options,attrib5_name,attrib5_options,tag1,tag2,tag3,tag4,tag5,choice_ids,created_by,created_at,updated_by,updated_at,is_deleted,is_system,item_thumb,sys_sale_flag) values ("101000153","101000153",null,"153","","0",null,"0","Ladle","","101000104","1","0","","1","","","","1",null,"27","1.00000",null,null,"1","0","1",null,null,null,"1.00000","0.00000","0","0.00000","0","0","0",null,null,"0",null,"0",null,"0",null,"#FFFFFF","#A9A9A9","",null,null,null,null,null,null,null,null,null,null,null,null,null,null,"","0","2021-10-09 15:32:29.0",null,null,"0","0","","1");
DELETE FROM stock_items WHERE id=101000154;
insert into stock_items(id,code,name,description,supplier_product_code,stock_item_attributes,stock_item_location,stock_item_category_id,prd_department_id,part_no,market_valuation_method,movement_method,uom_id,item_weight,qty_on_hand,unit_price,optimum_level,reorder_level,reorder_qty,preferred_supplier_id,last_purchase_unit_price,last_purchase_supplier_id,tax_id,tax_calculation_method,is_service_item,is_valid,is_manufactured,is_sellable,is_semi_finished,is_finished,sales_margin,is_sales_margin_percent,tax_percentage,qty_manufactured,top_consumption_rank,created_by,created_at,updated_by,updated_at,is_system,is_deleted) values ("101000154","154","Acrylic Tray","",null,null,null,"1",null,null,"0",null,"27","1.00000",null,"1.00000",null,null,null,null,null,null,"1","0","0","1","0","1","0","0","0","0","0.00",null,"0","0","2021-10-09 03:33:08.0",null,null,"0","0");
DELETE FROM sale_items WHERE id=101000154;
insert into sale_items(id,stock_item_id,stock_item_code,code,hsn_code,is_group_item,group_item_id,is_combo_item,name,description,sub_class_id,is_valid,is_manufactured,alternative_name,is_printable_to_kitchen,name_to_print,alternative_name_to_print,barcode,is_open,qty_on_hand,uom_id,item_weight,profit_category_id,prd_department_id,tax_id,tax_exemption,tax_group_id,tax_id_home_service,tax_id_table_service,tax_id_take_away_service,fixed_price,whls_price,is_whls_price_pc,item_cost,tax_calculation_method,taxation_based_on,is_require_weighing,display_order,best_before,is_hot_item_1,hot_item_1_display_order,is_hot_item_2,hot_item_2_display_order,is_hot_item_3,hot_item_3_display_order,fg_color,bg_color,attrib1_name,attrib1_options,attrib2_name,attrib2_options,attrib3_name,attrib3_options,attrib4_name,attrib4_options,attrib5_name,attrib5_options,tag1,tag2,tag3,tag4,tag5,choice_ids,created_by,created_at,updated_by,updated_at,is_deleted,is_system,item_thumb,sys_sale_flag) values ("101000154","101000154",null,"154","","0",null,"0","Acrylic Tray","","101000104","1","0","","1","","","","1",null,"27","1.00000",null,null,"1","0","1",null,null,null,"1.00000","0.00000","0","0.00000","0","0","0",null,null,"0",null,"0",null,"0",null,"#FFFFFF","#A9A9A9","",null,null,null,null,null,null,null,null,null,null,null,null,null,null,"","0","2021-10-09 15:33:08.0",null,null,"0","0","","1");
DELETE FROM item_classes WHERE id=101000105;
insert into item_classes(id,code,hsn_code,name,alternative_name,department_id,description,menu_id,super_class_id,tax_calculation_method,tax_id,tax_exemption,tax_group_id,display_order,print_order,account_code,fg_color,bg_color,item_thumb,created_by,created_at,updated_by,updated_at,is_deleted,is_system) values ("101000105","105","","ROOM LINEN","","1","",null,"101000103","0","1","0","1",null,null,"","#FFFFFF","#A9A9A9","","0","2021-10-09 04:02:53.0",null,null,"0","0");
DELETE FROM stock_items WHERE id=101000155;
insert into stock_items(id,code,name,description,supplier_product_code,stock_item_attributes,stock_item_location,stock_item_category_id,prd_department_id,part_no,market_valuation_method,movement_method,uom_id,item_weight,qty_on_hand,unit_price,optimum_level,reorder_level,reorder_qty,preferred_supplier_id,last_purchase_unit_price,last_purchase_supplier_id,tax_id,tax_calculation_method,is_service_item,is_valid,is_manufactured,is_sellable,is_semi_finished,is_finished,sales_margin,is_sales_margin_percent,tax_percentage,qty_manufactured,top_consumption_rank,created_by,created_at,updated_by,updated_at,is_system,is_deleted) values ("101000155","155","SINGLE BEDSHEET","",null,null,null,"1",null,null,"0",null,"27","1.00000",null,"1.00000",null,null,null,null,null,null,"1","0","0","1","0","1","0","0","0","0","0.00",null,"0","0","2021-10-09 04:03:48.0",null,null,"0","0");
DELETE FROM sale_items WHERE id=101000155;
insert into sale_items(id,stock_item_id,stock_item_code,code,hsn_code,is_group_item,group_item_id,is_combo_item,name,description,sub_class_id,is_valid,is_manufactured,alternative_name,is_printable_to_kitchen,name_to_print,alternative_name_to_print,barcode,is_open,qty_on_hand,uom_id,item_weight,profit_category_id,prd_department_id,tax_id,tax_exemption,tax_group_id,tax_id_home_service,tax_id_table_service,tax_id_take_away_service,fixed_price,whls_price,is_whls_price_pc,item_cost,tax_calculation_method,taxation_based_on,is_require_weighing,display_order,best_before,is_hot_item_1,hot_item_1_display_order,is_hot_item_2,hot_item_2_display_order,is_hot_item_3,hot_item_3_display_order,fg_color,bg_color,attrib1_name,attrib1_options,attrib2_name,attrib2_options,attrib3_name,attrib3_options,attrib4_name,attrib4_options,attrib5_name,attrib5_options,tag1,tag2,tag3,tag4,tag5,choice_ids,created_by,created_at,updated_by,updated_at,is_deleted,is_system,item_thumb,sys_sale_flag) values ("101000155","101000155",null,"155","","0",null,"0","SINGLE BEDSHEET","","101000105","1","0","","1","","","","1",null,"27","1.00000",null,null,"1","0","1",null,null,null,"1.00000","0.00000","0","0.00000","0","0","0",null,null,"0",null,"0",null,"0",null,"#FFFFFF","#A9A9A9","",null,null,null,null,null,null,null,null,null,null,null,null,null,null,"","0","2021-10-09 16:03:48.0",null,null,"0","0","","1");
DELETE FROM stock_items WHERE id=101000156;
insert into stock_items(id,code,name,description,supplier_product_code,stock_item_attributes,stock_item_location,stock_item_category_id,prd_department_id,part_no,market_valuation_method,movement_method,uom_id,item_weight,qty_on_hand,unit_price,optimum_level,reorder_level,reorder_qty,preferred_supplier_id,last_purchase_unit_price,last_purchase_supplier_id,tax_id,tax_calculation_method,is_service_item,is_valid,is_manufactured,is_sellable,is_semi_finished,is_finished,sales_margin,is_sales_margin_percent,tax_percentage,qty_manufactured,top_consumption_rank,created_by,created_at,updated_by,updated_at,is_system,is_deleted) values ("101000156","156","DOUBLE BEDSHEET ","",null,null,null,"1",null,null,"0",null,"27","1.00000",null,"1.00000",null,null,null,null,null,null,"1","0","0","1","0","1","0","0","0","0","0.00",null,"0","0","2021-10-09 04:04:23.0",null,null,"0","0");
DELETE FROM sale_items WHERE id=101000156;
insert into sale_items(id,stock_item_id,stock_item_code,code,hsn_code,is_group_item,group_item_id,is_combo_item,name,description,sub_class_id,is_valid,is_manufactured,alternative_name,is_printable_to_kitchen,name_to_print,alternative_name_to_print,barcode,is_open,qty_on_hand,uom_id,item_weight,profit_category_id,prd_department_id,tax_id,tax_exemption,tax_group_id,tax_id_home_service,tax_id_table_service,tax_id_take_away_service,fixed_price,whls_price,is_whls_price_pc,item_cost,tax_calculation_method,taxation_based_on,is_require_weighing,display_order,best_before,is_hot_item_1,hot_item_1_display_order,is_hot_item_2,hot_item_2_display_order,is_hot_item_3,hot_item_3_display_order,fg_color,bg_color,attrib1_name,attrib1_options,attrib2_name,attrib2_options,attrib3_name,attrib3_options,attrib4_name,attrib4_options,attrib5_name,attrib5_options,tag1,tag2,tag3,tag4,tag5,choice_ids,created_by,created_at,updated_by,updated_at,is_deleted,is_system,item_thumb,sys_sale_flag) values ("101000156","101000156",null,"156","","0",null,"0","DOUBLE BEDSHEET ","","101000105","1","0","","1","","","","1",null,"27","1.00000",null,null,"1","0","1",null,null,null,"1.00000","0.00000","0","0.00000","0","0","0",null,null,"0",null,"0",null,"0",null,"#FFFFFF","#A9A9A9","",null,null,null,null,null,null,null,null,null,null,null,null,null,null,"","0","2021-10-09 16:04:24.0",null,null,"0","0","","1");
DELETE FROM stock_items WHERE id=101000157;
insert into stock_items(id,code,name,description,supplier_product_code,stock_item_attributes,stock_item_location,stock_item_category_id,prd_department_id,part_no,market_valuation_method,movement_method,uom_id,item_weight,qty_on_hand,unit_price,optimum_level,reorder_level,reorder_qty,preferred_supplier_id,last_purchase_unit_price,last_purchase_supplier_id,tax_id,tax_calculation_method,is_service_item,is_valid,is_manufactured,is_sellable,is_semi_finished,is_finished,sales_margin,is_sales_margin_percent,tax_percentage,qty_manufactured,top_consumption_rank,created_by,created_at,updated_by,updated_at,is_system,is_deleted) values ("101000157","157","SINGLE DUVET COVER","",null,null,null,"1",null,null,"0",null,"27","1.00000",null,"1.00000",null,null,null,null,null,null,"1","0","0","1","0","1","0","0","0","0","0.00",null,"0","0","2021-10-09 04:04:52.0",null,null,"0","0");
DELETE FROM sale_items WHERE id=101000157;
insert into sale_items(id,stock_item_id,stock_item_code,code,hsn_code,is_group_item,group_item_id,is_combo_item,name,description,sub_class_id,is_valid,is_manufactured,alternative_name,is_printable_to_kitchen,name_to_print,alternative_name_to_print,barcode,is_open,qty_on_hand,uom_id,item_weight,profit_category_id,prd_department_id,tax_id,tax_exemption,tax_group_id,tax_id_home_service,tax_id_table_service,tax_id_take_away_service,fixed_price,whls_price,is_whls_price_pc,item_cost,tax_calculation_method,taxation_based_on,is_require_weighing,display_order,best_before,is_hot_item_1,hot_item_1_display_order,is_hot_item_2,hot_item_2_display_order,is_hot_item_3,hot_item_3_display_order,fg_color,bg_color,attrib1_name,attrib1_options,attrib2_name,attrib2_options,attrib3_name,attrib3_options,attrib4_name,attrib4_options,attrib5_name,attrib5_options,tag1,tag2,tag3,tag4,tag5,choice_ids,created_by,created_at,updated_by,updated_at,is_deleted,is_system,item_thumb,sys_sale_flag) values ("101000157","101000157",null,"157","","0",null,"0","SINGLE DUVET COVER","","101000105","1","0","","1","","","","1",null,"27","1.00000",null,null,"1","0","1",null,null,null,"1.00000","0.00000","0","0.00000","0","0","0",null,null,"0",null,"0",null,"0",null,"#FFFFFF","#A9A9A9","",null,null,null,null,null,null,null,null,null,null,null,null,null,null,"","0","2021-10-09 16:04:52.0",null,null,"0","0","","1");
DELETE FROM stock_items WHERE id=101000158;
insert into stock_items(id,code,name,description,supplier_product_code,stock_item_attributes,stock_item_location,stock_item_category_id,prd_department_id,part_no,market_valuation_method,movement_method,uom_id,item_weight,qty_on_hand,unit_price,optimum_level,reorder_level,reorder_qty,preferred_supplier_id,last_purchase_unit_price,last_purchase_supplier_id,tax_id,tax_calculation_method,is_service_item,is_valid,is_manufactured,is_sellable,is_semi_finished,is_finished,sales_margin,is_sales_margin_percent,tax_percentage,qty_manufactured,top_consumption_rank,created_by,created_at,updated_by,updated_at,is_system,is_deleted) values ("101000158","158","DOUBLE DUVET COVER","",null,null,null,"1",null,null,"0",null,"27","1.00000",null,"1.00000",null,null,null,null,null,null,"1","0","0","1","0","1","0","0","0","0","0.00",null,"0","0","2021-10-09 04:05:18.0",null,null,"0","0");
DELETE FROM sale_items WHERE id=101000158;
insert into sale_items(id,stock_item_id,stock_item_code,code,hsn_code,is_group_item,group_item_id,is_combo_item,name,description,sub_class_id,is_valid,is_manufactured,alternative_name,is_printable_to_kitchen,name_to_print,alternative_name_to_print,barcode,is_open,qty_on_hand,uom_id,item_weight,profit_category_id,prd_department_id,tax_id,tax_exemption,tax_group_id,tax_id_home_service,tax_id_table_service,tax_id_take_away_service,fixed_price,whls_price,is_whls_price_pc,item_cost,tax_calculation_method,taxation_based_on,is_require_weighing,display_order,best_before,is_hot_item_1,hot_item_1_display_order,is_hot_item_2,hot_item_2_display_order,is_hot_item_3,hot_item_3_display_order,fg_color,bg_color,attrib1_name,attrib1_options,attrib2_name,attrib2_options,attrib3_name,attrib3_options,attrib4_name,attrib4_options,attrib5_name,attrib5_options,tag1,tag2,tag3,tag4,tag5,choice_ids,created_by,created_at,updated_by,updated_at,is_deleted,is_system,item_thumb,sys_sale_flag) values ("101000158","101000158",null,"158","","0",null,"0","DOUBLE DUVET COVER","","101000105","1","0","","1","","","","1",null,"27","1.00000",null,null,"1","0","1",null,null,null,"1.00000","0.00000","0","0.00000","0","0","0",null,null,"0",null,"0",null,"0",null,"#FFFFFF","#A9A9A9","",null,null,null,null,null,null,null,null,null,null,null,null,null,null,"","0","2021-10-09 16:05:18.0",null,null,"0","0","","1");
DELETE FROM stock_items WHERE id=101000159;
insert into stock_items(id,code,name,description,supplier_product_code,stock_item_attributes,stock_item_location,stock_item_category_id,prd_department_id,part_no,market_valuation_method,movement_method,uom_id,item_weight,qty_on_hand,unit_price,optimum_level,reorder_level,reorder_qty,preferred_supplier_id,last_purchase_unit_price,last_purchase_supplier_id,tax_id,tax_calculation_method,is_service_item,is_valid,is_manufactured,is_sellable,is_semi_finished,is_finished,sales_margin,is_sales_margin_percent,tax_percentage,qty_manufactured,top_consumption_rank,created_by,created_at,updated_by,updated_at,is_system,is_deleted) values ("101000159","159","SINGLE MATTRESS PROTECTOR","",null,null,null,"1",null,null,"0",null,"27","1.00000",null,"1.00000",null,null,null,null,null,null,"1","0","0","1","0","1","0","0","0","0","0.00",null,"0","0","2021-10-09 04:05:44.0",null,null,"0","0");
DELETE FROM sale_items WHERE id=101000159;
insert into sale_items(id,stock_item_id,stock_item_code,code,hsn_code,is_group_item,group_item_id,is_combo_item,name,description,sub_class_id,is_valid,is_manufactured,alternative_name,is_printable_to_kitchen,name_to_print,alternative_name_to_print,barcode,is_open,qty_on_hand,uom_id,item_weight,profit_category_id,prd_department_id,tax_id,tax_exemption,tax_group_id,tax_id_home_service,tax_id_table_service,tax_id_take_away_service,fixed_price,whls_price,is_whls_price_pc,item_cost,tax_calculation_method,taxation_based_on,is_require_weighing,display_order,best_before,is_hot_item_1,hot_item_1_display_order,is_hot_item_2,hot_item_2_display_order,is_hot_item_3,hot_item_3_display_order,fg_color,bg_color,attrib1_name,attrib1_options,attrib2_name,attrib2_options,attrib3_name,attrib3_options,attrib4_name,attrib4_options,attrib5_name,attrib5_options,tag1,tag2,tag3,tag4,tag5,choice_ids,created_by,created_at,updated_by,updated_at,is_deleted,is_system,item_thumb,sys_sale_flag) values ("101000159","101000159",null,"159","","0",null,"0","SINGLE MATTRESS PROTECTOR","","101000105","1","0","","1","","","","1",null,"27","1.00000",null,null,"1","0","1",null,null,null,"1.00000","0.00000","0","0.00000","0","0","0",null,null,"0",null,"0",null,"0",null,"#FFFFFF","#A9A9A9","",null,null,null,null,null,null,null,null,null,null,null,null,null,null,"","0","2021-10-09 16:05:44.0",null,null,"0","0","","1");
DELETE FROM stock_items WHERE id=101000160;
insert into stock_items(id,code,name,description,supplier_product_code,stock_item_attributes,stock_item_location,stock_item_category_id,prd_department_id,part_no,market_valuation_method,movement_method,uom_id,item_weight,qty_on_hand,unit_price,optimum_level,reorder_level,reorder_qty,preferred_supplier_id,last_purchase_unit_price,last_purchase_supplier_id,tax_id,tax_calculation_method,is_service_item,is_valid,is_manufactured,is_sellable,is_semi_finished,is_finished,sales_margin,is_sales_margin_percent,tax_percentage,qty_manufactured,top_consumption_rank,created_by,created_at,updated_by,updated_at,is_system,is_deleted) values ("101000160","160","DOUBLE MATTRESS PROTECTOR","",null,null,null,"1",null,null,"0",null,"27","1.00000",null,"1.00000",null,null,null,null,null,null,"1","0","0","1","0","1","0","0","0","0","0.00",null,"0","0","2021-10-09 04:06:33.0",null,null,"0","0");
DELETE FROM sale_items WHERE id=101000160;
insert into sale_items(id,stock_item_id,stock_item_code,code,hsn_code,is_group_item,group_item_id,is_combo_item,name,description,sub_class_id,is_valid,is_manufactured,alternative_name,is_printable_to_kitchen,name_to_print,alternative_name_to_print,barcode,is_open,qty_on_hand,uom_id,item_weight,profit_category_id,prd_department_id,tax_id,tax_exemption,tax_group_id,tax_id_home_service,tax_id_table_service,tax_id_take_away_service,fixed_price,whls_price,is_whls_price_pc,item_cost,tax_calculation_method,taxation_based_on,is_require_weighing,display_order,best_before,is_hot_item_1,hot_item_1_display_order,is_hot_item_2,hot_item_2_display_order,is_hot_item_3,hot_item_3_display_order,fg_color,bg_color,attrib1_name,attrib1_options,attrib2_name,attrib2_options,attrib3_name,attrib3_options,attrib4_name,attrib4_options,attrib5_name,attrib5_options,tag1,tag2,tag3,tag4,tag5,choice_ids,created_by,created_at,updated_by,updated_at,is_deleted,is_system,item_thumb,sys_sale_flag) values ("101000160","101000160",null,"160","","0",null,"0","DOUBLE MATTRESS PROTECTOR","","101000105","1","0","","1","","","","1",null,"27","1.00000",null,null,"1","0","1",null,null,null,"1.00000","0.00000","0","0.00000","0","0","0",null,null,"0",null,"0",null,"0",null,"#FFFFFF","#A9A9A9","",null,null,null,null,null,null,null,null,null,null,null,null,null,null,"","0","2021-10-09 16:06:33.0",null,null,"0","0","","1");
DELETE FROM stock_items WHERE id=101000161;
insert into stock_items(id,code,name,description,supplier_product_code,stock_item_attributes,stock_item_location,stock_item_category_id,prd_department_id,part_no,market_valuation_method,movement_method,uom_id,item_weight,qty_on_hand,unit_price,optimum_level,reorder_level,reorder_qty,preferred_supplier_id,last_purchase_unit_price,last_purchase_supplier_id,tax_id,tax_calculation_method,is_service_item,is_valid,is_manufactured,is_sellable,is_semi_finished,is_finished,sales_margin,is_sales_margin_percent,tax_percentage,qty_manufactured,top_consumption_rank,created_by,created_at,updated_by,updated_at,is_system,is_deleted) values ("101000161","161","SINGLE MATTRESS ","",null,null,null,"1",null,null,"0",null,"27","1.00000",null,"1.00000",null,null,null,null,null,null,"1","0","0","1","0","1","0","0","0","0","0.00",null,"0","0","2021-10-09 04:06:56.0",null,null,"0","0");
DELETE FROM sale_items WHERE id=101000161;
insert into sale_items(id,stock_item_id,stock_item_code,code,hsn_code,is_group_item,group_item_id,is_combo_item,name,description,sub_class_id,is_valid,is_manufactured,alternative_name,is_printable_to_kitchen,name_to_print,alternative_name_to_print,barcode,is_open,qty_on_hand,uom_id,item_weight,profit_category_id,prd_department_id,tax_id,tax_exemption,tax_group_id,tax_id_home_service,tax_id_table_service,tax_id_take_away_service,fixed_price,whls_price,is_whls_price_pc,item_cost,tax_calculation_method,taxation_based_on,is_require_weighing,display_order,best_before,is_hot_item_1,hot_item_1_display_order,is_hot_item_2,hot_item_2_display_order,is_hot_item_3,hot_item_3_display_order,fg_color,bg_color,attrib1_name,attrib1_options,attrib2_name,attrib2_options,attrib3_name,attrib3_options,attrib4_name,attrib4_options,attrib5_name,attrib5_options,tag1,tag2,tag3,tag4,tag5,choice_ids,created_by,created_at,updated_by,updated_at,is_deleted,is_system,item_thumb,sys_sale_flag) values ("101000161","101000161",null,"161","","0",null,"0","SINGLE MATTRESS ","","101000105","1","0","","1","","","","1",null,"27","1.00000",null,null,"1","0","1",null,null,null,"1.00000","0.00000","0","0.00000","0","0","0",null,null,"0",null,"0",null,"0",null,"#FFFFFF","#A9A9A9","",null,null,null,null,null,null,null,null,null,null,null,null,null,null,"","0","2021-10-09 16:06:56.0",null,null,"0","0","","1");
DELETE FROM stock_items WHERE id=101000162;
insert into stock_items(id,code,name,description,supplier_product_code,stock_item_attributes,stock_item_location,stock_item_category_id,prd_department_id,part_no,market_valuation_method,movement_method,uom_id,item_weight,qty_on_hand,unit_price,optimum_level,reorder_level,reorder_qty,preferred_supplier_id,last_purchase_unit_price,last_purchase_supplier_id,tax_id,tax_calculation_method,is_service_item,is_valid,is_manufactured,is_sellable,is_semi_finished,is_finished,sales_margin,is_sales_margin_percent,tax_percentage,qty_manufactured,top_consumption_rank,created_by,created_at,updated_by,updated_at,is_system,is_deleted) values ("101000162","162","DOUBLE MATTRESS ","",null,null,null,"1",null,null,"0",null,"27","1.00000",null,"1.00000",null,null,null,null,null,null,"1","0","0","1","0","1","0","0","0","0","0.00",null,"0","0","2021-10-09 04:07:19.0",null,null,"0","0");
DELETE FROM sale_items WHERE id=101000162;
insert into sale_items(id,stock_item_id,stock_item_code,code,hsn_code,is_group_item,group_item_id,is_combo_item,name,description,sub_class_id,is_valid,is_manufactured,alternative_name,is_printable_to_kitchen,name_to_print,alternative_name_to_print,barcode,is_open,qty_on_hand,uom_id,item_weight,profit_category_id,prd_department_id,tax_id,tax_exemption,tax_group_id,tax_id_home_service,tax_id_table_service,tax_id_take_away_service,fixed_price,whls_price,is_whls_price_pc,item_cost,tax_calculation_method,taxation_based_on,is_require_weighing,display_order,best_before,is_hot_item_1,hot_item_1_display_order,is_hot_item_2,hot_item_2_display_order,is_hot_item_3,hot_item_3_display_order,fg_color,bg_color,attrib1_name,attrib1_options,attrib2_name,attrib2_options,attrib3_name,attrib3_options,attrib4_name,attrib4_options,attrib5_name,attrib5_options,tag1,tag2,tag3,tag4,tag5,choice_ids,created_by,created_at,updated_by,updated_at,is_deleted,is_system,item_thumb,sys_sale_flag) values ("101000162","101000162",null,"162","","0",null,"0","DOUBLE MATTRESS ","","101000105","1","0","","1","","","","1",null,"27","1.00000",null,null,"1","0","1",null,null,null,"1.00000","0.00000","0","0.00000","0","0","0",null,null,"0",null,"0",null,"0",null,"#FFFFFF","#A9A9A9","",null,null,null,null,null,null,null,null,null,null,null,null,null,null,"","0","2021-10-09 16:07:19.0",null,null,"0","0","","1");
DELETE FROM stock_items WHERE id=101000163;
insert into stock_items(id,code,name,description,supplier_product_code,stock_item_attributes,stock_item_location,stock_item_category_id,prd_department_id,part_no,market_valuation_method,movement_method,uom_id,item_weight,qty_on_hand,unit_price,optimum_level,reorder_level,reorder_qty,preferred_supplier_id,last_purchase_unit_price,last_purchase_supplier_id,tax_id,tax_calculation_method,is_service_item,is_valid,is_manufactured,is_sellable,is_semi_finished,is_finished,sales_margin,is_sales_margin_percent,tax_percentage,qty_manufactured,top_consumption_rank,created_by,created_at,updated_by,updated_at,is_system,is_deleted) values ("101000163","163","BATH TOWELS","",null,null,null,"1",null,null,"0",null,"27","1.00000",null,"1.00000",null,null,null,null,null,null,"1","0","0","1","0","1","0","0","0","0","0.00",null,"0","0","2021-10-09 04:07:48.0",null,null,"0","0");
DELETE FROM sale_items WHERE id=101000163;
insert into sale_items(id,stock_item_id,stock_item_code,code,hsn_code,is_group_item,group_item_id,is_combo_item,name,description,sub_class_id,is_valid,is_manufactured,alternative_name,is_printable_to_kitchen,name_to_print,alternative_name_to_print,barcode,is_open,qty_on_hand,uom_id,item_weight,profit_category_id,prd_department_id,tax_id,tax_exemption,tax_group_id,tax_id_home_service,tax_id_table_service,tax_id_take_away_service,fixed_price,whls_price,is_whls_price_pc,item_cost,tax_calculation_method,taxation_based_on,is_require_weighing,display_order,best_before,is_hot_item_1,hot_item_1_display_order,is_hot_item_2,hot_item_2_display_order,is_hot_item_3,hot_item_3_display_order,fg_color,bg_color,attrib1_name,attrib1_options,attrib2_name,attrib2_options,attrib3_name,attrib3_options,attrib4_name,attrib4_options,attrib5_name,attrib5_options,tag1,tag2,tag3,tag4,tag5,choice_ids,created_by,created_at,updated_by,updated_at,is_deleted,is_system,item_thumb,sys_sale_flag) values ("101000163","101000163",null,"163","","0",null,"0","BATH TOWELS","","101000105","1","0","","1","","","","1",null,"27","1.00000",null,null,"1","0","1",null,null,null,"1.00000","0.00000","0","0.00000","0","0","0",null,null,"0",null,"0",null,"0",null,"#FFFFFF","#A9A9A9","",null,null,null,null,null,null,null,null,null,null,null,null,null,null,"","0","2021-10-09 16:07:48.0",null,null,"0","0","","1");
DELETE FROM stock_items WHERE id=101000164;
insert into stock_items(id,code,name,description,supplier_product_code,stock_item_attributes,stock_item_location,stock_item_category_id,prd_department_id,part_no,market_valuation_method,movement_method,uom_id,item_weight,qty_on_hand,unit_price,optimum_level,reorder_level,reorder_qty,preferred_supplier_id,last_purchase_unit_price,last_purchase_supplier_id,tax_id,tax_calculation_method,is_service_item,is_valid,is_manufactured,is_sellable,is_semi_finished,is_finished,sales_margin,is_sales_margin_percent,tax_percentage,qty_manufactured,top_consumption_rank,created_by,created_at,updated_by,updated_at,is_system,is_deleted) values ("101000164","164","HAND TOWELS","",null,null,null,"1",null,null,"0",null,"27","1.00000",null,"1.00000",null,null,null,null,null,null,"1","0","0","1","0","1","0","0","0","0","0.00",null,"0","0","2021-10-09 04:08:16.0",null,null,"0","0");
DELETE FROM sale_items WHERE id=101000164;
insert into sale_items(id,stock_item_id,stock_item_code,code,hsn_code,is_group_item,group_item_id,is_combo_item,name,description,sub_class_id,is_valid,is_manufactured,alternative_name,is_printable_to_kitchen,name_to_print,alternative_name_to_print,barcode,is_open,qty_on_hand,uom_id,item_weight,profit_category_id,prd_department_id,tax_id,tax_exemption,tax_group_id,tax_id_home_service,tax_id_table_service,tax_id_take_away_service,fixed_price,whls_price,is_whls_price_pc,item_cost,tax_calculation_method,taxation_based_on,is_require_weighing,display_order,best_before,is_hot_item_1,hot_item_1_display_order,is_hot_item_2,hot_item_2_display_order,is_hot_item_3,hot_item_3_display_order,fg_color,bg_color,attrib1_name,attrib1_options,attrib2_name,attrib2_options,attrib3_name,attrib3_options,attrib4_name,attrib4_options,attrib5_name,attrib5_options,tag1,tag2,tag3,tag4,tag5,choice_ids,created_by,created_at,updated_by,updated_at,is_deleted,is_system,item_thumb,sys_sale_flag) values ("101000164","101000164",null,"164","","0",null,"0","HAND TOWELS","","101000105","1","0","","1","","","","1",null,"27","1.00000",null,null,"1","0","1",null,null,null,"1.00000","0.00000","0","0.00000","0","0","0",null,null,"0",null,"0",null,"0",null,"#FFFFFF","#A9A9A9","",null,null,null,null,null,null,null,null,null,null,null,null,null,null,"","0","2021-10-09 16:08:16.0",null,null,"0","0","","1");
DELETE FROM stock_items WHERE id=101000165;
insert into stock_items(id,code,name,description,supplier_product_code,stock_item_attributes,stock_item_location,stock_item_category_id,prd_department_id,part_no,market_valuation_method,movement_method,uom_id,item_weight,qty_on_hand,unit_price,optimum_level,reorder_level,reorder_qty,preferred_supplier_id,last_purchase_unit_price,last_purchase_supplier_id,tax_id,tax_calculation_method,is_service_item,is_valid,is_manufactured,is_sellable,is_semi_finished,is_finished,sales_margin,is_sales_margin_percent,tax_percentage,qty_manufactured,top_consumption_rank,created_by,created_at,updated_by,updated_at,is_system,is_deleted) values ("101000165","165","BATHMATS","",null,null,null,"1",null,null,"0",null,"27","1.00000",null,"1.00000",null,null,null,null,null,null,"1","0","0","1","0","1","0","0","0","0","0.00",null,"0","0","2021-10-09 04:08:41.0",null,null,"0","0");
DELETE FROM sale_items WHERE id=101000165;
insert into sale_items(id,stock_item_id,stock_item_code,code,hsn_code,is_group_item,group_item_id,is_combo_item,name,description,sub_class_id,is_valid,is_manufactured,alternative_name,is_printable_to_kitchen,name_to_print,alternative_name_to_print,barcode,is_open,qty_on_hand,uom_id,item_weight,profit_category_id,prd_department_id,tax_id,tax_exemption,tax_group_id,tax_id_home_service,tax_id_table_service,tax_id_take_away_service,fixed_price,whls_price,is_whls_price_pc,item_cost,tax_calculation_method,taxation_based_on,is_require_weighing,display_order,best_before,is_hot_item_1,hot_item_1_display_order,is_hot_item_2,hot_item_2_display_order,is_hot_item_3,hot_item_3_display_order,fg_color,bg_color,attrib1_name,attrib1_options,attrib2_name,attrib2_options,attrib3_name,attrib3_options,attrib4_name,attrib4_options,attrib5_name,attrib5_options,tag1,tag2,tag3,tag4,tag5,choice_ids,created_by,created_at,updated_by,updated_at,is_deleted,is_system,item_thumb,sys_sale_flag) values ("101000165","101000165",null,"165","","0",null,"0","BATHMATS","","101000105","1","0","","1","","","","1",null,"27","1.00000",null,null,"1","0","1",null,null,null,"1.00000","0.00000","0","0.00000","0","0","0",null,null,"0",null,"0",null,"0",null,"#FFFFFF","#A9A9A9","",null,null,null,null,null,null,null,null,null,null,null,null,null,null,"","0","2021-10-09 16:08:41.0",null,null,"0","0","","1");
DELETE FROM stock_items WHERE id=101000166;
insert into stock_items(id,code,name,description,supplier_product_code,stock_item_attributes,stock_item_location,stock_item_category_id,prd_department_id,part_no,market_valuation_method,movement_method,uom_id,item_weight,qty_on_hand,unit_price,optimum_level,reorder_level,reorder_qty,preferred_supplier_id,last_purchase_unit_price,last_purchase_supplier_id,tax_id,tax_calculation_method,is_service_item,is_valid,is_manufactured,is_sellable,is_semi_finished,is_finished,sales_margin,is_sales_margin_percent,tax_percentage,qty_manufactured,top_consumption_rank,created_by,created_at,updated_by,updated_at,is_system,is_deleted) values ("101000166","1","RAMPHAL","",null,null,null,"1",null,null,"0",null,"21","1.00000",null,"1.00000",null,null,null,null,null,null,"1","0","0","1","0","1","0","0","0","0","0.00",null,"0","101000102","2021-10-09 04:08:53.0",null,null,"0","0");
DELETE FROM sale_items WHERE id=101000166;
insert into sale_items(id,stock_item_id,stock_item_code,code,hsn_code,is_group_item,group_item_id,is_combo_item,name,description,sub_class_id,is_valid,is_manufactured,alternative_name,is_printable_to_kitchen,name_to_print,alternative_name_to_print,barcode,is_open,qty_on_hand,uom_id,item_weight,profit_category_id,prd_department_id,tax_id,tax_exemption,tax_group_id,tax_id_home_service,tax_id_table_service,tax_id_take_away_service,fixed_price,whls_price,is_whls_price_pc,item_cost,tax_calculation_method,taxation_based_on,is_require_weighing,display_order,best_before,is_hot_item_1,hot_item_1_display_order,is_hot_item_2,hot_item_2_display_order,is_hot_item_3,hot_item_3_display_order,fg_color,bg_color,attrib1_name,attrib1_options,attrib2_name,attrib2_options,attrib3_name,attrib3_options,attrib4_name,attrib4_options,attrib5_name,attrib5_options,tag1,tag2,tag3,tag4,tag5,choice_ids,created_by,created_at,updated_by,updated_at,is_deleted,is_system,item_thumb,sys_sale_flag) values ("101000166","101000166",null,"1","","0",null,"0","RAMPHAL","","101000102","1","0","","1","","","","1",null,"21","1.00000",null,null,"1","0","1",null,null,null,"1.00000","0.00000","0","0.00000","0","0","0",null,null,"0",null,"0",null,"0",null,"#FFFFFF","#A9A9A9","",null,null,null,null,null,null,null,null,null,null,null,null,null,null,"","101000102","2021-10-09 16:08:53.0",null,null,"0","0","","1");
DELETE FROM sale_item_ext WHERE id=101000166;
insert into sale_item_ext(id,kitchen_id,is_deleted,last_sync_at) values ("101000166","101000101","0","2021-10-09 16:08:53.0");
DELETE FROM stock_items WHERE id=101000167;
insert into stock_items(id,code,name,description,supplier_product_code,stock_item_attributes,stock_item_location,stock_item_category_id,prd_department_id,part_no,market_valuation_method,movement_method,uom_id,item_weight,qty_on_hand,unit_price,optimum_level,reorder_level,reorder_qty,preferred_supplier_id,last_purchase_unit_price,last_purchase_supplier_id,tax_id,tax_calculation_method,is_service_item,is_valid,is_manufactured,is_sellable,is_semi_finished,is_finished,sales_margin,is_sales_margin_percent,tax_percentage,qty_manufactured,top_consumption_rank,created_by,created_at,updated_by,updated_at,is_system,is_deleted) values ("101000167","166","PILLOW PROTECTORS","",null,null,null,"1",null,null,"0",null,"27","1.00000",null,"1.00000",null,null,null,null,null,null,"1","0","0","1","0","1","0","0","0","0","0.00",null,"0","0","2021-10-09 04:09:07.0",null,null,"0","0");
DELETE FROM sale_items WHERE id=101000167;
insert into sale_items(id,stock_item_id,stock_item_code,code,hsn_code,is_group_item,group_item_id,is_combo_item,name,description,sub_class_id,is_valid,is_manufactured,alternative_name,is_printable_to_kitchen,name_to_print,alternative_name_to_print,barcode,is_open,qty_on_hand,uom_id,item_weight,profit_category_id,prd_department_id,tax_id,tax_exemption,tax_group_id,tax_id_home_service,tax_id_table_service,tax_id_take_away_service,fixed_price,whls_price,is_whls_price_pc,item_cost,tax_calculation_method,taxation_based_on,is_require_weighing,display_order,best_before,is_hot_item_1,hot_item_1_display_order,is_hot_item_2,hot_item_2_display_order,is_hot_item_3,hot_item_3_display_order,fg_color,bg_color,attrib1_name,attrib1_options,attrib2_name,attrib2_options,attrib3_name,attrib3_options,attrib4_name,attrib4_options,attrib5_name,attrib5_options,tag1,tag2,tag3,tag4,tag5,choice_ids,created_by,created_at,updated_by,updated_at,is_deleted,is_system,item_thumb,sys_sale_flag) values ("101000167","101000167",null,"166","","0",null,"0","PILLOW PROTECTORS","","101000105","1","0","","1","","","","1",null,"27","1.00000",null,null,"1","0","1",null,null,null,"1.00000","0.00000","0","0.00000","0","0","0",null,null,"0",null,"0",null,"0",null,"#FFFFFF","#A9A9A9","",null,null,null,null,null,null,null,null,null,null,null,null,null,null,"","0","2021-10-09 16:09:07.0",null,null,"0","0","","1");
DELETE FROM stock_items WHERE id=101000168;
insert into stock_items(id,code,name,description,supplier_product_code,stock_item_attributes,stock_item_location,stock_item_category_id,prd_department_id,part_no,market_valuation_method,movement_method,uom_id,item_weight,qty_on_hand,unit_price,optimum_level,reorder_level,reorder_qty,preferred_supplier_id,last_purchase_unit_price,last_purchase_supplier_id,tax_id,tax_calculation_method,is_service_item,is_valid,is_manufactured,is_sellable,is_semi_finished,is_finished,sales_margin,is_sales_margin_percent,tax_percentage,qty_manufactured,top_consumption_rank,created_by,created_at,updated_by,updated_at,is_system,is_deleted) values ("101000168","167","DOUBEL DUVET","",null,null,null,"1",null,null,"0",null,"27","1.00000",null,"1.00000",null,null,null,null,null,null,"1","0","0","1","0","1","0","0","0","0","0.00",null,"0","0","2021-10-09 04:12:17.0",null,null,"0","0");
DELETE FROM sale_items WHERE id=101000168;
insert into sale_items(id,stock_item_id,stock_item_code,code,hsn_code,is_group_item,group_item_id,is_combo_item,name,description,sub_class_id,is_valid,is_manufactured,alternative_name,is_printable_to_kitchen,name_to_print,alternative_name_to_print,barcode,is_open,qty_on_hand,uom_id,item_weight,profit_category_id,prd_department_id,tax_id,tax_exemption,tax_group_id,tax_id_home_service,tax_id_table_service,tax_id_take_away_service,fixed_price,whls_price,is_whls_price_pc,item_cost,tax_calculation_method,taxation_based_on,is_require_weighing,display_order,best_before,is_hot_item_1,hot_item_1_display_order,is_hot_item_2,hot_item_2_display_order,is_hot_item_3,hot_item_3_display_order,fg_color,bg_color,attrib1_name,attrib1_options,attrib2_name,attrib2_options,attrib3_name,attrib3_options,attrib4_name,attrib4_options,attrib5_name,attrib5_options,tag1,tag2,tag3,tag4,tag5,choice_ids,created_by,created_at,updated_by,updated_at,is_deleted,is_system,item_thumb,sys_sale_flag) values ("101000168","101000168",null,"167","","0",null,"0","DOUBEL DUVET","","101000105","1","0","","1","","","","0",null,"27","1.00000",null,null,"1","0","1",null,null,null,"1.00000","0.00000","0","0.00000","0","0","0",null,null,"0",null,"0",null,"0",null,"#FFFFFF","#A9A9A9","",null,null,null,null,null,null,null,null,null,null,null,null,null,null,"","0","2021-10-09 16:12:17.0",null,null,"0","0","","1");
DELETE FROM stock_items WHERE id=101000169;
insert into stock_items(id,code,name,description,supplier_product_code,stock_item_attributes,stock_item_location,stock_item_category_id,prd_department_id,part_no,market_valuation_method,movement_method,uom_id,item_weight,qty_on_hand,unit_price,optimum_level,reorder_level,reorder_qty,preferred_supplier_id,last_purchase_unit_price,last_purchase_supplier_id,tax_id,tax_calculation_method,is_service_item,is_valid,is_manufactured,is_sellable,is_semi_finished,is_finished,sales_margin,is_sales_margin_percent,tax_percentage,qty_manufactured,top_consumption_rank,created_by,created_at,updated_by,updated_at,is_system,is_deleted) values ("101000169","168","SINGLE DUVET ","",null,null,null,"1",null,null,"0",null,"27","1.00000",null,"1.00000",null,null,null,null,null,null,"1","0","0","1","0","1","0","0","0","0","0.00",null,"0","0","2021-10-09 04:12:48.0",null,null,"0","0");
DELETE FROM sale_items WHERE id=101000169;
insert into sale_items(id,stock_item_id,stock_item_code,code,hsn_code,is_group_item,group_item_id,is_combo_item,name,description,sub_class_id,is_valid,is_manufactured,alternative_name,is_printable_to_kitchen,name_to_print,alternative_name_to_print,barcode,is_open,qty_on_hand,uom_id,item_weight,profit_category_id,prd_department_id,tax_id,tax_exemption,tax_group_id,tax_id_home_service,tax_id_table_service,tax_id_take_away_service,fixed_price,whls_price,is_whls_price_pc,item_cost,tax_calculation_method,taxation_based_on,is_require_weighing,display_order,best_before,is_hot_item_1,hot_item_1_display_order,is_hot_item_2,hot_item_2_display_order,is_hot_item_3,hot_item_3_display_order,fg_color,bg_color,attrib1_name,attrib1_options,attrib2_name,attrib2_options,attrib3_name,attrib3_options,attrib4_name,attrib4_options,attrib5_name,attrib5_options,tag1,tag2,tag3,tag4,tag5,choice_ids,created_by,created_at,updated_by,updated_at,is_deleted,is_system,item_thumb,sys_sale_flag) values ("101000169","101000169",null,"168","","0",null,"0","SINGLE DUVET ","","101000105","1","0","","1","","","","1",null,"27","1.00000",null,null,"1","0","1",null,null,null,"1.00000","0.00000","0","0.00000","0","0","0",null,null,"0",null,"0",null,"0",null,"#FFFFFF","#A9A9A9","",null,null,null,null,null,null,null,null,null,null,null,null,null,null,"","0","2021-10-09 16:12:48.0",null,null,"0","0","","1");
DELETE FROM stock_items WHERE id=101000170;
insert into stock_items(id,code,name,description,supplier_product_code,stock_item_attributes,stock_item_location,stock_item_category_id,prd_department_id,part_no,market_valuation_method,movement_method,uom_id,item_weight,qty_on_hand,unit_price,optimum_level,reorder_level,reorder_qty,preferred_supplier_id,last_purchase_unit_price,last_purchase_supplier_id,tax_id,tax_calculation_method,is_service_item,is_valid,is_manufactured,is_sellable,is_semi_finished,is_finished,sales_margin,is_sales_margin_percent,tax_percentage,qty_manufactured,top_consumption_rank,created_by,created_at,updated_by,updated_at,is_system,is_deleted) values ("101000170","3","EGG","",null,null,null,"1",null,null,"0",null,"27","1.00000",null,"1.00000",null,null,null,null,null,null,"1","0","0","1","0","1","0","0","0","0","0.00",null,"0","101000102","2021-10-09 04:13:16.0",null,null,"0","0");
DELETE FROM sale_items WHERE id=101000170;
insert into sale_items(id,stock_item_id,stock_item_code,code,hsn_code,is_group_item,group_item_id,is_combo_item,name,description,sub_class_id,is_valid,is_manufactured,alternative_name,is_printable_to_kitchen,name_to_print,alternative_name_to_print,barcode,is_open,qty_on_hand,uom_id,item_weight,profit_category_id,prd_department_id,tax_id,tax_exemption,tax_group_id,tax_id_home_service,tax_id_table_service,tax_id_take_away_service,fixed_price,whls_price,is_whls_price_pc,item_cost,tax_calculation_method,taxation_based_on,is_require_weighing,display_order,best_before,is_hot_item_1,hot_item_1_display_order,is_hot_item_2,hot_item_2_display_order,is_hot_item_3,hot_item_3_display_order,fg_color,bg_color,attrib1_name,attrib1_options,attrib2_name,attrib2_options,attrib3_name,attrib3_options,attrib4_name,attrib4_options,attrib5_name,attrib5_options,tag1,tag2,tag3,tag4,tag5,choice_ids,created_by,created_at,updated_by,updated_at,is_deleted,is_system,item_thumb,sys_sale_flag) values ("101000170","101000170",null,"3","","0",null,"0","EGG","","101000102","1","0","","1","","","","1",null,"27","1.00000",null,null,"1","0","1",null,null,null,"1.00000","0.00000","0","0.00000","0","0","0",null,null,"0",null,"0",null,"0",null,"#FFFFFF","#A9A9A9","",null,null,null,null,null,null,null,null,null,null,null,null,null,null,"","101000102","2021-10-09 16:13:16.0",null,null,"0","0","","1");
DELETE FROM sale_item_ext WHERE id=101000170;
insert into sale_item_ext(id,kitchen_id,is_deleted,last_sync_at) values ("101000170","101000101","0","2021-10-09 16:13:16.0");
DELETE FROM stock_items WHERE id=101000171;
insert into stock_items(id,code,name,description,supplier_product_code,stock_item_attributes,stock_item_location,stock_item_category_id,prd_department_id,part_no,market_valuation_method,movement_method,uom_id,item_weight,qty_on_hand,unit_price,optimum_level,reorder_level,reorder_qty,preferred_supplier_id,last_purchase_unit_price,last_purchase_supplier_id,tax_id,tax_calculation_method,is_service_item,is_valid,is_manufactured,is_sellable,is_semi_finished,is_finished,sales_margin,is_sales_margin_percent,tax_percentage,qty_manufactured,top_consumption_rank,created_by,created_at,updated_by,updated_at,is_system,is_deleted) values ("101000171","169","PILLOW","",null,null,null,"1",null,null,"0",null,"27","1.00000",null,"1.00000",null,null,null,null,null,null,"1","0","0","1","0","1","0","0","0","0","0.00",null,"0","0","2021-10-09 04:13:19.0",null,null,"0","0");
DELETE FROM sale_items WHERE id=101000171;
insert into sale_items(id,stock_item_id,stock_item_code,code,hsn_code,is_group_item,group_item_id,is_combo_item,name,description,sub_class_id,is_valid,is_manufactured,alternative_name,is_printable_to_kitchen,name_to_print,alternative_name_to_print,barcode,is_open,qty_on_hand,uom_id,item_weight,profit_category_id,prd_department_id,tax_id,tax_exemption,tax_group_id,tax_id_home_service,tax_id_table_service,tax_id_take_away_service,fixed_price,whls_price,is_whls_price_pc,item_cost,tax_calculation_method,taxation_based_on,is_require_weighing,display_order,best_before,is_hot_item_1,hot_item_1_display_order,is_hot_item_2,hot_item_2_display_order,is_hot_item_3,hot_item_3_display_order,fg_color,bg_color,attrib1_name,attrib1_options,attrib2_name,attrib2_options,attrib3_name,attrib3_options,attrib4_name,attrib4_options,attrib5_name,attrib5_options,tag1,tag2,tag3,tag4,tag5,choice_ids,created_by,created_at,updated_by,updated_at,is_deleted,is_system,item_thumb,sys_sale_flag) values ("101000171","101000171",null,"169","","0",null,"0","PILLOW","","101000105","1","0","","1","","","","1",null,"27","1.00000",null,null,"1","0","1",null,null,null,"1.00000","0.00000","0","0.00000","0","0","0",null,null,"0",null,"0",null,"0",null,"#FFFFFF","#A9A9A9","",null,null,null,null,null,null,null,null,null,null,null,null,null,null,"","0","2021-10-09 16:13:19.0",null,null,"0","0","","1");
DELETE FROM stock_items WHERE id=101000172;
insert into stock_items(id,code,name,description,supplier_product_code,stock_item_attributes,stock_item_location,stock_item_category_id,prd_department_id,part_no,market_valuation_method,movement_method,uom_id,item_weight,qty_on_hand,unit_price,optimum_level,reorder_level,reorder_qty,preferred_supplier_id,last_purchase_unit_price,last_purchase_supplier_id,tax_id,tax_calculation_method,is_service_item,is_valid,is_manufactured,is_sellable,is_semi_finished,is_finished,sales_margin,is_sales_margin_percent,tax_percentage,qty_manufactured,top_consumption_rank,created_by,created_at,updated_by,updated_at,is_system,is_deleted) values ("101000172","170","COTTON BLANKET DOUBLE","",null,null,null,"1",null,null,"0",null,"27","1.00000",null,"1.00000",null,null,null,null,null,null,"1","0","0","1","0","1","0","0","0","0","0.00",null,"0","0","2021-10-09 04:13:43.0",null,null,"0","0");
DELETE FROM sale_items WHERE id=101000172;
insert into sale_items(id,stock_item_id,stock_item_code,code,hsn_code,is_group_item,group_item_id,is_combo_item,name,description,sub_class_id,is_valid,is_manufactured,alternative_name,is_printable_to_kitchen,name_to_print,alternative_name_to_print,barcode,is_open,qty_on_hand,uom_id,item_weight,profit_category_id,prd_department_id,tax_id,tax_exemption,tax_group_id,tax_id_home_service,tax_id_table_service,tax_id_take_away_service,fixed_price,whls_price,is_whls_price_pc,item_cost,tax_calculation_method,taxation_based_on,is_require_weighing,display_order,best_before,is_hot_item_1,hot_item_1_display_order,is_hot_item_2,hot_item_2_display_order,is_hot_item_3,hot_item_3_display_order,fg_color,bg_color,attrib1_name,attrib1_options,attrib2_name,attrib2_options,attrib3_name,attrib3_options,attrib4_name,attrib4_options,attrib5_name,attrib5_options,tag1,tag2,tag3,tag4,tag5,choice_ids,created_by,created_at,updated_by,updated_at,is_deleted,is_system,item_thumb,sys_sale_flag) values ("101000172","101000172",null,"170","","0",null,"0","COTTON BLANKET DOUBLE","","101000105","1","0","","1","","","","1",null,"27","1.00000",null,null,"1","0","1",null,null,null,"1.00000","0.00000","0","0.00000","0","0","0",null,null,"0",null,"0",null,"0",null,"#FFFFFF","#A9A9A9","",null,null,null,null,null,null,null,null,null,null,null,null,null,null,"","0","2021-10-09 16:13:43.0",null,null,"0","0","","1");
DELETE FROM stock_items WHERE id=101000173;
insert into stock_items(id,code,name,description,supplier_product_code,stock_item_attributes,stock_item_location,stock_item_category_id,prd_department_id,part_no,market_valuation_method,movement_method,uom_id,item_weight,qty_on_hand,unit_price,optimum_level,reorder_level,reorder_qty,preferred_supplier_id,last_purchase_unit_price,last_purchase_supplier_id,tax_id,tax_calculation_method,is_service_item,is_valid,is_manufactured,is_sellable,is_semi_finished,is_finished,sales_margin,is_sales_margin_percent,tax_percentage,qty_manufactured,top_consumption_rank,created_by,created_at,updated_by,updated_at,is_system,is_deleted) values ("101000173","171","COTTON BLANKET SINGLE","",null,null,null,"1",null,null,"0",null,"27","1.00000",null,"1.00000",null,null,null,null,null,null,"1","0","0","1","0","1","0","0","0","0","0.00",null,"0","0","2021-10-09 04:14:33.0",null,null,"0","0");
DELETE FROM sale_items WHERE id=101000173;
insert into sale_items(id,stock_item_id,stock_item_code,code,hsn_code,is_group_item,group_item_id,is_combo_item,name,description,sub_class_id,is_valid,is_manufactured,alternative_name,is_printable_to_kitchen,name_to_print,alternative_name_to_print,barcode,is_open,qty_on_hand,uom_id,item_weight,profit_category_id,prd_department_id,tax_id,tax_exemption,tax_group_id,tax_id_home_service,tax_id_table_service,tax_id_take_away_service,fixed_price,whls_price,is_whls_price_pc,item_cost,tax_calculation_method,taxation_based_on,is_require_weighing,display_order,best_before,is_hot_item_1,hot_item_1_display_order,is_hot_item_2,hot_item_2_display_order,is_hot_item_3,hot_item_3_display_order,fg_color,bg_color,attrib1_name,attrib1_options,attrib2_name,attrib2_options,attrib3_name,attrib3_options,attrib4_name,attrib4_options,attrib5_name,attrib5_options,tag1,tag2,tag3,tag4,tag5,choice_ids,created_by,created_at,updated_by,updated_at,is_deleted,is_system,item_thumb,sys_sale_flag) values ("101000173","101000173",null,"171","","0",null,"0","COTTON BLANKET SINGLE","","101000105","1","0","","1","","","","1",null,"27","1.00000",null,null,"1","0","1",null,null,null,"1.00000","0.00000","0","0.00000","0","0","0",null,null,"0",null,"0",null,"0",null,"#FFFFFF","#A9A9A9","",null,null,null,null,null,null,null,null,null,null,null,null,null,null,"","0","2021-10-09 16:14:33.0",null,null,"0","0","","1");
DELETE FROM stock_items WHERE id=101000174;
insert into stock_items(id,code,name,description,supplier_product_code,stock_item_attributes,stock_item_location,stock_item_category_id,prd_department_id,part_no,market_valuation_method,movement_method,uom_id,item_weight,qty_on_hand,unit_price,optimum_level,reorder_level,reorder_qty,preferred_supplier_id,last_purchase_unit_price,last_purchase_supplier_id,tax_id,tax_calculation_method,is_service_item,is_valid,is_manufactured,is_sellable,is_semi_finished,is_finished,sales_margin,is_sales_margin_percent,tax_percentage,qty_manufactured,top_consumption_rank,created_by,created_at,updated_by,updated_at,is_system,is_deleted) values ("101000174","172","Cushion","",null,null,null,"1",null,null,"0",null,"27","1.00000",null,"1.00000",null,null,null,null,null,null,"1","0","0","1","0","1","0","0","0","0","0.00",null,"0","0","2021-10-09 04:15:03.0",null,null,"0","0");
DELETE FROM sale_items WHERE id=101000174;
insert into sale_items(id,stock_item_id,stock_item_code,code,hsn_code,is_group_item,group_item_id,is_combo_item,name,description,sub_class_id,is_valid,is_manufactured,alternative_name,is_printable_to_kitchen,name_to_print,alternative_name_to_print,barcode,is_open,qty_on_hand,uom_id,item_weight,profit_category_id,prd_department_id,tax_id,tax_exemption,tax_group_id,tax_id_home_service,tax_id_table_service,tax_id_take_away_service,fixed_price,whls_price,is_whls_price_pc,item_cost,tax_calculation_method,taxation_based_on,is_require_weighing,display_order,best_before,is_hot_item_1,hot_item_1_display_order,is_hot_item_2,hot_item_2_display_order,is_hot_item_3,hot_item_3_display_order,fg_color,bg_color,attrib1_name,attrib1_options,attrib2_name,attrib2_options,attrib3_name,attrib3_options,attrib4_name,attrib4_options,attrib5_name,attrib5_options,tag1,tag2,tag3,tag4,tag5,choice_ids,created_by,created_at,updated_by,updated_at,is_deleted,is_system,item_thumb,sys_sale_flag) values ("101000174","101000174",null,"172","","0",null,"0","Cushion","","101000105","1","0","","1","","","","1",null,"27","1.00000",null,null,"1","0","1",null,null,null,"1.00000","0.00000","0","0.00000","0","0","0",null,null,"0",null,"0",null,"0",null,"#FFFFFF","#A9A9A9","",null,null,null,null,null,null,null,null,null,null,null,null,null,null,"","0","2021-10-09 16:15:03.0",null,null,"0","0","","1");
DELETE FROM stock_items WHERE id=101000175;
insert into stock_items(id,code,name,description,supplier_product_code,stock_item_attributes,stock_item_location,stock_item_category_id,prd_department_id,part_no,market_valuation_method,movement_method,uom_id,item_weight,qty_on_hand,unit_price,optimum_level,reorder_level,reorder_qty,preferred_supplier_id,last_purchase_unit_price,last_purchase_supplier_id,tax_id,tax_calculation_method,is_service_item,is_valid,is_manufactured,is_sellable,is_semi_finished,is_finished,sales_margin,is_sales_margin_percent,tax_percentage,qty_manufactured,top_consumption_rank,created_by,created_at,updated_by,updated_at,is_system,is_deleted) values ("101000175","2","ELITE FAMILY  LOAF","",null,null,null,"1",null,null,"0",null,"27","1.00000",null,"1.00000",null,null,null,null,null,null,"1","0","0","1","0","1","0","0","0","0","0.00",null,"0","101000102","2021-10-09 04:15:16.0",null,null,"0","0");
DELETE FROM sale_items WHERE id=101000175;
insert into sale_items(id,stock_item_id,stock_item_code,code,hsn_code,is_group_item,group_item_id,is_combo_item,name,description,sub_class_id,is_valid,is_manufactured,alternative_name,is_printable_to_kitchen,name_to_print,alternative_name_to_print,barcode,is_open,qty_on_hand,uom_id,item_weight,profit_category_id,prd_department_id,tax_id,tax_exemption,tax_group_id,tax_id_home_service,tax_id_table_service,tax_id_take_away_service,fixed_price,whls_price,is_whls_price_pc,item_cost,tax_calculation_method,taxation_based_on,is_require_weighing,display_order,best_before,is_hot_item_1,hot_item_1_display_order,is_hot_item_2,hot_item_2_display_order,is_hot_item_3,hot_item_3_display_order,fg_color,bg_color,attrib1_name,attrib1_options,attrib2_name,attrib2_options,attrib3_name,attrib3_options,attrib4_name,attrib4_options,attrib5_name,attrib5_options,tag1,tag2,tag3,tag4,tag5,choice_ids,created_by,created_at,updated_by,updated_at,is_deleted,is_system,item_thumb,sys_sale_flag) values ("101000175","101000175",null,"2","","0",null,"0","ELITE FAMILY  LOAF","","101000102","1","0","","1","","","","1",null,"27","1.00000",null,null,"1","0","1",null,null,null,"1.00000","0.00000","0","0.00000","0","0","0",null,null,"0",null,"0",null,"0",null,"#FFFFFF","#A9A9A9","",null,null,null,null,null,null,null,null,null,null,null,null,null,null,"","101000102","2021-10-09 16:15:16.0",null,null,"0","0","","1");
DELETE FROM sale_item_ext WHERE id=101000175;
insert into sale_item_ext(id,kitchen_id,is_deleted,last_sync_at) values ("101000175","101000101","0","2021-10-09 16:15:16.0");
DELETE FROM stock_items WHERE id=101000176;
insert into stock_items(id,code,name,description,supplier_product_code,stock_item_attributes,stock_item_location,stock_item_category_id,prd_department_id,part_no,market_valuation_method,movement_method,uom_id,item_weight,qty_on_hand,unit_price,optimum_level,reorder_level,reorder_qty,preferred_supplier_id,last_purchase_unit_price,last_purchase_supplier_id,tax_id,tax_calculation_method,is_service_item,is_valid,is_manufactured,is_sellable,is_semi_finished,is_finished,sales_margin,is_sales_margin_percent,tax_percentage,qty_manufactured,top_consumption_rank,created_by,created_at,updated_by,updated_at,is_system,is_deleted) values ("101000176","4","AMUL MILK 180ML","",null,null,null,"1",null,null,"0",null,"28","1.00000",null,"1.00000",null,null,null,null,null,null,"1","0","0","1","0","1","0","0","0","0","0.00",null,"0","101000102","2021-10-09 04:18:09.0",null,null,"0","0");
DELETE FROM sale_items WHERE id=101000176;
insert into sale_items(id,stock_item_id,stock_item_code,code,hsn_code,is_group_item,group_item_id,is_combo_item,name,description,sub_class_id,is_valid,is_manufactured,alternative_name,is_printable_to_kitchen,name_to_print,alternative_name_to_print,barcode,is_open,qty_on_hand,uom_id,item_weight,profit_category_id,prd_department_id,tax_id,tax_exemption,tax_group_id,tax_id_home_service,tax_id_table_service,tax_id_take_away_service,fixed_price,whls_price,is_whls_price_pc,item_cost,tax_calculation_method,taxation_based_on,is_require_weighing,display_order,best_before,is_hot_item_1,hot_item_1_display_order,is_hot_item_2,hot_item_2_display_order,is_hot_item_3,hot_item_3_display_order,fg_color,bg_color,attrib1_name,attrib1_options,attrib2_name,attrib2_options,attrib3_name,attrib3_options,attrib4_name,attrib4_options,attrib5_name,attrib5_options,tag1,tag2,tag3,tag4,tag5,choice_ids,created_by,created_at,updated_by,updated_at,is_deleted,is_system,item_thumb,sys_sale_flag) values ("101000176","101000176",null,"4","","0",null,"0","AMUL MILK 180ML","","101000102","1","0","","1","","","","1",null,"28","1.00000",null,null,"1","0","1",null,null,null,"1.00000","0.00000","0","0.00000","0","0","0",null,null,"0",null,"0",null,"0",null,"#FFFFFF","#A9A9A9","",null,null,null,null,null,null,null,null,null,null,null,null,null,null,"","101000102","2021-10-09 16:18:09.0",null,null,"0","0","","1");
DELETE FROM sale_item_ext WHERE id=101000176;
insert into sale_item_ext(id,kitchen_id,is_deleted,last_sync_at) values ("101000176","101000101","0","2021-10-09 16:18:09.0");
DELETE FROM stock_items WHERE id=101000177;
insert into stock_items(id,code,name,description,supplier_product_code,stock_item_attributes,stock_item_location,stock_item_category_id,prd_department_id,part_no,market_valuation_method,movement_method,uom_id,item_weight,qty_on_hand,unit_price,optimum_level,reorder_level,reorder_qty,preferred_supplier_id,last_purchase_unit_price,last_purchase_supplier_id,tax_id,tax_calculation_method,is_service_item,is_valid,is_manufactured,is_sellable,is_semi_finished,is_finished,sales_margin,is_sales_margin_percent,tax_percentage,qty_manufactured,top_consumption_rank,created_by,created_at,updated_by,updated_at,is_system,is_deleted) values ("101000177","5","MILMA TONED  MILK 500ML","",null,null,null,"1",null,null,"0",null,"28","1.00000",null,"1.00000",null,null,null,null,null,null,"1","0","0","1","0","1","0","0","0","0","0.00",null,"0","101000102","2021-10-09 04:21:31.0",null,null,"0","0");
DELETE FROM sale_items WHERE id=101000177;
insert into sale_items(id,stock_item_id,stock_item_code,code,hsn_code,is_group_item,group_item_id,is_combo_item,name,description,sub_class_id,is_valid,is_manufactured,alternative_name,is_printable_to_kitchen,name_to_print,alternative_name_to_print,barcode,is_open,qty_on_hand,uom_id,item_weight,profit_category_id,prd_department_id,tax_id,tax_exemption,tax_group_id,tax_id_home_service,tax_id_table_service,tax_id_take_away_service,fixed_price,whls_price,is_whls_price_pc,item_cost,tax_calculation_method,taxation_based_on,is_require_weighing,display_order,best_before,is_hot_item_1,hot_item_1_display_order,is_hot_item_2,hot_item_2_display_order,is_hot_item_3,hot_item_3_display_order,fg_color,bg_color,attrib1_name,attrib1_options,attrib2_name,attrib2_options,attrib3_name,attrib3_options,attrib4_name,attrib4_options,attrib5_name,attrib5_options,tag1,tag2,tag3,tag4,tag5,choice_ids,created_by,created_at,updated_by,updated_at,is_deleted,is_system,item_thumb,sys_sale_flag) values ("101000177","101000177",null,"5","","0",null,"0","MILMA TONED  MILK 500ML","","101000102","1","0","","1","","","","1",null,"28","1.00000",null,null,"1","0","1",null,null,null,"1.00000","0.00000","0","0.00000","0","0","0",null,null,"0",null,"0",null,"0",null,"#FFFFFF","#A9A9A9","",null,null,null,null,null,null,null,null,null,null,null,null,null,null,"","101000102","2021-10-09 16:21:31.0",null,null,"0","0","","1");
DELETE FROM sale_item_ext WHERE id=101000177;
insert into sale_item_ext(id,kitchen_id,is_deleted,last_sync_at) values ("101000177","101000101","0","2021-10-09 16:21:31.0");
DELETE FROM stock_items WHERE id=101000178;
insert into stock_items(id,code,name,description,supplier_product_code,stock_item_attributes,stock_item_location,stock_item_category_id,prd_department_id,part_no,market_valuation_method,movement_method,uom_id,item_weight,qty_on_hand,unit_price,optimum_level,reorder_level,reorder_qty,preferred_supplier_id,last_purchase_unit_price,last_purchase_supplier_id,tax_id,tax_calculation_method,is_service_item,is_valid,is_manufactured,is_sellable,is_semi_finished,is_finished,sales_margin,is_sales_margin_percent,tax_percentage,qty_manufactured,top_consumption_rank,created_by,created_at,updated_by,updated_at,is_system,is_deleted) values ("101000178","6","ONION  ECONOMY LOOSE","",null,null,null,"1",null,null,"0",null,"28","1.00000",null,"1.00000",null,null,null,null,null,null,"1","0","0","1","0","1","0","0","0","0","0.00",null,"0","101000102","2021-10-09 04:23:54.0",null,null,"0","0");
DELETE FROM sale_items WHERE id=101000178;
insert into sale_items(id,stock_item_id,stock_item_code,code,hsn_code,is_group_item,group_item_id,is_combo_item,name,description,sub_class_id,is_valid,is_manufactured,alternative_name,is_printable_to_kitchen,name_to_print,alternative_name_to_print,barcode,is_open,qty_on_hand,uom_id,item_weight,profit_category_id,prd_department_id,tax_id,tax_exemption,tax_group_id,tax_id_home_service,tax_id_table_service,tax_id_take_away_service,fixed_price,whls_price,is_whls_price_pc,item_cost,tax_calculation_method,taxation_based_on,is_require_weighing,display_order,best_before,is_hot_item_1,hot_item_1_display_order,is_hot_item_2,hot_item_2_display_order,is_hot_item_3,hot_item_3_display_order,fg_color,bg_color,attrib1_name,attrib1_options,attrib2_name,attrib2_options,attrib3_name,attrib3_options,attrib4_name,attrib4_options,attrib5_name,attrib5_options,tag1,tag2,tag3,tag4,tag5,choice_ids,created_by,created_at,updated_by,updated_at,is_deleted,is_system,item_thumb,sys_sale_flag) values ("101000178","101000178",null,"6","","0",null,"0","ONION  ECONOMY LOOSE","","101000102","1","0","","1","","","","1",null,"28","1.00000",null,null,"1","0","1",null,null,null,"1.00000","0.00000","0","0.00000","0","0","0",null,null,"0",null,"0",null,"0",null,"#FFFFFF","#A9A9A9","",null,null,null,null,null,null,null,null,null,null,null,null,null,null,"","101000102","2021-10-09 16:23:54.0",null,null,"0","0","","1");
DELETE FROM sale_item_ext WHERE id=101000178;
insert into sale_item_ext(id,kitchen_id,is_deleted,last_sync_at) values ("101000178","101000101","0","2021-10-09 16:23:54.0");
DELETE FROM stock_items WHERE id=101000179;
insert into stock_items(id,code,name,description,supplier_product_code,stock_item_attributes,stock_item_location,stock_item_category_id,prd_department_id,part_no,market_valuation_method,movement_method,uom_id,item_weight,qty_on_hand,unit_price,optimum_level,reorder_level,reorder_qty,preferred_supplier_id,last_purchase_unit_price,last_purchase_supplier_id,tax_id,tax_calculation_method,is_service_item,is_valid,is_manufactured,is_sellable,is_semi_finished,is_finished,sales_margin,is_sales_margin_percent,tax_percentage,qty_manufactured,top_consumption_rank,created_by,created_at,updated_by,updated_at,is_system,is_deleted) values ("101000179","7","AVT  TEA POWDER","",null,null,null,"1",null,null,"0",null,"21","1.00000",null,"1.00000",null,null,null,null,null,null,"1","0","0","1","0","1","0","0","0","0","0.00",null,"0","101000102","2021-10-09 05:02:30.0",null,null,"0","0");
DELETE FROM sale_items WHERE id=101000179;
insert into sale_items(id,stock_item_id,stock_item_code,code,hsn_code,is_group_item,group_item_id,is_combo_item,name,description,sub_class_id,is_valid,is_manufactured,alternative_name,is_printable_to_kitchen,name_to_print,alternative_name_to_print,barcode,is_open,qty_on_hand,uom_id,item_weight,profit_category_id,prd_department_id,tax_id,tax_exemption,tax_group_id,tax_id_home_service,tax_id_table_service,tax_id_take_away_service,fixed_price,whls_price,is_whls_price_pc,item_cost,tax_calculation_method,taxation_based_on,is_require_weighing,display_order,best_before,is_hot_item_1,hot_item_1_display_order,is_hot_item_2,hot_item_2_display_order,is_hot_item_3,hot_item_3_display_order,fg_color,bg_color,attrib1_name,attrib1_options,attrib2_name,attrib2_options,attrib3_name,attrib3_options,attrib4_name,attrib4_options,attrib5_name,attrib5_options,tag1,tag2,tag3,tag4,tag5,choice_ids,created_by,created_at,updated_by,updated_at,is_deleted,is_system,item_thumb,sys_sale_flag) values ("101000179","101000179",null,"7","","0",null,"0","AVT  TEA POWDER","","101000102","1","0","","1","","","","1",null,"21","1.00000",null,null,"1","0","1",null,null,null,"1.00000","0.00000","0","0.00000","0","0","0",null,null,"0",null,"0",null,"0",null,"#FFFFFF","#A9A9A9","",null,null,null,null,null,null,null,null,null,null,null,null,null,null,"","101000102","2021-10-09 17:02:30.0",null,null,"0","0","","1");
DELETE FROM sale_item_ext WHERE id=101000179;
insert into sale_item_ext(id,kitchen_id,is_deleted,last_sync_at) values ("101000179","101000101","0","2021-10-09 17:02:30.0");
DELETE FROM stock_items WHERE id=101000180;
insert into stock_items(id,code,name,description,supplier_product_code,stock_item_attributes,stock_item_location,stock_item_category_id,prd_department_id,part_no,market_valuation_method,movement_method,uom_id,item_weight,qty_on_hand,unit_price,optimum_level,reorder_level,reorder_qty,preferred_supplier_id,last_purchase_unit_price,last_purchase_supplier_id,tax_id,tax_calculation_method,is_service_item,is_valid,is_manufactured,is_sellable,is_semi_finished,is_finished,sales_margin,is_sales_margin_percent,tax_percentage,qty_manufactured,top_consumption_rank,created_by,created_at,updated_by,updated_at,is_system,is_deleted) values ("101000180","8","WATERMELON KIRAN","",null,null,null,"1",null,null,"0",null,"21","1.00000",null,"1.00000",null,null,null,null,null,null,"1","0","0","1","0","1","0","0","0","0","0.00",null,"0","101000102","2021-10-09 05:03:37.0",null,null,"0","0");
DELETE FROM sale_items WHERE id=101000180;
insert into sale_items(id,stock_item_id,stock_item_code,code,hsn_code,is_group_item,group_item_id,is_combo_item,name,description,sub_class_id,is_valid,is_manufactured,alternative_name,is_printable_to_kitchen,name_to_print,alternative_name_to_print,barcode,is_open,qty_on_hand,uom_id,item_weight,profit_category_id,prd_department_id,tax_id,tax_exemption,tax_group_id,tax_id_home_service,tax_id_table_service,tax_id_take_away_service,fixed_price,whls_price,is_whls_price_pc,item_cost,tax_calculation_method,taxation_based_on,is_require_weighing,display_order,best_before,is_hot_item_1,hot_item_1_display_order,is_hot_item_2,hot_item_2_display_order,is_hot_item_3,hot_item_3_display_order,fg_color,bg_color,attrib1_name,attrib1_options,attrib2_name,attrib2_options,attrib3_name,attrib3_options,attrib4_name,attrib4_options,attrib5_name,attrib5_options,tag1,tag2,tag3,tag4,tag5,choice_ids,created_by,created_at,updated_by,updated_at,is_deleted,is_system,item_thumb,sys_sale_flag) values ("101000180","101000180",null,"8","","0",null,"0","WATERMELON KIRAN","","101000102","1","0","","1","","","","1",null,"21","1.00000",null,null,"1","0","1",null,null,null,"1.00000","0.00000","0","0.00000","0","0","0",null,null,"0",null,"0",null,"0",null,"#FFFFFF","#A9A9A9","",null,null,null,null,null,null,null,null,null,null,null,null,null,null,"","101000102","2021-10-09 17:03:37.0",null,null,"0","0","","1");
DELETE FROM sale_item_ext WHERE id=101000180;
insert into sale_item_ext(id,kitchen_id,is_deleted,last_sync_at) values ("101000180","101000101","0","2021-10-09 17:03:37.0");
DELETE FROM stock_items WHERE id=101000181;
insert into stock_items(id,code,name,description,supplier_product_code,stock_item_attributes,stock_item_location,stock_item_category_id,prd_department_id,part_no,market_valuation_method,movement_method,uom_id,item_weight,qty_on_hand,unit_price,optimum_level,reorder_level,reorder_qty,preferred_supplier_id,last_purchase_unit_price,last_purchase_supplier_id,tax_id,tax_calculation_method,is_service_item,is_valid,is_manufactured,is_sellable,is_semi_finished,is_finished,sales_margin,is_sales_margin_percent,tax_percentage,qty_manufactured,top_consumption_rank,created_by,created_at,updated_by,updated_at,is_system,is_deleted) values ("101000181","9","PINEAPPLE ","",null,null,null,"1",null,null,"0",null,"27","1.00000",null,"1.00000",null,null,null,null,null,null,"1","0","0","1","0","1","0","0","0","0","0.00",null,"0","101000102","2021-10-09 05:18:10.0","101000101","2021-10-13 05:09:40.0","0","0");
DELETE FROM sale_items WHERE id=101000181;
insert into sale_items(id,stock_item_id,stock_item_code,code,hsn_code,is_group_item,group_item_id,is_combo_item,name,description,sub_class_id,is_valid,is_manufactured,alternative_name,is_printable_to_kitchen,name_to_print,alternative_name_to_print,barcode,is_open,qty_on_hand,uom_id,item_weight,profit_category_id,prd_department_id,tax_id,tax_exemption,tax_group_id,tax_id_home_service,tax_id_table_service,tax_id_take_away_service,fixed_price,whls_price,is_whls_price_pc,item_cost,tax_calculation_method,taxation_based_on,is_require_weighing,display_order,best_before,is_hot_item_1,hot_item_1_display_order,is_hot_item_2,hot_item_2_display_order,is_hot_item_3,hot_item_3_display_order,fg_color,bg_color,attrib1_name,attrib1_options,attrib2_name,attrib2_options,attrib3_name,attrib3_options,attrib4_name,attrib4_options,attrib5_name,attrib5_options,tag1,tag2,tag3,tag4,tag5,choice_ids,created_by,created_at,updated_by,updated_at,is_deleted,is_system,item_thumb,sys_sale_flag) values ("101000181","101000181",null,"9","","0",null,"0","PINEAPPLE ","","101000102","1","0","","1","","","","1",null,"27","1.00000",null,null,"1","0","1",null,null,null,"1.00000","0.00000","0","0.00000","0","0","0",null,null,"0",null,"0",null,"0",null,"#FFFFFF","#A9A9A9","",null,null,null,null,null,null,null,null,null,null,null,null,null,null,"","101000102","2021-10-09 17:18:10.0","101000101","2021-10-13 17:09:40.0","0","0","","1");
DELETE FROM sale_item_ext WHERE id=101000181;
insert into sale_item_ext(id,kitchen_id,is_deleted,last_sync_at) values ("101000181","101000101","0","2021-10-09 17:18:10.0");
DELETE FROM stock_items WHERE id=101000182;
insert into stock_items(id,code,name,description,supplier_product_code,stock_item_attributes,stock_item_location,stock_item_category_id,prd_department_id,part_no,market_valuation_method,movement_method,uom_id,item_weight,qty_on_hand,unit_price,optimum_level,reorder_level,reorder_qty,preferred_supplier_id,last_purchase_unit_price,last_purchase_supplier_id,tax_id,tax_calculation_method,is_service_item,is_valid,is_manufactured,is_sellable,is_semi_finished,is_finished,sales_margin,is_sales_margin_percent,tax_percentage,qty_manufactured,top_consumption_rank,created_by,created_at,updated_by,updated_at,is_system,is_deleted) values ("101000182","10","SUGAR","",null,null,null,"1",null,null,"0",null,"21","1.00000",null,"1.00000",null,null,null,null,null,null,"1","0","0","1","0","1","0","0","0","0","0.00",null,"0","101000102","2021-10-09 05:19:42.0",null,null,"0","0");
DELETE FROM sale_items WHERE id=101000182;
insert into sale_items(id,stock_item_id,stock_item_code,code,hsn_code,is_group_item,group_item_id,is_combo_item,name,description,sub_class_id,is_valid,is_manufactured,alternative_name,is_printable_to_kitchen,name_to_print,alternative_name_to_print,barcode,is_open,qty_on_hand,uom_id,item_weight,profit_category_id,prd_department_id,tax_id,tax_exemption,tax_group_id,tax_id_home_service,tax_id_table_service,tax_id_take_away_service,fixed_price,whls_price,is_whls_price_pc,item_cost,tax_calculation_method,taxation_based_on,is_require_weighing,display_order,best_before,is_hot_item_1,hot_item_1_display_order,is_hot_item_2,hot_item_2_display_order,is_hot_item_3,hot_item_3_display_order,fg_color,bg_color,attrib1_name,attrib1_options,attrib2_name,attrib2_options,attrib3_name,attrib3_options,attrib4_name,attrib4_options,attrib5_name,attrib5_options,tag1,tag2,tag3,tag4,tag5,choice_ids,created_by,created_at,updated_by,updated_at,is_deleted,is_system,item_thumb,sys_sale_flag) values ("101000182","101000182",null,"10","","0",null,"0","SUGAR","","101000102","1","0","","1","","","","0",null,"21","1.00000",null,null,"1","0","1",null,null,null,"1.00000","0.00000","0","0.00000","0","0","0",null,null,"0",null,"0",null,"0",null,"#FFFFFF","#A9A9A9","",null,null,null,null,null,null,null,null,null,null,null,null,null,null,"","101000102","2021-10-09 17:19:42.0",null,null,"0","0","","1");
DELETE FROM sale_item_ext WHERE id=101000182;
insert into sale_item_ext(id,kitchen_id,is_deleted,last_sync_at) values ("101000182","101000101","0","2021-10-09 17:19:42.0");
DELETE FROM item_classes WHERE id=101000106;
insert into item_classes(id,code,hsn_code,name,alternative_name,department_id,description,menu_id,super_class_id,tax_calculation_method,tax_id,tax_exemption,tax_group_id,display_order,print_order,account_code,fg_color,bg_color,item_thumb,created_by,created_at,updated_by,updated_at,is_deleted,is_system) values ("101000106","106","","ELECTRICAL ITEMS","","1","",null,"101000103","0","1","0","1",null,null,"","#FFFFFF","#A9A9A9","","0","2021-10-11 09:48:31.0",null,null,"0","0");
DELETE FROM stock_items WHERE id=101000183;
insert into stock_items(id,code,name,description,supplier_product_code,stock_item_attributes,stock_item_location,stock_item_category_id,prd_department_id,part_no,market_valuation_method,movement_method,uom_id,item_weight,qty_on_hand,unit_price,optimum_level,reorder_level,reorder_qty,preferred_supplier_id,last_purchase_unit_price,last_purchase_supplier_id,tax_id,tax_calculation_method,is_service_item,is_valid,is_manufactured,is_sellable,is_semi_finished,is_finished,sales_margin,is_sales_margin_percent,tax_percentage,qty_manufactured,top_consumption_rank,created_by,created_at,updated_by,updated_at,is_system,is_deleted) values ("101000183","173","Juicer","",null,null,null,"1",null,null,"0",null,"27","1.00000",null,"1.00000",null,null,null,null,null,null,"1","0","0","1","0","1","0","0","0","0","0.00",null,"0","0","2021-10-11 10:31:32.0",null,null,"0","0");
DELETE FROM sale_items WHERE id=101000183;
insert into sale_items(id,stock_item_id,stock_item_code,code,hsn_code,is_group_item,group_item_id,is_combo_item,name,description,sub_class_id,is_valid,is_manufactured,alternative_name,is_printable_to_kitchen,name_to_print,alternative_name_to_print,barcode,is_open,qty_on_hand,uom_id,item_weight,profit_category_id,prd_department_id,tax_id,tax_exemption,tax_group_id,tax_id_home_service,tax_id_table_service,tax_id_take_away_service,fixed_price,whls_price,is_whls_price_pc,item_cost,tax_calculation_method,taxation_based_on,is_require_weighing,display_order,best_before,is_hot_item_1,hot_item_1_display_order,is_hot_item_2,hot_item_2_display_order,is_hot_item_3,hot_item_3_display_order,fg_color,bg_color,attrib1_name,attrib1_options,attrib2_name,attrib2_options,attrib3_name,attrib3_options,attrib4_name,attrib4_options,attrib5_name,attrib5_options,tag1,tag2,tag3,tag4,tag5,choice_ids,created_by,created_at,updated_by,updated_at,is_deleted,is_system,item_thumb,sys_sale_flag) values ("101000183","101000183",null,"173","","0",null,"0","Juicer","","101000106","1","0","","1","","","","1",null,"27","1.00000",null,null,"1","0","1",null,null,null,"1.00000","0.00000","0","0.00000","0","0","0",null,null,"0",null,"0",null,"0",null,"#FFFFFF","#A9A9A9","",null,null,null,null,null,null,null,null,null,null,null,null,null,null,"","0","2021-10-11 10:31:32.0",null,null,"0","0","","1");
DELETE FROM sale_item_ext WHERE id=101000183;
insert into sale_item_ext(id,kitchen_id,is_deleted,last_sync_at) values ("101000183","101000101","0","2021-10-11 10:31:32.0");
DELETE FROM stock_items WHERE id=101000184;
insert into stock_items(id,code,name,description,supplier_product_code,stock_item_attributes,stock_item_location,stock_item_category_id,prd_department_id,part_no,market_valuation_method,movement_method,uom_id,item_weight,qty_on_hand,unit_price,optimum_level,reorder_level,reorder_qty,preferred_supplier_id,last_purchase_unit_price,last_purchase_supplier_id,tax_id,tax_calculation_method,is_service_item,is_valid,is_manufactured,is_sellable,is_semi_finished,is_finished,sales_margin,is_sales_margin_percent,tax_percentage,qty_manufactured,top_consumption_rank,created_by,created_at,updated_by,updated_at,is_system,is_deleted) values ("101000184","174","Bread Toster","",null,null,null,"1",null,null,"0",null,"27","1.00000",null,"1.00000",null,null,null,null,null,null,"1","0","0","1","0","1","0","0","0","0","0.00",null,"0","0","2021-10-11 10:39:18.0",null,null,"0","0");
DELETE FROM sale_items WHERE id=101000184;
insert into sale_items(id,stock_item_id,stock_item_code,code,hsn_code,is_group_item,group_item_id,is_combo_item,name,description,sub_class_id,is_valid,is_manufactured,alternative_name,is_printable_to_kitchen,name_to_print,alternative_name_to_print,barcode,is_open,qty_on_hand,uom_id,item_weight,profit_category_id,prd_department_id,tax_id,tax_exemption,tax_group_id,tax_id_home_service,tax_id_table_service,tax_id_take_away_service,fixed_price,whls_price,is_whls_price_pc,item_cost,tax_calculation_method,taxation_based_on,is_require_weighing,display_order,best_before,is_hot_item_1,hot_item_1_display_order,is_hot_item_2,hot_item_2_display_order,is_hot_item_3,hot_item_3_display_order,fg_color,bg_color,attrib1_name,attrib1_options,attrib2_name,attrib2_options,attrib3_name,attrib3_options,attrib4_name,attrib4_options,attrib5_name,attrib5_options,tag1,tag2,tag3,tag4,tag5,choice_ids,created_by,created_at,updated_by,updated_at,is_deleted,is_system,item_thumb,sys_sale_flag) values ("101000184","101000184",null,"174","","0",null,"0","Bread Toster","","101000106","1","0","","1","","","","1",null,"27","1.00000",null,null,"1","0","1",null,null,null,"1.00000","0.00000","0","0.00000","0","0","0",null,null,"0",null,"0",null,"0",null,"#FFFFFF","#A9A9A9","",null,null,null,null,null,null,null,null,null,null,null,null,null,null,"","0","2021-10-11 10:39:18.0",null,null,"0","0","","1");
DELETE FROM sale_item_ext WHERE id=101000184;
insert into sale_item_ext(id,kitchen_id,is_deleted,last_sync_at) values ("101000184","101000101","0","2021-10-11 10:39:18.0");
DELETE FROM stock_items WHERE id=101000185;
insert into stock_items(id,code,name,description,supplier_product_code,stock_item_attributes,stock_item_location,stock_item_category_id,prd_department_id,part_no,market_valuation_method,movement_method,uom_id,item_weight,qty_on_hand,unit_price,optimum_level,reorder_level,reorder_qty,preferred_supplier_id,last_purchase_unit_price,last_purchase_supplier_id,tax_id,tax_calculation_method,is_service_item,is_valid,is_manufactured,is_sellable,is_semi_finished,is_finished,sales_margin,is_sales_margin_percent,tax_percentage,qty_manufactured,top_consumption_rank,created_by,created_at,updated_by,updated_at,is_system,is_deleted) values ("101000185","175","Coffee Warm Pot","",null,null,null,"1",null,null,"0",null,"27","1.00000",null,"1.00000",null,null,null,null,null,null,"1","0","0","1","0","1","0","0","0","0","0.00",null,"0","0","2021-10-11 10:40:03.0",null,null,"0","0");
DELETE FROM sale_items WHERE id=101000185;
insert into sale_items(id,stock_item_id,stock_item_code,code,hsn_code,is_group_item,group_item_id,is_combo_item,name,description,sub_class_id,is_valid,is_manufactured,alternative_name,is_printable_to_kitchen,name_to_print,alternative_name_to_print,barcode,is_open,qty_on_hand,uom_id,item_weight,profit_category_id,prd_department_id,tax_id,tax_exemption,tax_group_id,tax_id_home_service,tax_id_table_service,tax_id_take_away_service,fixed_price,whls_price,is_whls_price_pc,item_cost,tax_calculation_method,taxation_based_on,is_require_weighing,display_order,best_before,is_hot_item_1,hot_item_1_display_order,is_hot_item_2,hot_item_2_display_order,is_hot_item_3,hot_item_3_display_order,fg_color,bg_color,attrib1_name,attrib1_options,attrib2_name,attrib2_options,attrib3_name,attrib3_options,attrib4_name,attrib4_options,attrib5_name,attrib5_options,tag1,tag2,tag3,tag4,tag5,choice_ids,created_by,created_at,updated_by,updated_at,is_deleted,is_system,item_thumb,sys_sale_flag) values ("101000185","101000185",null,"175","","0",null,"0","Coffee Warm Pot","","101000106","1","0","","1","","","","1",null,"27","1.00000",null,null,"1","0","1",null,null,null,"1.00000","0.00000","0","0.00000","0","0","0",null,null,"0",null,"0",null,"0",null,"#FFFFFF","#A9A9A9","",null,null,null,null,null,null,null,null,null,null,null,null,null,null,"","0","2021-10-11 10:40:03.0",null,null,"0","0","","1");
DELETE FROM sale_item_ext WHERE id=101000185;
insert into sale_item_ext(id,kitchen_id,is_deleted,last_sync_at) values ("101000185","101000101","0","2021-10-11 10:40:03.0");
DELETE FROM stock_items WHERE id=101000186;
insert into stock_items(id,code,name,description,supplier_product_code,stock_item_attributes,stock_item_location,stock_item_category_id,prd_department_id,part_no,market_valuation_method,movement_method,uom_id,item_weight,qty_on_hand,unit_price,optimum_level,reorder_level,reorder_qty,preferred_supplier_id,last_purchase_unit_price,last_purchase_supplier_id,tax_id,tax_calculation_method,is_service_item,is_valid,is_manufactured,is_sellable,is_semi_finished,is_finished,sales_margin,is_sales_margin_percent,tax_percentage,qty_manufactured,top_consumption_rank,created_by,created_at,updated_by,updated_at,is_system,is_deleted) values ("101000186","176","TV LG","",null,null,null,"1",null,null,"0",null,"27","1.00000",null,"1.00000",null,null,null,null,null,null,"1","0","0","1","0","1","0","0","0","0","0.00",null,"0","0","2021-10-11 10:40:41.0",null,null,"0","0");
DELETE FROM sale_items WHERE id=101000186;
insert into sale_items(id,stock_item_id,stock_item_code,code,hsn_code,is_group_item,group_item_id,is_combo_item,name,description,sub_class_id,is_valid,is_manufactured,alternative_name,is_printable_to_kitchen,name_to_print,alternative_name_to_print,barcode,is_open,qty_on_hand,uom_id,item_weight,profit_category_id,prd_department_id,tax_id,tax_exemption,tax_group_id,tax_id_home_service,tax_id_table_service,tax_id_take_away_service,fixed_price,whls_price,is_whls_price_pc,item_cost,tax_calculation_method,taxation_based_on,is_require_weighing,display_order,best_before,is_hot_item_1,hot_item_1_display_order,is_hot_item_2,hot_item_2_display_order,is_hot_item_3,hot_item_3_display_order,fg_color,bg_color,attrib1_name,attrib1_options,attrib2_name,attrib2_options,attrib3_name,attrib3_options,attrib4_name,attrib4_options,attrib5_name,attrib5_options,tag1,tag2,tag3,tag4,tag5,choice_ids,created_by,created_at,updated_by,updated_at,is_deleted,is_system,item_thumb,sys_sale_flag) values ("101000186","101000186",null,"176","","0",null,"0","TV LG","","101000106","1","0","","1","","","","0",null,"27","1.00000",null,null,"1","0","1",null,null,null,"1.00000","0.00000","0","0.00000","0","0","0",null,null,"0",null,"0",null,"0",null,"#FFFFFF","#A9A9A9","",null,null,null,null,null,null,null,null,null,null,null,null,null,null,"","0","2021-10-11 10:40:41.0",null,null,"0","0","","1");
DELETE FROM sale_item_ext WHERE id=101000186;
insert into sale_item_ext(id,kitchen_id,is_deleted,last_sync_at) values ("101000186","101000101","0","2021-10-11 10:40:41.0");
DELETE FROM stock_items WHERE id=101000187;
insert into stock_items(id,code,name,description,supplier_product_code,stock_item_attributes,stock_item_location,stock_item_category_id,prd_department_id,part_no,market_valuation_method,movement_method,uom_id,item_weight,qty_on_hand,unit_price,optimum_level,reorder_level,reorder_qty,preferred_supplier_id,last_purchase_unit_price,last_purchase_supplier_id,tax_id,tax_calculation_method,is_service_item,is_valid,is_manufactured,is_sellable,is_semi_finished,is_finished,sales_margin,is_sales_margin_percent,tax_percentage,qty_manufactured,top_consumption_rank,created_by,created_at,updated_by,updated_at,is_system,is_deleted) values ("101000187","177","Refrigerator","",null,null,null,"1",null,null,"0",null,"27","1.00000",null,"1.00000",null,null,null,null,null,null,"1","0","0","1","0","1","0","0","0","0","0.00",null,"0","0","2021-10-11 10:41:18.0",null,null,"0","0");
DELETE FROM sale_items WHERE id=101000187;
insert into sale_items(id,stock_item_id,stock_item_code,code,hsn_code,is_group_item,group_item_id,is_combo_item,name,description,sub_class_id,is_valid,is_manufactured,alternative_name,is_printable_to_kitchen,name_to_print,alternative_name_to_print,barcode,is_open,qty_on_hand,uom_id,item_weight,profit_category_id,prd_department_id,tax_id,tax_exemption,tax_group_id,tax_id_home_service,tax_id_table_service,tax_id_take_away_service,fixed_price,whls_price,is_whls_price_pc,item_cost,tax_calculation_method,taxation_based_on,is_require_weighing,display_order,best_before,is_hot_item_1,hot_item_1_display_order,is_hot_item_2,hot_item_2_display_order,is_hot_item_3,hot_item_3_display_order,fg_color,bg_color,attrib1_name,attrib1_options,attrib2_name,attrib2_options,attrib3_name,attrib3_options,attrib4_name,attrib4_options,attrib5_name,attrib5_options,tag1,tag2,tag3,tag4,tag5,choice_ids,created_by,created_at,updated_by,updated_at,is_deleted,is_system,item_thumb,sys_sale_flag) values ("101000187","101000187",null,"177","","0",null,"0","Refrigerator","","101000106","1","0","","1","","","","1",null,"27","1.00000",null,null,"1","0","1",null,null,null,"1.00000","0.00000","0","0.00000","0","0","0",null,null,"0",null,"0",null,"0",null,"#FFFFFF","#A9A9A9","",null,null,null,null,null,null,null,null,null,null,null,null,null,null,"","0","2021-10-11 10:41:18.0",null,null,"0","0","","1");
DELETE FROM sale_item_ext WHERE id=101000187;
insert into sale_item_ext(id,kitchen_id,is_deleted,last_sync_at) values ("101000187","101000101","0","2021-10-11 10:41:18.0");
DELETE FROM stock_items WHERE id=101000188;
insert into stock_items(id,code,name,description,supplier_product_code,stock_item_attributes,stock_item_location,stock_item_category_id,prd_department_id,part_no,market_valuation_method,movement_method,uom_id,item_weight,qty_on_hand,unit_price,optimum_level,reorder_level,reorder_qty,preferred_supplier_id,last_purchase_unit_price,last_purchase_supplier_id,tax_id,tax_calculation_method,is_service_item,is_valid,is_manufactured,is_sellable,is_semi_finished,is_finished,sales_margin,is_sales_margin_percent,tax_percentage,qty_manufactured,top_consumption_rank,created_by,created_at,updated_by,updated_at,is_system,is_deleted) values ("101000188","178","Washing machine","",null,null,null,"1",null,null,"0",null,"27","1.00000",null,"1.00000",null,null,null,null,null,null,"1","0","0","1","0","1","0","0","0","0","0.00",null,"0","0","2021-10-11 10:41:45.0",null,null,"0","0");
DELETE FROM sale_items WHERE id=101000188;
insert into sale_items(id,stock_item_id,stock_item_code,code,hsn_code,is_group_item,group_item_id,is_combo_item,name,description,sub_class_id,is_valid,is_manufactured,alternative_name,is_printable_to_kitchen,name_to_print,alternative_name_to_print,barcode,is_open,qty_on_hand,uom_id,item_weight,profit_category_id,prd_department_id,tax_id,tax_exemption,tax_group_id,tax_id_home_service,tax_id_table_service,tax_id_take_away_service,fixed_price,whls_price,is_whls_price_pc,item_cost,tax_calculation_method,taxation_based_on,is_require_weighing,display_order,best_before,is_hot_item_1,hot_item_1_display_order,is_hot_item_2,hot_item_2_display_order,is_hot_item_3,hot_item_3_display_order,fg_color,bg_color,attrib1_name,attrib1_options,attrib2_name,attrib2_options,attrib3_name,attrib3_options,attrib4_name,attrib4_options,attrib5_name,attrib5_options,tag1,tag2,tag3,tag4,tag5,choice_ids,created_by,created_at,updated_by,updated_at,is_deleted,is_system,item_thumb,sys_sale_flag) values ("101000188","101000188",null,"178","","0",null,"0","Washing machine","","101000106","1","0","","1","","","","1",null,"27","1.00000",null,null,"1","0","1",null,null,null,"1.00000","0.00000","0","0.00000","0","0","0",null,null,"0",null,"0",null,"0",null,"#FFFFFF","#A9A9A9","",null,null,null,null,null,null,null,null,null,null,null,null,null,null,"","0","2021-10-11 10:41:45.0",null,null,"0","0","","1");
DELETE FROM sale_item_ext WHERE id=101000188;
insert into sale_item_ext(id,kitchen_id,is_deleted,last_sync_at) values ("101000188","101000101","0","2021-10-11 10:41:45.0");
DELETE FROM stock_items WHERE id=101000189;
insert into stock_items(id,code,name,description,supplier_product_code,stock_item_attributes,stock_item_location,stock_item_category_id,prd_department_id,part_no,market_valuation_method,movement_method,uom_id,item_weight,qty_on_hand,unit_price,optimum_level,reorder_level,reorder_qty,preferred_supplier_id,last_purchase_unit_price,last_purchase_supplier_id,tax_id,tax_calculation_method,is_service_item,is_valid,is_manufactured,is_sellable,is_semi_finished,is_finished,sales_margin,is_sales_margin_percent,tax_percentage,qty_manufactured,top_consumption_rank,created_by,created_at,updated_by,updated_at,is_system,is_deleted) values ("101000189","179","Dryer","",null,null,null,"1",null,null,"0",null,"27","1.00000",null,"1.00000",null,null,null,null,null,null,"1","0","0","1","0","1","0","0","0","0","0.00",null,"0","0","2021-10-11 10:42:25.0",null,null,"0","0");
DELETE FROM sale_items WHERE id=101000189;
insert into sale_items(id,stock_item_id,stock_item_code,code,hsn_code,is_group_item,group_item_id,is_combo_item,name,description,sub_class_id,is_valid,is_manufactured,alternative_name,is_printable_to_kitchen,name_to_print,alternative_name_to_print,barcode,is_open,qty_on_hand,uom_id,item_weight,profit_category_id,prd_department_id,tax_id,tax_exemption,tax_group_id,tax_id_home_service,tax_id_table_service,tax_id_take_away_service,fixed_price,whls_price,is_whls_price_pc,item_cost,tax_calculation_method,taxation_based_on,is_require_weighing,display_order,best_before,is_hot_item_1,hot_item_1_display_order,is_hot_item_2,hot_item_2_display_order,is_hot_item_3,hot_item_3_display_order,fg_color,bg_color,attrib1_name,attrib1_options,attrib2_name,attrib2_options,attrib3_name,attrib3_options,attrib4_name,attrib4_options,attrib5_name,attrib5_options,tag1,tag2,tag3,tag4,tag5,choice_ids,created_by,created_at,updated_by,updated_at,is_deleted,is_system,item_thumb,sys_sale_flag) values ("101000189","101000189",null,"179","","0",null,"0","Dryer","","101000106","1","0","","1","","","","1",null,"27","1.00000",null,null,"1","0","1",null,null,null,"1.00000","0.00000","0","0.00000","0","0","0",null,null,"0",null,"0",null,"0",null,"#FFFFFF","#A9A9A9","",null,null,null,null,null,null,null,null,null,null,null,null,null,null,"","0","2021-10-11 10:42:25.0",null,null,"0","0","","1");
DELETE FROM sale_item_ext WHERE id=101000189;
insert into sale_item_ext(id,kitchen_id,is_deleted,last_sync_at) values ("101000189","101000101","0","2021-10-11 10:42:25.0");
DELETE FROM stock_items WHERE id=101000190;
insert into stock_items(id,code,name,description,supplier_product_code,stock_item_attributes,stock_item_location,stock_item_category_id,prd_department_id,part_no,market_valuation_method,movement_method,uom_id,item_weight,qty_on_hand,unit_price,optimum_level,reorder_level,reorder_qty,preferred_supplier_id,last_purchase_unit_price,last_purchase_supplier_id,tax_id,tax_calculation_method,is_service_item,is_valid,is_manufactured,is_sellable,is_semi_finished,is_finished,sales_margin,is_sales_margin_percent,tax_percentage,qty_manufactured,top_consumption_rank,created_by,created_at,updated_by,updated_at,is_system,is_deleted) values ("101000190","180","Iron Box","",null,null,null,"1",null,null,"0",null,"27","1.00000",null,"1.00000",null,null,null,null,null,null,"1","0","0","1","0","1","0","0","0","0","0.00",null,"0","0","2021-10-11 10:42:55.0",null,null,"0","0");
DELETE FROM sale_items WHERE id=101000190;
insert into sale_items(id,stock_item_id,stock_item_code,code,hsn_code,is_group_item,group_item_id,is_combo_item,name,description,sub_class_id,is_valid,is_manufactured,alternative_name,is_printable_to_kitchen,name_to_print,alternative_name_to_print,barcode,is_open,qty_on_hand,uom_id,item_weight,profit_category_id,prd_department_id,tax_id,tax_exemption,tax_group_id,tax_id_home_service,tax_id_table_service,tax_id_take_away_service,fixed_price,whls_price,is_whls_price_pc,item_cost,tax_calculation_method,taxation_based_on,is_require_weighing,display_order,best_before,is_hot_item_1,hot_item_1_display_order,is_hot_item_2,hot_item_2_display_order,is_hot_item_3,hot_item_3_display_order,fg_color,bg_color,attrib1_name,attrib1_options,attrib2_name,attrib2_options,attrib3_name,attrib3_options,attrib4_name,attrib4_options,attrib5_name,attrib5_options,tag1,tag2,tag3,tag4,tag5,choice_ids,created_by,created_at,updated_by,updated_at,is_deleted,is_system,item_thumb,sys_sale_flag) values ("101000190","101000190",null,"180","","0",null,"0","Iron Box","","101000106","1","0","","1","","","","1",null,"27","1.00000",null,null,"1","0","1",null,null,null,"1.00000","0.00000","0","0.00000","0","0","0",null,null,"0",null,"0",null,"0",null,"#FFFFFF","#A9A9A9","",null,null,null,null,null,null,null,null,null,null,null,null,null,null,"","0","2021-10-11 10:42:55.0",null,null,"0","0","","1");
DELETE FROM sale_item_ext WHERE id=101000190;
insert into sale_item_ext(id,kitchen_id,is_deleted,last_sync_at) values ("101000190","101000101","0","2021-10-11 10:42:55.0");
DELETE FROM stock_items WHERE id=101000191;
insert into stock_items(id,code,name,description,supplier_product_code,stock_item_attributes,stock_item_location,stock_item_category_id,prd_department_id,part_no,market_valuation_method,movement_method,uom_id,item_weight,qty_on_hand,unit_price,optimum_level,reorder_level,reorder_qty,preferred_supplier_id,last_purchase_unit_price,last_purchase_supplier_id,tax_id,tax_calculation_method,is_service_item,is_valid,is_manufactured,is_sellable,is_semi_finished,is_finished,sales_margin,is_sales_margin_percent,tax_percentage,qty_manufactured,top_consumption_rank,created_by,created_at,updated_by,updated_at,is_system,is_deleted) values ("101000191","181","Setup Box","",null,null,null,"1",null,null,"0",null,"27","1.00000",null,"1.00000",null,null,null,null,null,null,"1","0","0","1","0","1","0","0","0","0","0.00",null,"0","0","2021-10-11 10:54:54.0",null,null,"0","0");
DELETE FROM sale_items WHERE id=101000191;
insert into sale_items(id,stock_item_id,stock_item_code,code,hsn_code,is_group_item,group_item_id,is_combo_item,name,description,sub_class_id,is_valid,is_manufactured,alternative_name,is_printable_to_kitchen,name_to_print,alternative_name_to_print,barcode,is_open,qty_on_hand,uom_id,item_weight,profit_category_id,prd_department_id,tax_id,tax_exemption,tax_group_id,tax_id_home_service,tax_id_table_service,tax_id_take_away_service,fixed_price,whls_price,is_whls_price_pc,item_cost,tax_calculation_method,taxation_based_on,is_require_weighing,display_order,best_before,is_hot_item_1,hot_item_1_display_order,is_hot_item_2,hot_item_2_display_order,is_hot_item_3,hot_item_3_display_order,fg_color,bg_color,attrib1_name,attrib1_options,attrib2_name,attrib2_options,attrib3_name,attrib3_options,attrib4_name,attrib4_options,attrib5_name,attrib5_options,tag1,tag2,tag3,tag4,tag5,choice_ids,created_by,created_at,updated_by,updated_at,is_deleted,is_system,item_thumb,sys_sale_flag) values ("101000191","101000191",null,"181","","0",null,"0","Setup Box","","101000106","1","0","","1","","","","1",null,"27","1.00000",null,null,"1","0","1",null,null,null,"1.00000","0.00000","0","0.00000","0","0","0",null,null,"0",null,"0",null,"0",null,"#FFFFFF","#A9A9A9","",null,null,null,null,null,null,null,null,null,null,null,null,null,null,"","0","2021-10-11 10:54:54.0",null,null,"0","0","","1");
DELETE FROM sale_item_ext WHERE id=101000191;
insert into sale_item_ext(id,kitchen_id,is_deleted,last_sync_at) values ("101000191","101000101","0","2021-10-11 10:54:54.0");
DELETE FROM stock_items WHERE id=101000192;
insert into stock_items(id,code,name,description,supplier_product_code,stock_item_attributes,stock_item_location,stock_item_category_id,prd_department_id,part_no,market_valuation_method,movement_method,uom_id,item_weight,qty_on_hand,unit_price,optimum_level,reorder_level,reorder_qty,preferred_supplier_id,last_purchase_unit_price,last_purchase_supplier_id,tax_id,tax_calculation_method,is_service_item,is_valid,is_manufactured,is_sellable,is_semi_finished,is_finished,sales_margin,is_sales_margin_percent,tax_percentage,qty_manufactured,top_consumption_rank,created_by,created_at,updated_by,updated_at,is_system,is_deleted) values ("101000192","182","Ac ","",null,null,null,"1",null,null,"0",null,"27","1.00000",null,"1.00000",null,null,null,null,null,null,"1","0","0","1","0","1","0","0","0","0","0.00",null,"0","0","2021-10-11 10:55:40.0",null,null,"0","0");
DELETE FROM sale_items WHERE id=101000192;
insert into sale_items(id,stock_item_id,stock_item_code,code,hsn_code,is_group_item,group_item_id,is_combo_item,name,description,sub_class_id,is_valid,is_manufactured,alternative_name,is_printable_to_kitchen,name_to_print,alternative_name_to_print,barcode,is_open,qty_on_hand,uom_id,item_weight,profit_category_id,prd_department_id,tax_id,tax_exemption,tax_group_id,tax_id_home_service,tax_id_table_service,tax_id_take_away_service,fixed_price,whls_price,is_whls_price_pc,item_cost,tax_calculation_method,taxation_based_on,is_require_weighing,display_order,best_before,is_hot_item_1,hot_item_1_display_order,is_hot_item_2,hot_item_2_display_order,is_hot_item_3,hot_item_3_display_order,fg_color,bg_color,attrib1_name,attrib1_options,attrib2_name,attrib2_options,attrib3_name,attrib3_options,attrib4_name,attrib4_options,attrib5_name,attrib5_options,tag1,tag2,tag3,tag4,tag5,choice_ids,created_by,created_at,updated_by,updated_at,is_deleted,is_system,item_thumb,sys_sale_flag) values ("101000192","101000192",null,"182","","0",null,"0","Ac ","","101000106","1","0","","1","","","","1",null,"27","1.00000",null,null,"1","0","1",null,null,null,"1.00000","0.00000","0","0.00000","0","0","0",null,null,"0",null,"0",null,"0",null,"#FFFFFF","#A9A9A9","",null,null,null,null,null,null,null,null,null,null,null,null,null,null,"","0","2021-10-11 10:55:40.0",null,null,"0","0","","1");
DELETE FROM sale_item_ext WHERE id=101000192;
insert into sale_item_ext(id,kitchen_id,is_deleted,last_sync_at) values ("101000192","101000101","0","2021-10-11 10:55:40.0");
DELETE FROM stock_items WHERE id=101000193;
insert into stock_items(id,code,name,description,supplier_product_code,stock_item_attributes,stock_item_location,stock_item_category_id,prd_department_id,part_no,market_valuation_method,movement_method,uom_id,item_weight,qty_on_hand,unit_price,optimum_level,reorder_level,reorder_qty,preferred_supplier_id,last_purchase_unit_price,last_purchase_supplier_id,tax_id,tax_calculation_method,is_service_item,is_valid,is_manufactured,is_sellable,is_semi_finished,is_finished,sales_margin,is_sales_margin_percent,tax_percentage,qty_manufactured,top_consumption_rank,created_by,created_at,updated_by,updated_at,is_system,is_deleted) values ("101000193","183","Ac Remote","",null,null,null,"1",null,null,"0",null,"27","1.00000",null,"1.00000",null,null,null,null,null,null,"1","0","0","1","0","1","0","0","0","0","0.00",null,"0","0","2021-10-11 10:57:47.0",null,null,"0","0");
DELETE FROM sale_items WHERE id=101000193;
insert into sale_items(id,stock_item_id,stock_item_code,code,hsn_code,is_group_item,group_item_id,is_combo_item,name,description,sub_class_id,is_valid,is_manufactured,alternative_name,is_printable_to_kitchen,name_to_print,alternative_name_to_print,barcode,is_open,qty_on_hand,uom_id,item_weight,profit_category_id,prd_department_id,tax_id,tax_exemption,tax_group_id,tax_id_home_service,tax_id_table_service,tax_id_take_away_service,fixed_price,whls_price,is_whls_price_pc,item_cost,tax_calculation_method,taxation_based_on,is_require_weighing,display_order,best_before,is_hot_item_1,hot_item_1_display_order,is_hot_item_2,hot_item_2_display_order,is_hot_item_3,hot_item_3_display_order,fg_color,bg_color,attrib1_name,attrib1_options,attrib2_name,attrib2_options,attrib3_name,attrib3_options,attrib4_name,attrib4_options,attrib5_name,attrib5_options,tag1,tag2,tag3,tag4,tag5,choice_ids,created_by,created_at,updated_by,updated_at,is_deleted,is_system,item_thumb,sys_sale_flag) values ("101000193","101000193",null,"183","","0",null,"0","Ac Remote","","101000106","1","0","","1","","","","1",null,"27","1.00000",null,null,"1","0","1",null,null,null,"1.00000","0.00000","0","0.00000","0","0","0",null,null,"0",null,"0",null,"0",null,"#FFFFFF","#A9A9A9","",null,null,null,null,null,null,null,null,null,null,null,null,null,null,"","0","2021-10-11 10:57:47.0",null,null,"0","0","","1");
DELETE FROM sale_item_ext WHERE id=101000193;
insert into sale_item_ext(id,kitchen_id,is_deleted,last_sync_at) values ("101000193","101000101","0","2021-10-11 10:57:47.0");
DELETE FROM stock_items WHERE id=101000194;
insert into stock_items(id,code,name,description,supplier_product_code,stock_item_attributes,stock_item_location,stock_item_category_id,prd_department_id,part_no,market_valuation_method,movement_method,uom_id,item_weight,qty_on_hand,unit_price,optimum_level,reorder_level,reorder_qty,preferred_supplier_id,last_purchase_unit_price,last_purchase_supplier_id,tax_id,tax_calculation_method,is_service_item,is_valid,is_manufactured,is_sellable,is_semi_finished,is_finished,sales_margin,is_sales_margin_percent,tax_percentage,qty_manufactured,top_consumption_rank,created_by,created_at,updated_by,updated_at,is_system,is_deleted) values ("101000194","184","Setup Box Remote","",null,null,null,"1",null,null,"0",null,"27","1.00000",null,"1.00000",null,null,null,null,null,null,"1","0","0","1","0","1","0","0","0","0","0.00",null,"0","0","2021-10-11 10:58:18.0",null,null,"0","0");
DELETE FROM sale_items WHERE id=101000194;
insert into sale_items(id,stock_item_id,stock_item_code,code,hsn_code,is_group_item,group_item_id,is_combo_item,name,description,sub_class_id,is_valid,is_manufactured,alternative_name,is_printable_to_kitchen,name_to_print,alternative_name_to_print,barcode,is_open,qty_on_hand,uom_id,item_weight,profit_category_id,prd_department_id,tax_id,tax_exemption,tax_group_id,tax_id_home_service,tax_id_table_service,tax_id_take_away_service,fixed_price,whls_price,is_whls_price_pc,item_cost,tax_calculation_method,taxation_based_on,is_require_weighing,display_order,best_before,is_hot_item_1,hot_item_1_display_order,is_hot_item_2,hot_item_2_display_order,is_hot_item_3,hot_item_3_display_order,fg_color,bg_color,attrib1_name,attrib1_options,attrib2_name,attrib2_options,attrib3_name,attrib3_options,attrib4_name,attrib4_options,attrib5_name,attrib5_options,tag1,tag2,tag3,tag4,tag5,choice_ids,created_by,created_at,updated_by,updated_at,is_deleted,is_system,item_thumb,sys_sale_flag) values ("101000194","101000194",null,"184","","0",null,"0","Setup Box Remote","","101000106","1","0","","1","","","","1",null,"27","1.00000",null,null,"1","0","1",null,null,null,"1.00000","0.00000","0","0.00000","0","0","0",null,null,"0",null,"0",null,"0",null,"#FFFFFF","#A9A9A9","",null,null,null,null,null,null,null,null,null,null,null,null,null,null,"","0","2021-10-11 10:58:18.0",null,null,"0","0","","1");
DELETE FROM sale_item_ext WHERE id=101000194;
insert into sale_item_ext(id,kitchen_id,is_deleted,last_sync_at) values ("101000194","101000101","0","2021-10-11 10:58:18.0");
DELETE FROM stock_items WHERE id=101000195;
insert into stock_items(id,code,name,description,supplier_product_code,stock_item_attributes,stock_item_location,stock_item_category_id,prd_department_id,part_no,market_valuation_method,movement_method,uom_id,item_weight,qty_on_hand,unit_price,optimum_level,reorder_level,reorder_qty,preferred_supplier_id,last_purchase_unit_price,last_purchase_supplier_id,tax_id,tax_calculation_method,is_service_item,is_valid,is_manufactured,is_sellable,is_semi_finished,is_finished,sales_margin,is_sales_margin_percent,tax_percentage,qty_manufactured,top_consumption_rank,created_by,created_at,updated_by,updated_at,is_system,is_deleted) values ("101000195","185","TV Remote","",null,null,null,"1",null,null,"0",null,"27","1.00000",null,"1.00000",null,null,null,null,null,null,"1","0","0","1","0","1","0","0","0","0","0.00",null,"0","0","2021-10-11 10:59:09.0",null,null,"0","0");
DELETE FROM sale_items WHERE id=101000195;
insert into sale_items(id,stock_item_id,stock_item_code,code,hsn_code,is_group_item,group_item_id,is_combo_item,name,description,sub_class_id,is_valid,is_manufactured,alternative_name,is_printable_to_kitchen,name_to_print,alternative_name_to_print,barcode,is_open,qty_on_hand,uom_id,item_weight,profit_category_id,prd_department_id,tax_id,tax_exemption,tax_group_id,tax_id_home_service,tax_id_table_service,tax_id_take_away_service,fixed_price,whls_price,is_whls_price_pc,item_cost,tax_calculation_method,taxation_based_on,is_require_weighing,display_order,best_before,is_hot_item_1,hot_item_1_display_order,is_hot_item_2,hot_item_2_display_order,is_hot_item_3,hot_item_3_display_order,fg_color,bg_color,attrib1_name,attrib1_options,attrib2_name,attrib2_options,attrib3_name,attrib3_options,attrib4_name,attrib4_options,attrib5_name,attrib5_options,tag1,tag2,tag3,tag4,tag5,choice_ids,created_by,created_at,updated_by,updated_at,is_deleted,is_system,item_thumb,sys_sale_flag) values ("101000195","101000195",null,"185","","0",null,"0","TV Remote","","101000106","1","0","","1","","","","1",null,"27","1.00000",null,null,"1","0","1",null,null,null,"1.00000","0.00000","0","0.00000","0","0","0",null,null,"0",null,"0",null,"0",null,"#FFFFFF","#A9A9A9","",null,null,null,null,null,null,null,null,null,null,null,null,null,null,"","0","2021-10-11 10:59:09.0",null,null,"0","0","","1");
DELETE FROM sale_item_ext WHERE id=101000195;
insert into sale_item_ext(id,kitchen_id,is_deleted,last_sync_at) values ("101000195","101000101","0","2021-10-11 10:59:09.0");
DELETE FROM stock_items WHERE id=101000196;
insert into stock_items(id,code,name,description,supplier_product_code,stock_item_attributes,stock_item_location,stock_item_category_id,prd_department_id,part_no,market_valuation_method,movement_method,uom_id,item_weight,qty_on_hand,unit_price,optimum_level,reorder_level,reorder_qty,preferred_supplier_id,last_purchase_unit_price,last_purchase_supplier_id,tax_id,tax_calculation_method,is_service_item,is_valid,is_manufactured,is_sellable,is_semi_finished,is_finished,sales_margin,is_sales_margin_percent,tax_percentage,qty_manufactured,top_consumption_rank,created_by,created_at,updated_by,updated_at,is_system,is_deleted) values ("101000196","186","Music Player		","",null,null,null,"1",null,null,"0",null,"27","1.00000",null,"1.00000",null,null,null,null,null,null,"1","0","0","1","0","1","0","0","0","0","0.00",null,"0","0","2021-10-11 10:59:40.0",null,null,"0","0");
DELETE FROM sale_items WHERE id=101000196;
insert into sale_items(id,stock_item_id,stock_item_code,code,hsn_code,is_group_item,group_item_id,is_combo_item,name,description,sub_class_id,is_valid,is_manufactured,alternative_name,is_printable_to_kitchen,name_to_print,alternative_name_to_print,barcode,is_open,qty_on_hand,uom_id,item_weight,profit_category_id,prd_department_id,tax_id,tax_exemption,tax_group_id,tax_id_home_service,tax_id_table_service,tax_id_take_away_service,fixed_price,whls_price,is_whls_price_pc,item_cost,tax_calculation_method,taxation_based_on,is_require_weighing,display_order,best_before,is_hot_item_1,hot_item_1_display_order,is_hot_item_2,hot_item_2_display_order,is_hot_item_3,hot_item_3_display_order,fg_color,bg_color,attrib1_name,attrib1_options,attrib2_name,attrib2_options,attrib3_name,attrib3_options,attrib4_name,attrib4_options,attrib5_name,attrib5_options,tag1,tag2,tag3,tag4,tag5,choice_ids,created_by,created_at,updated_by,updated_at,is_deleted,is_system,item_thumb,sys_sale_flag) values ("101000196","101000196",null,"186","","0",null,"0","Music Player		","","101000106","1","0","","1","","","","1",null,"27","1.00000",null,null,"1","0","1",null,null,null,"1.00000","0.00000","0","0.00000","0","0","0",null,null,"0",null,"0",null,"0",null,"#FFFFFF","#A9A9A9","",null,null,null,null,null,null,null,null,null,null,null,null,null,null,"","0","2021-10-11 10:59:40.0",null,null,"0","0","","1");
DELETE FROM sale_item_ext WHERE id=101000196;
insert into sale_item_ext(id,kitchen_id,is_deleted,last_sync_at) values ("101000196","101000101","0","2021-10-11 10:59:40.0");
DELETE FROM stock_items WHERE id=101000197;
insert into stock_items(id,code,name,description,supplier_product_code,stock_item_attributes,stock_item_location,stock_item_category_id,prd_department_id,part_no,market_valuation_method,movement_method,uom_id,item_weight,qty_on_hand,unit_price,optimum_level,reorder_level,reorder_qty,preferred_supplier_id,last_purchase_unit_price,last_purchase_supplier_id,tax_id,tax_calculation_method,is_service_item,is_valid,is_manufactured,is_sellable,is_semi_finished,is_finished,sales_margin,is_sales_margin_percent,tax_percentage,qty_manufactured,top_consumption_rank,created_by,created_at,updated_by,updated_at,is_system,is_deleted) values ("101000197","187","Pedestal Fan","",null,null,null,"1",null,null,"0",null,"27","1.00000",null,"1.00000",null,null,null,null,null,null,"1","0","0","1","0","1","0","0","0","0","0.00",null,"0","0","2021-10-11 11:03:42.0",null,null,"0","0");
DELETE FROM sale_items WHERE id=101000197;
insert into sale_items(id,stock_item_id,stock_item_code,code,hsn_code,is_group_item,group_item_id,is_combo_item,name,description,sub_class_id,is_valid,is_manufactured,alternative_name,is_printable_to_kitchen,name_to_print,alternative_name_to_print,barcode,is_open,qty_on_hand,uom_id,item_weight,profit_category_id,prd_department_id,tax_id,tax_exemption,tax_group_id,tax_id_home_service,tax_id_table_service,tax_id_take_away_service,fixed_price,whls_price,is_whls_price_pc,item_cost,tax_calculation_method,taxation_based_on,is_require_weighing,display_order,best_before,is_hot_item_1,hot_item_1_display_order,is_hot_item_2,hot_item_2_display_order,is_hot_item_3,hot_item_3_display_order,fg_color,bg_color,attrib1_name,attrib1_options,attrib2_name,attrib2_options,attrib3_name,attrib3_options,attrib4_name,attrib4_options,attrib5_name,attrib5_options,tag1,tag2,tag3,tag4,tag5,choice_ids,created_by,created_at,updated_by,updated_at,is_deleted,is_system,item_thumb,sys_sale_flag) values ("101000197","101000197",null,"187","","0",null,"0","Pedestal Fan","","101000106","1","0","","1","","","","1",null,"27","1.00000",null,null,"1","0","1",null,null,null,"1.00000","0.00000","0","0.00000","0","0","0",null,null,"0",null,"0",null,"0",null,"#FFFFFF","#A9A9A9","",null,null,null,null,null,null,null,null,null,null,null,null,null,null,"","0","2021-10-11 11:03:42.0",null,null,"0","0","","1");
DELETE FROM sale_item_ext WHERE id=101000197;
insert into sale_item_ext(id,kitchen_id,is_deleted,last_sync_at) values ("101000197","101000101","0","2021-10-11 11:03:42.0");
DELETE FROM stock_items WHERE id=101000198;
insert into stock_items(id,code,name,description,supplier_product_code,stock_item_attributes,stock_item_location,stock_item_category_id,prd_department_id,part_no,market_valuation_method,movement_method,uom_id,item_weight,qty_on_hand,unit_price,optimum_level,reorder_level,reorder_qty,preferred_supplier_id,last_purchase_unit_price,last_purchase_supplier_id,tax_id,tax_calculation_method,is_service_item,is_valid,is_manufactured,is_sellable,is_semi_finished,is_finished,sales_margin,is_sales_margin_percent,tax_percentage,qty_manufactured,top_consumption_rank,created_by,created_at,updated_by,updated_at,is_system,is_deleted) values ("101000198","188","Printer","",null,null,null,"1",null,null,"0",null,"27","1.00000",null,"1.00000",null,null,null,null,null,null,"1","0","0","1","0","1","0","0","0","0","0.00",null,"0","0","2021-10-11 11:05:07.0",null,null,"0","0");
DELETE FROM sale_items WHERE id=101000198;
insert into sale_items(id,stock_item_id,stock_item_code,code,hsn_code,is_group_item,group_item_id,is_combo_item,name,description,sub_class_id,is_valid,is_manufactured,alternative_name,is_printable_to_kitchen,name_to_print,alternative_name_to_print,barcode,is_open,qty_on_hand,uom_id,item_weight,profit_category_id,prd_department_id,tax_id,tax_exemption,tax_group_id,tax_id_home_service,tax_id_table_service,tax_id_take_away_service,fixed_price,whls_price,is_whls_price_pc,item_cost,tax_calculation_method,taxation_based_on,is_require_weighing,display_order,best_before,is_hot_item_1,hot_item_1_display_order,is_hot_item_2,hot_item_2_display_order,is_hot_item_3,hot_item_3_display_order,fg_color,bg_color,attrib1_name,attrib1_options,attrib2_name,attrib2_options,attrib3_name,attrib3_options,attrib4_name,attrib4_options,attrib5_name,attrib5_options,tag1,tag2,tag3,tag4,tag5,choice_ids,created_by,created_at,updated_by,updated_at,is_deleted,is_system,item_thumb,sys_sale_flag) values ("101000198","101000198",null,"188","","0",null,"0","Printer","","101000106","1","0","","1","","","","1",null,"27","1.00000",null,null,"1","0","1",null,null,null,"1.00000","0.00000","0","0.00000","0","0","0",null,null,"0",null,"0",null,"0",null,"#FFFFFF","#A9A9A9","",null,null,null,null,null,null,null,null,null,null,null,null,null,null,"","0","2021-10-11 11:05:07.0",null,null,"0","0","","1");
DELETE FROM sale_item_ext WHERE id=101000198;
insert into sale_item_ext(id,kitchen_id,is_deleted,last_sync_at) values ("101000198","101000101","0","2021-10-11 11:05:07.0");
DELETE FROM stock_items WHERE id=101000199;
insert into stock_items(id,code,name,description,supplier_product_code,stock_item_attributes,stock_item_location,stock_item_category_id,prd_department_id,part_no,market_valuation_method,movement_method,uom_id,item_weight,qty_on_hand,unit_price,optimum_level,reorder_level,reorder_qty,preferred_supplier_id,last_purchase_unit_price,last_purchase_supplier_id,tax_id,tax_calculation_method,is_service_item,is_valid,is_manufactured,is_sellable,is_semi_finished,is_finished,sales_margin,is_sales_margin_percent,tax_percentage,qty_manufactured,top_consumption_rank,created_by,created_at,updated_by,updated_at,is_system,is_deleted) values ("101000199","189","Desktop pc	","",null,null,null,"1",null,null,"0",null,"27","1.00000",null,"1.00000",null,null,null,null,null,null,"1","0","0","1","0","1","0","0","0","0","0.00",null,"0","0","2021-10-11 11:07:36.0",null,null,"0","0");
DELETE FROM sale_items WHERE id=101000199;
insert into sale_items(id,stock_item_id,stock_item_code,code,hsn_code,is_group_item,group_item_id,is_combo_item,name,description,sub_class_id,is_valid,is_manufactured,alternative_name,is_printable_to_kitchen,name_to_print,alternative_name_to_print,barcode,is_open,qty_on_hand,uom_id,item_weight,profit_category_id,prd_department_id,tax_id,tax_exemption,tax_group_id,tax_id_home_service,tax_id_table_service,tax_id_take_away_service,fixed_price,whls_price,is_whls_price_pc,item_cost,tax_calculation_method,taxation_based_on,is_require_weighing,display_order,best_before,is_hot_item_1,hot_item_1_display_order,is_hot_item_2,hot_item_2_display_order,is_hot_item_3,hot_item_3_display_order,fg_color,bg_color,attrib1_name,attrib1_options,attrib2_name,attrib2_options,attrib3_name,attrib3_options,attrib4_name,attrib4_options,attrib5_name,attrib5_options,tag1,tag2,tag3,tag4,tag5,choice_ids,created_by,created_at,updated_by,updated_at,is_deleted,is_system,item_thumb,sys_sale_flag) values ("101000199","101000199",null,"189","","0",null,"0","Desktop pc	","","101000106","1","0","","1","","","","1",null,"27","1.00000",null,null,"1","0","1",null,null,null,"1.00000","0.00000","0","0.00000","0","0","0",null,null,"0",null,"0",null,"0",null,"#FFFFFF","#A9A9A9","",null,null,null,null,null,null,null,null,null,null,null,null,null,null,"","0","2021-10-11 11:07:36.0",null,null,"0","0","","1");
DELETE FROM sale_item_ext WHERE id=101000199;
insert into sale_item_ext(id,kitchen_id,is_deleted,last_sync_at) values ("101000199","101000101","0","2021-10-11 11:07:36.0");
DELETE FROM stock_items WHERE id=101000200;
insert into stock_items(id,code,name,description,supplier_product_code,stock_item_attributes,stock_item_location,stock_item_category_id,prd_department_id,part_no,market_valuation_method,movement_method,uom_id,item_weight,qty_on_hand,unit_price,optimum_level,reorder_level,reorder_qty,preferred_supplier_id,last_purchase_unit_price,last_purchase_supplier_id,tax_id,tax_calculation_method,is_service_item,is_valid,is_manufactured,is_sellable,is_semi_finished,is_finished,sales_margin,is_sales_margin_percent,tax_percentage,qty_manufactured,top_consumption_rank,created_by,created_at,updated_by,updated_at,is_system,is_deleted) values ("101000200","190","Room Telephones","",null,null,null,"1",null,null,"0",null,"27","1.00000",null,"1.00000",null,null,null,null,null,null,"1","0","0","1","0","1","0","0","0","0","0.00",null,"0","0","2021-10-11 11:08:23.0",null,null,"0","0");
DELETE FROM sale_items WHERE id=101000200;
insert into sale_items(id,stock_item_id,stock_item_code,code,hsn_code,is_group_item,group_item_id,is_combo_item,name,description,sub_class_id,is_valid,is_manufactured,alternative_name,is_printable_to_kitchen,name_to_print,alternative_name_to_print,barcode,is_open,qty_on_hand,uom_id,item_weight,profit_category_id,prd_department_id,tax_id,tax_exemption,tax_group_id,tax_id_home_service,tax_id_table_service,tax_id_take_away_service,fixed_price,whls_price,is_whls_price_pc,item_cost,tax_calculation_method,taxation_based_on,is_require_weighing,display_order,best_before,is_hot_item_1,hot_item_1_display_order,is_hot_item_2,hot_item_2_display_order,is_hot_item_3,hot_item_3_display_order,fg_color,bg_color,attrib1_name,attrib1_options,attrib2_name,attrib2_options,attrib3_name,attrib3_options,attrib4_name,attrib4_options,attrib5_name,attrib5_options,tag1,tag2,tag3,tag4,tag5,choice_ids,created_by,created_at,updated_by,updated_at,is_deleted,is_system,item_thumb,sys_sale_flag) values ("101000200","101000200",null,"190","","0",null,"0","Room Telephones","","101000106","1","0","","1","","","","1",null,"27","1.00000",null,null,"1","0","1",null,null,null,"1.00000","0.00000","0","0.00000","0","0","0",null,null,"0",null,"0",null,"0",null,"#FFFFFF","#A9A9A9","",null,null,null,null,null,null,null,null,null,null,null,null,null,null,"","0","2021-10-11 11:08:23.0",null,null,"0","0","","1");
DELETE FROM sale_item_ext WHERE id=101000200;
insert into sale_item_ext(id,kitchen_id,is_deleted,last_sync_at) values ("101000200","101000101","0","2021-10-11 11:08:23.0");
DELETE FROM stock_items WHERE id=101000201;
insert into stock_items(id,code,name,description,supplier_product_code,stock_item_attributes,stock_item_location,stock_item_category_id,prd_department_id,part_no,market_valuation_method,movement_method,uom_id,item_weight,qty_on_hand,unit_price,optimum_level,reorder_level,reorder_qty,preferred_supplier_id,last_purchase_unit_price,last_purchase_supplier_id,tax_id,tax_calculation_method,is_service_item,is_valid,is_manufactured,is_sellable,is_semi_finished,is_finished,sales_margin,is_sales_margin_percent,tax_percentage,qty_manufactured,top_consumption_rank,created_by,created_at,updated_by,updated_at,is_system,is_deleted) values ("101000201","191","Cordless Phone","",null,null,null,"1",null,null,"0",null,"27","1.00000",null,"1.00000",null,null,null,null,null,null,"1","0","0","1","0","1","0","0","0","0","0.00",null,"0","0","2021-10-11 11:48:18.0","0","2021-10-11 11:49:06.0","0","0");
DELETE FROM sale_items WHERE id=101000201;
insert into sale_items(id,stock_item_id,stock_item_code,code,hsn_code,is_group_item,group_item_id,is_combo_item,name,description,sub_class_id,is_valid,is_manufactured,alternative_name,is_printable_to_kitchen,name_to_print,alternative_name_to_print,barcode,is_open,qty_on_hand,uom_id,item_weight,profit_category_id,prd_department_id,tax_id,tax_exemption,tax_group_id,tax_id_home_service,tax_id_table_service,tax_id_take_away_service,fixed_price,whls_price,is_whls_price_pc,item_cost,tax_calculation_method,taxation_based_on,is_require_weighing,display_order,best_before,is_hot_item_1,hot_item_1_display_order,is_hot_item_2,hot_item_2_display_order,is_hot_item_3,hot_item_3_display_order,fg_color,bg_color,attrib1_name,attrib1_options,attrib2_name,attrib2_options,attrib3_name,attrib3_options,attrib4_name,attrib4_options,attrib5_name,attrib5_options,tag1,tag2,tag3,tag4,tag5,choice_ids,created_by,created_at,updated_by,updated_at,is_deleted,is_system,item_thumb,sys_sale_flag) values ("101000201","101000201",null,"191","","0",null,"0","Cordless Phone","","101000106","1","0","","1","","","","1",null,"27","1.00000",null,null,"1","0","1",null,null,null,"1.00000","0.00000","0","0.00000","0","0","0",null,null,"0",null,"0",null,"0",null,"#FFFFFF","#A9A9A9","",null,null,null,null,null,null,null,null,null,null,null,null,null,null,"","0","2021-10-11 11:48:18.0","0","2021-10-11 11:49:06.0","0","0","","1");
DELETE FROM sale_item_ext WHERE id=101000201;
insert into sale_item_ext(id,kitchen_id,is_deleted,last_sync_at) values ("101000201","101000101","0","2021-10-11 11:48:18.0");
DELETE FROM stock_items WHERE id=101000202;
insert into stock_items(id,code,name,description,supplier_product_code,stock_item_attributes,stock_item_location,stock_item_category_id,prd_department_id,part_no,market_valuation_method,movement_method,uom_id,item_weight,qty_on_hand,unit_price,optimum_level,reorder_level,reorder_qty,preferred_supplier_id,last_purchase_unit_price,last_purchase_supplier_id,tax_id,tax_calculation_method,is_service_item,is_valid,is_manufactured,is_sellable,is_semi_finished,is_finished,sales_margin,is_sales_margin_percent,tax_percentage,qty_manufactured,top_consumption_rank,created_by,created_at,updated_by,updated_at,is_system,is_deleted) values ("101000202","192","Hotel Mode Telephone","",null,null,null,"1",null,null,"0",null,"27","1.00000",null,"1.00000",null,null,null,null,null,null,"1","0","0","1","0","1","0","0","0","0","0.00",null,"0","0","2021-10-11 11:48:48.0",null,null,"0","0");
DELETE FROM sale_items WHERE id=101000202;
insert into sale_items(id,stock_item_id,stock_item_code,code,hsn_code,is_group_item,group_item_id,is_combo_item,name,description,sub_class_id,is_valid,is_manufactured,alternative_name,is_printable_to_kitchen,name_to_print,alternative_name_to_print,barcode,is_open,qty_on_hand,uom_id,item_weight,profit_category_id,prd_department_id,tax_id,tax_exemption,tax_group_id,tax_id_home_service,tax_id_table_service,tax_id_take_away_service,fixed_price,whls_price,is_whls_price_pc,item_cost,tax_calculation_method,taxation_based_on,is_require_weighing,display_order,best_before,is_hot_item_1,hot_item_1_display_order,is_hot_item_2,hot_item_2_display_order,is_hot_item_3,hot_item_3_display_order,fg_color,bg_color,attrib1_name,attrib1_options,attrib2_name,attrib2_options,attrib3_name,attrib3_options,attrib4_name,attrib4_options,attrib5_name,attrib5_options,tag1,tag2,tag3,tag4,tag5,choice_ids,created_by,created_at,updated_by,updated_at,is_deleted,is_system,item_thumb,sys_sale_flag) values ("101000202","101000202",null,"192","","0",null,"0","Hotel Mode Telephone","","101000106","1","0","","1","","","","1",null,"27","1.00000",null,null,"1","0","1",null,null,null,"1.00000","0.00000","0","0.00000","0","0","0",null,null,"0",null,"0",null,"0",null,"#FFFFFF","#A9A9A9","",null,null,null,null,null,null,null,null,null,null,null,null,null,null,"","0","2021-10-11 11:48:48.0",null,null,"0","0","","1");
DELETE FROM sale_item_ext WHERE id=101000202;
insert into sale_item_ext(id,kitchen_id,is_deleted,last_sync_at) values ("101000202","101000101","0","2021-10-11 11:48:48.0");
update stock_items set id="101000201", code="191", name="Cordless Phone", description="", supplier_product_code=null, stock_item_attributes=null, stock_item_location=null, stock_item_category_id="1", prd_department_id=null, part_no=null, market_valuation_method="0", movement_method=null, uom_id="27", item_weight="1.00000", qty_on_hand=null, unit_price="1.00000", optimum_level=null, reorder_level=null, reorder_qty=null, preferred_supplier_id=null, last_purchase_unit_price=null, last_purchase_supplier_id=null, tax_id="1", tax_calculation_method="0", is_service_item="0", is_valid="1", is_manufactured="0", is_sellable="1", is_semi_finished="0", is_finished="0", sales_margin="0", is_sales_margin_percent="0", tax_percentage="0.00", qty_manufactured=null, top_consumption_rank="0", created_by="0", created_at="2021-10-11 11:48:18.0", updated_by="0", updated_at="2021-10-11 11:49:06.0", is_system="0", is_deleted="0" where id=101000201 and is_deleted = 0 and is_synchable = 1;
update sale_items set id="101000201", stock_item_id="101000201", stock_item_code=null, code="191", hsn_code="", is_group_item="0", group_item_id=null, is_combo_item="0", name="Cordless Phone", description="", sub_class_id="101000106", is_valid="1", is_manufactured="0", alternative_name="", is_printable_to_kitchen="1", name_to_print="", alternative_name_to_print="", barcode="", is_open="1", qty_on_hand=null, uom_id="27", item_weight="1.00000", profit_category_id=null, prd_department_id=null, tax_id="1", tax_exemption="0", tax_group_id="1", tax_id_home_service=null, tax_id_table_service=null, tax_id_take_away_service=null, fixed_price="1.00000", whls_price="0.00000", is_whls_price_pc="0", item_cost="0.00000", tax_calculation_method="0", taxation_based_on="0", is_require_weighing="0", display_order=null, best_before=null, is_hot_item_1="0", hot_item_1_display_order=null, is_hot_item_2="0", hot_item_2_display_order=null, is_hot_item_3="0", hot_item_3_display_order=null, fg_color="#FFFFFF", bg_color="#A9A9A9", attrib1_name="", attrib1_options=null, attrib2_name=null, attrib2_options=null, attrib3_name=null, attrib3_options=null, attrib4_name=null, attrib4_options=null, attrib5_name=null, attrib5_options=null, tag1=null, tag2=null, tag3=null, tag4=null, tag5=null, choice_ids="", created_by="0", created_at="2021-10-11 11:48:18.0", updated_by="0", updated_at="2021-10-11 11:49:06.0", is_deleted="0", is_system="0", item_thumb="", sys_sale_flag="1" where id=101000201 and is_deleted = 0 and is_synchable = 1;
update sale_item_ext set id="101000201", kitchen_id="101000101", is_deleted="0", last_sync_at="2021-10-11 11:48:18.0" where id=101000201 and is_deleted = 0 and is_synchable = 1;
DELETE FROM stock_items WHERE id=101000203;
insert into stock_items(id,code,name,description,supplier_product_code,stock_item_attributes,stock_item_location,stock_item_category_id,prd_department_id,part_no,market_valuation_method,movement_method,uom_id,item_weight,qty_on_hand,unit_price,optimum_level,reorder_level,reorder_qty,preferred_supplier_id,last_purchase_unit_price,last_purchase_supplier_id,tax_id,tax_calculation_method,is_service_item,is_valid,is_manufactured,is_sellable,is_semi_finished,is_finished,sales_margin,is_sales_margin_percent,tax_percentage,qty_manufactured,top_consumption_rank,created_by,created_at,updated_by,updated_at,is_system,is_deleted) values ("101000203","193","Mosquito bat","",null,null,null,"1",null,null,"0",null,"27","1.00000",null,"1.00000",null,null,null,null,null,null,"1","0","0","1","0","1","0","0","0","0","0.00",null,"0","0","2021-10-11 11:49:44.0",null,null,"0","0");
DELETE FROM sale_items WHERE id=101000203;
insert into sale_items(id,stock_item_id,stock_item_code,code,hsn_code,is_group_item,group_item_id,is_combo_item,name,description,sub_class_id,is_valid,is_manufactured,alternative_name,is_printable_to_kitchen,name_to_print,alternative_name_to_print,barcode,is_open,qty_on_hand,uom_id,item_weight,profit_category_id,prd_department_id,tax_id,tax_exemption,tax_group_id,tax_id_home_service,tax_id_table_service,tax_id_take_away_service,fixed_price,whls_price,is_whls_price_pc,item_cost,tax_calculation_method,taxation_based_on,is_require_weighing,display_order,best_before,is_hot_item_1,hot_item_1_display_order,is_hot_item_2,hot_item_2_display_order,is_hot_item_3,hot_item_3_display_order,fg_color,bg_color,attrib1_name,attrib1_options,attrib2_name,attrib2_options,attrib3_name,attrib3_options,attrib4_name,attrib4_options,attrib5_name,attrib5_options,tag1,tag2,tag3,tag4,tag5,choice_ids,created_by,created_at,updated_by,updated_at,is_deleted,is_system,item_thumb,sys_sale_flag) values ("101000203","101000203",null,"193","","0",null,"0","Mosquito bat","","101000106","1","0","","1","","","","1",null,"27","1.00000",null,null,"1","0","1",null,null,null,"1.00000","0.00000","0","0.00000","0","0","0",null,null,"0",null,"0",null,"0",null,"#FFFFFF","#A9A9A9","",null,null,null,null,null,null,null,null,null,null,null,null,null,null,"","0","2021-10-11 11:49:44.0",null,null,"0","0","","1");
DELETE FROM sale_item_ext WHERE id=101000203;
insert into sale_item_ext(id,kitchen_id,is_deleted,last_sync_at) values ("101000203","101000101","0","2021-10-11 11:49:44.0");
DELETE FROM stock_items WHERE id=101000204;
insert into stock_items(id,code,name,description,supplier_product_code,stock_item_attributes,stock_item_location,stock_item_category_id,prd_department_id,part_no,market_valuation_method,movement_method,uom_id,item_weight,qty_on_hand,unit_price,optimum_level,reorder_level,reorder_qty,preferred_supplier_id,last_purchase_unit_price,last_purchase_supplier_id,tax_id,tax_calculation_method,is_service_item,is_valid,is_manufactured,is_sellable,is_semi_finished,is_finished,sales_margin,is_sales_margin_percent,tax_percentage,qty_manufactured,top_consumption_rank,created_by,created_at,updated_by,updated_at,is_system,is_deleted) values ("101000204","194","Card Swiping Machine","",null,null,null,"1",null,null,"0",null,"27","1.00000",null,"1.00000",null,null,null,null,null,null,"1","0","0","1","0","1","0","0","0","0","0.00",null,"0","0","2021-10-11 11:52:01.0",null,null,"0","0");
DELETE FROM sale_items WHERE id=101000204;
insert into sale_items(id,stock_item_id,stock_item_code,code,hsn_code,is_group_item,group_item_id,is_combo_item,name,description,sub_class_id,is_valid,is_manufactured,alternative_name,is_printable_to_kitchen,name_to_print,alternative_name_to_print,barcode,is_open,qty_on_hand,uom_id,item_weight,profit_category_id,prd_department_id,tax_id,tax_exemption,tax_group_id,tax_id_home_service,tax_id_table_service,tax_id_take_away_service,fixed_price,whls_price,is_whls_price_pc,item_cost,tax_calculation_method,taxation_based_on,is_require_weighing,display_order,best_before,is_hot_item_1,hot_item_1_display_order,is_hot_item_2,hot_item_2_display_order,is_hot_item_3,hot_item_3_display_order,fg_color,bg_color,attrib1_name,attrib1_options,attrib2_name,attrib2_options,attrib3_name,attrib3_options,attrib4_name,attrib4_options,attrib5_name,attrib5_options,tag1,tag2,tag3,tag4,tag5,choice_ids,created_by,created_at,updated_by,updated_at,is_deleted,is_system,item_thumb,sys_sale_flag) values ("101000204","101000204",null,"194","","0",null,"0","Card Swiping Machine","","101000106","1","0","","1","","","","1",null,"27","1.00000",null,null,"1","0","1",null,null,null,"1.00000","0.00000","0","0.00000","0","0","0",null,null,"0",null,"0",null,"0",null,"#FFFFFF","#A9A9A9","",null,null,null,null,null,null,null,null,null,null,null,null,null,null,"","0","2021-10-11 11:52:01.0",null,null,"0","0","","1");
DELETE FROM sale_item_ext WHERE id=101000204;
insert into sale_item_ext(id,kitchen_id,is_deleted,last_sync_at) values ("101000204","101000101","0","2021-10-11 11:52:01.0");
DELETE FROM stock_items WHERE id=101000205;
insert into stock_items(id,code,name,description,supplier_product_code,stock_item_attributes,stock_item_location,stock_item_category_id,prd_department_id,part_no,market_valuation_method,movement_method,uom_id,item_weight,qty_on_hand,unit_price,optimum_level,reorder_level,reorder_qty,preferred_supplier_id,last_purchase_unit_price,last_purchase_supplier_id,tax_id,tax_calculation_method,is_service_item,is_valid,is_manufactured,is_sellable,is_semi_finished,is_finished,sales_margin,is_sales_margin_percent,tax_percentage,qty_manufactured,top_consumption_rank,created_by,created_at,updated_by,updated_at,is_system,is_deleted) values ("101000205","195","Ceiling fan","",null,null,null,"1",null,null,"0",null,"27","1.00000",null,"1.00000",null,null,null,null,null,null,"1","0","0","1","0","1","0","0","0","0","0.00",null,"0","0","2021-10-11 11:52:30.0",null,null,"0","0");
DELETE FROM sale_items WHERE id=101000205;
insert into sale_items(id,stock_item_id,stock_item_code,code,hsn_code,is_group_item,group_item_id,is_combo_item,name,description,sub_class_id,is_valid,is_manufactured,alternative_name,is_printable_to_kitchen,name_to_print,alternative_name_to_print,barcode,is_open,qty_on_hand,uom_id,item_weight,profit_category_id,prd_department_id,tax_id,tax_exemption,tax_group_id,tax_id_home_service,tax_id_table_service,tax_id_take_away_service,fixed_price,whls_price,is_whls_price_pc,item_cost,tax_calculation_method,taxation_based_on,is_require_weighing,display_order,best_before,is_hot_item_1,hot_item_1_display_order,is_hot_item_2,hot_item_2_display_order,is_hot_item_3,hot_item_3_display_order,fg_color,bg_color,attrib1_name,attrib1_options,attrib2_name,attrib2_options,attrib3_name,attrib3_options,attrib4_name,attrib4_options,attrib5_name,attrib5_options,tag1,tag2,tag3,tag4,tag5,choice_ids,created_by,created_at,updated_by,updated_at,is_deleted,is_system,item_thumb,sys_sale_flag) values ("101000205","101000205",null,"195","","0",null,"0","Ceiling fan","","101000106","1","0","","1","","","","1",null,"27","1.00000",null,null,"1","0","1",null,null,null,"1.00000","0.00000","0","0.00000","0","0","0",null,null,"0",null,"0",null,"0",null,"#FFFFFF","#A9A9A9","",null,null,null,null,null,null,null,null,null,null,null,null,null,null,"","0","2021-10-11 11:52:30.0",null,null,"0","0","","1");
DELETE FROM sale_item_ext WHERE id=101000205;
insert into sale_item_ext(id,kitchen_id,is_deleted,last_sync_at) values ("101000205","101000101","0","2021-10-11 11:52:30.0");
DELETE FROM stock_items WHERE id=101000206;
insert into stock_items(id,code,name,description,supplier_product_code,stock_item_attributes,stock_item_location,stock_item_category_id,prd_department_id,part_no,market_valuation_method,movement_method,uom_id,item_weight,qty_on_hand,unit_price,optimum_level,reorder_level,reorder_qty,preferred_supplier_id,last_purchase_unit_price,last_purchase_supplier_id,tax_id,tax_calculation_method,is_service_item,is_valid,is_manufactured,is_sellable,is_semi_finished,is_finished,sales_margin,is_sales_margin_percent,tax_percentage,qty_manufactured,top_consumption_rank,created_by,created_at,updated_by,updated_at,is_system,is_deleted) values ("101000206","196","Electric kettle Full set","",null,null,null,"1",null,null,"0",null,"27","1.00000",null,"1.00000",null,null,null,null,null,null,"1","0","0","1","0","1","0","0","0","0","0.00",null,"0","0","2021-10-11 11:53:01.0",null,null,"0","0");
DELETE FROM sale_items WHERE id=101000206;
insert into sale_items(id,stock_item_id,stock_item_code,code,hsn_code,is_group_item,group_item_id,is_combo_item,name,description,sub_class_id,is_valid,is_manufactured,alternative_name,is_printable_to_kitchen,name_to_print,alternative_name_to_print,barcode,is_open,qty_on_hand,uom_id,item_weight,profit_category_id,prd_department_id,tax_id,tax_exemption,tax_group_id,tax_id_home_service,tax_id_table_service,tax_id_take_away_service,fixed_price,whls_price,is_whls_price_pc,item_cost,tax_calculation_method,taxation_based_on,is_require_weighing,display_order,best_before,is_hot_item_1,hot_item_1_display_order,is_hot_item_2,hot_item_2_display_order,is_hot_item_3,hot_item_3_display_order,fg_color,bg_color,attrib1_name,attrib1_options,attrib2_name,attrib2_options,attrib3_name,attrib3_options,attrib4_name,attrib4_options,attrib5_name,attrib5_options,tag1,tag2,tag3,tag4,tag5,choice_ids,created_by,created_at,updated_by,updated_at,is_deleted,is_system,item_thumb,sys_sale_flag) values ("101000206","101000206",null,"196","","0",null,"0","Electric kettle Full set","","101000106","1","0","","1","","","","1",null,"27","1.00000",null,null,"1","0","1",null,null,null,"1.00000","0.00000","0","0.00000","0","0","0",null,null,"0",null,"0",null,"0",null,"#FFFFFF","#A9A9A9","",null,null,null,null,null,null,null,null,null,null,null,null,null,null,"","0","2021-10-11 11:53:01.0",null,null,"0","0","","1");
DELETE FROM sale_item_ext WHERE id=101000206;
insert into sale_item_ext(id,kitchen_id,is_deleted,last_sync_at) values ("101000206","101000101","0","2021-10-11 11:53:01.0");
DELETE FROM stock_items WHERE id=101000207;
insert into stock_items(id,code,name,description,supplier_product_code,stock_item_attributes,stock_item_location,stock_item_category_id,prd_department_id,part_no,market_valuation_method,movement_method,uom_id,item_weight,qty_on_hand,unit_price,optimum_level,reorder_level,reorder_qty,preferred_supplier_id,last_purchase_unit_price,last_purchase_supplier_id,tax_id,tax_calculation_method,is_service_item,is_valid,is_manufactured,is_sellable,is_semi_finished,is_finished,sales_margin,is_sales_margin_percent,tax_percentage,qty_manufactured,top_consumption_rank,created_by,created_at,updated_by,updated_at,is_system,is_deleted) values ("101000207","197","Electric kettle Black","",null,null,null,"1",null,null,"0",null,"27","1.00000",null,"1.00000",null,null,null,null,null,null,"1","0","0","1","0","1","0","0","0","0","0.00",null,"0","0","2021-10-11 11:53:32.0",null,null,"0","0");
DELETE FROM sale_items WHERE id=101000207;
insert into sale_items(id,stock_item_id,stock_item_code,code,hsn_code,is_group_item,group_item_id,is_combo_item,name,description,sub_class_id,is_valid,is_manufactured,alternative_name,is_printable_to_kitchen,name_to_print,alternative_name_to_print,barcode,is_open,qty_on_hand,uom_id,item_weight,profit_category_id,prd_department_id,tax_id,tax_exemption,tax_group_id,tax_id_home_service,tax_id_table_service,tax_id_take_away_service,fixed_price,whls_price,is_whls_price_pc,item_cost,tax_calculation_method,taxation_based_on,is_require_weighing,display_order,best_before,is_hot_item_1,hot_item_1_display_order,is_hot_item_2,hot_item_2_display_order,is_hot_item_3,hot_item_3_display_order,fg_color,bg_color,attrib1_name,attrib1_options,attrib2_name,attrib2_options,attrib3_name,attrib3_options,attrib4_name,attrib4_options,attrib5_name,attrib5_options,tag1,tag2,tag3,tag4,tag5,choice_ids,created_by,created_at,updated_by,updated_at,is_deleted,is_system,item_thumb,sys_sale_flag) values ("101000207","101000207",null,"197","","0",null,"0","Electric kettle Black","","101000106","1","0","","1","","","","1",null,"27","1.00000",null,null,"1","0","1",null,null,null,"1.00000","0.00000","0","0.00000","0","0","0",null,null,"0",null,"0",null,"0",null,"#FFFFFF","#A9A9A9","",null,null,null,null,null,null,null,null,null,null,null,null,null,null,"","0","2021-10-11 11:53:32.0",null,null,"0","0","","1");
DELETE FROM sale_item_ext WHERE id=101000207;
insert into sale_item_ext(id,kitchen_id,is_deleted,last_sync_at) values ("101000207","101000101","0","2021-10-11 11:53:32.0");
DELETE FROM stock_items WHERE id=101000208;
insert into stock_items(id,code,name,description,supplier_product_code,stock_item_attributes,stock_item_location,stock_item_category_id,prd_department_id,part_no,market_valuation_method,movement_method,uom_id,item_weight,qty_on_hand,unit_price,optimum_level,reorder_level,reorder_qty,preferred_supplier_id,last_purchase_unit_price,last_purchase_supplier_id,tax_id,tax_calculation_method,is_service_item,is_valid,is_manufactured,is_sellable,is_semi_finished,is_finished,sales_margin,is_sales_margin_percent,tax_percentage,qty_manufactured,top_consumption_rank,created_by,created_at,updated_by,updated_at,is_system,is_deleted) values ("101000208","198","Mini Fridge","",null,null,null,"1",null,null,"0",null,"27","1.00000",null,"1.00000",null,null,null,null,null,null,"1","0","0","1","0","1","0","0","0","0","0.00",null,"0","0","2021-10-11 11:54:12.0",null,null,"0","0");
DELETE FROM sale_items WHERE id=101000208;
insert into sale_items(id,stock_item_id,stock_item_code,code,hsn_code,is_group_item,group_item_id,is_combo_item,name,description,sub_class_id,is_valid,is_manufactured,alternative_name,is_printable_to_kitchen,name_to_print,alternative_name_to_print,barcode,is_open,qty_on_hand,uom_id,item_weight,profit_category_id,prd_department_id,tax_id,tax_exemption,tax_group_id,tax_id_home_service,tax_id_table_service,tax_id_take_away_service,fixed_price,whls_price,is_whls_price_pc,item_cost,tax_calculation_method,taxation_based_on,is_require_weighing,display_order,best_before,is_hot_item_1,hot_item_1_display_order,is_hot_item_2,hot_item_2_display_order,is_hot_item_3,hot_item_3_display_order,fg_color,bg_color,attrib1_name,attrib1_options,attrib2_name,attrib2_options,attrib3_name,attrib3_options,attrib4_name,attrib4_options,attrib5_name,attrib5_options,tag1,tag2,tag3,tag4,tag5,choice_ids,created_by,created_at,updated_by,updated_at,is_deleted,is_system,item_thumb,sys_sale_flag) values ("101000208","101000208",null,"198","","0",null,"0","Mini Fridge","","101000106","1","0","","1","","","","1",null,"27","1.00000",null,null,"1","0","1",null,null,null,"1.00000","0.00000","0","0.00000","0","0","0",null,null,"0",null,"0",null,"0",null,"#FFFFFF","#A9A9A9","",null,null,null,null,null,null,null,null,null,null,null,null,null,null,"","0","2021-10-11 11:54:12.0",null,null,"0","0","","1");
DELETE FROM sale_item_ext WHERE id=101000208;
insert into sale_item_ext(id,kitchen_id,is_deleted,last_sync_at) values ("101000208","101000101","0","2021-10-11 11:54:12.0");
DELETE FROM stock_items WHERE id=101000209;
insert into stock_items(id,code,name,description,supplier_product_code,stock_item_attributes,stock_item_location,stock_item_category_id,prd_department_id,part_no,market_valuation_method,movement_method,uom_id,item_weight,qty_on_hand,unit_price,optimum_level,reorder_level,reorder_qty,preferred_supplier_id,last_purchase_unit_price,last_purchase_supplier_id,tax_id,tax_calculation_method,is_service_item,is_valid,is_manufactured,is_sellable,is_semi_finished,is_finished,sales_margin,is_sales_margin_percent,tax_percentage,qty_manufactured,top_consumption_rank,created_by,created_at,updated_by,updated_at,is_system,is_deleted) values ("101000209","199","UPS","",null,null,null,"1",null,null,"0",null,"27","1.00000",null,"1.00000",null,null,null,null,null,null,"1","0","0","1","0","1","0","0","0","0","0.00",null,"0","0","2021-10-11 11:55:06.0",null,null,"0","0");
DELETE FROM sale_items WHERE id=101000209;
insert into sale_items(id,stock_item_id,stock_item_code,code,hsn_code,is_group_item,group_item_id,is_combo_item,name,description,sub_class_id,is_valid,is_manufactured,alternative_name,is_printable_to_kitchen,name_to_print,alternative_name_to_print,barcode,is_open,qty_on_hand,uom_id,item_weight,profit_category_id,prd_department_id,tax_id,tax_exemption,tax_group_id,tax_id_home_service,tax_id_table_service,tax_id_take_away_service,fixed_price,whls_price,is_whls_price_pc,item_cost,tax_calculation_method,taxation_based_on,is_require_weighing,display_order,best_before,is_hot_item_1,hot_item_1_display_order,is_hot_item_2,hot_item_2_display_order,is_hot_item_3,hot_item_3_display_order,fg_color,bg_color,attrib1_name,attrib1_options,attrib2_name,attrib2_options,attrib3_name,attrib3_options,attrib4_name,attrib4_options,attrib5_name,attrib5_options,tag1,tag2,tag3,tag4,tag5,choice_ids,created_by,created_at,updated_by,updated_at,is_deleted,is_system,item_thumb,sys_sale_flag) values ("101000209","101000209",null,"199","","0",null,"0","UPS","","101000106","1","0","","1","","","","1",null,"27","1.00000",null,null,"1","0","1",null,null,null,"1.00000","0.00000","0","0.00000","0","0","0",null,null,"0",null,"0",null,"0",null,"#FFFFFF","#A9A9A9","",null,null,null,null,null,null,null,null,null,null,null,null,null,null,"","0","2021-10-11 11:55:06.0",null,null,"0","0","","1");
DELETE FROM sale_item_ext WHERE id=101000209;
insert into sale_item_ext(id,kitchen_id,is_deleted,last_sync_at) values ("101000209","101000101","0","2021-10-11 11:55:06.0");
DELETE FROM stock_items WHERE id=101000210;
insert into stock_items(id,code,name,description,supplier_product_code,stock_item_attributes,stock_item_location,stock_item_category_id,prd_department_id,part_no,market_valuation_method,movement_method,uom_id,item_weight,qty_on_hand,unit_price,optimum_level,reorder_level,reorder_qty,preferred_supplier_id,last_purchase_unit_price,last_purchase_supplier_id,tax_id,tax_calculation_method,is_service_item,is_valid,is_manufactured,is_sellable,is_semi_finished,is_finished,sales_margin,is_sales_margin_percent,tax_percentage,qty_manufactured,top_consumption_rank,created_by,created_at,updated_by,updated_at,is_system,is_deleted) values ("101000210","200","Scrubbing Machine","",null,null,null,"1",null,null,"0",null,"27","1.00000",null,"1.00000",null,null,null,null,null,null,"1","0","0","1","0","1","0","0","0","0","0.00",null,"0","0","2021-10-11 11:56:26.0",null,null,"0","0");
DELETE FROM sale_items WHERE id=101000210;
insert into sale_items(id,stock_item_id,stock_item_code,code,hsn_code,is_group_item,group_item_id,is_combo_item,name,description,sub_class_id,is_valid,is_manufactured,alternative_name,is_printable_to_kitchen,name_to_print,alternative_name_to_print,barcode,is_open,qty_on_hand,uom_id,item_weight,profit_category_id,prd_department_id,tax_id,tax_exemption,tax_group_id,tax_id_home_service,tax_id_table_service,tax_id_take_away_service,fixed_price,whls_price,is_whls_price_pc,item_cost,tax_calculation_method,taxation_based_on,is_require_weighing,display_order,best_before,is_hot_item_1,hot_item_1_display_order,is_hot_item_2,hot_item_2_display_order,is_hot_item_3,hot_item_3_display_order,fg_color,bg_color,attrib1_name,attrib1_options,attrib2_name,attrib2_options,attrib3_name,attrib3_options,attrib4_name,attrib4_options,attrib5_name,attrib5_options,tag1,tag2,tag3,tag4,tag5,choice_ids,created_by,created_at,updated_by,updated_at,is_deleted,is_system,item_thumb,sys_sale_flag) values ("101000210","101000210",null,"200","","0",null,"0","Scrubbing Machine","","101000106","1","0","","1","","","","1",null,"27","1.00000",null,null,"1","0","1",null,null,null,"1.00000","0.00000","0","0.00000","0","0","0",null,null,"0",null,"0",null,"0",null,"#FFFFFF","#A9A9A9","",null,null,null,null,null,null,null,null,null,null,null,null,null,null,"","0","2021-10-11 11:56:26.0",null,null,"0","0","","1");
DELETE FROM stock_items WHERE id=101000211;
insert into stock_items(id,code,name,description,supplier_product_code,stock_item_attributes,stock_item_location,stock_item_category_id,prd_department_id,part_no,market_valuation_method,movement_method,uom_id,item_weight,qty_on_hand,unit_price,optimum_level,reorder_level,reorder_qty,preferred_supplier_id,last_purchase_unit_price,last_purchase_supplier_id,tax_id,tax_calculation_method,is_service_item,is_valid,is_manufactured,is_sellable,is_semi_finished,is_finished,sales_margin,is_sales_margin_percent,tax_percentage,qty_manufactured,top_consumption_rank,created_by,created_at,updated_by,updated_at,is_system,is_deleted) values ("101000211","201","Vacuum Cleaner","",null,null,null,"1",null,null,"0",null,"27","1.00000",null,"1.00000",null,null,null,null,null,null,"1","0","0","1","0","1","0","0","0","0","0.00",null,"0","0","2021-10-11 12:50:48.0","0","2021-10-11 12:51:26.0","0","0");
DELETE FROM sale_items WHERE id=101000211;
insert into sale_items(id,stock_item_id,stock_item_code,code,hsn_code,is_group_item,group_item_id,is_combo_item,name,description,sub_class_id,is_valid,is_manufactured,alternative_name,is_printable_to_kitchen,name_to_print,alternative_name_to_print,barcode,is_open,qty_on_hand,uom_id,item_weight,profit_category_id,prd_department_id,tax_id,tax_exemption,tax_group_id,tax_id_home_service,tax_id_table_service,tax_id_take_away_service,fixed_price,whls_price,is_whls_price_pc,item_cost,tax_calculation_method,taxation_based_on,is_require_weighing,display_order,best_before,is_hot_item_1,hot_item_1_display_order,is_hot_item_2,hot_item_2_display_order,is_hot_item_3,hot_item_3_display_order,fg_color,bg_color,attrib1_name,attrib1_options,attrib2_name,attrib2_options,attrib3_name,attrib3_options,attrib4_name,attrib4_options,attrib5_name,attrib5_options,tag1,tag2,tag3,tag4,tag5,choice_ids,created_by,created_at,updated_by,updated_at,is_deleted,is_system,item_thumb,sys_sale_flag) values ("101000211","101000211",null,"201","","0",null,"0","Vacuum Cleaner","","101000106","1","0","","1","","","","1",null,"27","1.00000",null,null,"1","0","1",null,null,null,"1.00000","0.00000","0","0.00000","0","0","0",null,null,"0",null,"0",null,"0",null,"#FFFFFF","#A9A9A9","",null,null,null,null,null,null,null,null,null,null,null,null,null,null,"","0","2021-10-11 12:50:48.0","0","2021-10-11 12:51:26.0","0","0","","1");
DELETE FROM sale_item_ext WHERE id=101000211;
insert into sale_item_ext(id,kitchen_id,is_deleted,last_sync_at) values ("101000211","101000101","0","2021-10-11 12:50:48.0");
DELETE FROM stock_items WHERE id=101000212;
insert into stock_items(id,code,name,description,supplier_product_code,stock_item_attributes,stock_item_location,stock_item_category_id,prd_department_id,part_no,market_valuation_method,movement_method,uom_id,item_weight,qty_on_hand,unit_price,optimum_level,reorder_level,reorder_qty,preferred_supplier_id,last_purchase_unit_price,last_purchase_supplier_id,tax_id,tax_calculation_method,is_service_item,is_valid,is_manufactured,is_sellable,is_semi_finished,is_finished,sales_margin,is_sales_margin_percent,tax_percentage,qty_manufactured,top_consumption_rank,created_by,created_at,updated_by,updated_at,is_system,is_deleted) values ("101000212","202","Chemical Diluter","",null,null,null,"1",null,null,"0",null,"27","1.00000",null,"1.00000",null,null,null,null,null,null,"1","0","0","1","0","1","0","0","0","0","0.00",null,"0","0","2021-10-11 12:51:19.0",null,null,"0","0");
DELETE FROM sale_items WHERE id=101000212;
insert into sale_items(id,stock_item_id,stock_item_code,code,hsn_code,is_group_item,group_item_id,is_combo_item,name,description,sub_class_id,is_valid,is_manufactured,alternative_name,is_printable_to_kitchen,name_to_print,alternative_name_to_print,barcode,is_open,qty_on_hand,uom_id,item_weight,profit_category_id,prd_department_id,tax_id,tax_exemption,tax_group_id,tax_id_home_service,tax_id_table_service,tax_id_take_away_service,fixed_price,whls_price,is_whls_price_pc,item_cost,tax_calculation_method,taxation_based_on,is_require_weighing,display_order,best_before,is_hot_item_1,hot_item_1_display_order,is_hot_item_2,hot_item_2_display_order,is_hot_item_3,hot_item_3_display_order,fg_color,bg_color,attrib1_name,attrib1_options,attrib2_name,attrib2_options,attrib3_name,attrib3_options,attrib4_name,attrib4_options,attrib5_name,attrib5_options,tag1,tag2,tag3,tag4,tag5,choice_ids,created_by,created_at,updated_by,updated_at,is_deleted,is_system,item_thumb,sys_sale_flag) values ("101000212","101000212",null,"202","","0",null,"0","Chemical Diluter","","101000106","1","0","","1","","","","1",null,"27","1.00000",null,null,"1","0","1",null,null,null,"1.00000","0.00000","0","0.00000","0","0","0",null,null,"0",null,"0",null,"0",null,"#FFFFFF","#A9A9A9","",null,null,null,null,null,null,null,null,null,null,null,null,null,null,"","0","2021-10-11 12:51:19.0",null,null,"0","0","","1");
DELETE FROM sale_item_ext WHERE id=101000212;
insert into sale_item_ext(id,kitchen_id,is_deleted,last_sync_at) values ("101000212","101000101","0","2021-10-11 12:51:19.0");
update stock_items set id="101000211", code="201", name="Vacuum Cleaner", description="", supplier_product_code=null, stock_item_attributes=null, stock_item_location=null, stock_item_category_id="1", prd_department_id=null, part_no=null, market_valuation_method="0", movement_method=null, uom_id="27", item_weight="1.00000", qty_on_hand=null, unit_price="1.00000", optimum_level=null, reorder_level=null, reorder_qty=null, preferred_supplier_id=null, last_purchase_unit_price=null, last_purchase_supplier_id=null, tax_id="1", tax_calculation_method="0", is_service_item="0", is_valid="1", is_manufactured="0", is_sellable="1", is_semi_finished="0", is_finished="0", sales_margin="0", is_sales_margin_percent="0", tax_percentage="0.00", qty_manufactured=null, top_consumption_rank="0", created_by="0", created_at="2021-10-11 12:50:48.0", updated_by="0", updated_at="2021-10-11 12:51:26.0", is_system="0", is_deleted="0" where id=101000211 and is_deleted = 0 and is_synchable = 1;
update sale_items set id="101000211", stock_item_id="101000211", stock_item_code=null, code="201", hsn_code="", is_group_item="0", group_item_id=null, is_combo_item="0", name="Vacuum Cleaner", description="", sub_class_id="101000106", is_valid="1", is_manufactured="0", alternative_name="", is_printable_to_kitchen="1", name_to_print="", alternative_name_to_print="", barcode="", is_open="1", qty_on_hand=null, uom_id="27", item_weight="1.00000", profit_category_id=null, prd_department_id=null, tax_id="1", tax_exemption="0", tax_group_id="1", tax_id_home_service=null, tax_id_table_service=null, tax_id_take_away_service=null, fixed_price="1.00000", whls_price="0.00000", is_whls_price_pc="0", item_cost="0.00000", tax_calculation_method="0", taxation_based_on="0", is_require_weighing="0", display_order=null, best_before=null, is_hot_item_1="0", hot_item_1_display_order=null, is_hot_item_2="0", hot_item_2_display_order=null, is_hot_item_3="0", hot_item_3_display_order=null, fg_color="#FFFFFF", bg_color="#A9A9A9", attrib1_name="", attrib1_options=null, attrib2_name=null, attrib2_options=null, attrib3_name=null, attrib3_options=null, attrib4_name=null, attrib4_options=null, attrib5_name=null, attrib5_options=null, tag1=null, tag2=null, tag3=null, tag4=null, tag5=null, choice_ids="", created_by="0", created_at="2021-10-11 12:50:48.0", updated_by="0", updated_at="2021-10-11 12:51:26.0", is_deleted="0", is_system="0", item_thumb="", sys_sale_flag="1" where id=101000211 and is_deleted = 0 and is_synchable = 1;
update sale_item_ext set id="101000211", kitchen_id="101000101", is_deleted="0", last_sync_at="2021-10-11 12:50:48.0" where id=101000211 and is_deleted = 0 and is_synchable = 1;
DELETE FROM stock_items WHERE id=101000213;
insert into stock_items(id,code,name,description,supplier_product_code,stock_item_attributes,stock_item_location,stock_item_category_id,prd_department_id,part_no,market_valuation_method,movement_method,uom_id,item_weight,qty_on_hand,unit_price,optimum_level,reorder_level,reorder_qty,preferred_supplier_id,last_purchase_unit_price,last_purchase_supplier_id,tax_id,tax_calculation_method,is_service_item,is_valid,is_manufactured,is_sellable,is_semi_finished,is_finished,sales_margin,is_sales_margin_percent,tax_percentage,qty_manufactured,top_consumption_rank,created_by,created_at,updated_by,updated_at,is_system,is_deleted) values ("101000213","203","Laptop","",null,null,null,"1",null,null,"0",null,"27","1.00000",null,"1.00000",null,null,null,null,null,null,"1","0","0","1","0","1","0","0","0","0","0.00",null,"0","0","2021-10-11 12:51:53.0","0","2021-10-11 12:52:28.0","0","0");
DELETE FROM sale_items WHERE id=101000213;
insert into sale_items(id,stock_item_id,stock_item_code,code,hsn_code,is_group_item,group_item_id,is_combo_item,name,description,sub_class_id,is_valid,is_manufactured,alternative_name,is_printable_to_kitchen,name_to_print,alternative_name_to_print,barcode,is_open,qty_on_hand,uom_id,item_weight,profit_category_id,prd_department_id,tax_id,tax_exemption,tax_group_id,tax_id_home_service,tax_id_table_service,tax_id_take_away_service,fixed_price,whls_price,is_whls_price_pc,item_cost,tax_calculation_method,taxation_based_on,is_require_weighing,display_order,best_before,is_hot_item_1,hot_item_1_display_order,is_hot_item_2,hot_item_2_display_order,is_hot_item_3,hot_item_3_display_order,fg_color,bg_color,attrib1_name,attrib1_options,attrib2_name,attrib2_options,attrib3_name,attrib3_options,attrib4_name,attrib4_options,attrib5_name,attrib5_options,tag1,tag2,tag3,tag4,tag5,choice_ids,created_by,created_at,updated_by,updated_at,is_deleted,is_system,item_thumb,sys_sale_flag) values ("101000213","101000213",null,"203","","0",null,"0","Laptop","","101000106","1","0","","1","","","","1",null,"27","1.00000",null,null,"1","0","1",null,null,null,"1.00000","0.00000","0","0.00000","0","0","0",null,null,"0",null,"0",null,"0",null,"#FFFFFF","#A9A9A9","",null,null,null,null,null,null,null,null,null,null,null,null,null,null,"","0","2021-10-11 12:51:53.0","0","2021-10-11 12:52:28.0","0","0","","1");
DELETE FROM sale_item_ext WHERE id=101000213;
insert into sale_item_ext(id,kitchen_id,is_deleted,last_sync_at) values ("101000213","101000101","0","2021-10-11 12:51:53.0");
DELETE FROM stock_items WHERE id=101000214;
insert into stock_items(id,code,name,description,supplier_product_code,stock_item_attributes,stock_item_location,stock_item_category_id,prd_department_id,part_no,market_valuation_method,movement_method,uom_id,item_weight,qty_on_hand,unit_price,optimum_level,reorder_level,reorder_qty,preferred_supplier_id,last_purchase_unit_price,last_purchase_supplier_id,tax_id,tax_calculation_method,is_service_item,is_valid,is_manufactured,is_sellable,is_semi_finished,is_finished,sales_margin,is_sales_margin_percent,tax_percentage,qty_manufactured,top_consumption_rank,created_by,created_at,updated_by,updated_at,is_system,is_deleted) values ("101000214","204","Hair Dryer(Wall mount)","",null,null,null,"1",null,null,"0",null,"27","1.00000",null,"1.00000",null,null,null,null,null,null,"1","0","0","1","0","1","0","0","0","0","0.00",null,"0","0","2021-10-11 12:52:21.0",null,null,"0","0");
DELETE FROM sale_items WHERE id=101000214;
insert into sale_items(id,stock_item_id,stock_item_code,code,hsn_code,is_group_item,group_item_id,is_combo_item,name,description,sub_class_id,is_valid,is_manufactured,alternative_name,is_printable_to_kitchen,name_to_print,alternative_name_to_print,barcode,is_open,qty_on_hand,uom_id,item_weight,profit_category_id,prd_department_id,tax_id,tax_exemption,tax_group_id,tax_id_home_service,tax_id_table_service,tax_id_take_away_service,fixed_price,whls_price,is_whls_price_pc,item_cost,tax_calculation_method,taxation_based_on,is_require_weighing,display_order,best_before,is_hot_item_1,hot_item_1_display_order,is_hot_item_2,hot_item_2_display_order,is_hot_item_3,hot_item_3_display_order,fg_color,bg_color,attrib1_name,attrib1_options,attrib2_name,attrib2_options,attrib3_name,attrib3_options,attrib4_name,attrib4_options,attrib5_name,attrib5_options,tag1,tag2,tag3,tag4,tag5,choice_ids,created_by,created_at,updated_by,updated_at,is_deleted,is_system,item_thumb,sys_sale_flag) values ("101000214","101000214",null,"204","","0",null,"0","Hair Dryer(Wall mount)","","101000106","1","0","","1","","","","1",null,"27","1.00000",null,null,"1","0","1",null,null,null,"1.00000","0.00000","0","0.00000","0","0","0",null,null,"0",null,"0",null,"0",null,"#FFFFFF","#A9A9A9","",null,null,null,null,null,null,null,null,null,null,null,null,null,null,"","0","2021-10-11 12:52:21.0",null,null,"0","0","","1");
DELETE FROM sale_item_ext WHERE id=101000214;
insert into sale_item_ext(id,kitchen_id,is_deleted,last_sync_at) values ("101000214","101000101","0","2021-10-11 12:52:21.0");
update stock_items set id="101000213", code="203", name="Laptop", description="", supplier_product_code=null, stock_item_attributes=null, stock_item_location=null, stock_item_category_id="1", prd_department_id=null, part_no=null, market_valuation_method="0", movement_method=null, uom_id="27", item_weight="1.00000", qty_on_hand=null, unit_price="1.00000", optimum_level=null, reorder_level=null, reorder_qty=null, preferred_supplier_id=null, last_purchase_unit_price=null, last_purchase_supplier_id=null, tax_id="1", tax_calculation_method="0", is_service_item="0", is_valid="1", is_manufactured="0", is_sellable="1", is_semi_finished="0", is_finished="0", sales_margin="0", is_sales_margin_percent="0", tax_percentage="0.00", qty_manufactured=null, top_consumption_rank="0", created_by="0", created_at="2021-10-11 12:51:53.0", updated_by="0", updated_at="2021-10-11 12:52:28.0", is_system="0", is_deleted="0" where id=101000213 and is_deleted = 0 and is_synchable = 1;
update sale_items set id="101000213", stock_item_id="101000213", stock_item_code=null, code="203", hsn_code="", is_group_item="0", group_item_id=null, is_combo_item="0", name="Laptop", description="", sub_class_id="101000106", is_valid="1", is_manufactured="0", alternative_name="", is_printable_to_kitchen="1", name_to_print="", alternative_name_to_print="", barcode="", is_open="1", qty_on_hand=null, uom_id="27", item_weight="1.00000", profit_category_id=null, prd_department_id=null, tax_id="1", tax_exemption="0", tax_group_id="1", tax_id_home_service=null, tax_id_table_service=null, tax_id_take_away_service=null, fixed_price="1.00000", whls_price="0.00000", is_whls_price_pc="0", item_cost="0.00000", tax_calculation_method="0", taxation_based_on="0", is_require_weighing="0", display_order=null, best_before=null, is_hot_item_1="0", hot_item_1_display_order=null, is_hot_item_2="0", hot_item_2_display_order=null, is_hot_item_3="0", hot_item_3_display_order=null, fg_color="#FFFFFF", bg_color="#A9A9A9", attrib1_name="", attrib1_options=null, attrib2_name=null, attrib2_options=null, attrib3_name=null, attrib3_options=null, attrib4_name=null, attrib4_options=null, attrib5_name=null, attrib5_options=null, tag1=null, tag2=null, tag3=null, tag4=null, tag5=null, choice_ids="", created_by="0", created_at="2021-10-11 12:51:53.0", updated_by="0", updated_at="2021-10-11 12:52:28.0", is_deleted="0", is_system="0", item_thumb="", sys_sale_flag="1" where id=101000213 and is_deleted = 0 and is_synchable = 1;
update sale_item_ext set id="101000213", kitchen_id="101000101", is_deleted="0", last_sync_at="2021-10-11 12:51:53.0" where id=101000213 and is_deleted = 0 and is_synchable = 1;
DELETE FROM stock_items WHERE id=101000215;
insert into stock_items(id,code,name,description,supplier_product_code,stock_item_attributes,stock_item_location,stock_item_category_id,prd_department_id,part_no,market_valuation_method,movement_method,uom_id,item_weight,qty_on_hand,unit_price,optimum_level,reorder_level,reorder_qty,preferred_supplier_id,last_purchase_unit_price,last_purchase_supplier_id,tax_id,tax_calculation_method,is_service_item,is_valid,is_manufactured,is_sellable,is_semi_finished,is_finished,sales_margin,is_sales_margin_percent,tax_percentage,qty_manufactured,top_consumption_rank,created_by,created_at,updated_by,updated_at,is_system,is_deleted) values ("101000215","205","Hair Dryer","",null,null,null,"1",null,null,"0",null,"27","1.00000",null,"1.00000",null,null,null,null,null,null,"1","0","0","1","0","1","0","0","0","0","0.00",null,"0","0","2021-10-11 12:52:54.0",null,null,"0","0");
DELETE FROM sale_items WHERE id=101000215;
insert into sale_items(id,stock_item_id,stock_item_code,code,hsn_code,is_group_item,group_item_id,is_combo_item,name,description,sub_class_id,is_valid,is_manufactured,alternative_name,is_printable_to_kitchen,name_to_print,alternative_name_to_print,barcode,is_open,qty_on_hand,uom_id,item_weight,profit_category_id,prd_department_id,tax_id,tax_exemption,tax_group_id,tax_id_home_service,tax_id_table_service,tax_id_take_away_service,fixed_price,whls_price,is_whls_price_pc,item_cost,tax_calculation_method,taxation_based_on,is_require_weighing,display_order,best_before,is_hot_item_1,hot_item_1_display_order,is_hot_item_2,hot_item_2_display_order,is_hot_item_3,hot_item_3_display_order,fg_color,bg_color,attrib1_name,attrib1_options,attrib2_name,attrib2_options,attrib3_name,attrib3_options,attrib4_name,attrib4_options,attrib5_name,attrib5_options,tag1,tag2,tag3,tag4,tag5,choice_ids,created_by,created_at,updated_by,updated_at,is_deleted,is_system,item_thumb,sys_sale_flag) values ("101000215","101000215",null,"205","","0",null,"0","Hair Dryer","","101000106","1","0","","1","","","","1",null,"27","1.00000",null,null,"1","0","1",null,null,null,"1.00000","0.00000","0","0.00000","0","0","0",null,null,"0",null,"0",null,"0",null,"#FFFFFF","#A9A9A9","",null,null,null,null,null,null,null,null,null,null,null,null,null,null,"","0","2021-10-11 12:52:54.0",null,null,"0","0","","1");
DELETE FROM sale_item_ext WHERE id=101000215;
insert into sale_item_ext(id,kitchen_id,is_deleted,last_sync_at) values ("101000215","101000101","0","2021-10-11 12:52:54.0");
DELETE FROM stock_items WHERE id=101000216;
insert into stock_items(id,code,name,description,supplier_product_code,stock_item_attributes,stock_item_location,stock_item_category_id,prd_department_id,part_no,market_valuation_method,movement_method,uom_id,item_weight,qty_on_hand,unit_price,optimum_level,reorder_level,reorder_qty,preferred_supplier_id,last_purchase_unit_price,last_purchase_supplier_id,tax_id,tax_calculation_method,is_service_item,is_valid,is_manufactured,is_sellable,is_semi_finished,is_finished,sales_margin,is_sales_margin_percent,tax_percentage,qty_manufactured,top_consumption_rank,created_by,created_at,updated_by,updated_at,is_system,is_deleted) values ("101000216","206","Fogging machine(Big)","",null,null,null,"1",null,null,"0",null,"27","1.00000",null,"1.00000",null,null,null,null,null,null,"1","0","0","1","0","1","0","0","0","0","0.00",null,"0","0","2021-10-11 12:56:27.0",null,null,"0","0");
DELETE FROM sale_items WHERE id=101000216;
insert into sale_items(id,stock_item_id,stock_item_code,code,hsn_code,is_group_item,group_item_id,is_combo_item,name,description,sub_class_id,is_valid,is_manufactured,alternative_name,is_printable_to_kitchen,name_to_print,alternative_name_to_print,barcode,is_open,qty_on_hand,uom_id,item_weight,profit_category_id,prd_department_id,tax_id,tax_exemption,tax_group_id,tax_id_home_service,tax_id_table_service,tax_id_take_away_service,fixed_price,whls_price,is_whls_price_pc,item_cost,tax_calculation_method,taxation_based_on,is_require_weighing,display_order,best_before,is_hot_item_1,hot_item_1_display_order,is_hot_item_2,hot_item_2_display_order,is_hot_item_3,hot_item_3_display_order,fg_color,bg_color,attrib1_name,attrib1_options,attrib2_name,attrib2_options,attrib3_name,attrib3_options,attrib4_name,attrib4_options,attrib5_name,attrib5_options,tag1,tag2,tag3,tag4,tag5,choice_ids,created_by,created_at,updated_by,updated_at,is_deleted,is_system,item_thumb,sys_sale_flag) values ("101000216","101000216",null,"206","","0",null,"0","Fogging machine(Big)","","101000106","1","0","","1","","","","1",null,"27","1.00000",null,null,"1","0","1",null,null,null,"1.00000","0.00000","0","0.00000","0","0","0",null,null,"0",null,"0",null,"0",null,"#FFFFFF","#A9A9A9","",null,null,null,null,null,null,null,null,null,null,null,null,null,null,"","0","2021-10-11 12:56:27.0",null,null,"0","0","","1");
DELETE FROM sale_item_ext WHERE id=101000216;
insert into sale_item_ext(id,kitchen_id,is_deleted,last_sync_at) values ("101000216","101000101","0","2021-10-11 12:56:27.0");
DELETE FROM stock_items WHERE id=101000217;
insert into stock_items(id,code,name,description,supplier_product_code,stock_item_attributes,stock_item_location,stock_item_category_id,prd_department_id,part_no,market_valuation_method,movement_method,uom_id,item_weight,qty_on_hand,unit_price,optimum_level,reorder_level,reorder_qty,preferred_supplier_id,last_purchase_unit_price,last_purchase_supplier_id,tax_id,tax_calculation_method,is_service_item,is_valid,is_manufactured,is_sellable,is_semi_finished,is_finished,sales_margin,is_sales_margin_percent,tax_percentage,qty_manufactured,top_consumption_rank,created_by,created_at,updated_by,updated_at,is_system,is_deleted) values ("101000217","207","Fogging machine(Small)","",null,null,null,"1",null,null,"0",null,"27","1.00000",null,"1.00000",null,null,null,null,null,null,"1","0","0","1","0","1","0","0","0","0","0.00",null,"0","0","2021-10-11 12:56:54.0",null,null,"0","0");
DELETE FROM sale_items WHERE id=101000217;
insert into sale_items(id,stock_item_id,stock_item_code,code,hsn_code,is_group_item,group_item_id,is_combo_item,name,description,sub_class_id,is_valid,is_manufactured,alternative_name,is_printable_to_kitchen,name_to_print,alternative_name_to_print,barcode,is_open,qty_on_hand,uom_id,item_weight,profit_category_id,prd_department_id,tax_id,tax_exemption,tax_group_id,tax_id_home_service,tax_id_table_service,tax_id_take_away_service,fixed_price,whls_price,is_whls_price_pc,item_cost,tax_calculation_method,taxation_based_on,is_require_weighing,display_order,best_before,is_hot_item_1,hot_item_1_display_order,is_hot_item_2,hot_item_2_display_order,is_hot_item_3,hot_item_3_display_order,fg_color,bg_color,attrib1_name,attrib1_options,attrib2_name,attrib2_options,attrib3_name,attrib3_options,attrib4_name,attrib4_options,attrib5_name,attrib5_options,tag1,tag2,tag3,tag4,tag5,choice_ids,created_by,created_at,updated_by,updated_at,is_deleted,is_system,item_thumb,sys_sale_flag) values ("101000217","101000217",null,"207","","0",null,"0","Fogging machine(Small)","","101000106","1","0","","1","","","","1",null,"27","1.00000",null,null,"1","0","1",null,null,null,"1.00000","0.00000","0","0.00000","0","0","0",null,null,"0",null,"0",null,"0",null,"#FFFFFF","#A9A9A9","",null,null,null,null,null,null,null,null,null,null,null,null,null,null,"","0","2021-10-11 12:56:54.0",null,null,"0","0","","1");
DELETE FROM sale_item_ext WHERE id=101000217;
insert into sale_item_ext(id,kitchen_id,is_deleted,last_sync_at) values ("101000217","101000101","0","2021-10-11 12:56:54.0");
DELETE FROM stock_items WHERE id=101000218;
insert into stock_items(id,code,name,description,supplier_product_code,stock_item_attributes,stock_item_location,stock_item_category_id,prd_department_id,part_no,market_valuation_method,movement_method,uom_id,item_weight,qty_on_hand,unit_price,optimum_level,reorder_level,reorder_qty,preferred_supplier_id,last_purchase_unit_price,last_purchase_supplier_id,tax_id,tax_calculation_method,is_service_item,is_valid,is_manufactured,is_sellable,is_semi_finished,is_finished,sales_margin,is_sales_margin_percent,tax_percentage,qty_manufactured,top_consumption_rank,created_by,created_at,updated_by,updated_at,is_system,is_deleted) values ("101000218","208","Sanitizer stand","",null,null,null,"1",null,null,"0",null,"27","1.00000",null,"1.00000",null,null,null,null,null,null,"1","0","0","1","0","1","0","0","0","0","0.00",null,"0","0","2021-10-11 12:57:29.0",null,null,"0","0");
DELETE FROM sale_items WHERE id=101000218;
insert into sale_items(id,stock_item_id,stock_item_code,code,hsn_code,is_group_item,group_item_id,is_combo_item,name,description,sub_class_id,is_valid,is_manufactured,alternative_name,is_printable_to_kitchen,name_to_print,alternative_name_to_print,barcode,is_open,qty_on_hand,uom_id,item_weight,profit_category_id,prd_department_id,tax_id,tax_exemption,tax_group_id,tax_id_home_service,tax_id_table_service,tax_id_take_away_service,fixed_price,whls_price,is_whls_price_pc,item_cost,tax_calculation_method,taxation_based_on,is_require_weighing,display_order,best_before,is_hot_item_1,hot_item_1_display_order,is_hot_item_2,hot_item_2_display_order,is_hot_item_3,hot_item_3_display_order,fg_color,bg_color,attrib1_name,attrib1_options,attrib2_name,attrib2_options,attrib3_name,attrib3_options,attrib4_name,attrib4_options,attrib5_name,attrib5_options,tag1,tag2,tag3,tag4,tag5,choice_ids,created_by,created_at,updated_by,updated_at,is_deleted,is_system,item_thumb,sys_sale_flag) values ("101000218","101000218",null,"208","","0",null,"0","Sanitizer stand","","101000106","1","0","","1","","","","1",null,"27","1.00000",null,null,"1","0","1",null,null,null,"1.00000","0.00000","0","0.00000","0","0","0",null,null,"0",null,"0",null,"0",null,"#FFFFFF","#A9A9A9","",null,null,null,null,null,null,null,null,null,null,null,null,null,null,"","0","2021-10-11 12:57:29.0",null,null,"0","0","","1");
DELETE FROM sale_item_ext WHERE id=101000218;
insert into sale_item_ext(id,kitchen_id,is_deleted,last_sync_at) values ("101000218","101000101","0","2021-10-11 12:57:29.0");
DELETE FROM stock_items WHERE id=101000219;
insert into stock_items(id,code,name,description,supplier_product_code,stock_item_attributes,stock_item_location,stock_item_category_id,prd_department_id,part_no,market_valuation_method,movement_method,uom_id,item_weight,qty_on_hand,unit_price,optimum_level,reorder_level,reorder_qty,preferred_supplier_id,last_purchase_unit_price,last_purchase_supplier_id,tax_id,tax_calculation_method,is_service_item,is_valid,is_manufactured,is_sellable,is_semi_finished,is_finished,sales_margin,is_sales_margin_percent,tax_percentage,qty_manufactured,top_consumption_rank,created_by,created_at,updated_by,updated_at,is_system,is_deleted) values ("101000219","209","Sing Board","",null,null,null,"1",null,null,"0",null,"27","1.00000",null,"1.00000",null,null,null,null,null,null,"1","0","0","1","0","1","0","0","0","0","0.00",null,"0","0","2021-10-11 12:57:59.0",null,null,"0","0");
DELETE FROM sale_items WHERE id=101000219;
insert into sale_items(id,stock_item_id,stock_item_code,code,hsn_code,is_group_item,group_item_id,is_combo_item,name,description,sub_class_id,is_valid,is_manufactured,alternative_name,is_printable_to_kitchen,name_to_print,alternative_name_to_print,barcode,is_open,qty_on_hand,uom_id,item_weight,profit_category_id,prd_department_id,tax_id,tax_exemption,tax_group_id,tax_id_home_service,tax_id_table_service,tax_id_take_away_service,fixed_price,whls_price,is_whls_price_pc,item_cost,tax_calculation_method,taxation_based_on,is_require_weighing,display_order,best_before,is_hot_item_1,hot_item_1_display_order,is_hot_item_2,hot_item_2_display_order,is_hot_item_3,hot_item_3_display_order,fg_color,bg_color,attrib1_name,attrib1_options,attrib2_name,attrib2_options,attrib3_name,attrib3_options,attrib4_name,attrib4_options,attrib5_name,attrib5_options,tag1,tag2,tag3,tag4,tag5,choice_ids,created_by,created_at,updated_by,updated_at,is_deleted,is_system,item_thumb,sys_sale_flag) values ("101000219","101000219",null,"209","","0",null,"0","Sing Board","","101000106","1","0","","1","","","","1",null,"27","1.00000",null,null,"1","0","1",null,null,null,"1.00000","0.00000","0","0.00000","0","0","0",null,null,"0",null,"0",null,"0",null,"#FFFFFF","#A9A9A9","",null,null,null,null,null,null,null,null,null,null,null,null,null,null,"","0","2021-10-11 12:57:59.0",null,null,"0","0","","1");
DELETE FROM sale_item_ext WHERE id=101000219;
insert into sale_item_ext(id,kitchen_id,is_deleted,last_sync_at) values ("101000219","101000101","0","2021-10-11 12:57:59.0");
DELETE FROM stock_items WHERE id=101000220;
insert into stock_items(id,code,name,description,supplier_product_code,stock_item_attributes,stock_item_location,stock_item_category_id,prd_department_id,part_no,market_valuation_method,movement_method,uom_id,item_weight,qty_on_hand,unit_price,optimum_level,reorder_level,reorder_qty,preferred_supplier_id,last_purchase_unit_price,last_purchase_supplier_id,tax_id,tax_calculation_method,is_service_item,is_valid,is_manufactured,is_sellable,is_semi_finished,is_finished,sales_margin,is_sales_margin_percent,tax_percentage,qty_manufactured,top_consumption_rank,created_by,created_at,updated_by,updated_at,is_system,is_deleted) values ("101000220","210","Thermal Scanner","",null,null,null,"1",null,null,"0",null,"27","1.00000",null,"1.00000",null,null,null,null,null,null,"1","0","0","1","0","1","0","0","0","0","0.00",null,"0","0","2021-10-11 12:58:27.0",null,null,"0","0");
DELETE FROM sale_items WHERE id=101000220;
insert into sale_items(id,stock_item_id,stock_item_code,code,hsn_code,is_group_item,group_item_id,is_combo_item,name,description,sub_class_id,is_valid,is_manufactured,alternative_name,is_printable_to_kitchen,name_to_print,alternative_name_to_print,barcode,is_open,qty_on_hand,uom_id,item_weight,profit_category_id,prd_department_id,tax_id,tax_exemption,tax_group_id,tax_id_home_service,tax_id_table_service,tax_id_take_away_service,fixed_price,whls_price,is_whls_price_pc,item_cost,tax_calculation_method,taxation_based_on,is_require_weighing,display_order,best_before,is_hot_item_1,hot_item_1_display_order,is_hot_item_2,hot_item_2_display_order,is_hot_item_3,hot_item_3_display_order,fg_color,bg_color,attrib1_name,attrib1_options,attrib2_name,attrib2_options,attrib3_name,attrib3_options,attrib4_name,attrib4_options,attrib5_name,attrib5_options,tag1,tag2,tag3,tag4,tag5,choice_ids,created_by,created_at,updated_by,updated_at,is_deleted,is_system,item_thumb,sys_sale_flag) values ("101000220","101000220",null,"210","","0",null,"0","Thermal Scanner","","101000106","1","0","","1","","","","1",null,"27","1.00000",null,null,"1","0","1",null,null,null,"1.00000","0.00000","0","0.00000","0","0","0",null,null,"0",null,"0",null,"0",null,"#FFFFFF","#A9A9A9","",null,null,null,null,null,null,null,null,null,null,null,null,null,null,"","0","2021-10-11 12:58:27.0",null,null,"0","0","","1");
DELETE FROM sale_item_ext WHERE id=101000220;
insert into sale_item_ext(id,kitchen_id,is_deleted,last_sync_at) values ("101000220","101000101","0","2021-10-11 12:58:27.0");
DELETE FROM stock_items WHERE id=101000221;
insert into stock_items(id,code,name,description,supplier_product_code,stock_item_attributes,stock_item_location,stock_item_category_id,prd_department_id,part_no,market_valuation_method,movement_method,uom_id,item_weight,qty_on_hand,unit_price,optimum_level,reorder_level,reorder_qty,preferred_supplier_id,last_purchase_unit_price,last_purchase_supplier_id,tax_id,tax_calculation_method,is_service_item,is_valid,is_manufactured,is_sellable,is_semi_finished,is_finished,sales_margin,is_sales_margin_percent,tax_percentage,qty_manufactured,top_consumption_rank,created_by,created_at,updated_by,updated_at,is_system,is_deleted) values ("101000221","211","Pulse Oximeter","",null,null,null,"1",null,null,"0",null,"27","1.00000",null,"1.00000",null,null,null,null,null,null,"1","0","0","1","0","1","0","0","0","0","0.00",null,"0","0","2021-10-11 12:58:58.0",null,null,"0","0");
DELETE FROM sale_items WHERE id=101000221;
insert into sale_items(id,stock_item_id,stock_item_code,code,hsn_code,is_group_item,group_item_id,is_combo_item,name,description,sub_class_id,is_valid,is_manufactured,alternative_name,is_printable_to_kitchen,name_to_print,alternative_name_to_print,barcode,is_open,qty_on_hand,uom_id,item_weight,profit_category_id,prd_department_id,tax_id,tax_exemption,tax_group_id,tax_id_home_service,tax_id_table_service,tax_id_take_away_service,fixed_price,whls_price,is_whls_price_pc,item_cost,tax_calculation_method,taxation_based_on,is_require_weighing,display_order,best_before,is_hot_item_1,hot_item_1_display_order,is_hot_item_2,hot_item_2_display_order,is_hot_item_3,hot_item_3_display_order,fg_color,bg_color,attrib1_name,attrib1_options,attrib2_name,attrib2_options,attrib3_name,attrib3_options,attrib4_name,attrib4_options,attrib5_name,attrib5_options,tag1,tag2,tag3,tag4,tag5,choice_ids,created_by,created_at,updated_by,updated_at,is_deleted,is_system,item_thumb,sys_sale_flag) values ("101000221","101000221",null,"211","","0",null,"0","Pulse Oximeter","","101000106","1","0","","1","","","","1",null,"27","1.00000",null,null,"1","0","1",null,null,null,"1.00000","0.00000","0","0.00000","0","0","0",null,null,"0",null,"0",null,"0",null,"#FFFFFF","#A9A9A9","",null,null,null,null,null,null,null,null,null,null,null,null,null,null,"","0","2021-10-11 12:58:58.0",null,null,"0","0","","1");
DELETE FROM sale_item_ext WHERE id=101000221;
insert into sale_item_ext(id,kitchen_id,is_deleted,last_sync_at) values ("101000221","101000101","0","2021-10-11 12:58:58.0");
DELETE FROM stock_items WHERE id=101000222;
insert into stock_items(id,code,name,description,supplier_product_code,stock_item_attributes,stock_item_location,stock_item_category_id,prd_department_id,part_no,market_valuation_method,movement_method,uom_id,item_weight,qty_on_hand,unit_price,optimum_level,reorder_level,reorder_qty,preferred_supplier_id,last_purchase_unit_price,last_purchase_supplier_id,tax_id,tax_calculation_method,is_service_item,is_valid,is_manufactured,is_sellable,is_semi_finished,is_finished,sales_margin,is_sales_margin_percent,tax_percentage,qty_manufactured,top_consumption_rank,created_by,created_at,updated_by,updated_at,is_system,is_deleted) values ("101000222","212","Metal Detector","",null,null,null,"1",null,null,"0",null,"27","1.00000",null,"1.00000",null,null,null,null,null,null,"1","0","0","1","0","1","0","0","0","0","0.00",null,"0","0","2021-10-11 12:59:49.0",null,null,"0","0");
DELETE FROM sale_items WHERE id=101000222;
insert into sale_items(id,stock_item_id,stock_item_code,code,hsn_code,is_group_item,group_item_id,is_combo_item,name,description,sub_class_id,is_valid,is_manufactured,alternative_name,is_printable_to_kitchen,name_to_print,alternative_name_to_print,barcode,is_open,qty_on_hand,uom_id,item_weight,profit_category_id,prd_department_id,tax_id,tax_exemption,tax_group_id,tax_id_home_service,tax_id_table_service,tax_id_take_away_service,fixed_price,whls_price,is_whls_price_pc,item_cost,tax_calculation_method,taxation_based_on,is_require_weighing,display_order,best_before,is_hot_item_1,hot_item_1_display_order,is_hot_item_2,hot_item_2_display_order,is_hot_item_3,hot_item_3_display_order,fg_color,bg_color,attrib1_name,attrib1_options,attrib2_name,attrib2_options,attrib3_name,attrib3_options,attrib4_name,attrib4_options,attrib5_name,attrib5_options,tag1,tag2,tag3,tag4,tag5,choice_ids,created_by,created_at,updated_by,updated_at,is_deleted,is_system,item_thumb,sys_sale_flag) values ("101000222","101000222",null,"212","","0",null,"0","Metal Detector","","101000106","1","0","","1","","","","1",null,"27","1.00000",null,null,"1","0","1",null,null,null,"1.00000","0.00000","0","0.00000","0","0","0",null,null,"0",null,"0",null,"0",null,"#FFFFFF","#A9A9A9","",null,null,null,null,null,null,null,null,null,null,null,null,null,null,"","0","2021-10-11 12:59:49.0",null,null,"0","0","","1");
DELETE FROM sale_item_ext WHERE id=101000222;
insert into sale_item_ext(id,kitchen_id,is_deleted,last_sync_at) values ("101000222","101000101","0","2021-10-11 12:59:49.0");
DELETE FROM stock_items WHERE id=101000223;
insert into stock_items(id,code,name,description,supplier_product_code,stock_item_attributes,stock_item_location,stock_item_category_id,prd_department_id,part_no,market_valuation_method,movement_method,uom_id,item_weight,qty_on_hand,unit_price,optimum_level,reorder_level,reorder_qty,preferred_supplier_id,last_purchase_unit_price,last_purchase_supplier_id,tax_id,tax_calculation_method,is_service_item,is_valid,is_manufactured,is_sellable,is_semi_finished,is_finished,sales_margin,is_sales_margin_percent,tax_percentage,qty_manufactured,top_consumption_rank,created_by,created_at,updated_by,updated_at,is_system,is_deleted) values ("101000223","213","Smoke detector","",null,null,null,"1",null,null,"0",null,"27","1.00000",null,"1.00000",null,null,null,null,null,null,"1","0","0","1","0","1","0","0","0","0","0.00",null,"0","0","2021-10-11 01:00:14.0",null,null,"0","0");
DELETE FROM sale_items WHERE id=101000223;
insert into sale_items(id,stock_item_id,stock_item_code,code,hsn_code,is_group_item,group_item_id,is_combo_item,name,description,sub_class_id,is_valid,is_manufactured,alternative_name,is_printable_to_kitchen,name_to_print,alternative_name_to_print,barcode,is_open,qty_on_hand,uom_id,item_weight,profit_category_id,prd_department_id,tax_id,tax_exemption,tax_group_id,tax_id_home_service,tax_id_table_service,tax_id_take_away_service,fixed_price,whls_price,is_whls_price_pc,item_cost,tax_calculation_method,taxation_based_on,is_require_weighing,display_order,best_before,is_hot_item_1,hot_item_1_display_order,is_hot_item_2,hot_item_2_display_order,is_hot_item_3,hot_item_3_display_order,fg_color,bg_color,attrib1_name,attrib1_options,attrib2_name,attrib2_options,attrib3_name,attrib3_options,attrib4_name,attrib4_options,attrib5_name,attrib5_options,tag1,tag2,tag3,tag4,tag5,choice_ids,created_by,created_at,updated_by,updated_at,is_deleted,is_system,item_thumb,sys_sale_flag) values ("101000223","101000223",null,"213","","0",null,"0","Smoke detector","","101000106","1","0","","1","","","","1",null,"27","1.00000",null,null,"1","0","1",null,null,null,"1.00000","0.00000","0","0.00000","0","0","0",null,null,"0",null,"0",null,"0",null,"#FFFFFF","#A9A9A9","",null,null,null,null,null,null,null,null,null,null,null,null,null,null,"","0","2021-10-11 13:00:14.0",null,null,"0","0","","1");
DELETE FROM sale_item_ext WHERE id=101000223;
insert into sale_item_ext(id,kitchen_id,is_deleted,last_sync_at) values ("101000223","101000101","0","2021-10-11 13:00:14.0");
DELETE FROM stock_items WHERE id=101000224;
insert into stock_items(id,code,name,description,supplier_product_code,stock_item_attributes,stock_item_location,stock_item_category_id,prd_department_id,part_no,market_valuation_method,movement_method,uom_id,item_weight,qty_on_hand,unit_price,optimum_level,reorder_level,reorder_qty,preferred_supplier_id,last_purchase_unit_price,last_purchase_supplier_id,tax_id,tax_calculation_method,is_service_item,is_valid,is_manufactured,is_sellable,is_semi_finished,is_finished,sales_margin,is_sales_margin_percent,tax_percentage,qty_manufactured,top_consumption_rank,created_by,created_at,updated_by,updated_at,is_system,is_deleted) values ("101000224","214","Waging machine","",null,null,null,"1",null,null,"0",null,"27","1.00000",null,"1.00000",null,null,null,null,null,null,"1","0","0","1","0","1","0","0","0","0","0.00",null,"0","0","2021-10-11 01:00:53.0",null,null,"0","0");
DELETE FROM sale_items WHERE id=101000224;
insert into sale_items(id,stock_item_id,stock_item_code,code,hsn_code,is_group_item,group_item_id,is_combo_item,name,description,sub_class_id,is_valid,is_manufactured,alternative_name,is_printable_to_kitchen,name_to_print,alternative_name_to_print,barcode,is_open,qty_on_hand,uom_id,item_weight,profit_category_id,prd_department_id,tax_id,tax_exemption,tax_group_id,tax_id_home_service,tax_id_table_service,tax_id_take_away_service,fixed_price,whls_price,is_whls_price_pc,item_cost,tax_calculation_method,taxation_based_on,is_require_weighing,display_order,best_before,is_hot_item_1,hot_item_1_display_order,is_hot_item_2,hot_item_2_display_order,is_hot_item_3,hot_item_3_display_order,fg_color,bg_color,attrib1_name,attrib1_options,attrib2_name,attrib2_options,attrib3_name,attrib3_options,attrib4_name,attrib4_options,attrib5_name,attrib5_options,tag1,tag2,tag3,tag4,tag5,choice_ids,created_by,created_at,updated_by,updated_at,is_deleted,is_system,item_thumb,sys_sale_flag) values ("101000224","101000224",null,"214","","0",null,"0","Waging machine","","101000106","1","0","","1","","","","1",null,"27","1.00000",null,null,"1","0","1",null,null,null,"1.00000","0.00000","0","0.00000","0","0","0",null,null,"0",null,"0",null,"0",null,"#FFFFFF","#A9A9A9","",null,null,null,null,null,null,null,null,null,null,null,null,null,null,"","0","2021-10-11 13:00:53.0",null,null,"0","0","","1");
DELETE FROM sale_item_ext WHERE id=101000224;
insert into sale_item_ext(id,kitchen_id,is_deleted,last_sync_at) values ("101000224","101000101","0","2021-10-11 13:00:53.0");
update stock_items set id="101000130", code="130", name="Milk Mug 1", description="", supplier_product_code=null, stock_item_attributes=null, stock_item_location=null, stock_item_category_id="1", prd_department_id=null, part_no=null, market_valuation_method="0", movement_method=null, uom_id="27", item_weight="1.00000", qty_on_hand=null, unit_price="100.00000", optimum_level=null, reorder_level=null, reorder_qty=null, preferred_supplier_id=null, last_purchase_unit_price=null, last_purchase_supplier_id=null, tax_id="1", tax_calculation_method="0", is_service_item="0", is_valid="1", is_manufactured="0", is_sellable="1", is_semi_finished="0", is_finished="0", sales_margin="0", is_sales_margin_percent="0", tax_percentage="0.00", qty_manufactured=null, top_consumption_rank="0", created_by="0", created_at="2021-10-09 02:37:30.0", updated_by="101000101", updated_at="2021-10-11 04:54:56.0", is_system="0", is_deleted="0" where id=101000130 and is_deleted = 0 and is_synchable = 1;
update sale_items set id="101000130", stock_item_id="101000130", stock_item_code=null, code="130", hsn_code="", is_group_item="0", group_item_id=null, is_combo_item="0", name="Milk Mug 1", description="", sub_class_id="101000104", is_valid="1", is_manufactured="0", alternative_name="", is_printable_to_kitchen="1", name_to_print="", alternative_name_to_print="", barcode="", is_open="1", qty_on_hand=null, uom_id="27", item_weight="1.00000", profit_category_id=null, prd_department_id=null, tax_id="1", tax_exemption="0", tax_group_id="1", tax_id_home_service=null, tax_id_table_service=null, tax_id_take_away_service=null, fixed_price="100.00000", whls_price="0.00000", is_whls_price_pc="0", item_cost="0.00000", tax_calculation_method="0", taxation_based_on="0", is_require_weighing="0", display_order=null, best_before=null, is_hot_item_1="0", hot_item_1_display_order=null, is_hot_item_2="0", hot_item_2_display_order=null, is_hot_item_3="0", hot_item_3_display_order=null, fg_color="#FFFFFF", bg_color="#A9A9A9", attrib1_name="", attrib1_options=null, attrib2_name=null, attrib2_options=null, attrib3_name=null, attrib3_options=null, attrib4_name=null, attrib4_options=null, attrib5_name=null, attrib5_options=null, tag1=null, tag2=null, tag3=null, tag4=null, tag5=null, choice_ids="", created_by="0", created_at="2021-10-09 14:37:30.0", updated_by="101000101", updated_at="2021-10-11 16:54:56.0", is_deleted="0", is_system="0", item_thumb="", sys_sale_flag="1" where id=101000130 and is_deleted = 0 and is_synchable = 1;
DELETE FROM stock_items WHERE id=101000225;
insert into stock_items(id,code,name,description,supplier_product_code,stock_item_attributes,stock_item_location,stock_item_category_id,prd_department_id,part_no,market_valuation_method,movement_method,uom_id,item_weight,qty_on_hand,unit_price,optimum_level,reorder_level,reorder_qty,preferred_supplier_id,last_purchase_unit_price,last_purchase_supplier_id,tax_id,tax_calculation_method,is_service_item,is_valid,is_manufactured,is_sellable,is_semi_finished,is_finished,sales_margin,is_sales_margin_percent,tax_percentage,qty_manufactured,top_consumption_rank,created_by,created_at,updated_by,updated_at,is_system,is_deleted) values ("101000225","100","text","",null,null,null,"1",null,null,"0",null,"27","1.00000",null,"1.00000",null,null,null,null,null,null,"1","0","0","1","0","1","0","0","0","0","0.00",null,"0","101000101","2021-10-11 04:57:03.0","101000101","2021-10-11 04:57:57.0","0","0");
DELETE FROM sale_items WHERE id=101000225;
insert into sale_items(id,stock_item_id,stock_item_code,code,hsn_code,is_group_item,group_item_id,is_combo_item,name,description,sub_class_id,is_valid,is_manufactured,alternative_name,is_printable_to_kitchen,name_to_print,alternative_name_to_print,barcode,is_open,qty_on_hand,uom_id,item_weight,profit_category_id,prd_department_id,tax_id,tax_exemption,tax_group_id,tax_id_home_service,tax_id_table_service,tax_id_take_away_service,fixed_price,whls_price,is_whls_price_pc,item_cost,tax_calculation_method,taxation_based_on,is_require_weighing,display_order,best_before,is_hot_item_1,hot_item_1_display_order,is_hot_item_2,hot_item_2_display_order,is_hot_item_3,hot_item_3_display_order,fg_color,bg_color,attrib1_name,attrib1_options,attrib2_name,attrib2_options,attrib3_name,attrib3_options,attrib4_name,attrib4_options,attrib5_name,attrib5_options,tag1,tag2,tag3,tag4,tag5,choice_ids,created_by,created_at,updated_by,updated_at,is_deleted,is_system,item_thumb,sys_sale_flag) values ("101000225","101000225",null,"100","","0",null,"0","text","","101000102","1","0","","1","","","","1",null,"27","1.00000",null,null,"1","0","1",null,null,null,"1.00000","0.00000","0","0.00000","0","0","0",null,null,"0",null,"0",null,"0",null,"#FFFFFF","#A9A9A9","",null,null,null,null,null,null,null,null,null,null,null,null,null,null,"","101000101","2021-10-11 16:57:03.0","101000101","2021-10-11 16:57:57.0","0","0","","1");
update stock_items set id="101000225", code="100", name="text", description="", supplier_product_code=null, stock_item_attributes=null, stock_item_location=null, stock_item_category_id="1", prd_department_id=null, part_no=null, market_valuation_method="0", movement_method=null, uom_id="27", item_weight="1.00000", qty_on_hand=null, unit_price="1.00000", optimum_level=null, reorder_level=null, reorder_qty=null, preferred_supplier_id=null, last_purchase_unit_price=null, last_purchase_supplier_id=null, tax_id="1", tax_calculation_method="0", is_service_item="0", is_valid="1", is_manufactured="0", is_sellable="1", is_semi_finished="0", is_finished="0", sales_margin="0", is_sales_margin_percent="0", tax_percentage="0.00", qty_manufactured=null, top_consumption_rank="0", created_by="101000101", created_at="2021-10-11 04:57:03.0", updated_by="101000101", updated_at="2021-10-11 04:57:57.0", is_system="0", is_deleted="0" where id=101000225 and is_deleted = 0 and is_synchable = 1;
update sale_items set id="101000225", stock_item_id="101000225", stock_item_code=null, code="100", hsn_code="", is_group_item="0", group_item_id=null, is_combo_item="0", name="text", description="", sub_class_id="101000102", is_valid="1", is_manufactured="0", alternative_name="", is_printable_to_kitchen="1", name_to_print="", alternative_name_to_print="", barcode="", is_open="1", qty_on_hand=null, uom_id="27", item_weight="1.00000", profit_category_id=null, prd_department_id=null, tax_id="1", tax_exemption="0", tax_group_id="1", tax_id_home_service=null, tax_id_table_service=null, tax_id_take_away_service=null, fixed_price="1.00000", whls_price="0.00000", is_whls_price_pc="0", item_cost="0.00000", tax_calculation_method="0", taxation_based_on="0", is_require_weighing="0", display_order=null, best_before=null, is_hot_item_1="0", hot_item_1_display_order=null, is_hot_item_2="0", hot_item_2_display_order=null, is_hot_item_3="0", hot_item_3_display_order=null, fg_color="#FFFFFF", bg_color="#A9A9A9", attrib1_name="", attrib1_options=null, attrib2_name=null, attrib2_options=null, attrib3_name=null, attrib3_options=null, attrib4_name=null, attrib4_options=null, attrib5_name=null, attrib5_options=null, tag1=null, tag2=null, tag3=null, tag4=null, tag5=null, choice_ids="", created_by="101000101", created_at="2021-10-11 16:57:03.0", updated_by="101000101", updated_at="2021-10-11 16:57:57.0", is_deleted="0", is_system="0", item_thumb="", sys_sale_flag="1" where id=101000225 and is_deleted = 0 and is_synchable = 1;
DELETE FROM stock_items WHERE id=101000226;
insert into stock_items(id,code,name,description,supplier_product_code,stock_item_attributes,stock_item_location,stock_item_category_id,prd_department_id,part_no,market_valuation_method,movement_method,uom_id,item_weight,qty_on_hand,unit_price,optimum_level,reorder_level,reorder_qty,preferred_supplier_id,last_purchase_unit_price,last_purchase_supplier_id,tax_id,tax_calculation_method,is_service_item,is_valid,is_manufactured,is_sellable,is_semi_finished,is_finished,sales_margin,is_sales_margin_percent,tax_percentage,qty_manufactured,top_consumption_rank,created_by,created_at,updated_by,updated_at,is_system,is_deleted) values ("101000226","S01","Green chilly","",null,null,null,"1",null,null,"0",null,"21","1.00000",null,"25.00000",null,null,null,null,null,null,"1","0","0","1","0","1","0","0","0","0","0.00",null,"0","101000101","2021-10-11 05:00:55.0",null,null,"0","0");
DELETE FROM sale_items WHERE id=101000226;
insert into sale_items(id,stock_item_id,stock_item_code,code,hsn_code,is_group_item,group_item_id,is_combo_item,name,description,sub_class_id,is_valid,is_manufactured,alternative_name,is_printable_to_kitchen,name_to_print,alternative_name_to_print,barcode,is_open,qty_on_hand,uom_id,item_weight,profit_category_id,prd_department_id,tax_id,tax_exemption,tax_group_id,tax_id_home_service,tax_id_table_service,tax_id_take_away_service,fixed_price,whls_price,is_whls_price_pc,item_cost,tax_calculation_method,taxation_based_on,is_require_weighing,display_order,best_before,is_hot_item_1,hot_item_1_display_order,is_hot_item_2,hot_item_2_display_order,is_hot_item_3,hot_item_3_display_order,fg_color,bg_color,attrib1_name,attrib1_options,attrib2_name,attrib2_options,attrib3_name,attrib3_options,attrib4_name,attrib4_options,attrib5_name,attrib5_options,tag1,tag2,tag3,tag4,tag5,choice_ids,created_by,created_at,updated_by,updated_at,is_deleted,is_system,item_thumb,sys_sale_flag) values ("101000226","101000226",null,"S01","","0",null,"0","Green chilly","","101000102","1","0","","1","","","","1",null,"21","1.00000",null,null,"1","0","1",null,null,null,"25.00000","0.00000","0","0.00000","0","0","0",null,null,"0",null,"0",null,"0",null,"#FFFFFF","#A9A9A9","",null,null,null,null,null,null,null,null,null,null,null,null,null,null,"","101000101","2021-10-11 17:00:55.0",null,null,"0","0","","1");
update stock_items set id="101000106", code="106", name="POMEGRANATE KESAR 1S", description="", supplier_product_code=null, stock_item_attributes=null, stock_item_location=null, stock_item_category_id="1", prd_department_id=null, part_no=null, market_valuation_method="0", movement_method=null, uom_id="21", item_weight="1.00000", qty_on_hand=null, unit_price="299.00000", optimum_level=null, reorder_level=null, reorder_qty=null, preferred_supplier_id=null, last_purchase_unit_price=null, last_purchase_supplier_id=null, tax_id="1", tax_calculation_method="0", is_service_item="0", is_valid="1", is_manufactured="0", is_sellable="1", is_semi_finished="0", is_finished="0", sales_margin="0", is_sales_margin_percent="0", tax_percentage="0.00", qty_manufactured=null, top_consumption_rank="0", created_by="0", created_at="2021-10-09 10:12:45.0", updated_by="101000101", updated_at="2021-10-11 05:12:29.0", is_system="0", is_deleted="0" where id=101000106 and is_deleted = 0 and is_synchable = 1;
update sale_items set id="101000106", stock_item_id="101000106", stock_item_code=null, code="106", hsn_code="", is_group_item="0", group_item_id=null, is_combo_item="0", name="POMEGRANATE KESAR 1S", description="", sub_class_id="101000102", is_valid="1", is_manufactured="0", alternative_name="", is_printable_to_kitchen="1", name_to_print="", alternative_name_to_print="", barcode="", is_open="0", qty_on_hand=null, uom_id="21", item_weight="1.00000", profit_category_id=null, prd_department_id=null, tax_id="1", tax_exemption="0", tax_group_id="1", tax_id_home_service=null, tax_id_table_service=null, tax_id_take_away_service=null, fixed_price="299.00000", whls_price="0.00000", is_whls_price_pc="0", item_cost="0.00000", tax_calculation_method="0", taxation_based_on="0", is_require_weighing="0", display_order=null, best_before=null, is_hot_item_1="0", hot_item_1_display_order=null, is_hot_item_2="0", hot_item_2_display_order=null, is_hot_item_3="0", hot_item_3_display_order=null, fg_color="#FFFFFF", bg_color="#A9A9A9", attrib1_name="", attrib1_options=null, attrib2_name=null, attrib2_options=null, attrib3_name=null, attrib3_options=null, attrib4_name=null, attrib4_options=null, attrib5_name=null, attrib5_options=null, tag1=null, tag2=null, tag3=null, tag4=null, tag5=null, choice_ids="", created_by="0", created_at="2021-10-09 10:12:45.0", updated_by="101000101", updated_at="2021-10-11 17:12:29.0", is_deleted="0", is_system="0", item_thumb="", sys_sale_flag="1" where id=101000106 and is_deleted = 0 and is_synchable = 1;
update stock_items set id="101000181", code="9", name="PINEAPPLE ", description="", supplier_product_code=null, stock_item_attributes=null, stock_item_location=null, stock_item_category_id="1", prd_department_id=null, part_no=null, market_valuation_method="0", movement_method=null, uom_id="27", item_weight="1.00000", qty_on_hand=null, unit_price="1.00000", optimum_level=null, reorder_level=null, reorder_qty=null, preferred_supplier_id=null, last_purchase_unit_price=null, last_purchase_supplier_id=null, tax_id="1", tax_calculation_method="0", is_service_item="0", is_valid="1", is_manufactured="0", is_sellable="1", is_semi_finished="0", is_finished="0", sales_margin="0", is_sales_margin_percent="0", tax_percentage="0.00", qty_manufactured=null, top_consumption_rank="0", created_by="101000102", created_at="2021-10-09 05:18:10.0", updated_by="101000101", updated_at="2021-10-13 05:09:40.0", is_system="0", is_deleted="0" where id=101000181 and is_deleted = 0 and is_synchable = 1;
update sale_items set id="101000181", stock_item_id="101000181", stock_item_code=null, code="9", hsn_code="", is_group_item="0", group_item_id=null, is_combo_item="0", name="PINEAPPLE ", description="", sub_class_id="101000102", is_valid="1", is_manufactured="0", alternative_name="", is_printable_to_kitchen="1", name_to_print="", alternative_name_to_print="", barcode="", is_open="1", qty_on_hand=null, uom_id="27", item_weight="1.00000", profit_category_id=null, prd_department_id=null, tax_id="1", tax_exemption="0", tax_group_id="1", tax_id_home_service=null, tax_id_table_service=null, tax_id_take_away_service=null, fixed_price="1.00000", whls_price="0.00000", is_whls_price_pc="0", item_cost="0.00000", tax_calculation_method="0", taxation_based_on="0", is_require_weighing="0", display_order=null, best_before=null, is_hot_item_1="0", hot_item_1_display_order=null, is_hot_item_2="0", hot_item_2_display_order=null, is_hot_item_3="0", hot_item_3_display_order=null, fg_color="#FFFFFF", bg_color="#A9A9A9", attrib1_name="", attrib1_options=null, attrib2_name=null, attrib2_options=null, attrib3_name=null, attrib3_options=null, attrib4_name=null, attrib4_options=null, attrib5_name=null, attrib5_options=null, tag1=null, tag2=null, tag3=null, tag4=null, tag5=null, choice_ids="", created_by="101000102", created_at="2021-10-09 17:18:10.0", updated_by="101000101", updated_at="2021-10-13 17:09:40.0", is_deleted="0", is_system="0", item_thumb="", sys_sale_flag="1" where id=101000181 and is_deleted = 0 and is_synchable = 1;
update sale_item_ext set id="101000181", kitchen_id="101000101", is_deleted="0", last_sync_at="2021-10-09 17:18:10.0" where id=101000181 and is_deleted = 0 and is_synchable = 1;
DELETE FROM stock_items WHERE id=101000227;
insert into stock_items(id,code,name,description,supplier_product_code,stock_item_attributes,stock_item_location,stock_item_category_id,prd_department_id,part_no,market_valuation_method,movement_method,uom_id,item_weight,qty_on_hand,unit_price,optimum_level,reorder_level,reorder_qty,preferred_supplier_id,last_purchase_unit_price,last_purchase_supplier_id,tax_id,tax_calculation_method,is_service_item,is_valid,is_manufactured,is_sellable,is_semi_finished,is_finished,sales_margin,is_sales_margin_percent,tax_percentage,qty_manufactured,top_consumption_rank,created_by,created_at,updated_by,updated_at,is_system,is_deleted) values ("101000227","23","AGARBATHI","",null,null,null,"1",null,null,"0",null,"28","1.00000",null,"0.00000",null,null,null,null,null,null,"1","0","0","1","0","1","0","0","0","0","0.00",null,"0","101000101","2021-10-13 05:12:16.0",null,null,"0","0");
DELETE FROM sale_items WHERE id=101000227;
insert into sale_items(id,stock_item_id,stock_item_code,code,hsn_code,is_group_item,group_item_id,is_combo_item,name,description,sub_class_id,is_valid,is_manufactured,alternative_name,is_printable_to_kitchen,name_to_print,alternative_name_to_print,barcode,is_open,qty_on_hand,uom_id,item_weight,profit_category_id,prd_department_id,tax_id,tax_exemption,tax_group_id,tax_id_home_service,tax_id_table_service,tax_id_take_away_service,fixed_price,whls_price,is_whls_price_pc,item_cost,tax_calculation_method,taxation_based_on,is_require_weighing,display_order,best_before,is_hot_item_1,hot_item_1_display_order,is_hot_item_2,hot_item_2_display_order,is_hot_item_3,hot_item_3_display_order,fg_color,bg_color,attrib1_name,attrib1_options,attrib2_name,attrib2_options,attrib3_name,attrib3_options,attrib4_name,attrib4_options,attrib5_name,attrib5_options,tag1,tag2,tag3,tag4,tag5,choice_ids,created_by,created_at,updated_by,updated_at,is_deleted,is_system,item_thumb,sys_sale_flag) values ("101000227","101000227",null,"23","","0",null,"0","AGARBATHI","","101000102","1","0","","1","","","","0",null,"28","1.00000",null,null,"1","0","1",null,null,null,"0.00000","0.00000","0","0.00000","0","0","0",null,null,"0",null,"0",null,"0",null,"#FFFFFF","#A9A9A9","",null,null,null,null,null,null,null,null,null,null,null,null,null,null,"","101000101","2021-10-13 17:12:16.0",null,null,"0","0","","1");
DELETE FROM stock_items WHERE id=101000228;
insert into stock_items(id,code,name,description,supplier_product_code,stock_item_attributes,stock_item_location,stock_item_category_id,prd_department_id,part_no,market_valuation_method,movement_method,uom_id,item_weight,qty_on_hand,unit_price,optimum_level,reorder_level,reorder_qty,preferred_supplier_id,last_purchase_unit_price,last_purchase_supplier_id,tax_id,tax_calculation_method,is_service_item,is_valid,is_manufactured,is_sellable,is_semi_finished,is_finished,sales_margin,is_sales_margin_percent,tax_percentage,qty_manufactured,top_consumption_rank,created_by,created_at,updated_by,updated_at,is_system,is_deleted) values ("101000228","85","PEPPER POWDER","",null,null,null,"1",null,null,"0",null,"28","1.00000",null,"0.00000",null,null,null,null,null,null,"1","0","0","1","0","1","0","0","0","0","0.00",null,"0","101000101","2021-10-13 05:17:48.0",null,null,"0","0");
DELETE FROM sale_items WHERE id=101000228;
insert into sale_items(id,stock_item_id,stock_item_code,code,hsn_code,is_group_item,group_item_id,is_combo_item,name,description,sub_class_id,is_valid,is_manufactured,alternative_name,is_printable_to_kitchen,name_to_print,alternative_name_to_print,barcode,is_open,qty_on_hand,uom_id,item_weight,profit_category_id,prd_department_id,tax_id,tax_exemption,tax_group_id,tax_id_home_service,tax_id_table_service,tax_id_take_away_service,fixed_price,whls_price,is_whls_price_pc,item_cost,tax_calculation_method,taxation_based_on,is_require_weighing,display_order,best_before,is_hot_item_1,hot_item_1_display_order,is_hot_item_2,hot_item_2_display_order,is_hot_item_3,hot_item_3_display_order,fg_color,bg_color,attrib1_name,attrib1_options,attrib2_name,attrib2_options,attrib3_name,attrib3_options,attrib4_name,attrib4_options,attrib5_name,attrib5_options,tag1,tag2,tag3,tag4,tag5,choice_ids,created_by,created_at,updated_by,updated_at,is_deleted,is_system,item_thumb,sys_sale_flag) values ("101000228","101000228",null,"85","","0",null,"0","PEPPER POWDER","","101000102","1","0","","1","","","","0",null,"28","1.00000",null,null,"1","0","1",null,null,null,"0.00000","0.00000","0","0.00000","0","0","0",null,null,"0",null,"0",null,"0",null,"#FFFFFF","#A9A9A9","",null,null,null,null,null,null,null,null,null,null,null,null,null,null,"","101000101","2021-10-13 17:17:48.0",null,null,"0","0","","1");
DELETE FROM stock_items WHERE id=101000229;
insert into stock_items(id,code,name,description,supplier_product_code,stock_item_attributes,stock_item_location,stock_item_category_id,prd_department_id,part_no,market_valuation_method,movement_method,uom_id,item_weight,qty_on_hand,unit_price,optimum_level,reorder_level,reorder_qty,preferred_supplier_id,last_purchase_unit_price,last_purchase_supplier_id,tax_id,tax_calculation_method,is_service_item,is_valid,is_manufactured,is_sellable,is_semi_finished,is_finished,sales_margin,is_sales_margin_percent,tax_percentage,qty_manufactured,top_consumption_rank,created_by,created_at,updated_by,updated_at,is_system,is_deleted) values ("101000229","55","LAMP WICKS","",null,null,null,"1",null,null,"0",null,"28","1.00000",null,"0.00000",null,null,null,null,null,null,"1","0","0","1","0","1","0","0","0","0","0.00",null,"0","101000101","2021-10-13 05:25:23.0","101000101","2021-10-13 05:26:44.0","0","0");
DELETE FROM sale_items WHERE id=101000229;
insert into sale_items(id,stock_item_id,stock_item_code,code,hsn_code,is_group_item,group_item_id,is_combo_item,name,description,sub_class_id,is_valid,is_manufactured,alternative_name,is_printable_to_kitchen,name_to_print,alternative_name_to_print,barcode,is_open,qty_on_hand,uom_id,item_weight,profit_category_id,prd_department_id,tax_id,tax_exemption,tax_group_id,tax_id_home_service,tax_id_table_service,tax_id_take_away_service,fixed_price,whls_price,is_whls_price_pc,item_cost,tax_calculation_method,taxation_based_on,is_require_weighing,display_order,best_before,is_hot_item_1,hot_item_1_display_order,is_hot_item_2,hot_item_2_display_order,is_hot_item_3,hot_item_3_display_order,fg_color,bg_color,attrib1_name,attrib1_options,attrib2_name,attrib2_options,attrib3_name,attrib3_options,attrib4_name,attrib4_options,attrib5_name,attrib5_options,tag1,tag2,tag3,tag4,tag5,choice_ids,created_by,created_at,updated_by,updated_at,is_deleted,is_system,item_thumb,sys_sale_flag) values ("101000229","101000229",null,"55","","0",null,"0","LAMP WICKS","","101000102","1","0","","1","","","","0",null,"28","1.00000",null,null,"1","0","1",null,null,null,"0.00000","0.00000","0","0.00000","0","0","0",null,null,"0",null,"0",null,"0",null,"#FFFFFF","#A9A9A9","",null,null,null,null,null,null,null,null,null,null,null,null,null,null,"","101000101","2021-10-13 17:25:23.0","101000101","2021-10-13 17:26:44.0","0","0","","1");
update stock_items set id="101000229", code="55", name="LAMP WICKS", description="", supplier_product_code=null, stock_item_attributes=null, stock_item_location=null, stock_item_category_id="1", prd_department_id=null, part_no=null, market_valuation_method="0", movement_method=null, uom_id="28", item_weight="1.00000", qty_on_hand=null, unit_price="0.00000", optimum_level=null, reorder_level=null, reorder_qty=null, preferred_supplier_id=null, last_purchase_unit_price=null, last_purchase_supplier_id=null, tax_id="1", tax_calculation_method="0", is_service_item="0", is_valid="1", is_manufactured="0", is_sellable="1", is_semi_finished="0", is_finished="0", sales_margin="0", is_sales_margin_percent="0", tax_percentage="0.00", qty_manufactured=null, top_consumption_rank="0", created_by="101000101", created_at="2021-10-13 05:25:23.0", updated_by="101000101", updated_at="2021-10-13 05:26:44.0", is_system="0", is_deleted="0" where id=101000229 and is_deleted = 0 and is_synchable = 1;
update sale_items set id="101000229", stock_item_id="101000229", stock_item_code=null, code="55", hsn_code="", is_group_item="0", group_item_id=null, is_combo_item="0", name="LAMP WICKS", description="", sub_class_id="101000102", is_valid="1", is_manufactured="0", alternative_name="", is_printable_to_kitchen="1", name_to_print="", alternative_name_to_print="", barcode="", is_open="0", qty_on_hand=null, uom_id="28", item_weight="1.00000", profit_category_id=null, prd_department_id=null, tax_id="1", tax_exemption="0", tax_group_id="1", tax_id_home_service=null, tax_id_table_service=null, tax_id_take_away_service=null, fixed_price="0.00000", whls_price="0.00000", is_whls_price_pc="0", item_cost="0.00000", tax_calculation_method="0", taxation_based_on="0", is_require_weighing="0", display_order=null, best_before=null, is_hot_item_1="0", hot_item_1_display_order=null, is_hot_item_2="0", hot_item_2_display_order=null, is_hot_item_3="0", hot_item_3_display_order=null, fg_color="#FFFFFF", bg_color="#A9A9A9", attrib1_name="", attrib1_options=null, attrib2_name=null, attrib2_options=null, attrib3_name=null, attrib3_options=null, attrib4_name=null, attrib4_options=null, attrib5_name=null, attrib5_options=null, tag1=null, tag2=null, tag3=null, tag4=null, tag5=null, choice_ids="", created_by="101000101", created_at="2021-10-13 17:25:23.0", updated_by="101000101", updated_at="2021-10-13 17:26:44.0", is_deleted="0", is_system="0", item_thumb="", sys_sale_flag="1" where id=101000229 and is_deleted = 0 and is_synchable = 1;
update stock_items set id="101000229", code="55", name="LAMP WICKS", description="", supplier_product_code=null, stock_item_attributes=null, stock_item_location=null, stock_item_category_id="1", prd_department_id=null, part_no=null, market_valuation_method="0", movement_method=null, uom_id="28", item_weight="1.00000", qty_on_hand=null, unit_price="0.00000", optimum_level=null, reorder_level=null, reorder_qty=null, preferred_supplier_id=null, last_purchase_unit_price=null, last_purchase_supplier_id=null, tax_id="1", tax_calculation_method="0", is_service_item="0", is_valid="1", is_manufactured="0", is_sellable="1", is_semi_finished="0", is_finished="0", sales_margin="0", is_sales_margin_percent="0", tax_percentage="0.00", qty_manufactured=null, top_consumption_rank="0", created_by="101000101", created_at="2021-10-13 05:25:23.0", updated_by="101000101", updated_at="2021-10-13 05:26:44.0", is_system="0", is_deleted="0" where id=101000229 and is_deleted = 0 and is_synchable = 1;
update sale_items set id="101000229", stock_item_id="101000229", stock_item_code=null, code="55", hsn_code="", is_group_item="0", group_item_id=null, is_combo_item="0", name="LAMP WICKS", description="", sub_class_id="101000102", is_valid="1", is_manufactured="0", alternative_name="", is_printable_to_kitchen="1", name_to_print="", alternative_name_to_print="", barcode="", is_open="0", qty_on_hand=null, uom_id="28", item_weight="1.00000", profit_category_id=null, prd_department_id=null, tax_id="1", tax_exemption="0", tax_group_id="1", tax_id_home_service=null, tax_id_table_service=null, tax_id_take_away_service=null, fixed_price="0.00000", whls_price="0.00000", is_whls_price_pc="0", item_cost="0.00000", tax_calculation_method="0", taxation_based_on="0", is_require_weighing="0", display_order=null, best_before=null, is_hot_item_1="0", hot_item_1_display_order=null, is_hot_item_2="0", hot_item_2_display_order=null, is_hot_item_3="0", hot_item_3_display_order=null, fg_color="#FFFFFF", bg_color="#A9A9A9", attrib1_name="", attrib1_options=null, attrib2_name=null, attrib2_options=null, attrib3_name=null, attrib3_options=null, attrib4_name=null, attrib4_options=null, attrib5_name=null, attrib5_options=null, tag1=null, tag2=null, tag3=null, tag4=null, tag5=null, choice_ids="", created_by="101000101", created_at="2021-10-13 17:25:23.0", updated_by="101000101", updated_at="2021-10-13 17:26:44.0", is_deleted="0", is_system="0", item_thumb="", sys_sale_flag="1" where id=101000229 and is_deleted = 0 and is_synchable = 1;
DELETE FROM stock_items WHERE id=101000230;
insert into stock_items(id,code,name,description,supplier_product_code,stock_item_attributes,stock_item_location,stock_item_category_id,prd_department_id,part_no,market_valuation_method,movement_method,uom_id,item_weight,qty_on_hand,unit_price,optimum_level,reorder_level,reorder_qty,preferred_supplier_id,last_purchase_unit_price,last_purchase_supplier_id,tax_id,tax_calculation_method,is_service_item,is_valid,is_manufactured,is_sellable,is_semi_finished,is_finished,sales_margin,is_sales_margin_percent,tax_percentage,qty_manufactured,top_consumption_rank,created_by,created_at,updated_by,updated_at,is_system,is_deleted) values ("101000230","86","SESAME OIL","",null,null,null,"1",null,null,"0",null,"22","1.00000",null,"0.00000",null,null,null,null,null,null,"1","0","0","1","0","1","0","0","0","0","0.00",null,"0","101000101","2021-10-13 05:33:08.0",null,null,"0","0");
DELETE FROM sale_items WHERE id=101000230;
insert into sale_items(id,stock_item_id,stock_item_code,code,hsn_code,is_group_item,group_item_id,is_combo_item,name,description,sub_class_id,is_valid,is_manufactured,alternative_name,is_printable_to_kitchen,name_to_print,alternative_name_to_print,barcode,is_open,qty_on_hand,uom_id,item_weight,profit_category_id,prd_department_id,tax_id,tax_exemption,tax_group_id,tax_id_home_service,tax_id_table_service,tax_id_take_away_service,fixed_price,whls_price,is_whls_price_pc,item_cost,tax_calculation_method,taxation_based_on,is_require_weighing,display_order,best_before,is_hot_item_1,hot_item_1_display_order,is_hot_item_2,hot_item_2_display_order,is_hot_item_3,hot_item_3_display_order,fg_color,bg_color,attrib1_name,attrib1_options,attrib2_name,attrib2_options,attrib3_name,attrib3_options,attrib4_name,attrib4_options,attrib5_name,attrib5_options,tag1,tag2,tag3,tag4,tag5,choice_ids,created_by,created_at,updated_by,updated_at,is_deleted,is_system,item_thumb,sys_sale_flag) values ("101000230","101000230",null,"86","","0",null,"0","SESAME OIL","","101000102","1","0","","1","","","","0",null,"22","1.00000",null,null,"1","0","1",null,null,null,"0.00000","0.00000","0","0.00000","0","0","0",null,null,"0",null,"0",null,"0",null,"#FFFFFF","#A9A9A9","",null,null,null,null,null,null,null,null,null,null,null,null,null,null,"","101000101","2021-10-13 17:33:08.0",null,null,"0","0","","1");
DELETE FROM stock_items WHERE id=101000231;
insert into stock_items(id,code,name,description,supplier_product_code,stock_item_attributes,stock_item_location,stock_item_category_id,prd_department_id,part_no,market_valuation_method,movement_method,uom_id,item_weight,qty_on_hand,unit_price,optimum_level,reorder_level,reorder_qty,preferred_supplier_id,last_purchase_unit_price,last_purchase_supplier_id,tax_id,tax_calculation_method,is_service_item,is_valid,is_manufactured,is_sellable,is_semi_finished,is_finished,sales_margin,is_sales_margin_percent,tax_percentage,qty_manufactured,top_consumption_rank,created_by,created_at,updated_by,updated_at,is_system,is_deleted) values ("101000231","44","Dental kit","",null,null,null,"1",null,null,"0",null,"27","1.00000",null,"14.90000",null,null,null,null,null,null,"1","0","0","1","0","1","0","0","0","0","0.00",null,"0","101000101","2021-10-14 11:10:33.0","101000101","2021-10-14 11:19:37.0","0","0");
DELETE FROM sale_items WHERE id=101000231;
insert into sale_items(id,stock_item_id,stock_item_code,code,hsn_code,is_group_item,group_item_id,is_combo_item,name,description,sub_class_id,is_valid,is_manufactured,alternative_name,is_printable_to_kitchen,name_to_print,alternative_name_to_print,barcode,is_open,qty_on_hand,uom_id,item_weight,profit_category_id,prd_department_id,tax_id,tax_exemption,tax_group_id,tax_id_home_service,tax_id_table_service,tax_id_take_away_service,fixed_price,whls_price,is_whls_price_pc,item_cost,tax_calculation_method,taxation_based_on,is_require_weighing,display_order,best_before,is_hot_item_1,hot_item_1_display_order,is_hot_item_2,hot_item_2_display_order,is_hot_item_3,hot_item_3_display_order,fg_color,bg_color,attrib1_name,attrib1_options,attrib2_name,attrib2_options,attrib3_name,attrib3_options,attrib4_name,attrib4_options,attrib5_name,attrib5_options,tag1,tag2,tag3,tag4,tag5,choice_ids,created_by,created_at,updated_by,updated_at,is_deleted,is_system,item_thumb,sys_sale_flag) values ("101000231","101000231",null,"44","","0",null,"0","Dental kit","","101000102","1","0","","1","","","","0",null,"27","1.00000",null,null,"1","0","1",null,null,null,"14.90000","0.00000","0","0.00000","0","0","0",null,null,"0",null,"0",null,"0",null,"#FFFFFF","#A9A9A9","",null,null,null,null,null,null,null,null,null,null,null,null,null,null,"","101000101","2021-10-14 11:10:33.0","101000101","2021-10-14 11:19:37.0","0","0","","1");
DELETE FROM stock_items WHERE id=101000232;
insert into stock_items(id,code,name,description,supplier_product_code,stock_item_attributes,stock_item_location,stock_item_category_id,prd_department_id,part_no,market_valuation_method,movement_method,uom_id,item_weight,qty_on_hand,unit_price,optimum_level,reorder_level,reorder_qty,preferred_supplier_id,last_purchase_unit_price,last_purchase_supplier_id,tax_id,tax_calculation_method,is_service_item,is_valid,is_manufactured,is_sellable,is_semi_finished,is_finished,sales_margin,is_sales_margin_percent,tax_percentage,qty_manufactured,top_consumption_rank,created_by,created_at,updated_by,updated_at,is_system,is_deleted) values ("101000232","54","Shampoo","",null,null,null,null,null,null,"0",null,"27","1.00000",null,"5.90000",null,null,null,null,null,null,"1","0","0","1","0","1","0","0","0","0","0.00",null,"0","101000101","2021-10-14 11:18:01.0",null,null,"0","0");
DELETE FROM sale_items WHERE id=101000232;
insert into sale_items(id,stock_item_id,stock_item_code,code,hsn_code,is_group_item,group_item_id,is_combo_item,name,description,sub_class_id,is_valid,is_manufactured,alternative_name,is_printable_to_kitchen,name_to_print,alternative_name_to_print,barcode,is_open,qty_on_hand,uom_id,item_weight,profit_category_id,prd_department_id,tax_id,tax_exemption,tax_group_id,tax_id_home_service,tax_id_table_service,tax_id_take_away_service,fixed_price,whls_price,is_whls_price_pc,item_cost,tax_calculation_method,taxation_based_on,is_require_weighing,display_order,best_before,is_hot_item_1,hot_item_1_display_order,is_hot_item_2,hot_item_2_display_order,is_hot_item_3,hot_item_3_display_order,fg_color,bg_color,attrib1_name,attrib1_options,attrib2_name,attrib2_options,attrib3_name,attrib3_options,attrib4_name,attrib4_options,attrib5_name,attrib5_options,tag1,tag2,tag3,tag4,tag5,choice_ids,created_by,created_at,updated_by,updated_at,is_deleted,is_system,item_thumb,sys_sale_flag) values ("101000232","101000232",null,"54","","0",null,"0","Shampoo","","101000102","1","0","","1","","","","0",null,"27","1.00000",null,null,"1","0","1",null,null,null,"5.90000","0.00000","0","0.00000","0","0","0",null,null,"0",null,"0",null,"0",null,"#FFFFFF","#A9A9A9","",null,null,null,null,null,null,null,null,null,null,null,null,null,null,"","101000101","2021-10-14 11:18:01.0",null,null,"0","0","","1");
update stock_items set id="101000231", code="44", name="Dental kit", description="", supplier_product_code=null, stock_item_attributes=null, stock_item_location=null, stock_item_category_id="1", prd_department_id=null, part_no=null, market_valuation_method="0", movement_method=null, uom_id="27", item_weight="1.00000", qty_on_hand=null, unit_price="14.90000", optimum_level=null, reorder_level=null, reorder_qty=null, preferred_supplier_id=null, last_purchase_unit_price=null, last_purchase_supplier_id=null, tax_id="1", tax_calculation_method="0", is_service_item="0", is_valid="1", is_manufactured="0", is_sellable="1", is_semi_finished="0", is_finished="0", sales_margin="0", is_sales_margin_percent="0", tax_percentage="0.00", qty_manufactured=null, top_consumption_rank="0", created_by="101000101", created_at="2021-10-14 11:10:33.0", updated_by="101000101", updated_at="2021-10-14 11:19:37.0", is_system="0", is_deleted="0" where id=101000231 and is_deleted = 0 and is_synchable = 1;
update sale_items set id="101000231", stock_item_id="101000231", stock_item_code=null, code="44", hsn_code="", is_group_item="0", group_item_id=null, is_combo_item="0", name="Dental kit", description="", sub_class_id="101000102", is_valid="1", is_manufactured="0", alternative_name="", is_printable_to_kitchen="1", name_to_print="", alternative_name_to_print="", barcode="", is_open="0", qty_on_hand=null, uom_id="27", item_weight="1.00000", profit_category_id=null, prd_department_id=null, tax_id="1", tax_exemption="0", tax_group_id="1", tax_id_home_service=null, tax_id_table_service=null, tax_id_take_away_service=null, fixed_price="14.90000", whls_price="0.00000", is_whls_price_pc="0", item_cost="0.00000", tax_calculation_method="0", taxation_based_on="0", is_require_weighing="0", display_order=null, best_before=null, is_hot_item_1="0", hot_item_1_display_order=null, is_hot_item_2="0", hot_item_2_display_order=null, is_hot_item_3="0", hot_item_3_display_order=null, fg_color="#FFFFFF", bg_color="#A9A9A9", attrib1_name="", attrib1_options=null, attrib2_name=null, attrib2_options=null, attrib3_name=null, attrib3_options=null, attrib4_name=null, attrib4_options=null, attrib5_name=null, attrib5_options=null, tag1=null, tag2=null, tag3=null, tag4=null, tag5=null, choice_ids="", created_by="101000101", created_at="2021-10-14 11:10:33.0", updated_by="101000101", updated_at="2021-10-14 11:19:37.0", is_deleted="0", is_system="0", item_thumb="", sys_sale_flag="1" where id=101000231 and is_deleted = 0 and is_synchable = 1;
update stock_items set id="101000231", code="44", name="Dental kit", description="", supplier_product_code=null, stock_item_attributes=null, stock_item_location=null, stock_item_category_id="1", prd_department_id=null, part_no=null, market_valuation_method="0", movement_method=null, uom_id="27", item_weight="1.00000", qty_on_hand=null, unit_price="14.90000", optimum_level=null, reorder_level=null, reorder_qty=null, preferred_supplier_id=null, last_purchase_unit_price=null, last_purchase_supplier_id=null, tax_id="1", tax_calculation_method="0", is_service_item="0", is_valid="1", is_manufactured="0", is_sellable="1", is_semi_finished="0", is_finished="0", sales_margin="0", is_sales_margin_percent="0", tax_percentage="0.00", qty_manufactured=null, top_consumption_rank="0", created_by="101000101", created_at="2021-10-14 11:10:33.0", updated_by="101000101", updated_at="2021-10-14 11:19:37.0", is_system="0", is_deleted="0" where id=101000231 and is_deleted = 0 and is_synchable = 1;
update sale_items set id="101000231", stock_item_id="101000231", stock_item_code=null, code="44", hsn_code="", is_group_item="0", group_item_id=null, is_combo_item="0", name="Dental kit", description="", sub_class_id="101000102", is_valid="1", is_manufactured="0", alternative_name="", is_printable_to_kitchen="1", name_to_print="", alternative_name_to_print="", barcode="", is_open="0", qty_on_hand=null, uom_id="27", item_weight="1.00000", profit_category_id=null, prd_department_id=null, tax_id="1", tax_exemption="0", tax_group_id="1", tax_id_home_service=null, tax_id_table_service=null, tax_id_take_away_service=null, fixed_price="14.90000", whls_price="0.00000", is_whls_price_pc="0", item_cost="0.00000", tax_calculation_method="0", taxation_based_on="0", is_require_weighing="0", display_order=null, best_before=null, is_hot_item_1="0", hot_item_1_display_order=null, is_hot_item_2="0", hot_item_2_display_order=null, is_hot_item_3="0", hot_item_3_display_order=null, fg_color="#FFFFFF", bg_color="#A9A9A9", attrib1_name="", attrib1_options=null, attrib2_name=null, attrib2_options=null, attrib3_name=null, attrib3_options=null, attrib4_name=null, attrib4_options=null, attrib5_name=null, attrib5_options=null, tag1=null, tag2=null, tag3=null, tag4=null, tag5=null, choice_ids="", created_by="101000101", created_at="2021-10-14 11:10:33.0", updated_by="101000101", updated_at="2021-10-14 11:19:37.0", is_deleted="0", is_system="0", item_thumb="", sys_sale_flag="1" where id=101000231 and is_deleted = 0 and is_synchable = 1;
update stock_items set id="101000231", code="44", name="Dental kit", description="", supplier_product_code=null, stock_item_attributes=null, stock_item_location=null, stock_item_category_id="1", prd_department_id=null, part_no=null, market_valuation_method="0", movement_method=null, uom_id="27", item_weight="1.00000", qty_on_hand=null, unit_price="14.90000", optimum_level=null, reorder_level=null, reorder_qty=null, preferred_supplier_id=null, last_purchase_unit_price=null, last_purchase_supplier_id=null, tax_id="1", tax_calculation_method="0", is_service_item="0", is_valid="1", is_manufactured="0", is_sellable="1", is_semi_finished="0", is_finished="0", sales_margin="0", is_sales_margin_percent="0", tax_percentage="0.00", qty_manufactured=null, top_consumption_rank="0", created_by="101000101", created_at="2021-10-14 11:10:33.0", updated_by="101000101", updated_at="2021-10-14 11:19:37.0", is_system="0", is_deleted="0" where id=101000231 and is_deleted = 0 and is_synchable = 1;
update sale_items set id="101000231", stock_item_id="101000231", stock_item_code=null, code="44", hsn_code="", is_group_item="0", group_item_id=null, is_combo_item="0", name="Dental kit", description="", sub_class_id="101000102", is_valid="1", is_manufactured="0", alternative_name="", is_printable_to_kitchen="1", name_to_print="", alternative_name_to_print="", barcode="", is_open="0", qty_on_hand=null, uom_id="27", item_weight="1.00000", profit_category_id=null, prd_department_id=null, tax_id="1", tax_exemption="0", tax_group_id="1", tax_id_home_service=null, tax_id_table_service=null, tax_id_take_away_service=null, fixed_price="14.90000", whls_price="0.00000", is_whls_price_pc="0", item_cost="0.00000", tax_calculation_method="0", taxation_based_on="0", is_require_weighing="0", display_order=null, best_before=null, is_hot_item_1="0", hot_item_1_display_order=null, is_hot_item_2="0", hot_item_2_display_order=null, is_hot_item_3="0", hot_item_3_display_order=null, fg_color="#FFFFFF", bg_color="#A9A9A9", attrib1_name="", attrib1_options=null, attrib2_name=null, attrib2_options=null, attrib3_name=null, attrib3_options=null, attrib4_name=null, attrib4_options=null, attrib5_name=null, attrib5_options=null, tag1=null, tag2=null, tag3=null, tag4=null, tag5=null, choice_ids="", created_by="101000101", created_at="2021-10-14 11:10:33.0", updated_by="101000101", updated_at="2021-10-14 11:19:37.0", is_deleted="0", is_system="0", item_thumb="", sys_sale_flag="1" where id=101000231 and is_deleted = 0 and is_synchable = 1;
DELETE FROM stock_items WHERE id=101000233;
insert into stock_items(id,code,name,description,supplier_product_code,stock_item_attributes,stock_item_location,stock_item_category_id,prd_department_id,part_no,market_valuation_method,movement_method,uom_id,item_weight,qty_on_hand,unit_price,optimum_level,reorder_level,reorder_qty,preferred_supplier_id,last_purchase_unit_price,last_purchase_supplier_id,tax_id,tax_calculation_method,is_service_item,is_valid,is_manufactured,is_sellable,is_semi_finished,is_finished,sales_margin,is_sales_margin_percent,tax_percentage,qty_manufactured,top_consumption_rank,created_by,created_at,updated_by,updated_at,is_system,is_deleted) values ("101000233","46","soap","",null,null,null,"1",null,null,"0",null,"27","1.00000",null,"5.80000",null,null,null,null,null,null,"1","0","0","1","0","1","0","0","0","0","0.00",null,"0","101000101","2021-10-14 11:25:19.0","101000101","2021-10-14 11:55:52.0","0","0");
DELETE FROM sale_items WHERE id=101000233;
insert into sale_items(id,stock_item_id,stock_item_code,code,hsn_code,is_group_item,group_item_id,is_combo_item,name,description,sub_class_id,is_valid,is_manufactured,alternative_name,is_printable_to_kitchen,name_to_print,alternative_name_to_print,barcode,is_open,qty_on_hand,uom_id,item_weight,profit_category_id,prd_department_id,tax_id,tax_exemption,tax_group_id,tax_id_home_service,tax_id_table_service,tax_id_take_away_service,fixed_price,whls_price,is_whls_price_pc,item_cost,tax_calculation_method,taxation_based_on,is_require_weighing,display_order,best_before,is_hot_item_1,hot_item_1_display_order,is_hot_item_2,hot_item_2_display_order,is_hot_item_3,hot_item_3_display_order,fg_color,bg_color,attrib1_name,attrib1_options,attrib2_name,attrib2_options,attrib3_name,attrib3_options,attrib4_name,attrib4_options,attrib5_name,attrib5_options,tag1,tag2,tag3,tag4,tag5,choice_ids,created_by,created_at,updated_by,updated_at,is_deleted,is_system,item_thumb,sys_sale_flag) values ("101000233","101000233",null,"46","","0",null,"0","soap","","101000102","1","0","","1","","","","0",null,"27","1.00000",null,null,"1","0","1",null,null,null,"5.80000","0.00000","0","0.00000","0","0","0",null,null,"0",null,"0",null,"0",null,"#FFFFFF","#A9A9A9","",null,null,null,null,null,null,null,null,null,null,null,null,null,null,"","101000101","2021-10-14 11:25:19.0","101000101","2021-10-14 11:55:52.0","0","0","","1");
DELETE FROM stock_items WHERE id=101000234;
insert into stock_items(id,code,name,description,supplier_product_code,stock_item_attributes,stock_item_location,stock_item_category_id,prd_department_id,part_no,market_valuation_method,movement_method,uom_id,item_weight,qty_on_hand,unit_price,optimum_level,reorder_level,reorder_qty,preferred_supplier_id,last_purchase_unit_price,last_purchase_supplier_id,tax_id,tax_calculation_method,is_service_item,is_valid,is_manufactured,is_sellable,is_semi_finished,is_finished,sales_margin,is_sales_margin_percent,tax_percentage,qty_manufactured,top_consumption_rank,created_by,created_at,updated_by,updated_at,is_system,is_deleted) values ("101000234","47","shower cap","",null,null,null,"1",null,null,"0",null,"27","1.00000",null,"5.80000",null,null,null,null,null,null,"1","0","0","1","0","1","0","0","0","0","0.00",null,"0","101000101","2021-10-14 11:30:50.0",null,null,"0","0");
DELETE FROM sale_items WHERE id=101000234;
insert into sale_items(id,stock_item_id,stock_item_code,code,hsn_code,is_group_item,group_item_id,is_combo_item,name,description,sub_class_id,is_valid,is_manufactured,alternative_name,is_printable_to_kitchen,name_to_print,alternative_name_to_print,barcode,is_open,qty_on_hand,uom_id,item_weight,profit_category_id,prd_department_id,tax_id,tax_exemption,tax_group_id,tax_id_home_service,tax_id_table_service,tax_id_take_away_service,fixed_price,whls_price,is_whls_price_pc,item_cost,tax_calculation_method,taxation_based_on,is_require_weighing,display_order,best_before,is_hot_item_1,hot_item_1_display_order,is_hot_item_2,hot_item_2_display_order,is_hot_item_3,hot_item_3_display_order,fg_color,bg_color,attrib1_name,attrib1_options,attrib2_name,attrib2_options,attrib3_name,attrib3_options,attrib4_name,attrib4_options,attrib5_name,attrib5_options,tag1,tag2,tag3,tag4,tag5,choice_ids,created_by,created_at,updated_by,updated_at,is_deleted,is_system,item_thumb,sys_sale_flag) values ("101000234","101000234",null,"47","","0",null,"0","shower cap","","101000102","1","0","","1","","","","0",null,"27","1.00000",null,null,"1","0","1",null,null,null,"5.80000","0.00000","0","0.00000","0","0","0",null,null,"0",null,"0",null,"0",null,"#FFFFFF","#A9A9A9","",null,null,null,null,null,null,null,null,null,null,null,null,null,null,"","101000101","2021-10-14 11:30:50.0",null,null,"0","0","","1");
update stock_items set id="101000233", code="46", name="soap", description="", supplier_product_code=null, stock_item_attributes=null, stock_item_location=null, stock_item_category_id="1", prd_department_id=null, part_no=null, market_valuation_method="0", movement_method=null, uom_id="27", item_weight="1.00000", qty_on_hand=null, unit_price="5.80000", optimum_level=null, reorder_level=null, reorder_qty=null, preferred_supplier_id=null, last_purchase_unit_price=null, last_purchase_supplier_id=null, tax_id="1", tax_calculation_method="0", is_service_item="0", is_valid="1", is_manufactured="0", is_sellable="1", is_semi_finished="0", is_finished="0", sales_margin="0", is_sales_margin_percent="0", tax_percentage="0.00", qty_manufactured=null, top_consumption_rank="0", created_by="101000101", created_at="2021-10-14 11:25:19.0", updated_by="101000101", updated_at="2021-10-14 11:55:52.0", is_system="0", is_deleted="0" where id=101000233 and is_deleted = 0 and is_synchable = 1;
update sale_items set id="101000233", stock_item_id="101000233", stock_item_code=null, code="46", hsn_code="", is_group_item="0", group_item_id=null, is_combo_item="0", name="soap", description="", sub_class_id="101000102", is_valid="1", is_manufactured="0", alternative_name="", is_printable_to_kitchen="1", name_to_print="", alternative_name_to_print="", barcode="", is_open="0", qty_on_hand=null, uom_id="27", item_weight="1.00000", profit_category_id=null, prd_department_id=null, tax_id="1", tax_exemption="0", tax_group_id="1", tax_id_home_service=null, tax_id_table_service=null, tax_id_take_away_service=null, fixed_price="5.80000", whls_price="0.00000", is_whls_price_pc="0", item_cost="0.00000", tax_calculation_method="0", taxation_based_on="0", is_require_weighing="0", display_order=null, best_before=null, is_hot_item_1="0", hot_item_1_display_order=null, is_hot_item_2="0", hot_item_2_display_order=null, is_hot_item_3="0", hot_item_3_display_order=null, fg_color="#FFFFFF", bg_color="#A9A9A9", attrib1_name="", attrib1_options=null, attrib2_name=null, attrib2_options=null, attrib3_name=null, attrib3_options=null, attrib4_name=null, attrib4_options=null, attrib5_name=null, attrib5_options=null, tag1=null, tag2=null, tag3=null, tag4=null, tag5=null, choice_ids="", created_by="101000101", created_at="2021-10-14 11:25:19.0", updated_by="101000101", updated_at="2021-10-14 11:55:52.0", is_deleted="0", is_system="0", item_thumb="", sys_sale_flag="1" where id=101000233 and is_deleted = 0 and is_synchable = 1;
DELETE FROM stock_items WHERE id=101000235;
insert into stock_items(id,code,name,description,supplier_product_code,stock_item_attributes,stock_item_location,stock_item_category_id,prd_department_id,part_no,market_valuation_method,movement_method,uom_id,item_weight,qty_on_hand,unit_price,optimum_level,reorder_level,reorder_qty,preferred_supplier_id,last_purchase_unit_price,last_purchase_supplier_id,tax_id,tax_calculation_method,is_service_item,is_valid,is_manufactured,is_sellable,is_semi_finished,is_finished,sales_margin,is_sales_margin_percent,tax_percentage,qty_manufactured,top_consumption_rank,created_by,created_at,updated_by,updated_at,is_system,is_deleted) values ("101000235","48","Shaving kit","",null,null,null,"1",null,null,"0",null,"27","1.00000",null,"14.90000",null,null,null,null,null,null,"1","0","0","1","0","1","0","0","0","0","0.00",null,"0","101000101","2021-10-14 12:09:07.0",null,null,"0","0");
DELETE FROM sale_items WHERE id=101000235;
insert into sale_items(id,stock_item_id,stock_item_code,code,hsn_code,is_group_item,group_item_id,is_combo_item,name,description,sub_class_id,is_valid,is_manufactured,alternative_name,is_printable_to_kitchen,name_to_print,alternative_name_to_print,barcode,is_open,qty_on_hand,uom_id,item_weight,profit_category_id,prd_department_id,tax_id,tax_exemption,tax_group_id,tax_id_home_service,tax_id_table_service,tax_id_take_away_service,fixed_price,whls_price,is_whls_price_pc,item_cost,tax_calculation_method,taxation_based_on,is_require_weighing,display_order,best_before,is_hot_item_1,hot_item_1_display_order,is_hot_item_2,hot_item_2_display_order,is_hot_item_3,hot_item_3_display_order,fg_color,bg_color,attrib1_name,attrib1_options,attrib2_name,attrib2_options,attrib3_name,attrib3_options,attrib4_name,attrib4_options,attrib5_name,attrib5_options,tag1,tag2,tag3,tag4,tag5,choice_ids,created_by,created_at,updated_by,updated_at,is_deleted,is_system,item_thumb,sys_sale_flag) values ("101000235","101000235",null,"48","","0",null,"0","Shaving kit","","101000102","1","0","","1","","","","0",null,"27","1.00000",null,null,"1","0","1",null,null,null,"14.90000","0.00000","0","0.00000","0","0","0",null,null,"0",null,"0",null,"0",null,"#FFFFFF","#A9A9A9","",null,null,null,null,null,null,null,null,null,null,null,null,null,null,"","101000101","2021-10-14 12:09:07.0",null,null,"0","0","","1");
DELETE FROM stock_items WHERE id=101000236;
insert into stock_items(id,code,name,description,supplier_product_code,stock_item_attributes,stock_item_location,stock_item_category_id,prd_department_id,part_no,market_valuation_method,movement_method,uom_id,item_weight,qty_on_hand,unit_price,optimum_level,reorder_level,reorder_qty,preferred_supplier_id,last_purchase_unit_price,last_purchase_supplier_id,tax_id,tax_calculation_method,is_service_item,is_valid,is_manufactured,is_sellable,is_semi_finished,is_finished,sales_margin,is_sales_margin_percent,tax_percentage,qty_manufactured,top_consumption_rank,created_by,created_at,updated_by,updated_at,is_system,is_deleted) values ("101000236","56","BANANA Njali Poovan","",null,null,null,"1",null,null,"0",null,"21","1.00000",null,"0.00000",null,null,null,null,null,null,"1","0","0","1","0","1","0","0","0","0","0.00",null,"0","101000101","2021-10-14 03:16:13.0",null,null,"0","0");
DELETE FROM sale_items WHERE id=101000236;
insert into sale_items(id,stock_item_id,stock_item_code,code,hsn_code,is_group_item,group_item_id,is_combo_item,name,description,sub_class_id,is_valid,is_manufactured,alternative_name,is_printable_to_kitchen,name_to_print,alternative_name_to_print,barcode,is_open,qty_on_hand,uom_id,item_weight,profit_category_id,prd_department_id,tax_id,tax_exemption,tax_group_id,tax_id_home_service,tax_id_table_service,tax_id_take_away_service,fixed_price,whls_price,is_whls_price_pc,item_cost,tax_calculation_method,taxation_based_on,is_require_weighing,display_order,best_before,is_hot_item_1,hot_item_1_display_order,is_hot_item_2,hot_item_2_display_order,is_hot_item_3,hot_item_3_display_order,fg_color,bg_color,attrib1_name,attrib1_options,attrib2_name,attrib2_options,attrib3_name,attrib3_options,attrib4_name,attrib4_options,attrib5_name,attrib5_options,tag1,tag2,tag3,tag4,tag5,choice_ids,created_by,created_at,updated_by,updated_at,is_deleted,is_system,item_thumb,sys_sale_flag) values ("101000236","101000236",null,"56","","0",null,"0","BANANA Njali Poovan","","101000102","1","0","","1","","","","0",null,"21","1.00000",null,null,"1","0","1",null,null,null,"0.00000","0.00000","0","0.00000","0","0","0",null,null,"0",null,"0",null,"0",null,"#FFFFFF","#A9A9A9","",null,null,null,null,null,null,null,null,null,null,null,null,null,null,"","101000101","2021-10-14 15:16:13.0",null,null,"0","0","","1");
DELETE FROM area_codes WHERE id=101000101;
insert into area_codes(id,code,name,description,created_by,created_at,updated_by,updated_at,is_system,is_deleted) values ("101000101","49","Cremar","","101000101","2021-10-14 03:41:50.0",null,null,"0","0");
DELETE FROM stock_items WHERE id=101000237;
insert into stock_items(id,code,name,description,supplier_product_code,stock_item_attributes,stock_item_location,stock_item_category_id,prd_department_id,part_no,market_valuation_method,movement_method,uom_id,item_weight,qty_on_hand,unit_price,optimum_level,reorder_level,reorder_qty,preferred_supplier_id,last_purchase_unit_price,last_purchase_supplier_id,tax_id,tax_calculation_method,is_service_item,is_valid,is_manufactured,is_sellable,is_semi_finished,is_finished,sales_margin,is_sales_margin_percent,tax_percentage,qty_manufactured,top_consumption_rank,created_by,created_at,updated_by,updated_at,is_system,is_deleted) values ("101000237","51","Butter Milk","",null,null,null,"1",null,null,"0",null,"28","1.00000",null,"0.00000",null,null,null,null,null,null,"1","0","0","1","0","1","0","0","0","0","0.00",null,"0","101000101","2021-10-15 01:05:27.0",null,null,"0","0");
DELETE FROM sale_items WHERE id=101000237;
insert into sale_items(id,stock_item_id,stock_item_code,code,hsn_code,is_group_item,group_item_id,is_combo_item,name,description,sub_class_id,is_valid,is_manufactured,alternative_name,is_printable_to_kitchen,name_to_print,alternative_name_to_print,barcode,is_open,qty_on_hand,uom_id,item_weight,profit_category_id,prd_department_id,tax_id,tax_exemption,tax_group_id,tax_id_home_service,tax_id_table_service,tax_id_take_away_service,fixed_price,whls_price,is_whls_price_pc,item_cost,tax_calculation_method,taxation_based_on,is_require_weighing,display_order,best_before,is_hot_item_1,hot_item_1_display_order,is_hot_item_2,hot_item_2_display_order,is_hot_item_3,hot_item_3_display_order,fg_color,bg_color,attrib1_name,attrib1_options,attrib2_name,attrib2_options,attrib3_name,attrib3_options,attrib4_name,attrib4_options,attrib5_name,attrib5_options,tag1,tag2,tag3,tag4,tag5,choice_ids,created_by,created_at,updated_by,updated_at,is_deleted,is_system,item_thumb,sys_sale_flag) values ("101000237","101000237",null,"51","","0",null,"0","Butter Milk","","101000102","1","0","","1","","","","0",null,"28","1.00000",null,null,"1","0","1",null,null,null,"0.00000","0.00000","0","0.00000","0","0","0",null,null,"0",null,"0",null,"0",null,"#FFFFFF","#A9A9A9","",null,null,null,null,null,null,null,null,null,null,null,null,null,null,"","101000101","2021-10-15 13:05:27.0",null,null,"0","0","","1");
DELETE FROM stock_items WHERE id=101000238;
insert into stock_items(id,code,name,description,supplier_product_code,stock_item_attributes,stock_item_location,stock_item_category_id,prd_department_id,part_no,market_valuation_method,movement_method,uom_id,item_weight,qty_on_hand,unit_price,optimum_level,reorder_level,reorder_qty,preferred_supplier_id,last_purchase_unit_price,last_purchase_supplier_id,tax_id,tax_calculation_method,is_service_item,is_valid,is_manufactured,is_sellable,is_semi_finished,is_finished,sales_margin,is_sales_margin_percent,tax_percentage,qty_manufactured,top_consumption_rank,created_by,created_at,updated_by,updated_at,is_system,is_deleted) values ("101000238","58","Shampoo","",null,null,null,"1",null,null,"0",null,"27","1.00000",null,"5.80000",null,null,null,null,null,null,"1","0","0","1","0","1","0","0","0","0","0.00",null,"0","101000101","2021-10-19 03:25:13.0",null,null,"0","0");
DELETE FROM sale_items WHERE id=101000238;
insert into sale_items(id,stock_item_id,stock_item_code,code,hsn_code,is_group_item,group_item_id,is_combo_item,name,description,sub_class_id,is_valid,is_manufactured,alternative_name,is_printable_to_kitchen,name_to_print,alternative_name_to_print,barcode,is_open,qty_on_hand,uom_id,item_weight,profit_category_id,prd_department_id,tax_id,tax_exemption,tax_group_id,tax_id_home_service,tax_id_table_service,tax_id_take_away_service,fixed_price,whls_price,is_whls_price_pc,item_cost,tax_calculation_method,taxation_based_on,is_require_weighing,display_order,best_before,is_hot_item_1,hot_item_1_display_order,is_hot_item_2,hot_item_2_display_order,is_hot_item_3,hot_item_3_display_order,fg_color,bg_color,attrib1_name,attrib1_options,attrib2_name,attrib2_options,attrib3_name,attrib3_options,attrib4_name,attrib4_options,attrib5_name,attrib5_options,tag1,tag2,tag3,tag4,tag5,choice_ids,created_by,created_at,updated_by,updated_at,is_deleted,is_system,item_thumb,sys_sale_flag) values ("101000238","101000238",null,"58","","0",null,"0","Shampoo","","101000102","1","0","","1","","","","0",null,"27","1.00000",null,null,"1","0","1",null,null,null,"5.80000","0.00000","0","0.00000","0","0","0",null,null,"0",null,"0",null,"0",null,"#FFFFFF","#A9A9A9","",null,null,null,null,null,null,null,null,null,null,null,null,null,null,"","101000101","2021-10-19 15:25:13.0",null,null,"0","0","","1");
DELETE FROM stock_items WHERE id=101000239;
insert into stock_items(id,code,name,description,supplier_product_code,stock_item_attributes,stock_item_location,stock_item_category_id,prd_department_id,part_no,market_valuation_method,movement_method,uom_id,item_weight,qty_on_hand,unit_price,optimum_level,reorder_level,reorder_qty,preferred_supplier_id,last_purchase_unit_price,last_purchase_supplier_id,tax_id,tax_calculation_method,is_service_item,is_valid,is_manufactured,is_sellable,is_semi_finished,is_finished,sales_margin,is_sales_margin_percent,tax_percentage,qty_manufactured,top_consumption_rank,created_by,created_at,updated_by,updated_at,is_system,is_deleted) values ("101000239","59","Glass Cover","",null,null,null,"1",null,null,"0",null,"27","1.00000",null,"1.50000",null,null,null,null,null,null,"1","0","0","1","0","1","0","0","0","0","0.00",null,"0","101000101","2021-10-19 03:26:09.0",null,null,"0","0");
DELETE FROM sale_items WHERE id=101000239;
insert into sale_items(id,stock_item_id,stock_item_code,code,hsn_code,is_group_item,group_item_id,is_combo_item,name,description,sub_class_id,is_valid,is_manufactured,alternative_name,is_printable_to_kitchen,name_to_print,alternative_name_to_print,barcode,is_open,qty_on_hand,uom_id,item_weight,profit_category_id,prd_department_id,tax_id,tax_exemption,tax_group_id,tax_id_home_service,tax_id_table_service,tax_id_take_away_service,fixed_price,whls_price,is_whls_price_pc,item_cost,tax_calculation_method,taxation_based_on,is_require_weighing,display_order,best_before,is_hot_item_1,hot_item_1_display_order,is_hot_item_2,hot_item_2_display_order,is_hot_item_3,hot_item_3_display_order,fg_color,bg_color,attrib1_name,attrib1_options,attrib2_name,attrib2_options,attrib3_name,attrib3_options,attrib4_name,attrib4_options,attrib5_name,attrib5_options,tag1,tag2,tag3,tag4,tag5,choice_ids,created_by,created_at,updated_by,updated_at,is_deleted,is_system,item_thumb,sys_sale_flag) values ("101000239","101000239",null,"59","","0",null,"0","Glass Cover","","101000102","1","0","","1","","","","0",null,"27","1.00000",null,null,"1","0","1",null,null,null,"1.50000","0.00000","0","0.00000","0","0","0",null,null,"0",null,"0",null,"0",null,"#FFFFFF","#A9A9A9","",null,null,null,null,null,null,null,null,null,null,null,null,null,null,"","101000101","2021-10-19 15:26:09.0",null,null,"0","0","","1");
DELETE FROM area_codes WHERE id=101000102;
insert into area_codes(id,code,name,description,created_by,created_at,updated_by,updated_at,is_system,is_deleted) values ("101000102","59","Toilet Roll","","101000101","2021-10-20 02:45:50.0",null,null,"0","0");
DELETE FROM stock_items WHERE id=101000240;
insert into stock_items(id,code,name,description,supplier_product_code,stock_item_attributes,stock_item_location,stock_item_category_id,prd_department_id,part_no,market_valuation_method,movement_method,uom_id,item_weight,qty_on_hand,unit_price,optimum_level,reorder_level,reorder_qty,preferred_supplier_id,last_purchase_unit_price,last_purchase_supplier_id,tax_id,tax_calculation_method,is_service_item,is_valid,is_manufactured,is_sellable,is_semi_finished,is_finished,sales_margin,is_sales_margin_percent,tax_percentage,qty_manufactured,top_consumption_rank,created_by,created_at,updated_by,updated_at,is_system,is_deleted) values ("101000240","60","Toilet Roll","",null,null,null,"1",null,null,"0",null,"44","1.00000",null,"7.90000",null,null,null,null,null,null,"1","0","0","1","0","1","0","0","0","0","0.00",null,"0","101000101","2021-10-21 12:08:06.0",null,null,"0","0");
DELETE FROM sale_items WHERE id=101000240;
insert into sale_items(id,stock_item_id,stock_item_code,code,hsn_code,is_group_item,group_item_id,is_combo_item,name,description,sub_class_id,is_valid,is_manufactured,alternative_name,is_printable_to_kitchen,name_to_print,alternative_name_to_print,barcode,is_open,qty_on_hand,uom_id,item_weight,profit_category_id,prd_department_id,tax_id,tax_exemption,tax_group_id,tax_id_home_service,tax_id_table_service,tax_id_take_away_service,fixed_price,whls_price,is_whls_price_pc,item_cost,tax_calculation_method,taxation_based_on,is_require_weighing,display_order,best_before,is_hot_item_1,hot_item_1_display_order,is_hot_item_2,hot_item_2_display_order,is_hot_item_3,hot_item_3_display_order,fg_color,bg_color,attrib1_name,attrib1_options,attrib2_name,attrib2_options,attrib3_name,attrib3_options,attrib4_name,attrib4_options,attrib5_name,attrib5_options,tag1,tag2,tag3,tag4,tag5,choice_ids,created_by,created_at,updated_by,updated_at,is_deleted,is_system,item_thumb,sys_sale_flag) values ("101000240","101000240",null,"60","","0",null,"0","Toilet Roll","","101000102","1","0","","1","","","","0",null,"44","1.00000",null,null,"1","0","1",null,null,null,"7.90000","0.00000","0","0.00000","0","0","0",null,null,"0",null,"0",null,"0",null,"#FFFFFF","#A9A9A9","",null,null,null,null,null,null,null,null,null,null,null,null,null,null,"","101000101","2021-10-21 12:08:06.0",null,null,"0","0","","1");
DELETE FROM item_classes WHERE id=101000107;
insert into item_classes(id,code,hsn_code,name,alternative_name,department_id,description,menu_id,super_class_id,tax_calculation_method,tax_id,tax_exemption,tax_group_id,display_order,print_order,account_code,fg_color,bg_color,item_thumb,created_by,created_at,updated_by,updated_at,is_deleted,is_system) values ("101000107","107","","CURTAINS","","1","",null,"101000103","0","1","0","1",null,null,"","#FFFFFF","#A9A9A9","","0","2021-10-22 05:31:03.0",null,null,"0","0");
DELETE FROM item_classes WHERE id=101000108;
insert into item_classes(id,code,hsn_code,name,alternative_name,department_id,description,menu_id,super_class_id,tax_calculation_method,tax_id,tax_exemption,tax_group_id,display_order,print_order,account_code,fg_color,bg_color,item_thumb,created_by,created_at,updated_by,updated_at,is_deleted,is_system) values ("101000108","108","","RUNNERS&CUSHION COVERS","","1","",null,"101000103","0","1","0","1",null,null,"","#FFFFFF","#A9A9A9","","0","2021-10-22 05:31:46.0",null,null,"0","0");
DELETE FROM stock_items WHERE id=101000241;
insert into stock_items(id,code,name,description,supplier_product_code,stock_item_attributes,stock_item_location,stock_item_category_id,prd_department_id,part_no,market_valuation_method,movement_method,uom_id,item_weight,qty_on_hand,unit_price,optimum_level,reorder_level,reorder_qty,preferred_supplier_id,last_purchase_unit_price,last_purchase_supplier_id,tax_id,tax_calculation_method,is_service_item,is_valid,is_manufactured,is_sellable,is_semi_finished,is_finished,sales_margin,is_sales_margin_percent,tax_percentage,qty_manufactured,top_consumption_rank,created_by,created_at,updated_by,updated_at,is_system,is_deleted) values ("101000241","215","Beige flowers Runner","8 single,4double",null,null,null,"1",null,null,"0",null,"27","1.00000",null,"0.00000",null,null,null,null,null,null,"1","0","0","1","0","1","0","0","0","0","0.00",null,"0","0","2021-10-22 05:34:37.0","0","2021-10-22 05:42:44.0","0","0");
DELETE FROM sale_items WHERE id=101000241;
insert into sale_items(id,stock_item_id,stock_item_code,code,hsn_code,is_group_item,group_item_id,is_combo_item,name,description,sub_class_id,is_valid,is_manufactured,alternative_name,is_printable_to_kitchen,name_to_print,alternative_name_to_print,barcode,is_open,qty_on_hand,uom_id,item_weight,profit_category_id,prd_department_id,tax_id,tax_exemption,tax_group_id,tax_id_home_service,tax_id_table_service,tax_id_take_away_service,fixed_price,whls_price,is_whls_price_pc,item_cost,tax_calculation_method,taxation_based_on,is_require_weighing,display_order,best_before,is_hot_item_1,hot_item_1_display_order,is_hot_item_2,hot_item_2_display_order,is_hot_item_3,hot_item_3_display_order,fg_color,bg_color,attrib1_name,attrib1_options,attrib2_name,attrib2_options,attrib3_name,attrib3_options,attrib4_name,attrib4_options,attrib5_name,attrib5_options,tag1,tag2,tag3,tag4,tag5,choice_ids,created_by,created_at,updated_by,updated_at,is_deleted,is_system,item_thumb,sys_sale_flag) values ("101000241","101000241",null,"215","","0",null,"0","Beige flowers Runner","8 single,4double","101000108","1","0","","1","","","","0",null,"27","1.00000",null,null,"1","0","1",null,null,null,"0.00000","0.00000","0","0.00000","0","0","0",null,null,"0",null,"0",null,"0",null,"#FFFFFF","#A9A9A9","",null,null,null,null,null,null,null,null,null,null,null,null,null,null,"","0","2021-10-22 17:34:37.0","0","2021-10-22 17:42:44.0","0","0","","1");
DELETE FROM sale_item_ext WHERE id=101000241;
insert into sale_item_ext(id,kitchen_id,is_deleted,last_sync_at) values ("101000241","101000101","0","2021-10-22 17:34:37.0");
DELETE FROM stock_items WHERE id=101000242;
insert into stock_items(id,code,name,description,supplier_product_code,stock_item_attributes,stock_item_location,stock_item_category_id,prd_department_id,part_no,market_valuation_method,movement_method,uom_id,item_weight,qty_on_hand,unit_price,optimum_level,reorder_level,reorder_qty,preferred_supplier_id,last_purchase_unit_price,last_purchase_supplier_id,tax_id,tax_calculation_method,is_service_item,is_valid,is_manufactured,is_sellable,is_semi_finished,is_finished,sales_margin,is_sales_margin_percent,tax_percentage,qty_manufactured,top_consumption_rank,created_by,created_at,updated_by,updated_at,is_system,is_deleted) values ("101000242","216","Dark blue Runner","2 Single,2 double",null,null,null,"1",null,null,"0",null,"27","1.00000",null,"0.00000",null,null,null,null,null,null,"1","0","0","1","0","1","0","0","0","0","0.00",null,"0","0","2021-10-22 05:36:20.0","0","2021-10-22 05:43:13.0","0","0");
DELETE FROM sale_items WHERE id=101000242;
insert into sale_items(id,stock_item_id,stock_item_code,code,hsn_code,is_group_item,group_item_id,is_combo_item,name,description,sub_class_id,is_valid,is_manufactured,alternative_name,is_printable_to_kitchen,name_to_print,alternative_name_to_print,barcode,is_open,qty_on_hand,uom_id,item_weight,profit_category_id,prd_department_id,tax_id,tax_exemption,tax_group_id,tax_id_home_service,tax_id_table_service,tax_id_take_away_service,fixed_price,whls_price,is_whls_price_pc,item_cost,tax_calculation_method,taxation_based_on,is_require_weighing,display_order,best_before,is_hot_item_1,hot_item_1_display_order,is_hot_item_2,hot_item_2_display_order,is_hot_item_3,hot_item_3_display_order,fg_color,bg_color,attrib1_name,attrib1_options,attrib2_name,attrib2_options,attrib3_name,attrib3_options,attrib4_name,attrib4_options,attrib5_name,attrib5_options,tag1,tag2,tag3,tag4,tag5,choice_ids,created_by,created_at,updated_by,updated_at,is_deleted,is_system,item_thumb,sys_sale_flag) values ("101000242","101000242",null,"216","","0",null,"0","Dark blue Runner","2 Single,2 double","101000108","1","0","","1","","","","0",null,"27","1.00000",null,null,"1","0","1",null,null,null,"0.00000","0.00000","0","0.00000","0","0","0",null,null,"0",null,"0",null,"0",null,"#FFFFFF","#A9A9A9","",null,null,null,null,null,null,null,null,null,null,null,null,null,null,"","0","2021-10-22 17:36:20.0","0","2021-10-22 17:43:13.0","0","0","","1");
DELETE FROM sale_item_ext WHERE id=101000242;
insert into sale_item_ext(id,kitchen_id,is_deleted,last_sync_at) values ("101000242","101000101","0","2021-10-22 17:36:20.0");
DELETE FROM stock_items WHERE id=101000243;
insert into stock_items(id,code,name,description,supplier_product_code,stock_item_attributes,stock_item_location,stock_item_category_id,prd_department_id,part_no,market_valuation_method,movement_method,uom_id,item_weight,qty_on_hand,unit_price,optimum_level,reorder_level,reorder_qty,preferred_supplier_id,last_purchase_unit_price,last_purchase_supplier_id,tax_id,tax_calculation_method,is_service_item,is_valid,is_manufactured,is_sellable,is_semi_finished,is_finished,sales_margin,is_sales_margin_percent,tax_percentage,qty_manufactured,top_consumption_rank,created_by,created_at,updated_by,updated_at,is_system,is_deleted) values ("101000243","217","Grey Runner","2 Double",null,null,null,"1",null,null,"0",null,"27","1.00000",null,"0.00000",null,null,null,null,null,null,"1","0","0","1","0","1","0","0","0","0","0.00",null,"0","0","2021-10-22 05:37:15.0","0","2021-10-22 05:43:40.0","0","0");
DELETE FROM sale_items WHERE id=101000243;
insert into sale_items(id,stock_item_id,stock_item_code,code,hsn_code,is_group_item,group_item_id,is_combo_item,name,description,sub_class_id,is_valid,is_manufactured,alternative_name,is_printable_to_kitchen,name_to_print,alternative_name_to_print,barcode,is_open,qty_on_hand,uom_id,item_weight,profit_category_id,prd_department_id,tax_id,tax_exemption,tax_group_id,tax_id_home_service,tax_id_table_service,tax_id_take_away_service,fixed_price,whls_price,is_whls_price_pc,item_cost,tax_calculation_method,taxation_based_on,is_require_weighing,display_order,best_before,is_hot_item_1,hot_item_1_display_order,is_hot_item_2,hot_item_2_display_order,is_hot_item_3,hot_item_3_display_order,fg_color,bg_color,attrib1_name,attrib1_options,attrib2_name,attrib2_options,attrib3_name,attrib3_options,attrib4_name,attrib4_options,attrib5_name,attrib5_options,tag1,tag2,tag3,tag4,tag5,choice_ids,created_by,created_at,updated_by,updated_at,is_deleted,is_system,item_thumb,sys_sale_flag) values ("101000243","101000243",null,"217","","0",null,"0","Grey Runner","2 Double","101000108","1","0","","1","","","","1",null,"27","1.00000",null,null,"1","0","1",null,null,null,"0.00000","0.00000","0","0.00000","0","0","0",null,null,"0",null,"0",null,"0",null,"#FFFFFF","#A9A9A9","",null,null,null,null,null,null,null,null,null,null,null,null,null,null,"","0","2021-10-22 17:37:15.0","0","2021-10-22 17:43:40.0","0","0","","1");
DELETE FROM sale_item_ext WHERE id=101000243;
insert into sale_item_ext(id,kitchen_id,is_deleted,last_sync_at) values ("101000243","101000101","0","2021-10-22 17:37:15.0");
DELETE FROM stock_items WHERE id=101000244;
insert into stock_items(id,code,name,description,supplier_product_code,stock_item_attributes,stock_item_location,stock_item_category_id,prd_department_id,part_no,market_valuation_method,movement_method,uom_id,item_weight,qty_on_hand,unit_price,optimum_level,reorder_level,reorder_qty,preferred_supplier_id,last_purchase_unit_price,last_purchase_supplier_id,tax_id,tax_calculation_method,is_service_item,is_valid,is_manufactured,is_sellable,is_semi_finished,is_finished,sales_margin,is_sales_margin_percent,tax_percentage,qty_manufactured,top_consumption_rank,created_by,created_at,updated_by,updated_at,is_system,is_deleted) values ("101000244","218","Green Flowers Runner","4 double,8 single

",null,null,null,"1",null,null,"0",null,"27","1.00000",null,"0.00000",null,null,null,null,null,null,"1","0","0","1","0","1","0","0","0","0","0.00",null,"0","0","2021-10-22 05:38:21.0","0","2021-10-22 05:44:35.0","0","0");
DELETE FROM sale_items WHERE id=101000244;
insert into sale_items(id,stock_item_id,stock_item_code,code,hsn_code,is_group_item,group_item_id,is_combo_item,name,description,sub_class_id,is_valid,is_manufactured,alternative_name,is_printable_to_kitchen,name_to_print,alternative_name_to_print,barcode,is_open,qty_on_hand,uom_id,item_weight,profit_category_id,prd_department_id,tax_id,tax_exemption,tax_group_id,tax_id_home_service,tax_id_table_service,tax_id_take_away_service,fixed_price,whls_price,is_whls_price_pc,item_cost,tax_calculation_method,taxation_based_on,is_require_weighing,display_order,best_before,is_hot_item_1,hot_item_1_display_order,is_hot_item_2,hot_item_2_display_order,is_hot_item_3,hot_item_3_display_order,fg_color,bg_color,attrib1_name,attrib1_options,attrib2_name,attrib2_options,attrib3_name,attrib3_options,attrib4_name,attrib4_options,attrib5_name,attrib5_options,tag1,tag2,tag3,tag4,tag5,choice_ids,created_by,created_at,updated_by,updated_at,is_deleted,is_system,item_thumb,sys_sale_flag) values ("101000244","101000244",null,"218","","0",null,"0","Green Flowers Runner","4 double,8 single

","101000108","1","0","","1","","","","1",null,"27","1.00000",null,null,"1","0","1",null,null,null,"0.00000","0.00000","0","0.00000","0","0","0",null,null,"0",null,"0",null,"0",null,"#FFFFFF","#A9A9A9","",null,null,null,null,null,null,null,null,null,null,null,null,null,null,"","0","2021-10-22 17:38:21.0","0","2021-10-22 17:44:35.0","0","0","","1");
DELETE FROM sale_item_ext WHERE id=101000244;
insert into sale_item_ext(id,kitchen_id,is_deleted,last_sync_at) values ("101000244","101000101","0","2021-10-22 17:38:21.0");
DELETE FROM stock_items WHERE id=101000245;
insert into stock_items(id,code,name,description,supplier_product_code,stock_item_attributes,stock_item_location,stock_item_category_id,prd_department_id,part_no,market_valuation_method,movement_method,uom_id,item_weight,qty_on_hand,unit_price,optimum_level,reorder_level,reorder_qty,preferred_supplier_id,last_purchase_unit_price,last_purchase_supplier_id,tax_id,tax_calculation_method,is_service_item,is_valid,is_manufactured,is_sellable,is_semi_finished,is_finished,sales_margin,is_sales_margin_percent,tax_percentage,qty_manufactured,top_consumption_rank,created_by,created_at,updated_by,updated_at,is_system,is_deleted) values ("101000245","219","Light blue Runner","6 single,2 double

",null,null,null,"1",null,null,"0",null,"27","1.00000",null,"0.00000",null,null,null,null,null,null,"1","0","0","1","0","1","0","0","0","0","0.00",null,"0","0","2021-10-22 05:39:17.0","0","2021-10-22 05:45:07.0","0","0");
DELETE FROM sale_items WHERE id=101000245;
insert into sale_items(id,stock_item_id,stock_item_code,code,hsn_code,is_group_item,group_item_id,is_combo_item,name,description,sub_class_id,is_valid,is_manufactured,alternative_name,is_printable_to_kitchen,name_to_print,alternative_name_to_print,barcode,is_open,qty_on_hand,uom_id,item_weight,profit_category_id,prd_department_id,tax_id,tax_exemption,tax_group_id,tax_id_home_service,tax_id_table_service,tax_id_take_away_service,fixed_price,whls_price,is_whls_price_pc,item_cost,tax_calculation_method,taxation_based_on,is_require_weighing,display_order,best_before,is_hot_item_1,hot_item_1_display_order,is_hot_item_2,hot_item_2_display_order,is_hot_item_3,hot_item_3_display_order,fg_color,bg_color,attrib1_name,attrib1_options,attrib2_name,attrib2_options,attrib3_name,attrib3_options,attrib4_name,attrib4_options,attrib5_name,attrib5_options,tag1,tag2,tag3,tag4,tag5,choice_ids,created_by,created_at,updated_by,updated_at,is_deleted,is_system,item_thumb,sys_sale_flag) values ("101000245","101000245",null,"219","","0",null,"0","Light blue Runner","6 single,2 double

","101000108","1","0","","1","","","","1",null,"27","1.00000",null,null,"1","0","1",null,null,null,"0.00000","0.00000","0","0.00000","0","0","0",null,null,"0",null,"0",null,"0",null,"#FFFFFF","#A9A9A9","",null,null,null,null,null,null,null,null,null,null,null,null,null,null,"","0","2021-10-22 17:39:17.0","0","2021-10-22 17:45:07.0","0","0","","1");
DELETE FROM sale_item_ext WHERE id=101000245;
insert into sale_item_ext(id,kitchen_id,is_deleted,last_sync_at) values ("101000245","101000101","0","2021-10-22 17:39:17.0");
DELETE FROM stock_items WHERE id=101000246;
insert into stock_items(id,code,name,description,supplier_product_code,stock_item_attributes,stock_item_location,stock_item_category_id,prd_department_id,part_no,market_valuation_method,movement_method,uom_id,item_weight,qty_on_hand,unit_price,optimum_level,reorder_level,reorder_qty,preferred_supplier_id,last_purchase_unit_price,last_purchase_supplier_id,tax_id,tax_calculation_method,is_service_item,is_valid,is_manufactured,is_sellable,is_semi_finished,is_finished,sales_margin,is_sales_margin_percent,tax_percentage,qty_manufactured,top_consumption_rank,created_by,created_at,updated_by,updated_at,is_system,is_deleted) values ("101000246","220","Peacock Blue Runner","2 Single

",null,null,null,"1",null,null,"0",null,"27","1.00000",null,"0.00000",null,null,null,null,null,null,"1","0","0","1","0","1","0","0","0","0","0.00",null,"0","0","2021-10-22 05:40:06.0","0","2021-10-22 05:45:22.0","0","0");
DELETE FROM sale_items WHERE id=101000246;
insert into sale_items(id,stock_item_id,stock_item_code,code,hsn_code,is_group_item,group_item_id,is_combo_item,name,description,sub_class_id,is_valid,is_manufactured,alternative_name,is_printable_to_kitchen,name_to_print,alternative_name_to_print,barcode,is_open,qty_on_hand,uom_id,item_weight,profit_category_id,prd_department_id,tax_id,tax_exemption,tax_group_id,tax_id_home_service,tax_id_table_service,tax_id_take_away_service,fixed_price,whls_price,is_whls_price_pc,item_cost,tax_calculation_method,taxation_based_on,is_require_weighing,display_order,best_before,is_hot_item_1,hot_item_1_display_order,is_hot_item_2,hot_item_2_display_order,is_hot_item_3,hot_item_3_display_order,fg_color,bg_color,attrib1_name,attrib1_options,attrib2_name,attrib2_options,attrib3_name,attrib3_options,attrib4_name,attrib4_options,attrib5_name,attrib5_options,tag1,tag2,tag3,tag4,tag5,choice_ids,created_by,created_at,updated_by,updated_at,is_deleted,is_system,item_thumb,sys_sale_flag) values ("101000246","101000246",null,"220","","0",null,"0","Peacock Blue Runner","2 Single

","101000108","1","0","","1","","","","1",null,"27","1.00000",null,null,"1","0","1",null,null,null,"0.00000","0.00000","0","0.00000","0","0","0",null,null,"0",null,"0",null,"0",null,"#FFFFFF","#A9A9A9","",null,null,null,null,null,null,null,null,null,null,null,null,null,null,"","0","2021-10-22 17:40:06.0","0","2021-10-22 17:45:22.0","0","0","","1");
DELETE FROM sale_item_ext WHERE id=101000246;
insert into sale_item_ext(id,kitchen_id,is_deleted,last_sync_at) values ("101000246","101000101","0","2021-10-22 17:40:06.0");
update stock_items set id="101000241", code="215", name="Beige flowers Runner", description="8 single,4double", supplier_product_code=null, stock_item_attributes=null, stock_item_location=null, stock_item_category_id="1", prd_department_id=null, part_no=null, market_valuation_method="0", movement_method=null, uom_id="27", item_weight="1.00000", qty_on_hand=null, unit_price="0.00000", optimum_level=null, reorder_level=null, reorder_qty=null, preferred_supplier_id=null, last_purchase_unit_price=null, last_purchase_supplier_id=null, tax_id="1", tax_calculation_method="0", is_service_item="0", is_valid="1", is_manufactured="0", is_sellable="1", is_semi_finished="0", is_finished="0", sales_margin="0", is_sales_margin_percent="0", tax_percentage="0.00", qty_manufactured=null, top_consumption_rank="0", created_by="0", created_at="2021-10-22 05:34:37.0", updated_by="0", updated_at="2021-10-22 05:42:44.0", is_system="0", is_deleted="0" where id=101000241 and is_deleted = 0 and is_synchable = 1;
update sale_items set id="101000241", stock_item_id="101000241", stock_item_code=null, code="215", hsn_code="", is_group_item="0", group_item_id=null, is_combo_item="0", name="Beige flowers Runner", description="8 single,4double", sub_class_id="101000108", is_valid="1", is_manufactured="0", alternative_name="", is_printable_to_kitchen="1", name_to_print="", alternative_name_to_print="", barcode="", is_open="0", qty_on_hand=null, uom_id="27", item_weight="1.00000", profit_category_id=null, prd_department_id=null, tax_id="1", tax_exemption="0", tax_group_id="1", tax_id_home_service=null, tax_id_table_service=null, tax_id_take_away_service=null, fixed_price="0.00000", whls_price="0.00000", is_whls_price_pc="0", item_cost="0.00000", tax_calculation_method="0", taxation_based_on="0", is_require_weighing="0", display_order=null, best_before=null, is_hot_item_1="0", hot_item_1_display_order=null, is_hot_item_2="0", hot_item_2_display_order=null, is_hot_item_3="0", hot_item_3_display_order=null, fg_color="#FFFFFF", bg_color="#A9A9A9", attrib1_name="", attrib1_options=null, attrib2_name=null, attrib2_options=null, attrib3_name=null, attrib3_options=null, attrib4_name=null, attrib4_options=null, attrib5_name=null, attrib5_options=null, tag1=null, tag2=null, tag3=null, tag4=null, tag5=null, choice_ids="", created_by="0", created_at="2021-10-22 17:34:37.0", updated_by="0", updated_at="2021-10-22 17:42:44.0", is_deleted="0", is_system="0", item_thumb="", sys_sale_flag="1" where id=101000241 and is_deleted = 0 and is_synchable = 1;
update sale_item_ext set id="101000241", kitchen_id="101000101", is_deleted="0", last_sync_at="2021-10-22 17:34:37.0" where id=101000241 and is_deleted = 0 and is_synchable = 1;
update stock_items set id="101000241", code="215", name="Beige flowers Runner", description="8 single,4double", supplier_product_code=null, stock_item_attributes=null, stock_item_location=null, stock_item_category_id="1", prd_department_id=null, part_no=null, market_valuation_method="0", movement_method=null, uom_id="27", item_weight="1.00000", qty_on_hand=null, unit_price="0.00000", optimum_level=null, reorder_level=null, reorder_qty=null, preferred_supplier_id=null, last_purchase_unit_price=null, last_purchase_supplier_id=null, tax_id="1", tax_calculation_method="0", is_service_item="0", is_valid="1", is_manufactured="0", is_sellable="1", is_semi_finished="0", is_finished="0", sales_margin="0", is_sales_margin_percent="0", tax_percentage="0.00", qty_manufactured=null, top_consumption_rank="0", created_by="0", created_at="2021-10-22 05:34:37.0", updated_by="0", updated_at="2021-10-22 05:42:44.0", is_system="0", is_deleted="0" where id=101000241 and is_deleted = 0 and is_synchable = 1;
update sale_items set id="101000241", stock_item_id="101000241", stock_item_code=null, code="215", hsn_code="", is_group_item="0", group_item_id=null, is_combo_item="0", name="Beige flowers Runner", description="8 single,4double", sub_class_id="101000108", is_valid="1", is_manufactured="0", alternative_name="", is_printable_to_kitchen="1", name_to_print="", alternative_name_to_print="", barcode="", is_open="0", qty_on_hand=null, uom_id="27", item_weight="1.00000", profit_category_id=null, prd_department_id=null, tax_id="1", tax_exemption="0", tax_group_id="1", tax_id_home_service=null, tax_id_table_service=null, tax_id_take_away_service=null, fixed_price="0.00000", whls_price="0.00000", is_whls_price_pc="0", item_cost="0.00000", tax_calculation_method="0", taxation_based_on="0", is_require_weighing="0", display_order=null, best_before=null, is_hot_item_1="0", hot_item_1_display_order=null, is_hot_item_2="0", hot_item_2_display_order=null, is_hot_item_3="0", hot_item_3_display_order=null, fg_color="#FFFFFF", bg_color="#A9A9A9", attrib1_name="", attrib1_options=null, attrib2_name=null, attrib2_options=null, attrib3_name=null, attrib3_options=null, attrib4_name=null, attrib4_options=null, attrib5_name=null, attrib5_options=null, tag1=null, tag2=null, tag3=null, tag4=null, tag5=null, choice_ids="", created_by="0", created_at="2021-10-22 17:34:37.0", updated_by="0", updated_at="2021-10-22 17:42:44.0", is_deleted="0", is_system="0", item_thumb="", sys_sale_flag="1" where id=101000241 and is_deleted = 0 and is_synchable = 1;
update sale_item_ext set id="101000241", kitchen_id="101000101", is_deleted="0", last_sync_at="2021-10-22 17:34:37.0" where id=101000241 and is_deleted = 0 and is_synchable = 1;
update stock_items set id="101000242", code="216", name="Dark blue Runner", description="2 Single,2 double", supplier_product_code=null, stock_item_attributes=null, stock_item_location=null, stock_item_category_id="1", prd_department_id=null, part_no=null, market_valuation_method="0", movement_method=null, uom_id="27", item_weight="1.00000", qty_on_hand=null, unit_price="0.00000", optimum_level=null, reorder_level=null, reorder_qty=null, preferred_supplier_id=null, last_purchase_unit_price=null, last_purchase_supplier_id=null, tax_id="1", tax_calculation_method="0", is_service_item="0", is_valid="1", is_manufactured="0", is_sellable="1", is_semi_finished="0", is_finished="0", sales_margin="0", is_sales_margin_percent="0", tax_percentage="0.00", qty_manufactured=null, top_consumption_rank="0", created_by="0", created_at="2021-10-22 05:36:20.0", updated_by="0", updated_at="2021-10-22 05:43:13.0", is_system="0", is_deleted="0" where id=101000242 and is_deleted = 0 and is_synchable = 1;
update sale_items set id="101000242", stock_item_id="101000242", stock_item_code=null, code="216", hsn_code="", is_group_item="0", group_item_id=null, is_combo_item="0", name="Dark blue Runner", description="2 Single,2 double", sub_class_id="101000108", is_valid="1", is_manufactured="0", alternative_name="", is_printable_to_kitchen="1", name_to_print="", alternative_name_to_print="", barcode="", is_open="0", qty_on_hand=null, uom_id="27", item_weight="1.00000", profit_category_id=null, prd_department_id=null, tax_id="1", tax_exemption="0", tax_group_id="1", tax_id_home_service=null, tax_id_table_service=null, tax_id_take_away_service=null, fixed_price="0.00000", whls_price="0.00000", is_whls_price_pc="0", item_cost="0.00000", tax_calculation_method="0", taxation_based_on="0", is_require_weighing="0", display_order=null, best_before=null, is_hot_item_1="0", hot_item_1_display_order=null, is_hot_item_2="0", hot_item_2_display_order=null, is_hot_item_3="0", hot_item_3_display_order=null, fg_color="#FFFFFF", bg_color="#A9A9A9", attrib1_name="", attrib1_options=null, attrib2_name=null, attrib2_options=null, attrib3_name=null, attrib3_options=null, attrib4_name=null, attrib4_options=null, attrib5_name=null, attrib5_options=null, tag1=null, tag2=null, tag3=null, tag4=null, tag5=null, choice_ids="", created_by="0", created_at="2021-10-22 17:36:20.0", updated_by="0", updated_at="2021-10-22 17:43:13.0", is_deleted="0", is_system="0", item_thumb="", sys_sale_flag="1" where id=101000242 and is_deleted = 0 and is_synchable = 1;
update sale_item_ext set id="101000242", kitchen_id="101000101", is_deleted="0", last_sync_at="2021-10-22 17:36:20.0" where id=101000242 and is_deleted = 0 and is_synchable = 1;
update stock_items set id="101000243", code="217", name="Grey Runner", description="2 Double", supplier_product_code=null, stock_item_attributes=null, stock_item_location=null, stock_item_category_id="1", prd_department_id=null, part_no=null, market_valuation_method="0", movement_method=null, uom_id="27", item_weight="1.00000", qty_on_hand=null, unit_price="0.00000", optimum_level=null, reorder_level=null, reorder_qty=null, preferred_supplier_id=null, last_purchase_unit_price=null, last_purchase_supplier_id=null, tax_id="1", tax_calculation_method="0", is_service_item="0", is_valid="1", is_manufactured="0", is_sellable="1", is_semi_finished="0", is_finished="0", sales_margin="0", is_sales_margin_percent="0", tax_percentage="0.00", qty_manufactured=null, top_consumption_rank="0", created_by="0", created_at="2021-10-22 05:37:15.0", updated_by="0", updated_at="2021-10-22 05:43:40.0", is_system="0", is_deleted="0" where id=101000243 and is_deleted = 0 and is_synchable = 1;
update sale_items set id="101000243", stock_item_id="101000243", stock_item_code=null, code="217", hsn_code="", is_group_item="0", group_item_id=null, is_combo_item="0", name="Grey Runner", description="2 Double", sub_class_id="101000108", is_valid="1", is_manufactured="0", alternative_name="", is_printable_to_kitchen="1", name_to_print="", alternative_name_to_print="", barcode="", is_open="1", qty_on_hand=null, uom_id="27", item_weight="1.00000", profit_category_id=null, prd_department_id=null, tax_id="1", tax_exemption="0", tax_group_id="1", tax_id_home_service=null, tax_id_table_service=null, tax_id_take_away_service=null, fixed_price="0.00000", whls_price="0.00000", is_whls_price_pc="0", item_cost="0.00000", tax_calculation_method="0", taxation_based_on="0", is_require_weighing="0", display_order=null, best_before=null, is_hot_item_1="0", hot_item_1_display_order=null, is_hot_item_2="0", hot_item_2_display_order=null, is_hot_item_3="0", hot_item_3_display_order=null, fg_color="#FFFFFF", bg_color="#A9A9A9", attrib1_name="", attrib1_options=null, attrib2_name=null, attrib2_options=null, attrib3_name=null, attrib3_options=null, attrib4_name=null, attrib4_options=null, attrib5_name=null, attrib5_options=null, tag1=null, tag2=null, tag3=null, tag4=null, tag5=null, choice_ids="", created_by="0", created_at="2021-10-22 17:37:15.0", updated_by="0", updated_at="2021-10-22 17:43:40.0", is_deleted="0", is_system="0", item_thumb="", sys_sale_flag="1" where id=101000243 and is_deleted = 0 and is_synchable = 1;
update sale_item_ext set id="101000243", kitchen_id="101000101", is_deleted="0", last_sync_at="2021-10-22 17:37:15.0" where id=101000243 and is_deleted = 0 and is_synchable = 1;
update stock_items set id="101000244", code="218", name="Green Flowers Runner", description="4 double,8 single

", supplier_product_code=null, stock_item_attributes=null, stock_item_location=null, stock_item_category_id="1", prd_department_id=null, part_no=null, market_valuation_method="0", movement_method=null, uom_id="27", item_weight="1.00000", qty_on_hand=null, unit_price="0.00000", optimum_level=null, reorder_level=null, reorder_qty=null, preferred_supplier_id=null, last_purchase_unit_price=null, last_purchase_supplier_id=null, tax_id="1", tax_calculation_method="0", is_service_item="0", is_valid="1", is_manufactured="0", is_sellable="1", is_semi_finished="0", is_finished="0", sales_margin="0", is_sales_margin_percent="0", tax_percentage="0.00", qty_manufactured=null, top_consumption_rank="0", created_by="0", created_at="2021-10-22 05:38:21.0", updated_by="0", updated_at="2021-10-22 05:44:35.0", is_system="0", is_deleted="0" where id=101000244 and is_deleted = 0 and is_synchable = 1;
update sale_items set id="101000244", stock_item_id="101000244", stock_item_code=null, code="218", hsn_code="", is_group_item="0", group_item_id=null, is_combo_item="0", name="Green Flowers Runner", description="4 double,8 single

", sub_class_id="101000108", is_valid="1", is_manufactured="0", alternative_name="", is_printable_to_kitchen="1", name_to_print="", alternative_name_to_print="", barcode="", is_open="1", qty_on_hand=null, uom_id="27", item_weight="1.00000", profit_category_id=null, prd_department_id=null, tax_id="1", tax_exemption="0", tax_group_id="1", tax_id_home_service=null, tax_id_table_service=null, tax_id_take_away_service=null, fixed_price="0.00000", whls_price="0.00000", is_whls_price_pc="0", item_cost="0.00000", tax_calculation_method="0", taxation_based_on="0", is_require_weighing="0", display_order=null, best_before=null, is_hot_item_1="0", hot_item_1_display_order=null, is_hot_item_2="0", hot_item_2_display_order=null, is_hot_item_3="0", hot_item_3_display_order=null, fg_color="#FFFFFF", bg_color="#A9A9A9", attrib1_name="", attrib1_options=null, attrib2_name=null, attrib2_options=null, attrib3_name=null, attrib3_options=null, attrib4_name=null, attrib4_options=null, attrib5_name=null, attrib5_options=null, tag1=null, tag2=null, tag3=null, tag4=null, tag5=null, choice_ids="", created_by="0", created_at="2021-10-22 17:38:21.0", updated_by="0", updated_at="2021-10-22 17:44:35.0", is_deleted="0", is_system="0", item_thumb="", sys_sale_flag="1" where id=101000244 and is_deleted = 0 and is_synchable = 1;
update sale_item_ext set id="101000244", kitchen_id="101000101", is_deleted="0", last_sync_at="2021-10-22 17:38:21.0" where id=101000244 and is_deleted = 0 and is_synchable = 1;
update stock_items set id="101000245", code="219", name="Light blue Runner", description="6 single,2 double

", supplier_product_code=null, stock_item_attributes=null, stock_item_location=null, stock_item_category_id="1", prd_department_id=null, part_no=null, market_valuation_method="0", movement_method=null, uom_id="27", item_weight="1.00000", qty_on_hand=null, unit_price="0.00000", optimum_level=null, reorder_level=null, reorder_qty=null, preferred_supplier_id=null, last_purchase_unit_price=null, last_purchase_supplier_id=null, tax_id="1", tax_calculation_method="0", is_service_item="0", is_valid="1", is_manufactured="0", is_sellable="1", is_semi_finished="0", is_finished="0", sales_margin="0", is_sales_margin_percent="0", tax_percentage="0.00", qty_manufactured=null, top_consumption_rank="0", created_by="0", created_at="2021-10-22 05:39:17.0", updated_by="0", updated_at="2021-10-22 05:45:07.0", is_system="0", is_deleted="0" where id=101000245 and is_deleted = 0 and is_synchable = 1;
update sale_items set id="101000245", stock_item_id="101000245", stock_item_code=null, code="219", hsn_code="", is_group_item="0", group_item_id=null, is_combo_item="0", name="Light blue Runner", description="6 single,2 double

", sub_class_id="101000108", is_valid="1", is_manufactured="0", alternative_name="", is_printable_to_kitchen="1", name_to_print="", alternative_name_to_print="", barcode="", is_open="1", qty_on_hand=null, uom_id="27", item_weight="1.00000", profit_category_id=null, prd_department_id=null, tax_id="1", tax_exemption="0", tax_group_id="1", tax_id_home_service=null, tax_id_table_service=null, tax_id_take_away_service=null, fixed_price="0.00000", whls_price="0.00000", is_whls_price_pc="0", item_cost="0.00000", tax_calculation_method="0", taxation_based_on="0", is_require_weighing="0", display_order=null, best_before=null, is_hot_item_1="0", hot_item_1_display_order=null, is_hot_item_2="0", hot_item_2_display_order=null, is_hot_item_3="0", hot_item_3_display_order=null, fg_color="#FFFFFF", bg_color="#A9A9A9", attrib1_name="", attrib1_options=null, attrib2_name=null, attrib2_options=null, attrib3_name=null, attrib3_options=null, attrib4_name=null, attrib4_options=null, attrib5_name=null, attrib5_options=null, tag1=null, tag2=null, tag3=null, tag4=null, tag5=null, choice_ids="", created_by="0", created_at="2021-10-22 17:39:17.0", updated_by="0", updated_at="2021-10-22 17:45:07.0", is_deleted="0", is_system="0", item_thumb="", sys_sale_flag="1" where id=101000245 and is_deleted = 0 and is_synchable = 1;
update sale_item_ext set id="101000245", kitchen_id="101000101", is_deleted="0", last_sync_at="2021-10-22 17:39:17.0" where id=101000245 and is_deleted = 0 and is_synchable = 1;
update stock_items set id="101000246", code="220", name="Peacock Blue Runner", description="2 Single

", supplier_product_code=null, stock_item_attributes=null, stock_item_location=null, stock_item_category_id="1", prd_department_id=null, part_no=null, market_valuation_method="0", movement_method=null, uom_id="27", item_weight="1.00000", qty_on_hand=null, unit_price="0.00000", optimum_level=null, reorder_level=null, reorder_qty=null, preferred_supplier_id=null, last_purchase_unit_price=null, last_purchase_supplier_id=null, tax_id="1", tax_calculation_method="0", is_service_item="0", is_valid="1", is_manufactured="0", is_sellable="1", is_semi_finished="0", is_finished="0", sales_margin="0", is_sales_margin_percent="0", tax_percentage="0.00", qty_manufactured=null, top_consumption_rank="0", created_by="0", created_at="2021-10-22 05:40:06.0", updated_by="0", updated_at="2021-10-22 05:45:22.0", is_system="0", is_deleted="0" where id=101000246 and is_deleted = 0 and is_synchable = 1;
update sale_items set id="101000246", stock_item_id="101000246", stock_item_code=null, code="220", hsn_code="", is_group_item="0", group_item_id=null, is_combo_item="0", name="Peacock Blue Runner", description="2 Single

", sub_class_id="101000108", is_valid="1", is_manufactured="0", alternative_name="", is_printable_to_kitchen="1", name_to_print="", alternative_name_to_print="", barcode="", is_open="1", qty_on_hand=null, uom_id="27", item_weight="1.00000", profit_category_id=null, prd_department_id=null, tax_id="1", tax_exemption="0", tax_group_id="1", tax_id_home_service=null, tax_id_table_service=null, tax_id_take_away_service=null, fixed_price="0.00000", whls_price="0.00000", is_whls_price_pc="0", item_cost="0.00000", tax_calculation_method="0", taxation_based_on="0", is_require_weighing="0", display_order=null, best_before=null, is_hot_item_1="0", hot_item_1_display_order=null, is_hot_item_2="0", hot_item_2_display_order=null, is_hot_item_3="0", hot_item_3_display_order=null, fg_color="#FFFFFF", bg_color="#A9A9A9", attrib1_name="", attrib1_options=null, attrib2_name=null, attrib2_options=null, attrib3_name=null, attrib3_options=null, attrib4_name=null, attrib4_options=null, attrib5_name=null, attrib5_options=null, tag1=null, tag2=null, tag3=null, tag4=null, tag5=null, choice_ids="", created_by="0", created_at="2021-10-22 17:40:06.0", updated_by="0", updated_at="2021-10-22 17:45:22.0", is_deleted="0", is_system="0", item_thumb="", sys_sale_flag="1" where id=101000246 and is_deleted = 0 and is_synchable = 1;
update sale_item_ext set id="101000246", kitchen_id="101000101", is_deleted="0", last_sync_at="2021-10-22 17:40:06.0" where id=101000246 and is_deleted = 0 and is_synchable = 1;
DELETE FROM stock_items WHERE id=101000247;
insert into stock_items(id,code,name,description,supplier_product_code,stock_item_attributes,stock_item_location,stock_item_category_id,prd_department_id,part_no,market_valuation_method,movement_method,uom_id,item_weight,qty_on_hand,unit_price,optimum_level,reorder_level,reorder_qty,preferred_supplier_id,last_purchase_unit_price,last_purchase_supplier_id,tax_id,tax_calculation_method,is_service_item,is_valid,is_manufactured,is_sellable,is_semi_finished,is_finished,sales_margin,is_sales_margin_percent,tax_percentage,qty_manufactured,top_consumption_rank,created_by,created_at,updated_by,updated_at,is_system,is_deleted) values ("101000247","221","Beige flowers Cushion","",null,null,null,"1",null,null,"0",null,"27","1.00000",null,"0.00000",null,null,null,null,null,null,"1","0","0","1","0","1","0","0","0","0","0.00",null,"0","0","2021-10-22 05:47:25.0",null,null,"0","0");
DELETE FROM sale_items WHERE id=101000247;
insert into sale_items(id,stock_item_id,stock_item_code,code,hsn_code,is_group_item,group_item_id,is_combo_item,name,description,sub_class_id,is_valid,is_manufactured,alternative_name,is_printable_to_kitchen,name_to_print,alternative_name_to_print,barcode,is_open,qty_on_hand,uom_id,item_weight,profit_category_id,prd_department_id,tax_id,tax_exemption,tax_group_id,tax_id_home_service,tax_id_table_service,tax_id_take_away_service,fixed_price,whls_price,is_whls_price_pc,item_cost,tax_calculation_method,taxation_based_on,is_require_weighing,display_order,best_before,is_hot_item_1,hot_item_1_display_order,is_hot_item_2,hot_item_2_display_order,is_hot_item_3,hot_item_3_display_order,fg_color,bg_color,attrib1_name,attrib1_options,attrib2_name,attrib2_options,attrib3_name,attrib3_options,attrib4_name,attrib4_options,attrib5_name,attrib5_options,tag1,tag2,tag3,tag4,tag5,choice_ids,created_by,created_at,updated_by,updated_at,is_deleted,is_system,item_thumb,sys_sale_flag) values ("101000247","101000247",null,"221","","0",null,"0","Beige flowers Cushion","","101000108","1","0","","1","","","","1",null,"27","1.00000",null,null,"1","0","1",null,null,null,"0.00000","0.00000","0","0.00000","0","0","0",null,null,"0",null,"0",null,"0",null,"#FFFFFF","#A9A9A9","",null,null,null,null,null,null,null,null,null,null,null,null,null,null,"","0","2021-10-22 17:47:25.0",null,null,"0","0","","1");
DELETE FROM sale_item_ext WHERE id=101000247;
insert into sale_item_ext(id,kitchen_id,is_deleted,last_sync_at) values ("101000247","101000101","0","2021-10-22 17:47:25.0");
DELETE FROM stock_items WHERE id=101000248;
insert into stock_items(id,code,name,description,supplier_product_code,stock_item_attributes,stock_item_location,stock_item_category_id,prd_department_id,part_no,market_valuation_method,movement_method,uom_id,item_weight,qty_on_hand,unit_price,optimum_level,reorder_level,reorder_qty,preferred_supplier_id,last_purchase_unit_price,last_purchase_supplier_id,tax_id,tax_calculation_method,is_service_item,is_valid,is_manufactured,is_sellable,is_semi_finished,is_finished,sales_margin,is_sales_margin_percent,tax_percentage,qty_manufactured,top_consumption_rank,created_by,created_at,updated_by,updated_at,is_system,is_deleted) values ("101000248","222","Dark blue Cushion","",null,null,null,"1",null,null,"0",null,"27","1.00000",null,"0.00000",null,null,null,null,null,null,"1","0","0","1","0","1","0","0","0","0","0.00",null,"0","0","2021-10-22 05:48:24.0",null,null,"0","0");
DELETE FROM sale_items WHERE id=101000248;
insert into sale_items(id,stock_item_id,stock_item_code,code,hsn_code,is_group_item,group_item_id,is_combo_item,name,description,sub_class_id,is_valid,is_manufactured,alternative_name,is_printable_to_kitchen,name_to_print,alternative_name_to_print,barcode,is_open,qty_on_hand,uom_id,item_weight,profit_category_id,prd_department_id,tax_id,tax_exemption,tax_group_id,tax_id_home_service,tax_id_table_service,tax_id_take_away_service,fixed_price,whls_price,is_whls_price_pc,item_cost,tax_calculation_method,taxation_based_on,is_require_weighing,display_order,best_before,is_hot_item_1,hot_item_1_display_order,is_hot_item_2,hot_item_2_display_order,is_hot_item_3,hot_item_3_display_order,fg_color,bg_color,attrib1_name,attrib1_options,attrib2_name,attrib2_options,attrib3_name,attrib3_options,attrib4_name,attrib4_options,attrib5_name,attrib5_options,tag1,tag2,tag3,tag4,tag5,choice_ids,created_by,created_at,updated_by,updated_at,is_deleted,is_system,item_thumb,sys_sale_flag) values ("101000248","101000248",null,"222","","0",null,"0","Dark blue Cushion","","101000108","1","0","","1","","","","1",null,"27","1.00000",null,null,"1","0","1",null,null,null,"0.00000","0.00000","0","0.00000","0","0","0",null,null,"0",null,"0",null,"0",null,"#FFFFFF","#A9A9A9","",null,null,null,null,null,null,null,null,null,null,null,null,null,null,"","0","2021-10-22 17:48:24.0",null,null,"0","0","","1");
DELETE FROM sale_item_ext WHERE id=101000248;
insert into sale_item_ext(id,kitchen_id,is_deleted,last_sync_at) values ("101000248","101000101","0","2021-10-22 17:48:24.0");
DELETE FROM stock_items WHERE id=101000249;
insert into stock_items(id,code,name,description,supplier_product_code,stock_item_attributes,stock_item_location,stock_item_category_id,prd_department_id,part_no,market_valuation_method,movement_method,uom_id,item_weight,qty_on_hand,unit_price,optimum_level,reorder_level,reorder_qty,preferred_supplier_id,last_purchase_unit_price,last_purchase_supplier_id,tax_id,tax_calculation_method,is_service_item,is_valid,is_manufactured,is_sellable,is_semi_finished,is_finished,sales_margin,is_sales_margin_percent,tax_percentage,qty_manufactured,top_consumption_rank,created_by,created_at,updated_by,updated_at,is_system,is_deleted) values ("101000249","223","Grey  Cushion","",null,null,null,"1",null,null,"0",null,"27","1.00000",null,"0.00000",null,null,null,null,null,null,"1","0","0","1","0","1","0","0","0","0","0.00",null,"0","0","2021-10-22 05:48:59.0",null,null,"0","0");
DELETE FROM sale_items WHERE id=101000249;
insert into sale_items(id,stock_item_id,stock_item_code,code,hsn_code,is_group_item,group_item_id,is_combo_item,name,description,sub_class_id,is_valid,is_manufactured,alternative_name,is_printable_to_kitchen,name_to_print,alternative_name_to_print,barcode,is_open,qty_on_hand,uom_id,item_weight,profit_category_id,prd_department_id,tax_id,tax_exemption,tax_group_id,tax_id_home_service,tax_id_table_service,tax_id_take_away_service,fixed_price,whls_price,is_whls_price_pc,item_cost,tax_calculation_method,taxation_based_on,is_require_weighing,display_order,best_before,is_hot_item_1,hot_item_1_display_order,is_hot_item_2,hot_item_2_display_order,is_hot_item_3,hot_item_3_display_order,fg_color,bg_color,attrib1_name,attrib1_options,attrib2_name,attrib2_options,attrib3_name,attrib3_options,attrib4_name,attrib4_options,attrib5_name,attrib5_options,tag1,tag2,tag3,tag4,tag5,choice_ids,created_by,created_at,updated_by,updated_at,is_deleted,is_system,item_thumb,sys_sale_flag) values ("101000249","101000249",null,"223","","0",null,"0","Grey  Cushion","","101000108","1","0","","1","","","","1",null,"27","1.00000",null,null,"1","0","1",null,null,null,"0.00000","0.00000","0","0.00000","0","0","0",null,null,"0",null,"0",null,"0",null,"#FFFFFF","#A9A9A9","",null,null,null,null,null,null,null,null,null,null,null,null,null,null,"","0","2021-10-22 17:48:59.0",null,null,"0","0","","1");
DELETE FROM sale_item_ext WHERE id=101000249;
insert into sale_item_ext(id,kitchen_id,is_deleted,last_sync_at) values ("101000249","101000101","0","2021-10-22 17:48:59.0");
DELETE FROM stock_items WHERE id=101000250;
insert into stock_items(id,code,name,description,supplier_product_code,stock_item_attributes,stock_item_location,stock_item_category_id,prd_department_id,part_no,market_valuation_method,movement_method,uom_id,item_weight,qty_on_hand,unit_price,optimum_level,reorder_level,reorder_qty,preferred_supplier_id,last_purchase_unit_price,last_purchase_supplier_id,tax_id,tax_calculation_method,is_service_item,is_valid,is_manufactured,is_sellable,is_semi_finished,is_finished,sales_margin,is_sales_margin_percent,tax_percentage,qty_manufactured,top_consumption_rank,created_by,created_at,updated_by,updated_at,is_system,is_deleted) values ("101000250","224","Light blue Cushion","",null,null,null,"1",null,null,"0",null,"27","1.00000",null,"0.00000",null,null,null,null,null,null,"1","0","0","1","0","1","0","0","0","0","0.00",null,"0","0","2021-10-22 05:49:56.0",null,null,"0","0");
DELETE FROM sale_items WHERE id=101000250;
insert into sale_items(id,stock_item_id,stock_item_code,code,hsn_code,is_group_item,group_item_id,is_combo_item,name,description,sub_class_id,is_valid,is_manufactured,alternative_name,is_printable_to_kitchen,name_to_print,alternative_name_to_print,barcode,is_open,qty_on_hand,uom_id,item_weight,profit_category_id,prd_department_id,tax_id,tax_exemption,tax_group_id,tax_id_home_service,tax_id_table_service,tax_id_take_away_service,fixed_price,whls_price,is_whls_price_pc,item_cost,tax_calculation_method,taxation_based_on,is_require_weighing,display_order,best_before,is_hot_item_1,hot_item_1_display_order,is_hot_item_2,hot_item_2_display_order,is_hot_item_3,hot_item_3_display_order,fg_color,bg_color,attrib1_name,attrib1_options,attrib2_name,attrib2_options,attrib3_name,attrib3_options,attrib4_name,attrib4_options,attrib5_name,attrib5_options,tag1,tag2,tag3,tag4,tag5,choice_ids,created_by,created_at,updated_by,updated_at,is_deleted,is_system,item_thumb,sys_sale_flag) values ("101000250","101000250",null,"224","","0",null,"0","Light blue Cushion","","101000108","1","0","","1","","","","1",null,"27","1.00000",null,null,"1","0","1",null,null,null,"0.00000","0.00000","0","0.00000","0","0","0",null,null,"0",null,"0",null,"0",null,"#FFFFFF","#A9A9A9","",null,null,null,null,null,null,null,null,null,null,null,null,null,null,"","0","2021-10-22 17:49:56.0",null,null,"0","0","","1");
DELETE FROM sale_item_ext WHERE id=101000250;
insert into sale_item_ext(id,kitchen_id,is_deleted,last_sync_at) values ("101000250","101000101","0","2021-10-22 17:49:56.0");
DELETE FROM stock_items WHERE id=101000251;
insert into stock_items(id,code,name,description,supplier_product_code,stock_item_attributes,stock_item_location,stock_item_category_id,prd_department_id,part_no,market_valuation_method,movement_method,uom_id,item_weight,qty_on_hand,unit_price,optimum_level,reorder_level,reorder_qty,preferred_supplier_id,last_purchase_unit_price,last_purchase_supplier_id,tax_id,tax_calculation_method,is_service_item,is_valid,is_manufactured,is_sellable,is_semi_finished,is_finished,sales_margin,is_sales_margin_percent,tax_percentage,qty_manufactured,top_consumption_rank,created_by,created_at,updated_by,updated_at,is_system,is_deleted) values ("101000251","225","Green flowers Cushion","",null,null,null,"1",null,null,"0",null,"27","1.00000",null,"0.00000",null,null,null,null,null,null,"1","0","0","1","0","1","0","0","0","0","0.00",null,"0","0","2021-10-22 05:50:35.0",null,null,"0","0");
DELETE FROM sale_items WHERE id=101000251;
insert into sale_items(id,stock_item_id,stock_item_code,code,hsn_code,is_group_item,group_item_id,is_combo_item,name,description,sub_class_id,is_valid,is_manufactured,alternative_name,is_printable_to_kitchen,name_to_print,alternative_name_to_print,barcode,is_open,qty_on_hand,uom_id,item_weight,profit_category_id,prd_department_id,tax_id,tax_exemption,tax_group_id,tax_id_home_service,tax_id_table_service,tax_id_take_away_service,fixed_price,whls_price,is_whls_price_pc,item_cost,tax_calculation_method,taxation_based_on,is_require_weighing,display_order,best_before,is_hot_item_1,hot_item_1_display_order,is_hot_item_2,hot_item_2_display_order,is_hot_item_3,hot_item_3_display_order,fg_color,bg_color,attrib1_name,attrib1_options,attrib2_name,attrib2_options,attrib3_name,attrib3_options,attrib4_name,attrib4_options,attrib5_name,attrib5_options,tag1,tag2,tag3,tag4,tag5,choice_ids,created_by,created_at,updated_by,updated_at,is_deleted,is_system,item_thumb,sys_sale_flag) values ("101000251","101000251",null,"225","","0",null,"0","Green flowers Cushion","","101000108","1","0","","1","","","","1",null,"27","1.00000",null,null,"1","0","1",null,null,null,"0.00000","0.00000","0","0.00000","0","0","0",null,null,"0",null,"0",null,"0",null,"#FFFFFF","#A9A9A9","",null,null,null,null,null,null,null,null,null,null,null,null,null,null,"","0","2021-10-22 17:50:35.0",null,null,"0","0","","1");
DELETE FROM sale_item_ext WHERE id=101000251;
insert into sale_item_ext(id,kitchen_id,is_deleted,last_sync_at) values ("101000251","101000101","0","2021-10-22 17:50:35.0");
DELETE FROM stock_items WHERE id=101000252;
insert into stock_items(id,code,name,description,supplier_product_code,stock_item_attributes,stock_item_location,stock_item_category_id,prd_department_id,part_no,market_valuation_method,movement_method,uom_id,item_weight,qty_on_hand,unit_price,optimum_level,reorder_level,reorder_qty,preferred_supplier_id,last_purchase_unit_price,last_purchase_supplier_id,tax_id,tax_calculation_method,is_service_item,is_valid,is_manufactured,is_sellable,is_semi_finished,is_finished,sales_margin,is_sales_margin_percent,tax_percentage,qty_manufactured,top_consumption_rank,created_by,created_at,updated_by,updated_at,is_system,is_deleted) values ("101000252","226","Peacock Blue Cushion","",null,null,null,"1",null,null,"0",null,"27","1.00000",null,"0.00000",null,null,null,null,null,null,"1","0","0","1","0","1","0","0","0","0","0.00",null,"0","0","2021-10-22 05:54:14.0",null,null,"0","0");
DELETE FROM sale_items WHERE id=101000252;
insert into sale_items(id,stock_item_id,stock_item_code,code,hsn_code,is_group_item,group_item_id,is_combo_item,name,description,sub_class_id,is_valid,is_manufactured,alternative_name,is_printable_to_kitchen,name_to_print,alternative_name_to_print,barcode,is_open,qty_on_hand,uom_id,item_weight,profit_category_id,prd_department_id,tax_id,tax_exemption,tax_group_id,tax_id_home_service,tax_id_table_service,tax_id_take_away_service,fixed_price,whls_price,is_whls_price_pc,item_cost,tax_calculation_method,taxation_based_on,is_require_weighing,display_order,best_before,is_hot_item_1,hot_item_1_display_order,is_hot_item_2,hot_item_2_display_order,is_hot_item_3,hot_item_3_display_order,fg_color,bg_color,attrib1_name,attrib1_options,attrib2_name,attrib2_options,attrib3_name,attrib3_options,attrib4_name,attrib4_options,attrib5_name,attrib5_options,tag1,tag2,tag3,tag4,tag5,choice_ids,created_by,created_at,updated_by,updated_at,is_deleted,is_system,item_thumb,sys_sale_flag) values ("101000252","101000252",null,"226","","0",null,"0","Peacock Blue Cushion","","101000108","1","0","","1","","","","1",null,"27","1.00000",null,null,"1","0","1",null,null,null,"0.00000","0.00000","0","0.00000","0","0","0",null,null,"0",null,"0",null,"0",null,"#FFFFFF","#A9A9A9","",null,null,null,null,null,null,null,null,null,null,null,null,null,null,"","0","2021-10-22 17:54:14.0",null,null,"0","0","","1");
DELETE FROM sale_item_ext WHERE id=101000252;
insert into sale_item_ext(id,kitchen_id,is_deleted,last_sync_at) values ("101000252","101000101","0","2021-10-22 17:54:14.0");
DELETE FROM item_classes WHERE id=101000109;
insert into item_classes(id,code,hsn_code,name,alternative_name,department_id,description,menu_id,super_class_id,tax_calculation_method,tax_id,tax_exemption,tax_group_id,display_order,print_order,account_code,fg_color,bg_color,item_thumb,created_by,created_at,updated_by,updated_at,is_deleted,is_system) values ("101000109","109","","Heavy Curtain colors","","1","",null,"101000103","0","1","0","1",null,null,"","#FFFFFF","#A9A9A9","","0","2021-10-22 06:02:34.0","0","2021-10-22 07:01:02.0","0","0");
update item_classes set id="101000109", code="109", hsn_code="", name="Heavy Curtain colors", alternative_name="", department_id="1", description="", menu_id=null, super_class_id="101000103", tax_calculation_method="0", tax_id="1", tax_exemption="0", tax_group_id="1", display_order=null, print_order=null, account_code="", fg_color="#FFFFFF", bg_color="#A9A9A9", item_thumb="", created_by="0", created_at="2021-10-22 06:02:34.0", updated_by="0", updated_at="2021-10-22 07:01:02.0", is_deleted="0", is_system="0" where id=101000109 and is_deleted = 0 and is_synchable = 1;
DELETE FROM item_classes WHERE id=101000110;
insert into item_classes(id,code,hsn_code,name,alternative_name,department_id,description,menu_id,super_class_id,tax_calculation_method,tax_id,tax_exemption,tax_group_id,display_order,print_order,account_code,fg_color,bg_color,item_thumb,created_by,created_at,updated_by,updated_at,is_deleted,is_system) values ("101000110","110","","Sheer Curtain colors","","1","",null,"101000103","0","1","0","1",null,null,"","#FFFFFF","#A9A9A9","","0","2021-10-22 06:03:53.0","0","2021-10-22 07:00:42.0","0","0");
DELETE FROM stock_items WHERE id=101000253;
insert into stock_items(id,code,name,description,supplier_product_code,stock_item_attributes,stock_item_location,stock_item_category_id,prd_department_id,part_no,market_valuation_method,movement_method,uom_id,item_weight,qty_on_hand,unit_price,optimum_level,reorder_level,reorder_qty,preferred_supplier_id,last_purchase_unit_price,last_purchase_supplier_id,tax_id,tax_calculation_method,is_service_item,is_valid,is_manufactured,is_sellable,is_semi_finished,is_finished,sales_margin,is_sales_margin_percent,tax_percentage,qty_manufactured,top_consumption_rank,created_by,created_at,updated_by,updated_at,is_system,is_deleted) values ("101000253","227","Beige color","",null,null,null,"101000101",null,null,"0",null,"27","1.00000",null,"0.00000",null,null,null,null,null,null,"1","0","0","1","0","1","0","0","0","0","0.00",null,"0","0","2021-10-22 06:35:54.0","0","2021-10-22 07:19:01.0","0","0");
DELETE FROM sale_items WHERE id=101000253;
insert into sale_items(id,stock_item_id,stock_item_code,code,hsn_code,is_group_item,group_item_id,is_combo_item,name,description,sub_class_id,is_valid,is_manufactured,alternative_name,is_printable_to_kitchen,name_to_print,alternative_name_to_print,barcode,is_open,qty_on_hand,uom_id,item_weight,profit_category_id,prd_department_id,tax_id,tax_exemption,tax_group_id,tax_id_home_service,tax_id_table_service,tax_id_take_away_service,fixed_price,whls_price,is_whls_price_pc,item_cost,tax_calculation_method,taxation_based_on,is_require_weighing,display_order,best_before,is_hot_item_1,hot_item_1_display_order,is_hot_item_2,hot_item_2_display_order,is_hot_item_3,hot_item_3_display_order,fg_color,bg_color,attrib1_name,attrib1_options,attrib2_name,attrib2_options,attrib3_name,attrib3_options,attrib4_name,attrib4_options,attrib5_name,attrib5_options,tag1,tag2,tag3,tag4,tag5,choice_ids,created_by,created_at,updated_by,updated_at,is_deleted,is_system,item_thumb,sys_sale_flag) values ("101000253","101000253",null,"227","","0",null,"0","Beige color","","101000109","1","0","","1","","","","0",null,"27","1.00000",null,null,"1","0","1",null,null,null,"0.00000","0.00000","0","0.00000","0","0","0",null,null,"0",null,"0",null,"0",null,"#FFFFFF","#A9A9A9","",null,null,null,null,null,null,null,null,null,null,null,null,null,null,"","0","2021-10-22 18:35:54.0","0","2021-10-22 19:19:01.0","0","0","","1");
DELETE FROM sale_item_ext WHERE id=101000253;
insert into sale_item_ext(id,kitchen_id,is_deleted,last_sync_at) values ("101000253","101000101","0","2021-10-22 18:35:54.0");
update stock_items set id="101000253", code="227", name="Beige color", description="", supplier_product_code=null, stock_item_attributes=null, stock_item_location=null, stock_item_category_id="101000101", prd_department_id=null, part_no=null, market_valuation_method="0", movement_method=null, uom_id="27", item_weight="1.00000", qty_on_hand=null, unit_price="0.00000", optimum_level=null, reorder_level=null, reorder_qty=null, preferred_supplier_id=null, last_purchase_unit_price=null, last_purchase_supplier_id=null, tax_id="1", tax_calculation_method="0", is_service_item="0", is_valid="1", is_manufactured="0", is_sellable="1", is_semi_finished="0", is_finished="0", sales_margin="0", is_sales_margin_percent="0", tax_percentage="0.00", qty_manufactured=null, top_consumption_rank="0", created_by="0", created_at="2021-10-22 06:35:54.0", updated_by="0", updated_at="2021-10-22 07:19:01.0", is_system="0", is_deleted="0" where id=101000253 and is_deleted = 0 and is_synchable = 1;
update sale_items set id="101000253", stock_item_id="101000253", stock_item_code=null, code="227", hsn_code="", is_group_item="0", group_item_id=null, is_combo_item="0", name="Beige color", description="", sub_class_id="101000109", is_valid="1", is_manufactured="0", alternative_name="", is_printable_to_kitchen="1", name_to_print="", alternative_name_to_print="", barcode="", is_open="0", qty_on_hand=null, uom_id="27", item_weight="1.00000", profit_category_id=null, prd_department_id=null, tax_id="1", tax_exemption="0", tax_group_id="1", tax_id_home_service=null, tax_id_table_service=null, tax_id_take_away_service=null, fixed_price="0.00000", whls_price="0.00000", is_whls_price_pc="0", item_cost="0.00000", tax_calculation_method="0", taxation_based_on="0", is_require_weighing="0", display_order=null, best_before=null, is_hot_item_1="0", hot_item_1_display_order=null, is_hot_item_2="0", hot_item_2_display_order=null, is_hot_item_3="0", hot_item_3_display_order=null, fg_color="#FFFFFF", bg_color="#A9A9A9", attrib1_name="", attrib1_options=null, attrib2_name=null, attrib2_options=null, attrib3_name=null, attrib3_options=null, attrib4_name=null, attrib4_options=null, attrib5_name=null, attrib5_options=null, tag1=null, tag2=null, tag3=null, tag4=null, tag5=null, choice_ids="", created_by="0", created_at="2021-10-22 18:35:54.0", updated_by="0", updated_at="2021-10-22 19:19:01.0", is_deleted="0", is_system="0", item_thumb="", sys_sale_flag="1" where id=101000253 and is_deleted = 0 and is_synchable = 1;
update sale_item_ext set id="101000253", kitchen_id="101000101", is_deleted="0", last_sync_at="2021-10-22 18:35:54.0" where id=101000253 and is_deleted = 0 and is_synchable = 1;
DELETE FROM stock_items WHERE id=101000254;
insert into stock_items(id,code,name,description,supplier_product_code,stock_item_attributes,stock_item_location,stock_item_category_id,prd_department_id,part_no,market_valuation_method,movement_method,uom_id,item_weight,qty_on_hand,unit_price,optimum_level,reorder_level,reorder_qty,preferred_supplier_id,last_purchase_unit_price,last_purchase_supplier_id,tax_id,tax_calculation_method,is_service_item,is_valid,is_manufactured,is_sellable,is_semi_finished,is_finished,sales_margin,is_sales_margin_percent,tax_percentage,qty_manufactured,top_consumption_rank,created_by,created_at,updated_by,updated_at,is_system,is_deleted) values ("101000254","228","Grey color","",null,null,null,"101000101",null,null,"0",null,"27","1.00000",null,"0.00000",null,null,null,null,null,null,"1","0","0","1","0","1","0","0","0","0","0.00",null,"0","0","2021-10-22 06:38:03.0","0","2021-10-22 07:19:12.0","0","0");
DELETE FROM sale_items WHERE id=101000254;
insert into sale_items(id,stock_item_id,stock_item_code,code,hsn_code,is_group_item,group_item_id,is_combo_item,name,description,sub_class_id,is_valid,is_manufactured,alternative_name,is_printable_to_kitchen,name_to_print,alternative_name_to_print,barcode,is_open,qty_on_hand,uom_id,item_weight,profit_category_id,prd_department_id,tax_id,tax_exemption,tax_group_id,tax_id_home_service,tax_id_table_service,tax_id_take_away_service,fixed_price,whls_price,is_whls_price_pc,item_cost,tax_calculation_method,taxation_based_on,is_require_weighing,display_order,best_before,is_hot_item_1,hot_item_1_display_order,is_hot_item_2,hot_item_2_display_order,is_hot_item_3,hot_item_3_display_order,fg_color,bg_color,attrib1_name,attrib1_options,attrib2_name,attrib2_options,attrib3_name,attrib3_options,attrib4_name,attrib4_options,attrib5_name,attrib5_options,tag1,tag2,tag3,tag4,tag5,choice_ids,created_by,created_at,updated_by,updated_at,is_deleted,is_system,item_thumb,sys_sale_flag) values ("101000254","101000254",null,"228","","0",null,"0","Grey color","","101000109","1","0","","1","","","","1",null,"27","1.00000",null,null,"1","0","1",null,null,null,"0.00000","0.00000","0","0.00000","0","0","0",null,null,"0",null,"0",null,"0",null,"#FFFFFF","#A9A9A9","",null,null,null,null,null,null,null,null,null,null,null,null,null,null,"","0","2021-10-22 18:38:03.0","0","2021-10-22 19:19:12.0","0","0","","1");
DELETE FROM stock_items WHERE id=101000255;
insert into stock_items(id,code,name,description,supplier_product_code,stock_item_attributes,stock_item_location,stock_item_category_id,prd_department_id,part_no,market_valuation_method,movement_method,uom_id,item_weight,qty_on_hand,unit_price,optimum_level,reorder_level,reorder_qty,preferred_supplier_id,last_purchase_unit_price,last_purchase_supplier_id,tax_id,tax_calculation_method,is_service_item,is_valid,is_manufactured,is_sellable,is_semi_finished,is_finished,sales_margin,is_sales_margin_percent,tax_percentage,qty_manufactured,top_consumption_rank,created_by,created_at,updated_by,updated_at,is_system,is_deleted) values ("101000255","229","Beige flowers color","",null,null,null,"101000101",null,null,"0",null,"27","1.00000",null,"0.00000",null,null,null,null,null,null,"1","0","0","1","0","1","0","0","0","0","0.00",null,"0","0","2021-10-22 06:38:51.0","0","2021-10-22 07:19:26.0","0","0");
DELETE FROM sale_items WHERE id=101000255;
insert into sale_items(id,stock_item_id,stock_item_code,code,hsn_code,is_group_item,group_item_id,is_combo_item,name,description,sub_class_id,is_valid,is_manufactured,alternative_name,is_printable_to_kitchen,name_to_print,alternative_name_to_print,barcode,is_open,qty_on_hand,uom_id,item_weight,profit_category_id,prd_department_id,tax_id,tax_exemption,tax_group_id,tax_id_home_service,tax_id_table_service,tax_id_take_away_service,fixed_price,whls_price,is_whls_price_pc,item_cost,tax_calculation_method,taxation_based_on,is_require_weighing,display_order,best_before,is_hot_item_1,hot_item_1_display_order,is_hot_item_2,hot_item_2_display_order,is_hot_item_3,hot_item_3_display_order,fg_color,bg_color,attrib1_name,attrib1_options,attrib2_name,attrib2_options,attrib3_name,attrib3_options,attrib4_name,attrib4_options,attrib5_name,attrib5_options,tag1,tag2,tag3,tag4,tag5,choice_ids,created_by,created_at,updated_by,updated_at,is_deleted,is_system,item_thumb,sys_sale_flag) values ("101000255","101000255",null,"229","","0",null,"0","Beige flowers color","","101000109","1","0","","1","","","","1",null,"27","1.00000",null,null,"1","0","1",null,null,null,"0.00000","0.00000","0","0.00000","0","0","0",null,null,"0",null,"0",null,"0",null,"#FFFFFF","#A9A9A9","",null,null,null,null,null,null,null,null,null,null,null,null,null,null,"","0","2021-10-22 18:38:51.0","0","2021-10-22 19:19:26.0","0","0","","1");
DELETE FROM stock_items WHERE id=101000256;
insert into stock_items(id,code,name,description,supplier_product_code,stock_item_attributes,stock_item_location,stock_item_category_id,prd_department_id,part_no,market_valuation_method,movement_method,uom_id,item_weight,qty_on_hand,unit_price,optimum_level,reorder_level,reorder_qty,preferred_supplier_id,last_purchase_unit_price,last_purchase_supplier_id,tax_id,tax_calculation_method,is_service_item,is_valid,is_manufactured,is_sellable,is_semi_finished,is_finished,sales_margin,is_sales_margin_percent,tax_percentage,qty_manufactured,top_consumption_rank,created_by,created_at,updated_by,updated_at,is_system,is_deleted) values ("101000256","300","Grey flowers color","",null,null,null,"1",null,null,"0",null,"27","1.00000",null,"0.00000",null,null,null,null,null,null,"1","0","0","1","0","1","0","0","0","0","0.00",null,"0","0","2021-10-22 06:44:47.0","0","2021-10-22 07:19:37.0","0","0");
DELETE FROM sale_items WHERE id=101000256;
insert into sale_items(id,stock_item_id,stock_item_code,code,hsn_code,is_group_item,group_item_id,is_combo_item,name,description,sub_class_id,is_valid,is_manufactured,alternative_name,is_printable_to_kitchen,name_to_print,alternative_name_to_print,barcode,is_open,qty_on_hand,uom_id,item_weight,profit_category_id,prd_department_id,tax_id,tax_exemption,tax_group_id,tax_id_home_service,tax_id_table_service,tax_id_take_away_service,fixed_price,whls_price,is_whls_price_pc,item_cost,tax_calculation_method,taxation_based_on,is_require_weighing,display_order,best_before,is_hot_item_1,hot_item_1_display_order,is_hot_item_2,hot_item_2_display_order,is_hot_item_3,hot_item_3_display_order,fg_color,bg_color,attrib1_name,attrib1_options,attrib2_name,attrib2_options,attrib3_name,attrib3_options,attrib4_name,attrib4_options,attrib5_name,attrib5_options,tag1,tag2,tag3,tag4,tag5,choice_ids,created_by,created_at,updated_by,updated_at,is_deleted,is_system,item_thumb,sys_sale_flag) values ("101000256","101000256",null,"300","","0",null,"0","Grey flowers color","","101000109","1","0","","1","","","","0",null,"27","1.00000",null,null,"1","0","1",null,null,null,"0.00000","0.00000","0","0.00000","0","0","0",null,null,"0",null,"0",null,"0",null,"#FFFFFF","#A9A9A9","",null,null,null,null,null,null,null,null,null,null,null,null,null,null,"","0","2021-10-22 18:44:47.0","0","2021-10-22 19:19:37.0","0","0","","1");
DELETE FROM item_classes WHERE id=101000111;
insert into item_classes(id,code,hsn_code,name,alternative_name,department_id,description,menu_id,super_class_id,tax_calculation_method,tax_id,tax_exemption,tax_group_id,display_order,print_order,account_code,fg_color,bg_color,item_thumb,created_by,created_at,updated_by,updated_at,is_deleted,is_system) values ("101000111","111","","Trail Curtain","","1","",null,"101000103","0","1","0","1",null,null,"","#FFFFFF","#A9A9A9","","0","2021-10-22 06:51:11.0","0","2021-10-22 06:51:38.0","0","0");
update item_classes set id="101000111", code="111", hsn_code="", name="Trail Curtain", alternative_name="", department_id="1", description="", menu_id=null, super_class_id="101000103", tax_calculation_method="0", tax_id="1", tax_exemption="0", tax_group_id="1", display_order=null, print_order=null, account_code="", fg_color="#FFFFFF", bg_color="#A9A9A9", item_thumb="", created_by="0", created_at="2021-10-22 06:51:11.0", updated_by="0", updated_at="2021-10-22 06:51:38.0", is_deleted="0", is_system="0" where id=101000111 and is_deleted = 0 and is_synchable = 1;
DELETE FROM stock_items WHERE id=101000257;
insert into stock_items(id,code,name,description,supplier_product_code,stock_item_attributes,stock_item_location,stock_item_category_id,prd_department_id,part_no,market_valuation_method,movement_method,uom_id,item_weight,qty_on_hand,unit_price,optimum_level,reorder_level,reorder_qty,preferred_supplier_id,last_purchase_unit_price,last_purchase_supplier_id,tax_id,tax_calculation_method,is_service_item,is_valid,is_manufactured,is_sellable,is_semi_finished,is_finished,sales_margin,is_sales_margin_percent,tax_percentage,qty_manufactured,top_consumption_rank,created_by,created_at,updated_by,updated_at,is_system,is_deleted) values ("101000257","301","Dark beige Curtain","",null,null,null,"101000101",null,null,"0",null,"27","1.00000",null,"0.00000",null,null,null,null,null,null,"1","0","0","1","0","1","0","0","0","0","0.00",null,"0","0","2021-10-22 06:52:52.0",null,null,"0","0");
DELETE FROM sale_items WHERE id=101000257;
insert into sale_items(id,stock_item_id,stock_item_code,code,hsn_code,is_group_item,group_item_id,is_combo_item,name,description,sub_class_id,is_valid,is_manufactured,alternative_name,is_printable_to_kitchen,name_to_print,alternative_name_to_print,barcode,is_open,qty_on_hand,uom_id,item_weight,profit_category_id,prd_department_id,tax_id,tax_exemption,tax_group_id,tax_id_home_service,tax_id_table_service,tax_id_take_away_service,fixed_price,whls_price,is_whls_price_pc,item_cost,tax_calculation_method,taxation_based_on,is_require_weighing,display_order,best_before,is_hot_item_1,hot_item_1_display_order,is_hot_item_2,hot_item_2_display_order,is_hot_item_3,hot_item_3_display_order,fg_color,bg_color,attrib1_name,attrib1_options,attrib2_name,attrib2_options,attrib3_name,attrib3_options,attrib4_name,attrib4_options,attrib5_name,attrib5_options,tag1,tag2,tag3,tag4,tag5,choice_ids,created_by,created_at,updated_by,updated_at,is_deleted,is_system,item_thumb,sys_sale_flag) values ("101000257","101000257",null,"301","","0",null,"0","Dark beige Curtain","","101000111","1","0","","1","","","","0",null,"27","1.00000",null,null,"1","0","1",null,null,null,"0.00000","0.00000","0","0.00000","0","0","0",null,null,"0",null,"0",null,"0",null,"#FFFFFF","#A9A9A9","",null,null,null,null,null,null,null,null,null,null,null,null,null,null,"","0","2021-10-22 18:52:52.0",null,null,"0","0","","1");
DELETE FROM stock_items WHERE id=101000258;
insert into stock_items(id,code,name,description,supplier_product_code,stock_item_attributes,stock_item_location,stock_item_category_id,prd_department_id,part_no,market_valuation_method,movement_method,uom_id,item_weight,qty_on_hand,unit_price,optimum_level,reorder_level,reorder_qty,preferred_supplier_id,last_purchase_unit_price,last_purchase_supplier_id,tax_id,tax_calculation_method,is_service_item,is_valid,is_manufactured,is_sellable,is_semi_finished,is_finished,sales_margin,is_sales_margin_percent,tax_percentage,qty_manufactured,top_consumption_rank,created_by,created_at,updated_by,updated_at,is_system,is_deleted) values ("101000258","302","Beige flowers Curtain","",null,null,null,"101000101",null,null,"0",null,"27","1.00000",null,"0.00000",null,null,null,null,null,null,"1","0","0","1","0","1","0","0","0","0","0.00",null,"0","0","2021-10-22 06:53:36.0",null,null,"0","0");
DELETE FROM sale_items WHERE id=101000258;
insert into sale_items(id,stock_item_id,stock_item_code,code,hsn_code,is_group_item,group_item_id,is_combo_item,name,description,sub_class_id,is_valid,is_manufactured,alternative_name,is_printable_to_kitchen,name_to_print,alternative_name_to_print,barcode,is_open,qty_on_hand,uom_id,item_weight,profit_category_id,prd_department_id,tax_id,tax_exemption,tax_group_id,tax_id_home_service,tax_id_table_service,tax_id_take_away_service,fixed_price,whls_price,is_whls_price_pc,item_cost,tax_calculation_method,taxation_based_on,is_require_weighing,display_order,best_before,is_hot_item_1,hot_item_1_display_order,is_hot_item_2,hot_item_2_display_order,is_hot_item_3,hot_item_3_display_order,fg_color,bg_color,attrib1_name,attrib1_options,attrib2_name,attrib2_options,attrib3_name,attrib3_options,attrib4_name,attrib4_options,attrib5_name,attrib5_options,tag1,tag2,tag3,tag4,tag5,choice_ids,created_by,created_at,updated_by,updated_at,is_deleted,is_system,item_thumb,sys_sale_flag) values ("101000258","101000258",null,"302","","0",null,"0","Beige flowers Curtain","","101000111","1","0","","1","","","","0",null,"27","1.00000",null,null,"1","0","1",null,null,null,"0.00000","0.00000","0","0.00000","0","0","0",null,null,"0",null,"0",null,"0",null,"#FFFFFF","#A9A9A9","",null,null,null,null,null,null,null,null,null,null,null,null,null,null,"","0","2021-10-22 18:53:36.0",null,null,"0","0","","1");
DELETE FROM stock_items WHERE id=101000259;
insert into stock_items(id,code,name,description,supplier_product_code,stock_item_attributes,stock_item_location,stock_item_category_id,prd_department_id,part_no,market_valuation_method,movement_method,uom_id,item_weight,qty_on_hand,unit_price,optimum_level,reorder_level,reorder_qty,preferred_supplier_id,last_purchase_unit_price,last_purchase_supplier_id,tax_id,tax_calculation_method,is_service_item,is_valid,is_manufactured,is_sellable,is_semi_finished,is_finished,sales_margin,is_sales_margin_percent,tax_percentage,qty_manufactured,top_consumption_rank,created_by,created_at,updated_by,updated_at,is_system,is_deleted) values ("101000259","303","Grey Flowers Curtain","",null,null,null,"101000101",null,null,"0",null,"27","1.00000",null,"0.00000",null,null,null,null,null,null,"1","0","0","1","0","1","0","0","0","0","0.00",null,"0","0","2021-10-22 06:54:13.0",null,null,"0","0");
DELETE FROM sale_items WHERE id=101000259;
insert into sale_items(id,stock_item_id,stock_item_code,code,hsn_code,is_group_item,group_item_id,is_combo_item,name,description,sub_class_id,is_valid,is_manufactured,alternative_name,is_printable_to_kitchen,name_to_print,alternative_name_to_print,barcode,is_open,qty_on_hand,uom_id,item_weight,profit_category_id,prd_department_id,tax_id,tax_exemption,tax_group_id,tax_id_home_service,tax_id_table_service,tax_id_take_away_service,fixed_price,whls_price,is_whls_price_pc,item_cost,tax_calculation_method,taxation_based_on,is_require_weighing,display_order,best_before,is_hot_item_1,hot_item_1_display_order,is_hot_item_2,hot_item_2_display_order,is_hot_item_3,hot_item_3_display_order,fg_color,bg_color,attrib1_name,attrib1_options,attrib2_name,attrib2_options,attrib3_name,attrib3_options,attrib4_name,attrib4_options,attrib5_name,attrib5_options,tag1,tag2,tag3,tag4,tag5,choice_ids,created_by,created_at,updated_by,updated_at,is_deleted,is_system,item_thumb,sys_sale_flag) values ("101000259","101000259",null,"303","","0",null,"0","Grey Flowers Curtain","","101000111","1","0","","1","","","","0",null,"27","1.00000",null,null,"1","0","1",null,null,null,"0.00000","0.00000","0","0.00000","0","0","0",null,null,"0",null,"0",null,"0",null,"#FFFFFF","#A9A9A9","",null,null,null,null,null,null,null,null,null,null,null,null,null,null,"","0","2021-10-22 18:54:13.0",null,null,"0","0","","1");
DELETE FROM stock_items WHERE id=101000260;
insert into stock_items(id,code,name,description,supplier_product_code,stock_item_attributes,stock_item_location,stock_item_category_id,prd_department_id,part_no,market_valuation_method,movement_method,uom_id,item_weight,qty_on_hand,unit_price,optimum_level,reorder_level,reorder_qty,preferred_supplier_id,last_purchase_unit_price,last_purchase_supplier_id,tax_id,tax_calculation_method,is_service_item,is_valid,is_manufactured,is_sellable,is_semi_finished,is_finished,sales_margin,is_sales_margin_percent,tax_percentage,qty_manufactured,top_consumption_rank,created_by,created_at,updated_by,updated_at,is_system,is_deleted) values ("101000260","304","Cream color","",null,null,null,"101000101",null,null,"0",null,"27","1.00000",null,"0.00000",null,null,null,null,null,null,"1","0","0","1","0","1","0","0","0","0","0.00",null,"0","0","2021-10-22 06:57:07.0","0","2021-10-22 07:07:13.0","0","0");
DELETE FROM sale_items WHERE id=101000260;
insert into sale_items(id,stock_item_id,stock_item_code,code,hsn_code,is_group_item,group_item_id,is_combo_item,name,description,sub_class_id,is_valid,is_manufactured,alternative_name,is_printable_to_kitchen,name_to_print,alternative_name_to_print,barcode,is_open,qty_on_hand,uom_id,item_weight,profit_category_id,prd_department_id,tax_id,tax_exemption,tax_group_id,tax_id_home_service,tax_id_table_service,tax_id_take_away_service,fixed_price,whls_price,is_whls_price_pc,item_cost,tax_calculation_method,taxation_based_on,is_require_weighing,display_order,best_before,is_hot_item_1,hot_item_1_display_order,is_hot_item_2,hot_item_2_display_order,is_hot_item_3,hot_item_3_display_order,fg_color,bg_color,attrib1_name,attrib1_options,attrib2_name,attrib2_options,attrib3_name,attrib3_options,attrib4_name,attrib4_options,attrib5_name,attrib5_options,tag1,tag2,tag3,tag4,tag5,choice_ids,created_by,created_at,updated_by,updated_at,is_deleted,is_system,item_thumb,sys_sale_flag) values ("101000260","101000260",null,"304","","0",null,"0","Cream color","","101000110","1","0","","1","","","","0",null,"27","1.00000",null,null,"1","0","1",null,null,null,"0.00000","0.00000","0","0.00000","0","0","0",null,null,"0",null,"0",null,"0",null,"#FFFFFF","#A9A9A9","",null,null,null,null,null,null,null,null,null,null,null,null,null,null,"","0","2021-10-22 18:57:07.0","0","2021-10-22 19:07:13.0","0","0","","1");
DELETE FROM stock_items WHERE id=101000261;
insert into stock_items(id,code,name,description,supplier_product_code,stock_item_attributes,stock_item_location,stock_item_category_id,prd_department_id,part_no,market_valuation_method,movement_method,uom_id,item_weight,qty_on_hand,unit_price,optimum_level,reorder_level,reorder_qty,preferred_supplier_id,last_purchase_unit_price,last_purchase_supplier_id,tax_id,tax_calculation_method,is_service_item,is_valid,is_manufactured,is_sellable,is_semi_finished,is_finished,sales_margin,is_sales_margin_percent,tax_percentage,qty_manufactured,top_consumption_rank,created_by,created_at,updated_by,updated_at,is_system,is_deleted) values ("101000261","305","off white color","",null,null,null,"101000101",null,null,"0",null,"27","1.00000",null,"0.00000",null,null,null,null,null,null,"1","0","0","1","0","1","0","0","0","0","0.00",null,"0","0","2021-10-22 06:57:44.0","0","2021-10-22 07:08:04.0","0","0");
DELETE FROM sale_items WHERE id=101000261;
insert into sale_items(id,stock_item_id,stock_item_code,code,hsn_code,is_group_item,group_item_id,is_combo_item,name,description,sub_class_id,is_valid,is_manufactured,alternative_name,is_printable_to_kitchen,name_to_print,alternative_name_to_print,barcode,is_open,qty_on_hand,uom_id,item_weight,profit_category_id,prd_department_id,tax_id,tax_exemption,tax_group_id,tax_id_home_service,tax_id_table_service,tax_id_take_away_service,fixed_price,whls_price,is_whls_price_pc,item_cost,tax_calculation_method,taxation_based_on,is_require_weighing,display_order,best_before,is_hot_item_1,hot_item_1_display_order,is_hot_item_2,hot_item_2_display_order,is_hot_item_3,hot_item_3_display_order,fg_color,bg_color,attrib1_name,attrib1_options,attrib2_name,attrib2_options,attrib3_name,attrib3_options,attrib4_name,attrib4_options,attrib5_name,attrib5_options,tag1,tag2,tag3,tag4,tag5,choice_ids,created_by,created_at,updated_by,updated_at,is_deleted,is_system,item_thumb,sys_sale_flag) values ("101000261","101000261",null,"305","","0",null,"0","off white color","","101000110","1","0","","1","","","","0",null,"27","1.00000",null,null,"1","0","1",null,null,null,"0.00000","0.00000","0","0.00000","0","0","0",null,null,"0",null,"0",null,"0",null,"#FFFFFF","#A9A9A9","",null,null,null,null,null,null,null,null,null,null,null,null,null,null,"","0","2021-10-22 18:57:44.0","0","2021-10-22 19:08:04.0","0","0","","1");
DELETE FROM stock_items WHERE id=101000262;
insert into stock_items(id,code,name,description,supplier_product_code,stock_item_attributes,stock_item_location,stock_item_category_id,prd_department_id,part_no,market_valuation_method,movement_method,uom_id,item_weight,qty_on_hand,unit_price,optimum_level,reorder_level,reorder_qty,preferred_supplier_id,last_purchase_unit_price,last_purchase_supplier_id,tax_id,tax_calculation_method,is_service_item,is_valid,is_manufactured,is_sellable,is_semi_finished,is_finished,sales_margin,is_sales_margin_percent,tax_percentage,qty_manufactured,top_consumption_rank,created_by,created_at,updated_by,updated_at,is_system,is_deleted) values ("101000262","306","Plain color","",null,null,null,"101000101",null,null,"0",null,"27","1.00000",null,"0.00000",null,null,null,null,null,null,"1","0","0","1","0","1","0","0","0","0","0.00",null,"0","0","2021-10-22 06:58:21.0","0","2021-10-22 07:08:32.0","0","0");
DELETE FROM sale_items WHERE id=101000262;
insert into sale_items(id,stock_item_id,stock_item_code,code,hsn_code,is_group_item,group_item_id,is_combo_item,name,description,sub_class_id,is_valid,is_manufactured,alternative_name,is_printable_to_kitchen,name_to_print,alternative_name_to_print,barcode,is_open,qty_on_hand,uom_id,item_weight,profit_category_id,prd_department_id,tax_id,tax_exemption,tax_group_id,tax_id_home_service,tax_id_table_service,tax_id_take_away_service,fixed_price,whls_price,is_whls_price_pc,item_cost,tax_calculation_method,taxation_based_on,is_require_weighing,display_order,best_before,is_hot_item_1,hot_item_1_display_order,is_hot_item_2,hot_item_2_display_order,is_hot_item_3,hot_item_3_display_order,fg_color,bg_color,attrib1_name,attrib1_options,attrib2_name,attrib2_options,attrib3_name,attrib3_options,attrib4_name,attrib4_options,attrib5_name,attrib5_options,tag1,tag2,tag3,tag4,tag5,choice_ids,created_by,created_at,updated_by,updated_at,is_deleted,is_system,item_thumb,sys_sale_flag) values ("101000262","101000262",null,"306","","0",null,"0","Plain color","","101000110","1","0","","1","","","","0",null,"27","1.00000",null,null,"1","0","1",null,null,null,"0.00000","0.00000","0","0.00000","0","0","0",null,null,"0",null,"0",null,"0",null,"#FFFFFF","#A9A9A9","",null,null,null,null,null,null,null,null,null,null,null,null,null,null,"","0","2021-10-22 18:58:21.0","0","2021-10-22 19:08:32.0","0","0","","1");
DELETE FROM stock_items WHERE id=101000263;
insert into stock_items(id,code,name,description,supplier_product_code,stock_item_attributes,stock_item_location,stock_item_category_id,prd_department_id,part_no,market_valuation_method,movement_method,uom_id,item_weight,qty_on_hand,unit_price,optimum_level,reorder_level,reorder_qty,preferred_supplier_id,last_purchase_unit_price,last_purchase_supplier_id,tax_id,tax_calculation_method,is_service_item,is_valid,is_manufactured,is_sellable,is_semi_finished,is_finished,sales_margin,is_sales_margin_percent,tax_percentage,qty_manufactured,top_consumption_rank,created_by,created_at,updated_by,updated_at,is_system,is_deleted) values ("101000263","307","Plain with stripes","",null,null,null,"101000101",null,null,"0",null,"27","1.00000",null,"0.00000",null,null,null,null,null,null,"1","0","0","1","0","1","0","0","0","0","0.00",null,"0","0","2021-10-22 06:59:57.0",null,null,"0","0");
DELETE FROM sale_items WHERE id=101000263;
insert into sale_items(id,stock_item_id,stock_item_code,code,hsn_code,is_group_item,group_item_id,is_combo_item,name,description,sub_class_id,is_valid,is_manufactured,alternative_name,is_printable_to_kitchen,name_to_print,alternative_name_to_print,barcode,is_open,qty_on_hand,uom_id,item_weight,profit_category_id,prd_department_id,tax_id,tax_exemption,tax_group_id,tax_id_home_service,tax_id_table_service,tax_id_take_away_service,fixed_price,whls_price,is_whls_price_pc,item_cost,tax_calculation_method,taxation_based_on,is_require_weighing,display_order,best_before,is_hot_item_1,hot_item_1_display_order,is_hot_item_2,hot_item_2_display_order,is_hot_item_3,hot_item_3_display_order,fg_color,bg_color,attrib1_name,attrib1_options,attrib2_name,attrib2_options,attrib3_name,attrib3_options,attrib4_name,attrib4_options,attrib5_name,attrib5_options,tag1,tag2,tag3,tag4,tag5,choice_ids,created_by,created_at,updated_by,updated_at,is_deleted,is_system,item_thumb,sys_sale_flag) values ("101000263","101000263",null,"307","","0",null,"0","Plain with stripes","","101000110","1","0","","1","","","","0",null,"27","1.00000",null,null,"1","0","1",null,null,null,"0.00000","0.00000","0","0.00000","0","0","0",null,null,"0",null,"0",null,"0",null,"#FFFFFF","#A9A9A9","",null,null,null,null,null,null,null,null,null,null,null,null,null,null,"","0","2021-10-22 18:59:57.0",null,null,"0","0","","1");
update item_classes set id="101000110", code="110", hsn_code="", name="Sheer Curtain colors", alternative_name="", department_id="1", description="", menu_id=null, super_class_id="101000103", tax_calculation_method="0", tax_id="1", tax_exemption="0", tax_group_id="1", display_order=null, print_order=null, account_code="", fg_color="#FFFFFF", bg_color="#A9A9A9", item_thumb="", created_by="0", created_at="2021-10-22 06:03:53.0", updated_by="0", updated_at="2021-10-22 07:00:42.0", is_deleted="0", is_system="0" where id=101000110 and is_deleted = 0 and is_synchable = 1;
update item_classes set id="101000109", code="109", hsn_code="", name="Heavy Curtain colors", alternative_name="", department_id="1", description="", menu_id=null, super_class_id="101000103", tax_calculation_method="0", tax_id="1", tax_exemption="0", tax_group_id="1", display_order=null, print_order=null, account_code="", fg_color="#FFFFFF", bg_color="#A9A9A9", item_thumb="", created_by="0", created_at="2021-10-22 06:02:34.0", updated_by="0", updated_at="2021-10-22 07:01:02.0", is_deleted="0", is_system="0" where id=101000109 and is_deleted = 0 and is_synchable = 1;
update stock_items set id="101000260", code="304", name="Cream color", description="", supplier_product_code=null, stock_item_attributes=null, stock_item_location=null, stock_item_category_id="101000101", prd_department_id=null, part_no=null, market_valuation_method="0", movement_method=null, uom_id="27", item_weight="1.00000", qty_on_hand=null, unit_price="0.00000", optimum_level=null, reorder_level=null, reorder_qty=null, preferred_supplier_id=null, last_purchase_unit_price=null, last_purchase_supplier_id=null, tax_id="1", tax_calculation_method="0", is_service_item="0", is_valid="1", is_manufactured="0", is_sellable="1", is_semi_finished="0", is_finished="0", sales_margin="0", is_sales_margin_percent="0", tax_percentage="0.00", qty_manufactured=null, top_consumption_rank="0", created_by="0", created_at="2021-10-22 06:57:07.0", updated_by="0", updated_at="2021-10-22 07:07:13.0", is_system="0", is_deleted="0" where id=101000260 and is_deleted = 0 and is_synchable = 1;
update sale_items set id="101000260", stock_item_id="101000260", stock_item_code=null, code="304", hsn_code="", is_group_item="0", group_item_id=null, is_combo_item="0", name="Cream color", description="", sub_class_id="101000110", is_valid="1", is_manufactured="0", alternative_name="", is_printable_to_kitchen="1", name_to_print="", alternative_name_to_print="", barcode="", is_open="0", qty_on_hand=null, uom_id="27", item_weight="1.00000", profit_category_id=null, prd_department_id=null, tax_id="1", tax_exemption="0", tax_group_id="1", tax_id_home_service=null, tax_id_table_service=null, tax_id_take_away_service=null, fixed_price="0.00000", whls_price="0.00000", is_whls_price_pc="0", item_cost="0.00000", tax_calculation_method="0", taxation_based_on="0", is_require_weighing="0", display_order=null, best_before=null, is_hot_item_1="0", hot_item_1_display_order=null, is_hot_item_2="0", hot_item_2_display_order=null, is_hot_item_3="0", hot_item_3_display_order=null, fg_color="#FFFFFF", bg_color="#A9A9A9", attrib1_name="", attrib1_options=null, attrib2_name=null, attrib2_options=null, attrib3_name=null, attrib3_options=null, attrib4_name=null, attrib4_options=null, attrib5_name=null, attrib5_options=null, tag1=null, tag2=null, tag3=null, tag4=null, tag5=null, choice_ids="", created_by="0", created_at="2021-10-22 18:57:07.0", updated_by="0", updated_at="2021-10-22 19:07:13.0", is_deleted="0", is_system="0", item_thumb="", sys_sale_flag="1" where id=101000260 and is_deleted = 0 and is_synchable = 1;
update stock_items set id="101000261", code="305", name="off white color", description="", supplier_product_code=null, stock_item_attributes=null, stock_item_location=null, stock_item_category_id="101000101", prd_department_id=null, part_no=null, market_valuation_method="0", movement_method=null, uom_id="27", item_weight="1.00000", qty_on_hand=null, unit_price="0.00000", optimum_level=null, reorder_level=null, reorder_qty=null, preferred_supplier_id=null, last_purchase_unit_price=null, last_purchase_supplier_id=null, tax_id="1", tax_calculation_method="0", is_service_item="0", is_valid="1", is_manufactured="0", is_sellable="1", is_semi_finished="0", is_finished="0", sales_margin="0", is_sales_margin_percent="0", tax_percentage="0.00", qty_manufactured=null, top_consumption_rank="0", created_by="0", created_at="2021-10-22 06:57:44.0", updated_by="0", updated_at="2021-10-22 07:08:04.0", is_system="0", is_deleted="0" where id=101000261 and is_deleted = 0 and is_synchable = 1;
update sale_items set id="101000261", stock_item_id="101000261", stock_item_code=null, code="305", hsn_code="", is_group_item="0", group_item_id=null, is_combo_item="0", name="off white color", description="", sub_class_id="101000110", is_valid="1", is_manufactured="0", alternative_name="", is_printable_to_kitchen="1", name_to_print="", alternative_name_to_print="", barcode="", is_open="0", qty_on_hand=null, uom_id="27", item_weight="1.00000", profit_category_id=null, prd_department_id=null, tax_id="1", tax_exemption="0", tax_group_id="1", tax_id_home_service=null, tax_id_table_service=null, tax_id_take_away_service=null, fixed_price="0.00000", whls_price="0.00000", is_whls_price_pc="0", item_cost="0.00000", tax_calculation_method="0", taxation_based_on="0", is_require_weighing="0", display_order=null, best_before=null, is_hot_item_1="0", hot_item_1_display_order=null, is_hot_item_2="0", hot_item_2_display_order=null, is_hot_item_3="0", hot_item_3_display_order=null, fg_color="#FFFFFF", bg_color="#A9A9A9", attrib1_name="", attrib1_options=null, attrib2_name=null, attrib2_options=null, attrib3_name=null, attrib3_options=null, attrib4_name=null, attrib4_options=null, attrib5_name=null, attrib5_options=null, tag1=null, tag2=null, tag3=null, tag4=null, tag5=null, choice_ids="", created_by="0", created_at="2021-10-22 18:57:44.0", updated_by="0", updated_at="2021-10-22 19:08:04.0", is_deleted="0", is_system="0", item_thumb="", sys_sale_flag="1" where id=101000261 and is_deleted = 0 and is_synchable = 1;
update stock_items set id="101000262", code="306", name="Plain color", description="", supplier_product_code=null, stock_item_attributes=null, stock_item_location=null, stock_item_category_id="101000101", prd_department_id=null, part_no=null, market_valuation_method="0", movement_method=null, uom_id="27", item_weight="1.00000", qty_on_hand=null, unit_price="0.00000", optimum_level=null, reorder_level=null, reorder_qty=null, preferred_supplier_id=null, last_purchase_unit_price=null, last_purchase_supplier_id=null, tax_id="1", tax_calculation_method="0", is_service_item="0", is_valid="1", is_manufactured="0", is_sellable="1", is_semi_finished="0", is_finished="0", sales_margin="0", is_sales_margin_percent="0", tax_percentage="0.00", qty_manufactured=null, top_consumption_rank="0", created_by="0", created_at="2021-10-22 06:58:21.0", updated_by="0", updated_at="2021-10-22 07:08:32.0", is_system="0", is_deleted="0" where id=101000262 and is_deleted = 0 and is_synchable = 1;
update sale_items set id="101000262", stock_item_id="101000262", stock_item_code=null, code="306", hsn_code="", is_group_item="0", group_item_id=null, is_combo_item="0", name="Plain color", description="", sub_class_id="101000110", is_valid="1", is_manufactured="0", alternative_name="", is_printable_to_kitchen="1", name_to_print="", alternative_name_to_print="", barcode="", is_open="0", qty_on_hand=null, uom_id="27", item_weight="1.00000", profit_category_id=null, prd_department_id=null, tax_id="1", tax_exemption="0", tax_group_id="1", tax_id_home_service=null, tax_id_table_service=null, tax_id_take_away_service=null, fixed_price="0.00000", whls_price="0.00000", is_whls_price_pc="0", item_cost="0.00000", tax_calculation_method="0", taxation_based_on="0", is_require_weighing="0", display_order=null, best_before=null, is_hot_item_1="0", hot_item_1_display_order=null, is_hot_item_2="0", hot_item_2_display_order=null, is_hot_item_3="0", hot_item_3_display_order=null, fg_color="#FFFFFF", bg_color="#A9A9A9", attrib1_name="", attrib1_options=null, attrib2_name=null, attrib2_options=null, attrib3_name=null, attrib3_options=null, attrib4_name=null, attrib4_options=null, attrib5_name=null, attrib5_options=null, tag1=null, tag2=null, tag3=null, tag4=null, tag5=null, choice_ids="", created_by="0", created_at="2021-10-22 18:58:21.0", updated_by="0", updated_at="2021-10-22 19:08:32.0", is_deleted="0", is_system="0", item_thumb="", sys_sale_flag="1" where id=101000262 and is_deleted = 0 and is_synchable = 1;
DELETE FROM item_classes WHERE id=101000112;
insert into item_classes(id,code,hsn_code,name,alternative_name,department_id,description,menu_id,super_class_id,tax_calculation_method,tax_id,tax_exemption,tax_group_id,display_order,print_order,account_code,fg_color,bg_color,item_thumb,created_by,created_at,updated_by,updated_at,is_deleted,is_system) values ("101000112","112","","Shower Curtain","","1","",null,"101000103","0","1","0","1",null,null,"","#FFFFFF","#A9A9A9","","0","2021-10-22 07:12:11.0",null,null,"0","0");
DELETE FROM stock_items WHERE id=101000264;
insert into stock_items(id,code,name,description,supplier_product_code,stock_item_attributes,stock_item_location,stock_item_category_id,prd_department_id,part_no,market_valuation_method,movement_method,uom_id,item_weight,qty_on_hand,unit_price,optimum_level,reorder_level,reorder_qty,preferred_supplier_id,last_purchase_unit_price,last_purchase_supplier_id,tax_id,tax_calculation_method,is_service_item,is_valid,is_manufactured,is_sellable,is_semi_finished,is_finished,sales_margin,is_sales_margin_percent,tax_percentage,qty_manufactured,top_consumption_rank,created_by,created_at,updated_by,updated_at,is_system,is_deleted) values ("101000264","308","Shower Curtain","",null,null,null,"101000101",null,null,"0",null,"27","1.00000",null,"0.00000",null,null,null,null,null,null,"1","0","0","1","0","1","0","0","0","0","0.00",null,"0","0","2021-10-22 07:14:59.0",null,null,"0","0");
DELETE FROM sale_items WHERE id=101000264;
insert into sale_items(id,stock_item_id,stock_item_code,code,hsn_code,is_group_item,group_item_id,is_combo_item,name,description,sub_class_id,is_valid,is_manufactured,alternative_name,is_printable_to_kitchen,name_to_print,alternative_name_to_print,barcode,is_open,qty_on_hand,uom_id,item_weight,profit_category_id,prd_department_id,tax_id,tax_exemption,tax_group_id,tax_id_home_service,tax_id_table_service,tax_id_take_away_service,fixed_price,whls_price,is_whls_price_pc,item_cost,tax_calculation_method,taxation_based_on,is_require_weighing,display_order,best_before,is_hot_item_1,hot_item_1_display_order,is_hot_item_2,hot_item_2_display_order,is_hot_item_3,hot_item_3_display_order,fg_color,bg_color,attrib1_name,attrib1_options,attrib2_name,attrib2_options,attrib3_name,attrib3_options,attrib4_name,attrib4_options,attrib5_name,attrib5_options,tag1,tag2,tag3,tag4,tag5,choice_ids,created_by,created_at,updated_by,updated_at,is_deleted,is_system,item_thumb,sys_sale_flag) values ("101000264","101000264",null,"308","","0",null,"0","Shower Curtain","","101000112","1","0","","1","","","","0",null,"27","1.00000",null,null,"1","0","1",null,null,null,"0.00000","0.00000","0","0.00000","0","0","0",null,null,"0",null,"0",null,"0",null,"#FFFFFF","#A9A9A9","",null,null,null,null,null,null,null,null,null,null,null,null,null,null,"","0","2021-10-22 19:14:59.0",null,null,"0","0","","1");
update stock_items set id="101000253", code="227", name="Beige color", description="", supplier_product_code=null, stock_item_attributes=null, stock_item_location=null, stock_item_category_id="101000101", prd_department_id=null, part_no=null, market_valuation_method="0", movement_method=null, uom_id="27", item_weight="1.00000", qty_on_hand=null, unit_price="0.00000", optimum_level=null, reorder_level=null, reorder_qty=null, preferred_supplier_id=null, last_purchase_unit_price=null, last_purchase_supplier_id=null, tax_id="1", tax_calculation_method="0", is_service_item="0", is_valid="1", is_manufactured="0", is_sellable="1", is_semi_finished="0", is_finished="0", sales_margin="0", is_sales_margin_percent="0", tax_percentage="0.00", qty_manufactured=null, top_consumption_rank="0", created_by="0", created_at="2021-10-22 06:35:54.0", updated_by="0", updated_at="2021-10-22 07:19:01.0", is_system="0", is_deleted="0" where id=101000253 and is_deleted = 0 and is_synchable = 1;
update sale_items set id="101000253", stock_item_id="101000253", stock_item_code=null, code="227", hsn_code="", is_group_item="0", group_item_id=null, is_combo_item="0", name="Beige color", description="", sub_class_id="101000109", is_valid="1", is_manufactured="0", alternative_name="", is_printable_to_kitchen="1", name_to_print="", alternative_name_to_print="", barcode="", is_open="0", qty_on_hand=null, uom_id="27", item_weight="1.00000", profit_category_id=null, prd_department_id=null, tax_id="1", tax_exemption="0", tax_group_id="1", tax_id_home_service=null, tax_id_table_service=null, tax_id_take_away_service=null, fixed_price="0.00000", whls_price="0.00000", is_whls_price_pc="0", item_cost="0.00000", tax_calculation_method="0", taxation_based_on="0", is_require_weighing="0", display_order=null, best_before=null, is_hot_item_1="0", hot_item_1_display_order=null, is_hot_item_2="0", hot_item_2_display_order=null, is_hot_item_3="0", hot_item_3_display_order=null, fg_color="#FFFFFF", bg_color="#A9A9A9", attrib1_name="", attrib1_options=null, attrib2_name=null, attrib2_options=null, attrib3_name=null, attrib3_options=null, attrib4_name=null, attrib4_options=null, attrib5_name=null, attrib5_options=null, tag1=null, tag2=null, tag3=null, tag4=null, tag5=null, choice_ids="", created_by="0", created_at="2021-10-22 18:35:54.0", updated_by="0", updated_at="2021-10-22 19:19:01.0", is_deleted="0", is_system="0", item_thumb="", sys_sale_flag="1" where id=101000253 and is_deleted = 0 and is_synchable = 1;
update sale_item_ext set id="101000253", kitchen_id="101000101", is_deleted="0", last_sync_at="2021-10-22 18:35:54.0" where id=101000253 and is_deleted = 0 and is_synchable = 1;
update stock_items set id="101000254", code="228", name="Grey color", description="", supplier_product_code=null, stock_item_attributes=null, stock_item_location=null, stock_item_category_id="101000101", prd_department_id=null, part_no=null, market_valuation_method="0", movement_method=null, uom_id="27", item_weight="1.00000", qty_on_hand=null, unit_price="0.00000", optimum_level=null, reorder_level=null, reorder_qty=null, preferred_supplier_id=null, last_purchase_unit_price=null, last_purchase_supplier_id=null, tax_id="1", tax_calculation_method="0", is_service_item="0", is_valid="1", is_manufactured="0", is_sellable="1", is_semi_finished="0", is_finished="0", sales_margin="0", is_sales_margin_percent="0", tax_percentage="0.00", qty_manufactured=null, top_consumption_rank="0", created_by="0", created_at="2021-10-22 06:38:03.0", updated_by="0", updated_at="2021-10-22 07:19:12.0", is_system="0", is_deleted="0" where id=101000254 and is_deleted = 0 and is_synchable = 1;
update sale_items set id="101000254", stock_item_id="101000254", stock_item_code=null, code="228", hsn_code="", is_group_item="0", group_item_id=null, is_combo_item="0", name="Grey color", description="", sub_class_id="101000109", is_valid="1", is_manufactured="0", alternative_name="", is_printable_to_kitchen="1", name_to_print="", alternative_name_to_print="", barcode="", is_open="1", qty_on_hand=null, uom_id="27", item_weight="1.00000", profit_category_id=null, prd_department_id=null, tax_id="1", tax_exemption="0", tax_group_id="1", tax_id_home_service=null, tax_id_table_service=null, tax_id_take_away_service=null, fixed_price="0.00000", whls_price="0.00000", is_whls_price_pc="0", item_cost="0.00000", tax_calculation_method="0", taxation_based_on="0", is_require_weighing="0", display_order=null, best_before=null, is_hot_item_1="0", hot_item_1_display_order=null, is_hot_item_2="0", hot_item_2_display_order=null, is_hot_item_3="0", hot_item_3_display_order=null, fg_color="#FFFFFF", bg_color="#A9A9A9", attrib1_name="", attrib1_options=null, attrib2_name=null, attrib2_options=null, attrib3_name=null, attrib3_options=null, attrib4_name=null, attrib4_options=null, attrib5_name=null, attrib5_options=null, tag1=null, tag2=null, tag3=null, tag4=null, tag5=null, choice_ids="", created_by="0", created_at="2021-10-22 18:38:03.0", updated_by="0", updated_at="2021-10-22 19:19:12.0", is_deleted="0", is_system="0", item_thumb="", sys_sale_flag="1" where id=101000254 and is_deleted = 0 and is_synchable = 1;
update stock_items set id="101000255", code="229", name="Beige flowers color", description="", supplier_product_code=null, stock_item_attributes=null, stock_item_location=null, stock_item_category_id="101000101", prd_department_id=null, part_no=null, market_valuation_method="0", movement_method=null, uom_id="27", item_weight="1.00000", qty_on_hand=null, unit_price="0.00000", optimum_level=null, reorder_level=null, reorder_qty=null, preferred_supplier_id=null, last_purchase_unit_price=null, last_purchase_supplier_id=null, tax_id="1", tax_calculation_method="0", is_service_item="0", is_valid="1", is_manufactured="0", is_sellable="1", is_semi_finished="0", is_finished="0", sales_margin="0", is_sales_margin_percent="0", tax_percentage="0.00", qty_manufactured=null, top_consumption_rank="0", created_by="0", created_at="2021-10-22 06:38:51.0", updated_by="0", updated_at="2021-10-22 07:19:26.0", is_system="0", is_deleted="0" where id=101000255 and is_deleted = 0 and is_synchable = 1;
update sale_items set id="101000255", stock_item_id="101000255", stock_item_code=null, code="229", hsn_code="", is_group_item="0", group_item_id=null, is_combo_item="0", name="Beige flowers color", description="", sub_class_id="101000109", is_valid="1", is_manufactured="0", alternative_name="", is_printable_to_kitchen="1", name_to_print="", alternative_name_to_print="", barcode="", is_open="1", qty_on_hand=null, uom_id="27", item_weight="1.00000", profit_category_id=null, prd_department_id=null, tax_id="1", tax_exemption="0", tax_group_id="1", tax_id_home_service=null, tax_id_table_service=null, tax_id_take_away_service=null, fixed_price="0.00000", whls_price="0.00000", is_whls_price_pc="0", item_cost="0.00000", tax_calculation_method="0", taxation_based_on="0", is_require_weighing="0", display_order=null, best_before=null, is_hot_item_1="0", hot_item_1_display_order=null, is_hot_item_2="0", hot_item_2_display_order=null, is_hot_item_3="0", hot_item_3_display_order=null, fg_color="#FFFFFF", bg_color="#A9A9A9", attrib1_name="", attrib1_options=null, attrib2_name=null, attrib2_options=null, attrib3_name=null, attrib3_options=null, attrib4_name=null, attrib4_options=null, attrib5_name=null, attrib5_options=null, tag1=null, tag2=null, tag3=null, tag4=null, tag5=null, choice_ids="", created_by="0", created_at="2021-10-22 18:38:51.0", updated_by="0", updated_at="2021-10-22 19:19:26.0", is_deleted="0", is_system="0", item_thumb="", sys_sale_flag="1" where id=101000255 and is_deleted = 0 and is_synchable = 1;
update stock_items set id="101000256", code="300", name="Grey flowers color", description="", supplier_product_code=null, stock_item_attributes=null, stock_item_location=null, stock_item_category_id="1", prd_department_id=null, part_no=null, market_valuation_method="0", movement_method=null, uom_id="27", item_weight="1.00000", qty_on_hand=null, unit_price="0.00000", optimum_level=null, reorder_level=null, reorder_qty=null, preferred_supplier_id=null, last_purchase_unit_price=null, last_purchase_supplier_id=null, tax_id="1", tax_calculation_method="0", is_service_item="0", is_valid="1", is_manufactured="0", is_sellable="1", is_semi_finished="0", is_finished="0", sales_margin="0", is_sales_margin_percent="0", tax_percentage="0.00", qty_manufactured=null, top_consumption_rank="0", created_by="0", created_at="2021-10-22 06:44:47.0", updated_by="0", updated_at="2021-10-22 07:19:37.0", is_system="0", is_deleted="0" where id=101000256 and is_deleted = 0 and is_synchable = 1;
update sale_items set id="101000256", stock_item_id="101000256", stock_item_code=null, code="300", hsn_code="", is_group_item="0", group_item_id=null, is_combo_item="0", name="Grey flowers color", description="", sub_class_id="101000109", is_valid="1", is_manufactured="0", alternative_name="", is_printable_to_kitchen="1", name_to_print="", alternative_name_to_print="", barcode="", is_open="0", qty_on_hand=null, uom_id="27", item_weight="1.00000", profit_category_id=null, prd_department_id=null, tax_id="1", tax_exemption="0", tax_group_id="1", tax_id_home_service=null, tax_id_table_service=null, tax_id_take_away_service=null, fixed_price="0.00000", whls_price="0.00000", is_whls_price_pc="0", item_cost="0.00000", tax_calculation_method="0", taxation_based_on="0", is_require_weighing="0", display_order=null, best_before=null, is_hot_item_1="0", hot_item_1_display_order=null, is_hot_item_2="0", hot_item_2_display_order=null, is_hot_item_3="0", hot_item_3_display_order=null, fg_color="#FFFFFF", bg_color="#A9A9A9", attrib1_name="", attrib1_options=null, attrib2_name=null, attrib2_options=null, attrib3_name=null, attrib3_options=null, attrib4_name=null, attrib4_options=null, attrib5_name=null, attrib5_options=null, tag1=null, tag2=null, tag3=null, tag4=null, tag5=null, choice_ids="", created_by="0", created_at="2021-10-22 18:44:47.0", updated_by="0", updated_at="2021-10-22 19:19:37.0", is_deleted="0", is_system="0", item_thumb="", sys_sale_flag="1" where id=101000256 and is_deleted = 0 and is_synchable = 1;
DELETE FROM stock_items WHERE id=101000265;
insert into stock_items(id,code,name,description,supplier_product_code,stock_item_attributes,stock_item_location,stock_item_category_id,prd_department_id,part_no,market_valuation_method,movement_method,uom_id,item_weight,qty_on_hand,unit_price,optimum_level,reorder_level,reorder_qty,preferred_supplier_id,last_purchase_unit_price,last_purchase_supplier_id,tax_id,tax_calculation_method,is_service_item,is_valid,is_manufactured,is_sellable,is_semi_finished,is_finished,sales_margin,is_sales_margin_percent,tax_percentage,qty_manufactured,top_consumption_rank,created_by,created_at,updated_by,updated_at,is_system,is_deleted) values ("101000265","B01","SS Dustbin net Small(Room)","",null,null,null,"101000101",null,null,"0",null,"27","1.00000",null,"1.00000",null,null,null,null,null,null,"1","0","0","1","0","1","0","0","0","0","0.00",null,"0","0","2021-10-22 07:27:17.0","0","2021-10-22 07:31:32.0","0","0");
DELETE FROM sale_items WHERE id=101000265;
insert into sale_items(id,stock_item_id,stock_item_code,code,hsn_code,is_group_item,group_item_id,is_combo_item,name,description,sub_class_id,is_valid,is_manufactured,alternative_name,is_printable_to_kitchen,name_to_print,alternative_name_to_print,barcode,is_open,qty_on_hand,uom_id,item_weight,profit_category_id,prd_department_id,tax_id,tax_exemption,tax_group_id,tax_id_home_service,tax_id_table_service,tax_id_take_away_service,fixed_price,whls_price,is_whls_price_pc,item_cost,tax_calculation_method,taxation_based_on,is_require_weighing,display_order,best_before,is_hot_item_1,hot_item_1_display_order,is_hot_item_2,hot_item_2_display_order,is_hot_item_3,hot_item_3_display_order,fg_color,bg_color,attrib1_name,attrib1_options,attrib2_name,attrib2_options,attrib3_name,attrib3_options,attrib4_name,attrib4_options,attrib5_name,attrib5_options,tag1,tag2,tag3,tag4,tag5,choice_ids,created_by,created_at,updated_by,updated_at,is_deleted,is_system,item_thumb,sys_sale_flag) values ("101000265","101000265",null,"B01","","0",null,"0","SS Dustbin net Small(Room)","","101000113","1","0","","1","","","","0",null,"27","1.00000",null,null,"1","0","1",null,null,null,"1.00000","0.00000","0","0.00000","0","0","0",null,null,"0",null,"0",null,"0",null,"#FFFFFF","#A9A9A9","",null,null,null,null,null,null,null,null,null,null,null,null,null,null,"","0","2021-10-22 19:27:17.0","0","2021-10-22 19:31:32.0","0","0","","1");
DELETE FROM sale_item_ext WHERE id=101000265;
insert into sale_item_ext(id,kitchen_id,is_deleted,last_sync_at) values ("101000265","101000101","0","2021-10-22 19:27:17.0");
DELETE FROM stock_items WHERE id=101000266;
insert into stock_items(id,code,name,description,supplier_product_code,stock_item_attributes,stock_item_location,stock_item_category_id,prd_department_id,part_no,market_valuation_method,movement_method,uom_id,item_weight,qty_on_hand,unit_price,optimum_level,reorder_level,reorder_qty,preferred_supplier_id,last_purchase_unit_price,last_purchase_supplier_id,tax_id,tax_calculation_method,is_service_item,is_valid,is_manufactured,is_sellable,is_semi_finished,is_finished,sales_margin,is_sales_margin_percent,tax_percentage,qty_manufactured,top_consumption_rank,created_by,created_at,updated_by,updated_at,is_system,is_deleted) values ("101000266","B02","SS Dustbin Big","",null,null,null,"1",null,null,"0",null,"27","1.00000",null,"1.00000",null,null,null,null,null,null,"1","0","0","1","0","1","0","0","0","0","0.00",null,"0","0","2021-10-22 07:27:52.0","0","2021-10-22 07:31:18.0","0","0");
DELETE FROM sale_items WHERE id=101000266;
insert into sale_items(id,stock_item_id,stock_item_code,code,hsn_code,is_group_item,group_item_id,is_combo_item,name,description,sub_class_id,is_valid,is_manufactured,alternative_name,is_printable_to_kitchen,name_to_print,alternative_name_to_print,barcode,is_open,qty_on_hand,uom_id,item_weight,profit_category_id,prd_department_id,tax_id,tax_exemption,tax_group_id,tax_id_home_service,tax_id_table_service,tax_id_take_away_service,fixed_price,whls_price,is_whls_price_pc,item_cost,tax_calculation_method,taxation_based_on,is_require_weighing,display_order,best_before,is_hot_item_1,hot_item_1_display_order,is_hot_item_2,hot_item_2_display_order,is_hot_item_3,hot_item_3_display_order,fg_color,bg_color,attrib1_name,attrib1_options,attrib2_name,attrib2_options,attrib3_name,attrib3_options,attrib4_name,attrib4_options,attrib5_name,attrib5_options,tag1,tag2,tag3,tag4,tag5,choice_ids,created_by,created_at,updated_by,updated_at,is_deleted,is_system,item_thumb,sys_sale_flag) values ("101000266","101000266",null,"B02","","0",null,"0","SS Dustbin Big","","101000113","1","0","","1","","","","0",null,"27","1.00000",null,null,"1","0","1",null,null,null,"1.00000","0.00000","0","0.00000","0","0","0",null,null,"0",null,"0",null,"0",null,"#FFFFFF","#A9A9A9","",null,null,null,null,null,null,null,null,null,null,null,null,null,null,"","0","2021-10-22 19:27:52.0","0","2021-10-22 19:31:18.0","0","0","","1");
DELETE FROM item_classes WHERE id=101000113;
insert into item_classes(id,code,hsn_code,name,alternative_name,department_id,description,menu_id,super_class_id,tax_calculation_method,tax_id,tax_exemption,tax_group_id,display_order,print_order,account_code,fg_color,bg_color,item_thumb,created_by,created_at,updated_by,updated_at,is_deleted,is_system) values ("101000113","1011","","DUSTBINS & FURNITURES","","1","",null,"101000103","0",null,"0",null,null,null,"","#FFFFFF","#A9A9A9","","0","2021-10-22 07:30:55.0",null,null,"0","0");
update stock_items set id="101000266", code="B02", name="SS Dustbin Big", description="", supplier_product_code=null, stock_item_attributes=null, stock_item_location=null, stock_item_category_id="1", prd_department_id=null, part_no=null, market_valuation_method="0", movement_method=null, uom_id="27", item_weight="1.00000", qty_on_hand=null, unit_price="1.00000", optimum_level=null, reorder_level=null, reorder_qty=null, preferred_supplier_id=null, last_purchase_unit_price=null, last_purchase_supplier_id=null, tax_id="1", tax_calculation_method="0", is_service_item="0", is_valid="1", is_manufactured="0", is_sellable="1", is_semi_finished="0", is_finished="0", sales_margin="0", is_sales_margin_percent="0", tax_percentage="0.00", qty_manufactured=null, top_consumption_rank="0", created_by="0", created_at="2021-10-22 07:27:52.0", updated_by="0", updated_at="2021-10-22 07:31:18.0", is_system="0", is_deleted="0" where id=101000266 and is_deleted = 0 and is_synchable = 1;
update sale_items set id="101000266", stock_item_id="101000266", stock_item_code=null, code="B02", hsn_code="", is_group_item="0", group_item_id=null, is_combo_item="0", name="SS Dustbin Big", description="", sub_class_id="101000113", is_valid="1", is_manufactured="0", alternative_name="", is_printable_to_kitchen="1", name_to_print="", alternative_name_to_print="", barcode="", is_open="0", qty_on_hand=null, uom_id="27", item_weight="1.00000", profit_category_id=null, prd_department_id=null, tax_id="1", tax_exemption="0", tax_group_id="1", tax_id_home_service=null, tax_id_table_service=null, tax_id_take_away_service=null, fixed_price="1.00000", whls_price="0.00000", is_whls_price_pc="0", item_cost="0.00000", tax_calculation_method="0", taxation_based_on="0", is_require_weighing="0", display_order=null, best_before=null, is_hot_item_1="0", hot_item_1_display_order=null, is_hot_item_2="0", hot_item_2_display_order=null, is_hot_item_3="0", hot_item_3_display_order=null, fg_color="#FFFFFF", bg_color="#A9A9A9", attrib1_name="", attrib1_options=null, attrib2_name=null, attrib2_options=null, attrib3_name=null, attrib3_options=null, attrib4_name=null, attrib4_options=null, attrib5_name=null, attrib5_options=null, tag1=null, tag2=null, tag3=null, tag4=null, tag5=null, choice_ids="", created_by="0", created_at="2021-10-22 19:27:52.0", updated_by="0", updated_at="2021-10-22 19:31:18.0", is_deleted="0", is_system="0", item_thumb="", sys_sale_flag="1" where id=101000266 and is_deleted = 0 and is_synchable = 1;
update stock_items set id="101000265", code="B01", name="SS Dustbin net Small(Room)", description="", supplier_product_code=null, stock_item_attributes=null, stock_item_location=null, stock_item_category_id="101000101", prd_department_id=null, part_no=null, market_valuation_method="0", movement_method=null, uom_id="27", item_weight="1.00000", qty_on_hand=null, unit_price="1.00000", optimum_level=null, reorder_level=null, reorder_qty=null, preferred_supplier_id=null, last_purchase_unit_price=null, last_purchase_supplier_id=null, tax_id="1", tax_calculation_method="0", is_service_item="0", is_valid="1", is_manufactured="0", is_sellable="1", is_semi_finished="0", is_finished="0", sales_margin="0", is_sales_margin_percent="0", tax_percentage="0.00", qty_manufactured=null, top_consumption_rank="0", created_by="0", created_at="2021-10-22 07:27:17.0", updated_by="0", updated_at="2021-10-22 07:31:32.0", is_system="0", is_deleted="0" where id=101000265 and is_deleted = 0 and is_synchable = 1;
update sale_items set id="101000265", stock_item_id="101000265", stock_item_code=null, code="B01", hsn_code="", is_group_item="0", group_item_id=null, is_combo_item="0", name="SS Dustbin net Small(Room)", description="", sub_class_id="101000113", is_valid="1", is_manufactured="0", alternative_name="", is_printable_to_kitchen="1", name_to_print="", alternative_name_to_print="", barcode="", is_open="0", qty_on_hand=null, uom_id="27", item_weight="1.00000", profit_category_id=null, prd_department_id=null, tax_id="1", tax_exemption="0", tax_group_id="1", tax_id_home_service=null, tax_id_table_service=null, tax_id_take_away_service=null, fixed_price="1.00000", whls_price="0.00000", is_whls_price_pc="0", item_cost="0.00000", tax_calculation_method="0", taxation_based_on="0", is_require_weighing="0", display_order=null, best_before=null, is_hot_item_1="0", hot_item_1_display_order=null, is_hot_item_2="0", hot_item_2_display_order=null, is_hot_item_3="0", hot_item_3_display_order=null, fg_color="#FFFFFF", bg_color="#A9A9A9", attrib1_name="", attrib1_options=null, attrib2_name=null, attrib2_options=null, attrib3_name=null, attrib3_options=null, attrib4_name=null, attrib4_options=null, attrib5_name=null, attrib5_options=null, tag1=null, tag2=null, tag3=null, tag4=null, tag5=null, choice_ids="", created_by="0", created_at="2021-10-22 19:27:17.0", updated_by="0", updated_at="2021-10-22 19:31:32.0", is_deleted="0", is_system="0", item_thumb="", sys_sale_flag="1" where id=101000265 and is_deleted = 0 and is_synchable = 1;
update sale_item_ext set id="101000265", kitchen_id="101000101", is_deleted="0", last_sync_at="2021-10-22 19:27:17.0" where id=101000265 and is_deleted = 0 and is_synchable = 1;
DELETE FROM stock_items WHERE id=101000267;
insert into stock_items(id,code,name,description,supplier_product_code,stock_item_attributes,stock_item_location,stock_item_category_id,prd_department_id,part_no,market_valuation_method,movement_method,uom_id,item_weight,qty_on_hand,unit_price,optimum_level,reorder_level,reorder_qty,preferred_supplier_id,last_purchase_unit_price,last_purchase_supplier_id,tax_id,tax_calculation_method,is_service_item,is_valid,is_manufactured,is_sellable,is_semi_finished,is_finished,sales_margin,is_sales_margin_percent,tax_percentage,qty_manufactured,top_consumption_rank,created_by,created_at,updated_by,updated_at,is_system,is_deleted) values ("101000267","B03","Pedestal Bin(Bathroom)","",null,null,null,"101000101",null,null,"0",null,"27","1.00000",null,"1.00000",null,null,null,null,null,null,"1","0","0","1","0","1","0","0","0","0","0.00",null,"0","0","2021-10-22 07:32:39.0",null,null,"0","0");
DELETE FROM sale_items WHERE id=101000267;
insert into sale_items(id,stock_item_id,stock_item_code,code,hsn_code,is_group_item,group_item_id,is_combo_item,name,description,sub_class_id,is_valid,is_manufactured,alternative_name,is_printable_to_kitchen,name_to_print,alternative_name_to_print,barcode,is_open,qty_on_hand,uom_id,item_weight,profit_category_id,prd_department_id,tax_id,tax_exemption,tax_group_id,tax_id_home_service,tax_id_table_service,tax_id_take_away_service,fixed_price,whls_price,is_whls_price_pc,item_cost,tax_calculation_method,taxation_based_on,is_require_weighing,display_order,best_before,is_hot_item_1,hot_item_1_display_order,is_hot_item_2,hot_item_2_display_order,is_hot_item_3,hot_item_3_display_order,fg_color,bg_color,attrib1_name,attrib1_options,attrib2_name,attrib2_options,attrib3_name,attrib3_options,attrib4_name,attrib4_options,attrib5_name,attrib5_options,tag1,tag2,tag3,tag4,tag5,choice_ids,created_by,created_at,updated_by,updated_at,is_deleted,is_system,item_thumb,sys_sale_flag) values ("101000267","101000267",null,"B03","","0",null,"0","Pedestal Bin(Bathroom)","","101000113","1","0","","1","","","","0",null,"27","1.00000",null,null,"1","0","1",null,null,null,"1.00000","0.00000","0","0.00000","0","0","0",null,null,"0",null,"0",null,"0",null,"#FFFFFF","#A9A9A9","",null,null,null,null,null,null,null,null,null,null,null,null,null,null,"","0","2021-10-22 19:32:39.0",null,null,"0","0","","1");
DELETE FROM stock_items WHERE id=101000268;
insert into stock_items(id,code,name,description,supplier_product_code,stock_item_attributes,stock_item_location,stock_item_category_id,prd_department_id,part_no,market_valuation_method,movement_method,uom_id,item_weight,qty_on_hand,unit_price,optimum_level,reorder_level,reorder_qty,preferred_supplier_id,last_purchase_unit_price,last_purchase_supplier_id,tax_id,tax_calculation_method,is_service_item,is_valid,is_manufactured,is_sellable,is_semi_finished,is_finished,sales_margin,is_sales_margin_percent,tax_percentage,qty_manufactured,top_consumption_rank,created_by,created_at,updated_by,updated_at,is_system,is_deleted) values ("101000268","B04","SS Dustbin  Swing","",null,null,null,"1",null,null,"0",null,"27","1.00000",null,"1.00000",null,null,null,null,null,null,"1","0","0","1","0","1","0","0","0","0","0.00",null,"0","0","2021-10-22 07:34:03.0",null,null,"0","0");
DELETE FROM sale_items WHERE id=101000268;
insert into sale_items(id,stock_item_id,stock_item_code,code,hsn_code,is_group_item,group_item_id,is_combo_item,name,description,sub_class_id,is_valid,is_manufactured,alternative_name,is_printable_to_kitchen,name_to_print,alternative_name_to_print,barcode,is_open,qty_on_hand,uom_id,item_weight,profit_category_id,prd_department_id,tax_id,tax_exemption,tax_group_id,tax_id_home_service,tax_id_table_service,tax_id_take_away_service,fixed_price,whls_price,is_whls_price_pc,item_cost,tax_calculation_method,taxation_based_on,is_require_weighing,display_order,best_before,is_hot_item_1,hot_item_1_display_order,is_hot_item_2,hot_item_2_display_order,is_hot_item_3,hot_item_3_display_order,fg_color,bg_color,attrib1_name,attrib1_options,attrib2_name,attrib2_options,attrib3_name,attrib3_options,attrib4_name,attrib4_options,attrib5_name,attrib5_options,tag1,tag2,tag3,tag4,tag5,choice_ids,created_by,created_at,updated_by,updated_at,is_deleted,is_system,item_thumb,sys_sale_flag) values ("101000268","101000268",null,"B04","","0",null,"0","SS Dustbin  Swing","","101000113","1","0","","1","","","","0",null,"27","1.00000",null,null,"1","0","1",null,null,null,"1.00000","0.00000","0","0.00000","0","0","0",null,null,"0",null,"0",null,"0",null,"#FFFFFF","#A9A9A9","",null,null,null,null,null,null,null,null,null,null,null,null,null,null,"","0","2021-10-22 19:34:03.0",null,null,"0","0","","1");
DELETE FROM stock_items WHERE id=101000269;
insert into stock_items(id,code,name,description,supplier_product_code,stock_item_attributes,stock_item_location,stock_item_category_id,prd_department_id,part_no,market_valuation_method,movement_method,uom_id,item_weight,qty_on_hand,unit_price,optimum_level,reorder_level,reorder_qty,preferred_supplier_id,last_purchase_unit_price,last_purchase_supplier_id,tax_id,tax_calculation_method,is_service_item,is_valid,is_manufactured,is_sellable,is_semi_finished,is_finished,sales_margin,is_sales_margin_percent,tax_percentage,qty_manufactured,top_consumption_rank,created_by,created_at,updated_by,updated_at,is_system,is_deleted) values ("101000269","B05","Round Tables(Premium Room)","",null,null,null,"101000101",null,null,"0",null,"27","1.00000",null,"1.00000",null,null,null,null,null,null,"1","0","0","1","0","1","0","0","0","0","0.00",null,"0","0","2021-10-22 07:34:53.0",null,null,"0","0");
DELETE FROM sale_items WHERE id=101000269;
insert into sale_items(id,stock_item_id,stock_item_code,code,hsn_code,is_group_item,group_item_id,is_combo_item,name,description,sub_class_id,is_valid,is_manufactured,alternative_name,is_printable_to_kitchen,name_to_print,alternative_name_to_print,barcode,is_open,qty_on_hand,uom_id,item_weight,profit_category_id,prd_department_id,tax_id,tax_exemption,tax_group_id,tax_id_home_service,tax_id_table_service,tax_id_take_away_service,fixed_price,whls_price,is_whls_price_pc,item_cost,tax_calculation_method,taxation_based_on,is_require_weighing,display_order,best_before,is_hot_item_1,hot_item_1_display_order,is_hot_item_2,hot_item_2_display_order,is_hot_item_3,hot_item_3_display_order,fg_color,bg_color,attrib1_name,attrib1_options,attrib2_name,attrib2_options,attrib3_name,attrib3_options,attrib4_name,attrib4_options,attrib5_name,attrib5_options,tag1,tag2,tag3,tag4,tag5,choice_ids,created_by,created_at,updated_by,updated_at,is_deleted,is_system,item_thumb,sys_sale_flag) values ("101000269","101000269",null,"B05","","0",null,"0","Round Tables(Premium Room)","","101000113","1","0","","1","","","","0",null,"27","1.00000",null,null,"1","0","1",null,null,null,"1.00000","0.00000","0","0.00000","0","0","0",null,null,"0",null,"0",null,"0",null,"#FFFFFF","#A9A9A9","",null,null,null,null,null,null,null,null,null,null,null,null,null,null,"","0","2021-10-22 19:34:53.0",null,null,"0","0","","1");
DELETE FROM sale_item_ext WHERE id=101000269;
insert into sale_item_ext(id,kitchen_id,is_deleted,last_sync_at) values ("101000269","101000101","0","2021-10-22 19:34:53.0");
DELETE FROM stock_items WHERE id=101000270;
insert into stock_items(id,code,name,description,supplier_product_code,stock_item_attributes,stock_item_location,stock_item_category_id,prd_department_id,part_no,market_valuation_method,movement_method,uom_id,item_weight,qty_on_hand,unit_price,optimum_level,reorder_level,reorder_qty,preferred_supplier_id,last_purchase_unit_price,last_purchase_supplier_id,tax_id,tax_calculation_method,is_service_item,is_valid,is_manufactured,is_sellable,is_semi_finished,is_finished,sales_margin,is_sales_margin_percent,tax_percentage,qty_manufactured,top_consumption_rank,created_by,created_at,updated_by,updated_at,is_system,is_deleted) values ("101000270","B06","Harm Chairs( Premium Room)","",null,null,null,"1",null,null,"0",null,"27","1.00000",null,"1.00000",null,null,null,null,null,null,"1","0","0","1","0","1","0","0","0","0","0.00",null,"0","0","2021-10-22 07:35:49.0",null,null,"0","0");
DELETE FROM sale_items WHERE id=101000270;
insert into sale_items(id,stock_item_id,stock_item_code,code,hsn_code,is_group_item,group_item_id,is_combo_item,name,description,sub_class_id,is_valid,is_manufactured,alternative_name,is_printable_to_kitchen,name_to_print,alternative_name_to_print,barcode,is_open,qty_on_hand,uom_id,item_weight,profit_category_id,prd_department_id,tax_id,tax_exemption,tax_group_id,tax_id_home_service,tax_id_table_service,tax_id_take_away_service,fixed_price,whls_price,is_whls_price_pc,item_cost,tax_calculation_method,taxation_based_on,is_require_weighing,display_order,best_before,is_hot_item_1,hot_item_1_display_order,is_hot_item_2,hot_item_2_display_order,is_hot_item_3,hot_item_3_display_order,fg_color,bg_color,attrib1_name,attrib1_options,attrib2_name,attrib2_options,attrib3_name,attrib3_options,attrib4_name,attrib4_options,attrib5_name,attrib5_options,tag1,tag2,tag3,tag4,tag5,choice_ids,created_by,created_at,updated_by,updated_at,is_deleted,is_system,item_thumb,sys_sale_flag) values ("101000270","101000270",null,"B06","","0",null,"0","Harm Chairs( Premium Room)","","101000113","1","0","","1","","","","0",null,"27","1.00000",null,null,"1","0","1",null,null,null,"1.00000","0.00000","0","0.00000","0","0","0",null,null,"0",null,"0",null,"0",null,"#FFFFFF","#A9A9A9","",null,null,null,null,null,null,null,null,null,null,null,null,null,null,"","0","2021-10-22 19:35:49.0",null,null,"0","0","","1");
DELETE FROM sale_item_ext WHERE id=101000270;
insert into sale_item_ext(id,kitchen_id,is_deleted,last_sync_at) values ("101000270","101000101","0","2021-10-22 19:35:49.0");
DELETE FROM stock_items WHERE id=101000271;
insert into stock_items(id,code,name,description,supplier_product_code,stock_item_attributes,stock_item_location,stock_item_category_id,prd_department_id,part_no,market_valuation_method,movement_method,uom_id,item_weight,qty_on_hand,unit_price,optimum_level,reorder_level,reorder_qty,preferred_supplier_id,last_purchase_unit_price,last_purchase_supplier_id,tax_id,tax_calculation_method,is_service_item,is_valid,is_manufactured,is_sellable,is_semi_finished,is_finished,sales_margin,is_sales_margin_percent,tax_percentage,qty_manufactured,top_consumption_rank,created_by,created_at,updated_by,updated_at,is_system,is_deleted) values ("101000271","B07","Writing Tables(Room)","",null,null,null,"1",null,null,"0",null,"27","1.00000",null,"1.00000",null,null,null,null,null,null,"1","0","0","1","0","1","0","0","0","0","0.00",null,"0","0","2021-10-22 07:36:26.0",null,null,"0","0");
DELETE FROM sale_items WHERE id=101000271;
insert into sale_items(id,stock_item_id,stock_item_code,code,hsn_code,is_group_item,group_item_id,is_combo_item,name,description,sub_class_id,is_valid,is_manufactured,alternative_name,is_printable_to_kitchen,name_to_print,alternative_name_to_print,barcode,is_open,qty_on_hand,uom_id,item_weight,profit_category_id,prd_department_id,tax_id,tax_exemption,tax_group_id,tax_id_home_service,tax_id_table_service,tax_id_take_away_service,fixed_price,whls_price,is_whls_price_pc,item_cost,tax_calculation_method,taxation_based_on,is_require_weighing,display_order,best_before,is_hot_item_1,hot_item_1_display_order,is_hot_item_2,hot_item_2_display_order,is_hot_item_3,hot_item_3_display_order,fg_color,bg_color,attrib1_name,attrib1_options,attrib2_name,attrib2_options,attrib3_name,attrib3_options,attrib4_name,attrib4_options,attrib5_name,attrib5_options,tag1,tag2,tag3,tag4,tag5,choice_ids,created_by,created_at,updated_by,updated_at,is_deleted,is_system,item_thumb,sys_sale_flag) values ("101000271","101000271",null,"B07","","0",null,"0","Writing Tables(Room)","","101000113","1","0","","1","","","","0",null,"27","1.00000",null,null,"1","0","1",null,null,null,"1.00000","0.00000","0","0.00000","0","0","0",null,null,"0",null,"0",null,"0",null,"#FFFFFF","#A9A9A9","",null,null,null,null,null,null,null,null,null,null,null,null,null,null,"","0","2021-10-22 19:36:26.0",null,null,"0","0","","1");
DELETE FROM stock_items WHERE id=101000272;
insert into stock_items(id,code,name,description,supplier_product_code,stock_item_attributes,stock_item_location,stock_item_category_id,prd_department_id,part_no,market_valuation_method,movement_method,uom_id,item_weight,qty_on_hand,unit_price,optimum_level,reorder_level,reorder_qty,preferred_supplier_id,last_purchase_unit_price,last_purchase_supplier_id,tax_id,tax_calculation_method,is_service_item,is_valid,is_manufactured,is_sellable,is_semi_finished,is_finished,sales_margin,is_sales_margin_percent,tax_percentage,qty_manufactured,top_consumption_rank,created_by,created_at,updated_by,updated_at,is_system,is_deleted) values ("101000272","B08","Room Chairs ","",null,null,null,"101000101",null,null,"0",null,"27","1.00000",null,"1.00000",null,null,null,null,null,null,"1","0","0","1","0","1","0","0","0","0","0.00",null,"0","0","2021-10-22 07:37:07.0",null,null,"0","0");
DELETE FROM sale_items WHERE id=101000272;
insert into sale_items(id,stock_item_id,stock_item_code,code,hsn_code,is_group_item,group_item_id,is_combo_item,name,description,sub_class_id,is_valid,is_manufactured,alternative_name,is_printable_to_kitchen,name_to_print,alternative_name_to_print,barcode,is_open,qty_on_hand,uom_id,item_weight,profit_category_id,prd_department_id,tax_id,tax_exemption,tax_group_id,tax_id_home_service,tax_id_table_service,tax_id_take_away_service,fixed_price,whls_price,is_whls_price_pc,item_cost,tax_calculation_method,taxation_based_on,is_require_weighing,display_order,best_before,is_hot_item_1,hot_item_1_display_order,is_hot_item_2,hot_item_2_display_order,is_hot_item_3,hot_item_3_display_order,fg_color,bg_color,attrib1_name,attrib1_options,attrib2_name,attrib2_options,attrib3_name,attrib3_options,attrib4_name,attrib4_options,attrib5_name,attrib5_options,tag1,tag2,tag3,tag4,tag5,choice_ids,created_by,created_at,updated_by,updated_at,is_deleted,is_system,item_thumb,sys_sale_flag) values ("101000272","101000272",null,"B08","","0",null,"0","Room Chairs ","","101000113","1","0","","1","","","","0",null,"27","1.00000",null,null,"1","0","1",null,null,null,"1.00000","0.00000","0","0.00000","0","0","0",null,null,"0",null,"0",null,"0",null,"#FFFFFF","#A9A9A9","",null,null,null,null,null,null,null,null,null,null,null,null,null,null,"","0","2021-10-22 19:37:07.0",null,null,"0","0","","1");
DELETE FROM sale_item_ext WHERE id=101000272;
insert into sale_item_ext(id,kitchen_id,is_deleted,last_sync_at) values ("101000272","101000101","0","2021-10-22 19:37:07.0");
DELETE FROM stock_items WHERE id=101000273;
insert into stock_items(id,code,name,description,supplier_product_code,stock_item_attributes,stock_item_location,stock_item_category_id,prd_department_id,part_no,market_valuation_method,movement_method,uom_id,item_weight,qty_on_hand,unit_price,optimum_level,reorder_level,reorder_qty,preferred_supplier_id,last_purchase_unit_price,last_purchase_supplier_id,tax_id,tax_calculation_method,is_service_item,is_valid,is_manufactured,is_sellable,is_semi_finished,is_finished,sales_margin,is_sales_margin_percent,tax_percentage,qty_manufactured,top_consumption_rank,created_by,created_at,updated_by,updated_at,is_system,is_deleted) values ("101000273","B09","Tables Wood(Roof Top)","",null,null,null,"101000101",null,null,"0",null,"27","1.00000",null,"1.00000",null,null,null,null,null,null,"1","0","0","1","0","1","0","0","0","0","0.00",null,"0","0","2021-10-22 07:37:38.0",null,null,"0","0");
DELETE FROM sale_items WHERE id=101000273;
insert into sale_items(id,stock_item_id,stock_item_code,code,hsn_code,is_group_item,group_item_id,is_combo_item,name,description,sub_class_id,is_valid,is_manufactured,alternative_name,is_printable_to_kitchen,name_to_print,alternative_name_to_print,barcode,is_open,qty_on_hand,uom_id,item_weight,profit_category_id,prd_department_id,tax_id,tax_exemption,tax_group_id,tax_id_home_service,tax_id_table_service,tax_id_take_away_service,fixed_price,whls_price,is_whls_price_pc,item_cost,tax_calculation_method,taxation_based_on,is_require_weighing,display_order,best_before,is_hot_item_1,hot_item_1_display_order,is_hot_item_2,hot_item_2_display_order,is_hot_item_3,hot_item_3_display_order,fg_color,bg_color,attrib1_name,attrib1_options,attrib2_name,attrib2_options,attrib3_name,attrib3_options,attrib4_name,attrib4_options,attrib5_name,attrib5_options,tag1,tag2,tag3,tag4,tag5,choice_ids,created_by,created_at,updated_by,updated_at,is_deleted,is_system,item_thumb,sys_sale_flag) values ("101000273","101000273",null,"B09","","0",null,"0","Tables Wood(Roof Top)","","101000113","1","0","","1","","","","0",null,"27","1.00000",null,null,"1","0","1",null,null,null,"1.00000","0.00000","0","0.00000","0","0","0",null,null,"0",null,"0",null,"0",null,"#FFFFFF","#A9A9A9","",null,null,null,null,null,null,null,null,null,null,null,null,null,null,"","0","2021-10-22 19:37:38.0",null,null,"0","0","","1");
DELETE FROM stock_items WHERE id=101000274;
insert into stock_items(id,code,name,description,supplier_product_code,stock_item_attributes,stock_item_location,stock_item_category_id,prd_department_id,part_no,market_valuation_method,movement_method,uom_id,item_weight,qty_on_hand,unit_price,optimum_level,reorder_level,reorder_qty,preferred_supplier_id,last_purchase_unit_price,last_purchase_supplier_id,tax_id,tax_calculation_method,is_service_item,is_valid,is_manufactured,is_sellable,is_semi_finished,is_finished,sales_margin,is_sales_margin_percent,tax_percentage,qty_manufactured,top_consumption_rank,created_by,created_at,updated_by,updated_at,is_system,is_deleted) values ("101000274","B11","Tables Granite(Roof Top)","",null,null,null,"101000101",null,null,"0",null,"27","1.00000",null,"1.00000",null,null,null,null,null,null,"1","0","0","1","0","1","0","0","0","0","0.00",null,"0","0","2021-10-22 07:38:11.0",null,null,"0","0");
DELETE FROM sale_items WHERE id=101000274;
insert into sale_items(id,stock_item_id,stock_item_code,code,hsn_code,is_group_item,group_item_id,is_combo_item,name,description,sub_class_id,is_valid,is_manufactured,alternative_name,is_printable_to_kitchen,name_to_print,alternative_name_to_print,barcode,is_open,qty_on_hand,uom_id,item_weight,profit_category_id,prd_department_id,tax_id,tax_exemption,tax_group_id,tax_id_home_service,tax_id_table_service,tax_id_take_away_service,fixed_price,whls_price,is_whls_price_pc,item_cost,tax_calculation_method,taxation_based_on,is_require_weighing,display_order,best_before,is_hot_item_1,hot_item_1_display_order,is_hot_item_2,hot_item_2_display_order,is_hot_item_3,hot_item_3_display_order,fg_color,bg_color,attrib1_name,attrib1_options,attrib2_name,attrib2_options,attrib3_name,attrib3_options,attrib4_name,attrib4_options,attrib5_name,attrib5_options,tag1,tag2,tag3,tag4,tag5,choice_ids,created_by,created_at,updated_by,updated_at,is_deleted,is_system,item_thumb,sys_sale_flag) values ("101000274","101000274",null,"B11","","0",null,"0","Tables Granite(Roof Top)","","101000113","1","0","","1","","","","0",null,"27","1.00000",null,null,"1","0","1",null,null,null,"1.00000","0.00000","0","0.00000","0","0","0",null,null,"0",null,"0",null,"0",null,"#FFFFFF","#A9A9A9","",null,null,null,null,null,null,null,null,null,null,null,null,null,null,"","0","2021-10-22 19:38:11.0",null,null,"0","0","","1");
DELETE FROM stock_items WHERE id=101000275;
insert into stock_items(id,code,name,description,supplier_product_code,stock_item_attributes,stock_item_location,stock_item_category_id,prd_department_id,part_no,market_valuation_method,movement_method,uom_id,item_weight,qty_on_hand,unit_price,optimum_level,reorder_level,reorder_qty,preferred_supplier_id,last_purchase_unit_price,last_purchase_supplier_id,tax_id,tax_calculation_method,is_service_item,is_valid,is_manufactured,is_sellable,is_semi_finished,is_finished,sales_margin,is_sales_margin_percent,tax_percentage,qty_manufactured,top_consumption_rank,created_by,created_at,updated_by,updated_at,is_system,is_deleted) values ("101000275","B012","Chairs Wood(Roof Top)","",null,null,null,"1",null,null,"0",null,"27","1.00000",null,"1.00000",null,null,null,null,null,null,"1","0","0","1","0","1","0","0","0","0","0.00",null,"0","0","2021-10-22 07:39:16.0",null,null,"0","0");
DELETE FROM sale_items WHERE id=101000275;
insert into sale_items(id,stock_item_id,stock_item_code,code,hsn_code,is_group_item,group_item_id,is_combo_item,name,description,sub_class_id,is_valid,is_manufactured,alternative_name,is_printable_to_kitchen,name_to_print,alternative_name_to_print,barcode,is_open,qty_on_hand,uom_id,item_weight,profit_category_id,prd_department_id,tax_id,tax_exemption,tax_group_id,tax_id_home_service,tax_id_table_service,tax_id_take_away_service,fixed_price,whls_price,is_whls_price_pc,item_cost,tax_calculation_method,taxation_based_on,is_require_weighing,display_order,best_before,is_hot_item_1,hot_item_1_display_order,is_hot_item_2,hot_item_2_display_order,is_hot_item_3,hot_item_3_display_order,fg_color,bg_color,attrib1_name,attrib1_options,attrib2_name,attrib2_options,attrib3_name,attrib3_options,attrib4_name,attrib4_options,attrib5_name,attrib5_options,tag1,tag2,tag3,tag4,tag5,choice_ids,created_by,created_at,updated_by,updated_at,is_deleted,is_system,item_thumb,sys_sale_flag) values ("101000275","101000275",null,"B012","","0",null,"0","Chairs Wood(Roof Top)","","101000113","1","0","","1","","","","0",null,"27","1.00000",null,null,"1","0","1",null,null,null,"1.00000","0.00000","0","0.00000","0","0","0",null,null,"0",null,"0",null,"0",null,"#FFFFFF","#A9A9A9","",null,null,null,null,null,null,null,null,null,null,null,null,null,null,"","0","2021-10-22 19:39:16.0",null,null,"0","0","","1");
DELETE FROM stock_items WHERE id=101000276;
insert into stock_items(id,code,name,description,supplier_product_code,stock_item_attributes,stock_item_location,stock_item_category_id,prd_department_id,part_no,market_valuation_method,movement_method,uom_id,item_weight,qty_on_hand,unit_price,optimum_level,reorder_level,reorder_qty,preferred_supplier_id,last_purchase_unit_price,last_purchase_supplier_id,tax_id,tax_calculation_method,is_service_item,is_valid,is_manufactured,is_sellable,is_semi_finished,is_finished,sales_margin,is_sales_margin_percent,tax_percentage,qty_manufactured,top_consumption_rank,created_by,created_at,updated_by,updated_at,is_system,is_deleted) values ("101000276","B13","Chairs Fiber(Roof Top)","",null,null,null,"101000101",null,null,"0",null,"27","1.00000",null,"1.00000",null,null,null,null,null,null,"1","0","0","1","0","1","0","0","0","0","0.00",null,"0","0","2021-10-23 09:24:46.0",null,null,"0","0");
DELETE FROM sale_items WHERE id=101000276;
insert into sale_items(id,stock_item_id,stock_item_code,code,hsn_code,is_group_item,group_item_id,is_combo_item,name,description,sub_class_id,is_valid,is_manufactured,alternative_name,is_printable_to_kitchen,name_to_print,alternative_name_to_print,barcode,is_open,qty_on_hand,uom_id,item_weight,profit_category_id,prd_department_id,tax_id,tax_exemption,tax_group_id,tax_id_home_service,tax_id_table_service,tax_id_take_away_service,fixed_price,whls_price,is_whls_price_pc,item_cost,tax_calculation_method,taxation_based_on,is_require_weighing,display_order,best_before,is_hot_item_1,hot_item_1_display_order,is_hot_item_2,hot_item_2_display_order,is_hot_item_3,hot_item_3_display_order,fg_color,bg_color,attrib1_name,attrib1_options,attrib2_name,attrib2_options,attrib3_name,attrib3_options,attrib4_name,attrib4_options,attrib5_name,attrib5_options,tag1,tag2,tag3,tag4,tag5,choice_ids,created_by,created_at,updated_by,updated_at,is_deleted,is_system,item_thumb,sys_sale_flag) values ("101000276","101000276",null,"B13","","0",null,"0","Chairs Fiber(Roof Top)","","101000113","1","0","","1","","","","0",null,"27","1.00000",null,null,"1","0","1",null,null,null,"1.00000","0.00000","0","0.00000","0","0","0",null,null,"0",null,"0",null,"0",null,"#FFFFFF","#A9A9A9","",null,null,null,null,null,null,null,null,null,null,null,null,null,null,"","0","2021-10-23 09:24:46.0",null,null,"0","0","","1");
DELETE FROM stock_items WHERE id=101000277;
insert into stock_items(id,code,name,description,supplier_product_code,stock_item_attributes,stock_item_location,stock_item_category_id,prd_department_id,part_no,market_valuation_method,movement_method,uom_id,item_weight,qty_on_hand,unit_price,optimum_level,reorder_level,reorder_qty,preferred_supplier_id,last_purchase_unit_price,last_purchase_supplier_id,tax_id,tax_calculation_method,is_service_item,is_valid,is_manufactured,is_sellable,is_semi_finished,is_finished,sales_margin,is_sales_margin_percent,tax_percentage,qty_manufactured,top_consumption_rank,created_by,created_at,updated_by,updated_at,is_system,is_deleted) values ("101000277","B14","Spoon Stand(Wood)","",null,null,null,"101000101",null,null,"0",null,"27","1.00000",null,"1.00000",null,null,null,null,null,null,"1","0","0","1","0","1","0","0","0","0","0.00",null,"0","0","2021-10-23 09:25:27.0",null,null,"0","0");
DELETE FROM sale_items WHERE id=101000277;
insert into sale_items(id,stock_item_id,stock_item_code,code,hsn_code,is_group_item,group_item_id,is_combo_item,name,description,sub_class_id,is_valid,is_manufactured,alternative_name,is_printable_to_kitchen,name_to_print,alternative_name_to_print,barcode,is_open,qty_on_hand,uom_id,item_weight,profit_category_id,prd_department_id,tax_id,tax_exemption,tax_group_id,tax_id_home_service,tax_id_table_service,tax_id_take_away_service,fixed_price,whls_price,is_whls_price_pc,item_cost,tax_calculation_method,taxation_based_on,is_require_weighing,display_order,best_before,is_hot_item_1,hot_item_1_display_order,is_hot_item_2,hot_item_2_display_order,is_hot_item_3,hot_item_3_display_order,fg_color,bg_color,attrib1_name,attrib1_options,attrib2_name,attrib2_options,attrib3_name,attrib3_options,attrib4_name,attrib4_options,attrib5_name,attrib5_options,tag1,tag2,tag3,tag4,tag5,choice_ids,created_by,created_at,updated_by,updated_at,is_deleted,is_system,item_thumb,sys_sale_flag) values ("101000277","101000277",null,"B14","","0",null,"0","Spoon Stand(Wood)","","101000113","1","0","","1","","","","0",null,"27","1.00000",null,null,"1","0","1",null,null,null,"1.00000","0.00000","0","0.00000","0","0","0",null,null,"0",null,"0",null,"0",null,"#FFFFFF","#A9A9A9","",null,null,null,null,null,null,null,null,null,null,null,null,null,null,"","0","2021-10-23 09:25:27.0",null,null,"0","0","","1");
DELETE FROM stock_items WHERE id=101000278;
insert into stock_items(id,code,name,description,supplier_product_code,stock_item_attributes,stock_item_location,stock_item_category_id,prd_department_id,part_no,market_valuation_method,movement_method,uom_id,item_weight,qty_on_hand,unit_price,optimum_level,reorder_level,reorder_qty,preferred_supplier_id,last_purchase_unit_price,last_purchase_supplier_id,tax_id,tax_calculation_method,is_service_item,is_valid,is_manufactured,is_sellable,is_semi_finished,is_finished,sales_margin,is_sales_margin_percent,tax_percentage,qty_manufactured,top_consumption_rank,created_by,created_at,updated_by,updated_at,is_system,is_deleted) values ("101000278","B15","Sofa Set Big(Lobby)","",null,null,null,"1",null,null,"0",null,"27","1.00000",null,"1.00000",null,null,null,null,null,null,"1","0","0","1","0","1","0","0","0","0","0.00",null,"0","0","2021-10-23 09:25:58.0",null,null,"0","0");
DELETE FROM sale_items WHERE id=101000278;
insert into sale_items(id,stock_item_id,stock_item_code,code,hsn_code,is_group_item,group_item_id,is_combo_item,name,description,sub_class_id,is_valid,is_manufactured,alternative_name,is_printable_to_kitchen,name_to_print,alternative_name_to_print,barcode,is_open,qty_on_hand,uom_id,item_weight,profit_category_id,prd_department_id,tax_id,tax_exemption,tax_group_id,tax_id_home_service,tax_id_table_service,tax_id_take_away_service,fixed_price,whls_price,is_whls_price_pc,item_cost,tax_calculation_method,taxation_based_on,is_require_weighing,display_order,best_before,is_hot_item_1,hot_item_1_display_order,is_hot_item_2,hot_item_2_display_order,is_hot_item_3,hot_item_3_display_order,fg_color,bg_color,attrib1_name,attrib1_options,attrib2_name,attrib2_options,attrib3_name,attrib3_options,attrib4_name,attrib4_options,attrib5_name,attrib5_options,tag1,tag2,tag3,tag4,tag5,choice_ids,created_by,created_at,updated_by,updated_at,is_deleted,is_system,item_thumb,sys_sale_flag) values ("101000278","101000278",null,"B15","","0",null,"0","Sofa Set Big(Lobby)","","101000113","1","0","","1","","","","0",null,"27","1.00000",null,null,"1","0","1",null,null,null,"1.00000","0.00000","0","0.00000","0","0","0",null,null,"0",null,"0",null,"0",null,"#FFFFFF","#A9A9A9","",null,null,null,null,null,null,null,null,null,null,null,null,null,null,"","0","2021-10-23 09:25:58.0",null,null,"0","0","","1");
DELETE FROM stock_items WHERE id=101000279;
insert into stock_items(id,code,name,description,supplier_product_code,stock_item_attributes,stock_item_location,stock_item_category_id,prd_department_id,part_no,market_valuation_method,movement_method,uom_id,item_weight,qty_on_hand,unit_price,optimum_level,reorder_level,reorder_qty,preferred_supplier_id,last_purchase_unit_price,last_purchase_supplier_id,tax_id,tax_calculation_method,is_service_item,is_valid,is_manufactured,is_sellable,is_semi_finished,is_finished,sales_margin,is_sales_margin_percent,tax_percentage,qty_manufactured,top_consumption_rank,created_by,created_at,updated_by,updated_at,is_system,is_deleted) values ("101000279","B16","Sofa Set Small(Lobby)","",null,null,null,"101000101",null,null,"0",null,"27","1.00000",null,"1.00000",null,null,null,null,null,null,"1","0","0","1","0","1","0","0","0","0","0.00",null,"0","0","2021-10-23 09:39:42.0",null,null,"0","0");
DELETE FROM sale_items WHERE id=101000279;
insert into sale_items(id,stock_item_id,stock_item_code,code,hsn_code,is_group_item,group_item_id,is_combo_item,name,description,sub_class_id,is_valid,is_manufactured,alternative_name,is_printable_to_kitchen,name_to_print,alternative_name_to_print,barcode,is_open,qty_on_hand,uom_id,item_weight,profit_category_id,prd_department_id,tax_id,tax_exemption,tax_group_id,tax_id_home_service,tax_id_table_service,tax_id_take_away_service,fixed_price,whls_price,is_whls_price_pc,item_cost,tax_calculation_method,taxation_based_on,is_require_weighing,display_order,best_before,is_hot_item_1,hot_item_1_display_order,is_hot_item_2,hot_item_2_display_order,is_hot_item_3,hot_item_3_display_order,fg_color,bg_color,attrib1_name,attrib1_options,attrib2_name,attrib2_options,attrib3_name,attrib3_options,attrib4_name,attrib4_options,attrib5_name,attrib5_options,tag1,tag2,tag3,tag4,tag5,choice_ids,created_by,created_at,updated_by,updated_at,is_deleted,is_system,item_thumb,sys_sale_flag) values ("101000279","101000279",null,"B16","","0",null,"0","Sofa Set Small(Lobby)","","101000113","1","0","","1","","","","0",null,"27","1.00000",null,null,"1","0","1",null,null,null,"1.00000","0.00000","0","0.00000","0","0","0",null,null,"0",null,"0",null,"0",null,"#FFFFFF","#A9A9A9","",null,null,null,null,null,null,null,null,null,null,null,null,null,null,"","0","2021-10-23 09:39:42.0",null,null,"0","0","","1");
DELETE FROM stock_items WHERE id=101000280;
insert into stock_items(id,code,name,description,supplier_product_code,stock_item_attributes,stock_item_location,stock_item_category_id,prd_department_id,part_no,market_valuation_method,movement_method,uom_id,item_weight,qty_on_hand,unit_price,optimum_level,reorder_level,reorder_qty,preferred_supplier_id,last_purchase_unit_price,last_purchase_supplier_id,tax_id,tax_calculation_method,is_service_item,is_valid,is_manufactured,is_sellable,is_semi_finished,is_finished,sales_margin,is_sales_margin_percent,tax_percentage,qty_manufactured,top_consumption_rank,created_by,created_at,updated_by,updated_at,is_system,is_deleted) values ("101000280","B17","Wooden Round Table	","",null,null,null,"101000101",null,null,"0",null,"27","1.00000",null,"1.00000",null,null,null,null,null,null,"1","0","0","1","0","1","0","0","0","0","0.00",null,"0","0","2021-10-23 09:40:19.0",null,null,"0","0");
DELETE FROM sale_items WHERE id=101000280;
insert into sale_items(id,stock_item_id,stock_item_code,code,hsn_code,is_group_item,group_item_id,is_combo_item,name,description,sub_class_id,is_valid,is_manufactured,alternative_name,is_printable_to_kitchen,name_to_print,alternative_name_to_print,barcode,is_open,qty_on_hand,uom_id,item_weight,profit_category_id,prd_department_id,tax_id,tax_exemption,tax_group_id,tax_id_home_service,tax_id_table_service,tax_id_take_away_service,fixed_price,whls_price,is_whls_price_pc,item_cost,tax_calculation_method,taxation_based_on,is_require_weighing,display_order,best_before,is_hot_item_1,hot_item_1_display_order,is_hot_item_2,hot_item_2_display_order,is_hot_item_3,hot_item_3_display_order,fg_color,bg_color,attrib1_name,attrib1_options,attrib2_name,attrib2_options,attrib3_name,attrib3_options,attrib4_name,attrib4_options,attrib5_name,attrib5_options,tag1,tag2,tag3,tag4,tag5,choice_ids,created_by,created_at,updated_by,updated_at,is_deleted,is_system,item_thumb,sys_sale_flag) values ("101000280","101000280",null,"B17","","0",null,"0","Wooden Round Table	","","101000113","1","0","","1","","","","0",null,"27","1.00000",null,null,"1","0","1",null,null,null,"1.00000","0.00000","0","0.00000","0","0","0",null,null,"0",null,"0",null,"0",null,"#FFFFFF","#A9A9A9","",null,null,null,null,null,null,null,null,null,null,null,null,null,null,"","0","2021-10-23 09:40:19.0",null,null,"0","0","","1");
DELETE FROM stock_items WHERE id=101000281;
insert into stock_items(id,code,name,description,supplier_product_code,stock_item_attributes,stock_item_location,stock_item_category_id,prd_department_id,part_no,market_valuation_method,movement_method,uom_id,item_weight,qty_on_hand,unit_price,optimum_level,reorder_level,reorder_qty,preferred_supplier_id,last_purchase_unit_price,last_purchase_supplier_id,tax_id,tax_calculation_method,is_service_item,is_valid,is_manufactured,is_sellable,is_semi_finished,is_finished,sales_margin,is_sales_margin_percent,tax_percentage,qty_manufactured,top_consumption_rank,created_by,created_at,updated_by,updated_at,is_system,is_deleted) values ("101000281","B18","Japan Chairs(Big)","",null,null,null,"101000101",null,null,"0",null,"27","1.00000",null,"1.00000",null,null,null,null,null,null,"1","0","0","1","0","1","0","0","0","0","0.00",null,"0","0","2021-10-23 09:41:03.0",null,null,"0","0");
DELETE FROM sale_items WHERE id=101000281;
insert into sale_items(id,stock_item_id,stock_item_code,code,hsn_code,is_group_item,group_item_id,is_combo_item,name,description,sub_class_id,is_valid,is_manufactured,alternative_name,is_printable_to_kitchen,name_to_print,alternative_name_to_print,barcode,is_open,qty_on_hand,uom_id,item_weight,profit_category_id,prd_department_id,tax_id,tax_exemption,tax_group_id,tax_id_home_service,tax_id_table_service,tax_id_take_away_service,fixed_price,whls_price,is_whls_price_pc,item_cost,tax_calculation_method,taxation_based_on,is_require_weighing,display_order,best_before,is_hot_item_1,hot_item_1_display_order,is_hot_item_2,hot_item_2_display_order,is_hot_item_3,hot_item_3_display_order,fg_color,bg_color,attrib1_name,attrib1_options,attrib2_name,attrib2_options,attrib3_name,attrib3_options,attrib4_name,attrib4_options,attrib5_name,attrib5_options,tag1,tag2,tag3,tag4,tag5,choice_ids,created_by,created_at,updated_by,updated_at,is_deleted,is_system,item_thumb,sys_sale_flag) values ("101000281","101000281",null,"B18","","0",null,"0","Japan Chairs(Big)","","101000113","1","0","","1","","","","0",null,"27","1.00000",null,null,"1","0","1",null,null,null,"1.00000","0.00000","0","0.00000","0","0","0",null,null,"0",null,"0",null,"0",null,"#FFFFFF","#A9A9A9","",null,null,null,null,null,null,null,null,null,null,null,null,null,null,"","0","2021-10-23 09:41:03.0",null,null,"0","0","","1");
DELETE FROM stock_items WHERE id=101000282;
insert into stock_items(id,code,name,description,supplier_product_code,stock_item_attributes,stock_item_location,stock_item_category_id,prd_department_id,part_no,market_valuation_method,movement_method,uom_id,item_weight,qty_on_hand,unit_price,optimum_level,reorder_level,reorder_qty,preferred_supplier_id,last_purchase_unit_price,last_purchase_supplier_id,tax_id,tax_calculation_method,is_service_item,is_valid,is_manufactured,is_sellable,is_semi_finished,is_finished,sales_margin,is_sales_margin_percent,tax_percentage,qty_manufactured,top_consumption_rank,created_by,created_at,updated_by,updated_at,is_system,is_deleted) values ("101000282","B19","JAPAN CHAI","",null,null,null,"1",null,null,"0",null,"27","1.00000",null,"1.00000",null,null,null,null,null,null,"1","0","0","1","0","1","0","0","0","0","0.00",null,"0","0","2021-10-23 09:41:44.0",null,null,"0","0");
DELETE FROM sale_items WHERE id=101000282;
insert into sale_items(id,stock_item_id,stock_item_code,code,hsn_code,is_group_item,group_item_id,is_combo_item,name,description,sub_class_id,is_valid,is_manufactured,alternative_name,is_printable_to_kitchen,name_to_print,alternative_name_to_print,barcode,is_open,qty_on_hand,uom_id,item_weight,profit_category_id,prd_department_id,tax_id,tax_exemption,tax_group_id,tax_id_home_service,tax_id_table_service,tax_id_take_away_service,fixed_price,whls_price,is_whls_price_pc,item_cost,tax_calculation_method,taxation_based_on,is_require_weighing,display_order,best_before,is_hot_item_1,hot_item_1_display_order,is_hot_item_2,hot_item_2_display_order,is_hot_item_3,hot_item_3_display_order,fg_color,bg_color,attrib1_name,attrib1_options,attrib2_name,attrib2_options,attrib3_name,attrib3_options,attrib4_name,attrib4_options,attrib5_name,attrib5_options,tag1,tag2,tag3,tag4,tag5,choice_ids,created_by,created_at,updated_by,updated_at,is_deleted,is_system,item_thumb,sys_sale_flag) values ("101000282","101000282",null,"B19","","0",null,"0","JAPAN CHAI","","101000113","1","0","","1","","","","0",null,"27","1.00000",null,null,"1","0","1",null,null,null,"1.00000","0.00000","0","0.00000","0","0","0",null,null,"0",null,"0",null,"0",null,"#FFFFFF","#A9A9A9","",null,null,null,null,null,null,null,null,null,null,null,null,null,null,"","0","2021-10-23 09:41:44.0",null,null,"0","0","","1");
DELETE FROM stock_items WHERE id=101000283;
insert into stock_items(id,code,name,description,supplier_product_code,stock_item_attributes,stock_item_location,stock_item_category_id,prd_department_id,part_no,market_valuation_method,movement_method,uom_id,item_weight,qty_on_hand,unit_price,optimum_level,reorder_level,reorder_qty,preferred_supplier_id,last_purchase_unit_price,last_purchase_supplier_id,tax_id,tax_calculation_method,is_service_item,is_valid,is_manufactured,is_sellable,is_semi_finished,is_finished,sales_margin,is_sales_margin_percent,tax_percentage,qty_manufactured,top_consumption_rank,created_by,created_at,updated_by,updated_at,is_system,is_deleted) values ("101000283","B20","Side Tables With Draw	","",null,null,null,"101000101",null,null,"0",null,"27","1.00000",null,"1.00000",null,null,null,null,null,null,"1","0","0","1","0","1","0","0","0","0","0.00",null,"0","0","2021-10-23 09:42:25.0",null,null,"0","0");
DELETE FROM sale_items WHERE id=101000283;
insert into sale_items(id,stock_item_id,stock_item_code,code,hsn_code,is_group_item,group_item_id,is_combo_item,name,description,sub_class_id,is_valid,is_manufactured,alternative_name,is_printable_to_kitchen,name_to_print,alternative_name_to_print,barcode,is_open,qty_on_hand,uom_id,item_weight,profit_category_id,prd_department_id,tax_id,tax_exemption,tax_group_id,tax_id_home_service,tax_id_table_service,tax_id_take_away_service,fixed_price,whls_price,is_whls_price_pc,item_cost,tax_calculation_method,taxation_based_on,is_require_weighing,display_order,best_before,is_hot_item_1,hot_item_1_display_order,is_hot_item_2,hot_item_2_display_order,is_hot_item_3,hot_item_3_display_order,fg_color,bg_color,attrib1_name,attrib1_options,attrib2_name,attrib2_options,attrib3_name,attrib3_options,attrib4_name,attrib4_options,attrib5_name,attrib5_options,tag1,tag2,tag3,tag4,tag5,choice_ids,created_by,created_at,updated_by,updated_at,is_deleted,is_system,item_thumb,sys_sale_flag) values ("101000283","101000283",null,"B20","","0",null,"0","Side Tables With Draw	","","101000113","1","0","","1","","","","0",null,"27","1.00000",null,null,"1","0","1",null,null,null,"1.00000","0.00000","0","0.00000","0","0","0",null,null,"0",null,"0",null,"0",null,"#FFFFFF","#A9A9A9","",null,null,null,null,null,null,null,null,null,null,null,null,null,null,"","0","2021-10-23 09:42:25.0",null,null,"0","0","","1");
DELETE FROM stock_items WHERE id=101000284;
insert into stock_items(id,code,name,description,supplier_product_code,stock_item_attributes,stock_item_location,stock_item_category_id,prd_department_id,part_no,market_valuation_method,movement_method,uom_id,item_weight,qty_on_hand,unit_price,optimum_level,reorder_level,reorder_qty,preferred_supplier_id,last_purchase_unit_price,last_purchase_supplier_id,tax_id,tax_calculation_method,is_service_item,is_valid,is_manufactured,is_sellable,is_semi_finished,is_finished,sales_margin,is_sales_margin_percent,tax_percentage,qty_manufactured,top_consumption_rank,created_by,created_at,updated_by,updated_at,is_system,is_deleted) values ("101000284","B21","Side Tables Without Draw	","",null,null,null,"101000101",null,null,"0",null,"27","1.00000",null,"1.00000",null,null,null,null,null,null,"1","0","0","1","0","1","0","0","0","0","0.00",null,"0","0","2021-10-23 09:43:01.0",null,null,"0","0");
DELETE FROM sale_items WHERE id=101000284;
insert into sale_items(id,stock_item_id,stock_item_code,code,hsn_code,is_group_item,group_item_id,is_combo_item,name,description,sub_class_id,is_valid,is_manufactured,alternative_name,is_printable_to_kitchen,name_to_print,alternative_name_to_print,barcode,is_open,qty_on_hand,uom_id,item_weight,profit_category_id,prd_department_id,tax_id,tax_exemption,tax_group_id,tax_id_home_service,tax_id_table_service,tax_id_take_away_service,fixed_price,whls_price,is_whls_price_pc,item_cost,tax_calculation_method,taxation_based_on,is_require_weighing,display_order,best_before,is_hot_item_1,hot_item_1_display_order,is_hot_item_2,hot_item_2_display_order,is_hot_item_3,hot_item_3_display_order,fg_color,bg_color,attrib1_name,attrib1_options,attrib2_name,attrib2_options,attrib3_name,attrib3_options,attrib4_name,attrib4_options,attrib5_name,attrib5_options,tag1,tag2,tag3,tag4,tag5,choice_ids,created_by,created_at,updated_by,updated_at,is_deleted,is_system,item_thumb,sys_sale_flag) values ("101000284","101000284",null,"B21","","0",null,"0","Side Tables Without Draw	","","101000113","1","0","","1","","","","0",null,"27","1.00000",null,null,"1","0","1",null,null,null,"1.00000","0.00000","0","0.00000","0","0","0",null,null,"0",null,"0",null,"0",null,"#FFFFFF","#A9A9A9","",null,null,null,null,null,null,null,null,null,null,null,null,null,null,"","0","2021-10-23 09:43:01.0",null,null,"0","0","","1");
DELETE FROM stock_items WHERE id=101000285;
insert into stock_items(id,code,name,description,supplier_product_code,stock_item_attributes,stock_item_location,stock_item_category_id,prd_department_id,part_no,market_valuation_method,movement_method,uom_id,item_weight,qty_on_hand,unit_price,optimum_level,reorder_level,reorder_qty,preferred_supplier_id,last_purchase_unit_price,last_purchase_supplier_id,tax_id,tax_calculation_method,is_service_item,is_valid,is_manufactured,is_sellable,is_semi_finished,is_finished,sales_margin,is_sales_margin_percent,tax_percentage,qty_manufactured,top_consumption_rank,created_by,created_at,updated_by,updated_at,is_system,is_deleted) values ("101000285","B22","Side table(Lobby)	","",null,null,null,"1",null,null,"0",null,"27","1.00000",null,"1.00000",null,null,null,null,null,null,"1","0","0","1","0","1","0","0","0","0","0.00",null,"0","0","2021-10-23 09:43:37.0",null,null,"0","0");
DELETE FROM sale_items WHERE id=101000285;
insert into sale_items(id,stock_item_id,stock_item_code,code,hsn_code,is_group_item,group_item_id,is_combo_item,name,description,sub_class_id,is_valid,is_manufactured,alternative_name,is_printable_to_kitchen,name_to_print,alternative_name_to_print,barcode,is_open,qty_on_hand,uom_id,item_weight,profit_category_id,prd_department_id,tax_id,tax_exemption,tax_group_id,tax_id_home_service,tax_id_table_service,tax_id_take_away_service,fixed_price,whls_price,is_whls_price_pc,item_cost,tax_calculation_method,taxation_based_on,is_require_weighing,display_order,best_before,is_hot_item_1,hot_item_1_display_order,is_hot_item_2,hot_item_2_display_order,is_hot_item_3,hot_item_3_display_order,fg_color,bg_color,attrib1_name,attrib1_options,attrib2_name,attrib2_options,attrib3_name,attrib3_options,attrib4_name,attrib4_options,attrib5_name,attrib5_options,tag1,tag2,tag3,tag4,tag5,choice_ids,created_by,created_at,updated_by,updated_at,is_deleted,is_system,item_thumb,sys_sale_flag) values ("101000285","101000285",null,"B22","","0",null,"0","Side table(Lobby)	","","101000113","1","0","","1","","","","0",null,"27","1.00000",null,null,"1","0","1",null,null,null,"1.00000","0.00000","0","0.00000","0","0","0",null,null,"0",null,"0",null,"0",null,"#FFFFFF","#A9A9A9","",null,null,null,null,null,null,null,null,null,null,null,null,null,null,"","0","2021-10-23 09:43:37.0",null,null,"0","0","","1");
DELETE FROM stock_items WHERE id=101000286;
insert into stock_items(id,code,name,description,supplier_product_code,stock_item_attributes,stock_item_location,stock_item_category_id,prd_department_id,part_no,market_valuation_method,movement_method,uom_id,item_weight,qty_on_hand,unit_price,optimum_level,reorder_level,reorder_qty,preferred_supplier_id,last_purchase_unit_price,last_purchase_supplier_id,tax_id,tax_calculation_method,is_service_item,is_valid,is_manufactured,is_sellable,is_semi_finished,is_finished,sales_margin,is_sales_margin_percent,tax_percentage,qty_manufactured,top_consumption_rank,created_by,created_at,updated_by,updated_at,is_system,is_deleted) values ("101000286","B23","Table with Cup Board(Back office)	","",null,null,null,"101000101",null,null,"0",null,"27","1.00000",null,"1.00000",null,null,null,null,null,null,"1","0","0","1","0","1","0","0","0","0","0.00",null,"0","0","2021-10-23 09:44:08.0",null,null,"0","0");
DELETE FROM sale_items WHERE id=101000286;
insert into sale_items(id,stock_item_id,stock_item_code,code,hsn_code,is_group_item,group_item_id,is_combo_item,name,description,sub_class_id,is_valid,is_manufactured,alternative_name,is_printable_to_kitchen,name_to_print,alternative_name_to_print,barcode,is_open,qty_on_hand,uom_id,item_weight,profit_category_id,prd_department_id,tax_id,tax_exemption,tax_group_id,tax_id_home_service,tax_id_table_service,tax_id_take_away_service,fixed_price,whls_price,is_whls_price_pc,item_cost,tax_calculation_method,taxation_based_on,is_require_weighing,display_order,best_before,is_hot_item_1,hot_item_1_display_order,is_hot_item_2,hot_item_2_display_order,is_hot_item_3,hot_item_3_display_order,fg_color,bg_color,attrib1_name,attrib1_options,attrib2_name,attrib2_options,attrib3_name,attrib3_options,attrib4_name,attrib4_options,attrib5_name,attrib5_options,tag1,tag2,tag3,tag4,tag5,choice_ids,created_by,created_at,updated_by,updated_at,is_deleted,is_system,item_thumb,sys_sale_flag) values ("101000286","101000286",null,"B23","","0",null,"0","Table with Cup Board(Back office)	","","101000113","1","0","","1","","","","0",null,"27","1.00000",null,null,"1","0","1",null,null,null,"1.00000","0.00000","0","0.00000","0","0","0",null,null,"0",null,"0",null,"0",null,"#FFFFFF","#A9A9A9","",null,null,null,null,null,null,null,null,null,null,null,null,null,null,"","0","2021-10-23 09:44:08.0",null,null,"0","0","","1");
DELETE FROM stock_items WHERE id=101000287;
insert into stock_items(id,code,name,description,supplier_product_code,stock_item_attributes,stock_item_location,stock_item_category_id,prd_department_id,part_no,market_valuation_method,movement_method,uom_id,item_weight,qty_on_hand,unit_price,optimum_level,reorder_level,reorder_qty,preferred_supplier_id,last_purchase_unit_price,last_purchase_supplier_id,tax_id,tax_calculation_method,is_service_item,is_valid,is_manufactured,is_sellable,is_semi_finished,is_finished,sales_margin,is_sales_margin_percent,tax_percentage,qty_manufactured,top_consumption_rank,created_by,created_at,updated_by,updated_at,is_system,is_deleted) values ("101000287","B24","Coat with bed(Back Office)	","",null,null,null,"101000101",null,null,"0",null,"27","1.00000",null,"1.00000",null,null,null,null,null,null,"1","0","0","1","0","1","0","0","0","0","0.00",null,"0","0","2021-10-23 09:44:48.0",null,null,"0","0");
DELETE FROM sale_items WHERE id=101000287;
insert into sale_items(id,stock_item_id,stock_item_code,code,hsn_code,is_group_item,group_item_id,is_combo_item,name,description,sub_class_id,is_valid,is_manufactured,alternative_name,is_printable_to_kitchen,name_to_print,alternative_name_to_print,barcode,is_open,qty_on_hand,uom_id,item_weight,profit_category_id,prd_department_id,tax_id,tax_exemption,tax_group_id,tax_id_home_service,tax_id_table_service,tax_id_take_away_service,fixed_price,whls_price,is_whls_price_pc,item_cost,tax_calculation_method,taxation_based_on,is_require_weighing,display_order,best_before,is_hot_item_1,hot_item_1_display_order,is_hot_item_2,hot_item_2_display_order,is_hot_item_3,hot_item_3_display_order,fg_color,bg_color,attrib1_name,attrib1_options,attrib2_name,attrib2_options,attrib3_name,attrib3_options,attrib4_name,attrib4_options,attrib5_name,attrib5_options,tag1,tag2,tag3,tag4,tag5,choice_ids,created_by,created_at,updated_by,updated_at,is_deleted,is_system,item_thumb,sys_sale_flag) values ("101000287","101000287",null,"B24","","0",null,"0","Coat with bed(Back Office)	","","101000113","1","0","","1","","","","0",null,"27","1.00000",null,null,"1","0","1",null,null,null,"1.00000","0.00000","0","0.00000","0","0","0",null,null,"0",null,"0",null,"0",null,"#FFFFFF","#A9A9A9","",null,null,null,null,null,null,null,null,null,null,null,null,null,null,"","0","2021-10-23 09:44:48.0",null,null,"0","0","","1");
DELETE FROM stock_items WHERE id=101000288;
insert into stock_items(id,code,name,description,supplier_product_code,stock_item_attributes,stock_item_location,stock_item_category_id,prd_department_id,part_no,market_valuation_method,movement_method,uom_id,item_weight,qty_on_hand,unit_price,optimum_level,reorder_level,reorder_qty,preferred_supplier_id,last_purchase_unit_price,last_purchase_supplier_id,tax_id,tax_calculation_method,is_service_item,is_valid,is_manufactured,is_sellable,is_semi_finished,is_finished,sales_margin,is_sales_margin_percent,tax_percentage,qty_manufactured,top_consumption_rank,created_by,created_at,updated_by,updated_at,is_system,is_deleted) values ("101000288","B25","Pressing Stand(Laundry)	","",null,null,null,"101000101",null,null,"0",null,"27","1.00000",null,"1.00000",null,null,null,null,null,null,"1","0","0","1","0","1","0","0","0","0","0.00",null,"0","0","2021-10-23 09:45:26.0",null,null,"0","0");
DELETE FROM sale_items WHERE id=101000288;
insert into sale_items(id,stock_item_id,stock_item_code,code,hsn_code,is_group_item,group_item_id,is_combo_item,name,description,sub_class_id,is_valid,is_manufactured,alternative_name,is_printable_to_kitchen,name_to_print,alternative_name_to_print,barcode,is_open,qty_on_hand,uom_id,item_weight,profit_category_id,prd_department_id,tax_id,tax_exemption,tax_group_id,tax_id_home_service,tax_id_table_service,tax_id_take_away_service,fixed_price,whls_price,is_whls_price_pc,item_cost,tax_calculation_method,taxation_based_on,is_require_weighing,display_order,best_before,is_hot_item_1,hot_item_1_display_order,is_hot_item_2,hot_item_2_display_order,is_hot_item_3,hot_item_3_display_order,fg_color,bg_color,attrib1_name,attrib1_options,attrib2_name,attrib2_options,attrib3_name,attrib3_options,attrib4_name,attrib4_options,attrib5_name,attrib5_options,tag1,tag2,tag3,tag4,tag5,choice_ids,created_by,created_at,updated_by,updated_at,is_deleted,is_system,item_thumb,sys_sale_flag) values ("101000288","101000288",null,"B25","","0",null,"0","Pressing Stand(Laundry)	","","101000113","1","0","","1","","","","0",null,"27","1.00000",null,null,"1","0","1",null,null,null,"1.00000","0.00000","0","0.00000","0","0","0",null,null,"0",null,"0",null,"0",null,"#FFFFFF","#A9A9A9","",null,null,null,null,null,null,null,null,null,null,null,null,null,null,"","0","2021-10-23 09:45:26.0",null,null,"0","0","","1");
DELETE FROM stock_items WHERE id=101000289;
insert into stock_items(id,code,name,description,supplier_product_code,stock_item_attributes,stock_item_location,stock_item_category_id,prd_department_id,part_no,market_valuation_method,movement_method,uom_id,item_weight,qty_on_hand,unit_price,optimum_level,reorder_level,reorder_qty,preferred_supplier_id,last_purchase_unit_price,last_purchase_supplier_id,tax_id,tax_calculation_method,is_service_item,is_valid,is_manufactured,is_sellable,is_semi_finished,is_finished,sales_margin,is_sales_margin_percent,tax_percentage,qty_manufactured,top_consumption_rank,created_by,created_at,updated_by,updated_at,is_system,is_deleted) values ("101000289","B26","Non Smoking Board","",null,null,null,"101000101",null,null,"0",null,"27","1.00000",null,"1.00000",null,null,null,null,null,null,"1","0","0","1","0","1","0","0","0","0","0.00",null,"0","0","2021-10-23 09:46:15.0",null,null,"0","0");
DELETE FROM sale_items WHERE id=101000289;
insert into sale_items(id,stock_item_id,stock_item_code,code,hsn_code,is_group_item,group_item_id,is_combo_item,name,description,sub_class_id,is_valid,is_manufactured,alternative_name,is_printable_to_kitchen,name_to_print,alternative_name_to_print,barcode,is_open,qty_on_hand,uom_id,item_weight,profit_category_id,prd_department_id,tax_id,tax_exemption,tax_group_id,tax_id_home_service,tax_id_table_service,tax_id_take_away_service,fixed_price,whls_price,is_whls_price_pc,item_cost,tax_calculation_method,taxation_based_on,is_require_weighing,display_order,best_before,is_hot_item_1,hot_item_1_display_order,is_hot_item_2,hot_item_2_display_order,is_hot_item_3,hot_item_3_display_order,fg_color,bg_color,attrib1_name,attrib1_options,attrib2_name,attrib2_options,attrib3_name,attrib3_options,attrib4_name,attrib4_options,attrib5_name,attrib5_options,tag1,tag2,tag3,tag4,tag5,choice_ids,created_by,created_at,updated_by,updated_at,is_deleted,is_system,item_thumb,sys_sale_flag) values ("101000289","101000289",null,"B26","","0",null,"0","Non Smoking Board","","101000113","1","0","","1","","","","0",null,"27","1.00000",null,null,"1","0","1",null,null,null,"1.00000","0.00000","0","0.00000","0","0","0",null,null,"0",null,"0",null,"0",null,"#FFFFFF","#A9A9A9","",null,null,null,null,null,null,null,null,null,null,null,null,null,null,"","0","2021-10-23 09:46:15.0",null,null,"0","0","","1");
DELETE FROM stock_items WHERE id=101000290;
insert into stock_items(id,code,name,description,supplier_product_code,stock_item_attributes,stock_item_location,stock_item_category_id,prd_department_id,part_no,market_valuation_method,movement_method,uom_id,item_weight,qty_on_hand,unit_price,optimum_level,reorder_level,reorder_qty,preferred_supplier_id,last_purchase_unit_price,last_purchase_supplier_id,tax_id,tax_calculation_method,is_service_item,is_valid,is_manufactured,is_sellable,is_semi_finished,is_finished,sales_margin,is_sales_margin_percent,tax_percentage,qty_manufactured,top_consumption_rank,created_by,created_at,updated_by,updated_at,is_system,is_deleted) values ("101000290","B27","Wooden Hangers","",null,null,null,"101000101",null,null,"0",null,"27","1.00000",null,"1.00000",null,null,null,null,null,null,"1","0","0","1","0","1","0","0","0","0","0.00",null,"0","0","2021-10-23 09:46:47.0",null,null,"0","0");
DELETE FROM sale_items WHERE id=101000290;
insert into sale_items(id,stock_item_id,stock_item_code,code,hsn_code,is_group_item,group_item_id,is_combo_item,name,description,sub_class_id,is_valid,is_manufactured,alternative_name,is_printable_to_kitchen,name_to_print,alternative_name_to_print,barcode,is_open,qty_on_hand,uom_id,item_weight,profit_category_id,prd_department_id,tax_id,tax_exemption,tax_group_id,tax_id_home_service,tax_id_table_service,tax_id_take_away_service,fixed_price,whls_price,is_whls_price_pc,item_cost,tax_calculation_method,taxation_based_on,is_require_weighing,display_order,best_before,is_hot_item_1,hot_item_1_display_order,is_hot_item_2,hot_item_2_display_order,is_hot_item_3,hot_item_3_display_order,fg_color,bg_color,attrib1_name,attrib1_options,attrib2_name,attrib2_options,attrib3_name,attrib3_options,attrib4_name,attrib4_options,attrib5_name,attrib5_options,tag1,tag2,tag3,tag4,tag5,choice_ids,created_by,created_at,updated_by,updated_at,is_deleted,is_system,item_thumb,sys_sale_flag) values ("101000290","101000290",null,"B27","","0",null,"0","Wooden Hangers","","101000113","1","0","","1","","","","0",null,"27","1.00000",null,null,"1","0","1",null,null,null,"1.00000","0.00000","0","0.00000","0","0","0",null,null,"0",null,"0",null,"0",null,"#FFFFFF","#A9A9A9","",null,null,null,null,null,null,null,null,null,null,null,null,null,null,"","0","2021-10-23 09:46:47.0",null,null,"0","0","","1");
DELETE FROM stock_items WHERE id=101000291;
insert into stock_items(id,code,name,description,supplier_product_code,stock_item_attributes,stock_item_location,stock_item_category_id,prd_department_id,part_no,market_valuation_method,movement_method,uom_id,item_weight,qty_on_hand,unit_price,optimum_level,reorder_level,reorder_qty,preferred_supplier_id,last_purchase_unit_price,last_purchase_supplier_id,tax_id,tax_calculation_method,is_service_item,is_valid,is_manufactured,is_sellable,is_semi_finished,is_finished,sales_margin,is_sales_margin_percent,tax_percentage,qty_manufactured,top_consumption_rank,created_by,created_at,updated_by,updated_at,is_system,is_deleted) values ("101000291","B28","Writing Tables White Color (002)	","",null,null,null,"101000101",null,null,"0",null,"27","1.00000",null,"1.00000",null,null,null,null,null,null,"1","0","0","1","0","1","0","0","0","0","0.00",null,"0","0","2021-10-23 09:47:18.0",null,null,"0","0");
DELETE FROM sale_items WHERE id=101000291;
insert into sale_items(id,stock_item_id,stock_item_code,code,hsn_code,is_group_item,group_item_id,is_combo_item,name,description,sub_class_id,is_valid,is_manufactured,alternative_name,is_printable_to_kitchen,name_to_print,alternative_name_to_print,barcode,is_open,qty_on_hand,uom_id,item_weight,profit_category_id,prd_department_id,tax_id,tax_exemption,tax_group_id,tax_id_home_service,tax_id_table_service,tax_id_take_away_service,fixed_price,whls_price,is_whls_price_pc,item_cost,tax_calculation_method,taxation_based_on,is_require_weighing,display_order,best_before,is_hot_item_1,hot_item_1_display_order,is_hot_item_2,hot_item_2_display_order,is_hot_item_3,hot_item_3_display_order,fg_color,bg_color,attrib1_name,attrib1_options,attrib2_name,attrib2_options,attrib3_name,attrib3_options,attrib4_name,attrib4_options,attrib5_name,attrib5_options,tag1,tag2,tag3,tag4,tag5,choice_ids,created_by,created_at,updated_by,updated_at,is_deleted,is_system,item_thumb,sys_sale_flag) values ("101000291","101000291",null,"B28","","0",null,"0","Writing Tables White Color (002)	","","101000113","1","0","","1","","","","0",null,"27","1.00000",null,null,"1","0","1",null,null,null,"1.00000","0.00000","0","0.00000","0","0","0",null,null,"0",null,"0",null,"0",null,"#FFFFFF","#A9A9A9","",null,null,null,null,null,null,null,null,null,null,null,null,null,null,"","0","2021-10-23 09:47:18.0",null,null,"0","0","","1");
DELETE FROM stock_items WHERE id=101000292;
insert into stock_items(id,code,name,description,supplier_product_code,stock_item_attributes,stock_item_location,stock_item_category_id,prd_department_id,part_no,market_valuation_method,movement_method,uom_id,item_weight,qty_on_hand,unit_price,optimum_level,reorder_level,reorder_qty,preferred_supplier_id,last_purchase_unit_price,last_purchase_supplier_id,tax_id,tax_calculation_method,is_service_item,is_valid,is_manufactured,is_sellable,is_semi_finished,is_finished,sales_margin,is_sales_margin_percent,tax_percentage,qty_manufactured,top_consumption_rank,created_by,created_at,updated_by,updated_at,is_system,is_deleted) values ("101000292","B29","Double Coat	","",null,null,null,"101000101",null,null,"0",null,"27","1.00000",null,"1.00000",null,null,null,null,null,null,"1","0","0","1","0","1","0","0","0","0","0.00",null,"0","0","2021-10-23 09:47:47.0",null,null,"0","0");
DELETE FROM sale_items WHERE id=101000292;
insert into sale_items(id,stock_item_id,stock_item_code,code,hsn_code,is_group_item,group_item_id,is_combo_item,name,description,sub_class_id,is_valid,is_manufactured,alternative_name,is_printable_to_kitchen,name_to_print,alternative_name_to_print,barcode,is_open,qty_on_hand,uom_id,item_weight,profit_category_id,prd_department_id,tax_id,tax_exemption,tax_group_id,tax_id_home_service,tax_id_table_service,tax_id_take_away_service,fixed_price,whls_price,is_whls_price_pc,item_cost,tax_calculation_method,taxation_based_on,is_require_weighing,display_order,best_before,is_hot_item_1,hot_item_1_display_order,is_hot_item_2,hot_item_2_display_order,is_hot_item_3,hot_item_3_display_order,fg_color,bg_color,attrib1_name,attrib1_options,attrib2_name,attrib2_options,attrib3_name,attrib3_options,attrib4_name,attrib4_options,attrib5_name,attrib5_options,tag1,tag2,tag3,tag4,tag5,choice_ids,created_by,created_at,updated_by,updated_at,is_deleted,is_system,item_thumb,sys_sale_flag) values ("101000292","101000292",null,"B29","","0",null,"0","Double Coat	","","101000113","1","0","","1","","","","0",null,"27","1.00000",null,null,"1","0","1",null,null,null,"1.00000","0.00000","0","0.00000","0","0","0",null,null,"0",null,"0",null,"0",null,"#FFFFFF","#A9A9A9","",null,null,null,null,null,null,null,null,null,null,null,null,null,null,"","0","2021-10-23 09:47:47.0",null,null,"0","0","","1");
DELETE FROM stock_items WHERE id=101000293;
insert into stock_items(id,code,name,description,supplier_product_code,stock_item_attributes,stock_item_location,stock_item_category_id,prd_department_id,part_no,market_valuation_method,movement_method,uom_id,item_weight,qty_on_hand,unit_price,optimum_level,reorder_level,reorder_qty,preferred_supplier_id,last_purchase_unit_price,last_purchase_supplier_id,tax_id,tax_calculation_method,is_service_item,is_valid,is_manufactured,is_sellable,is_semi_finished,is_finished,sales_margin,is_sales_margin_percent,tax_percentage,qty_manufactured,top_consumption_rank,created_by,created_at,updated_by,updated_at,is_system,is_deleted) values ("101000293","B30","Single Coat","",null,null,null,"101000101",null,null,"0",null,"27","1.00000",null,"1.00000",null,null,null,null,null,null,"1","0","0","1","0","1","0","0","0","0","0.00",null,"0","0","2021-10-23 10:04:34.0",null,null,"0","0");
DELETE FROM sale_items WHERE id=101000293;
insert into sale_items(id,stock_item_id,stock_item_code,code,hsn_code,is_group_item,group_item_id,is_combo_item,name,description,sub_class_id,is_valid,is_manufactured,alternative_name,is_printable_to_kitchen,name_to_print,alternative_name_to_print,barcode,is_open,qty_on_hand,uom_id,item_weight,profit_category_id,prd_department_id,tax_id,tax_exemption,tax_group_id,tax_id_home_service,tax_id_table_service,tax_id_take_away_service,fixed_price,whls_price,is_whls_price_pc,item_cost,tax_calculation_method,taxation_based_on,is_require_weighing,display_order,best_before,is_hot_item_1,hot_item_1_display_order,is_hot_item_2,hot_item_2_display_order,is_hot_item_3,hot_item_3_display_order,fg_color,bg_color,attrib1_name,attrib1_options,attrib2_name,attrib2_options,attrib3_name,attrib3_options,attrib4_name,attrib4_options,attrib5_name,attrib5_options,tag1,tag2,tag3,tag4,tag5,choice_ids,created_by,created_at,updated_by,updated_at,is_deleted,is_system,item_thumb,sys_sale_flag) values ("101000293","101000293",null,"B30","","0",null,"0","Single Coat","","101000113","1","0","","1","","","","0",null,"27","1.00000",null,null,"1","0","1",null,null,null,"1.00000","0.00000","0","0.00000","0","0","0",null,null,"0",null,"0",null,"0",null,"#FFFFFF","#A9A9A9","",null,null,null,null,null,null,null,null,null,null,null,null,null,null,"","0","2021-10-23 10:04:34.0",null,null,"0","0","","1");
DELETE FROM stock_items WHERE id=101000294;
insert into stock_items(id,code,name,description,supplier_product_code,stock_item_attributes,stock_item_location,stock_item_category_id,prd_department_id,part_no,market_valuation_method,movement_method,uom_id,item_weight,qty_on_hand,unit_price,optimum_level,reorder_level,reorder_qty,preferred_supplier_id,last_purchase_unit_price,last_purchase_supplier_id,tax_id,tax_calculation_method,is_service_item,is_valid,is_manufactured,is_sellable,is_semi_finished,is_finished,sales_margin,is_sales_margin_percent,tax_percentage,qty_manufactured,top_consumption_rank,created_by,created_at,updated_by,updated_at,is_system,is_deleted) values ("101000294","B31","Double Bed(78x60x8)","",null,null,null,"101000101",null,null,"0",null,"27","1.00000",null,"1.00000",null,null,null,null,null,null,"1","0","0","1","0","1","0","0","0","0","0.00",null,"0","0","2021-10-23 10:05:11.0",null,null,"0","0");
DELETE FROM sale_items WHERE id=101000294;
insert into sale_items(id,stock_item_id,stock_item_code,code,hsn_code,is_group_item,group_item_id,is_combo_item,name,description,sub_class_id,is_valid,is_manufactured,alternative_name,is_printable_to_kitchen,name_to_print,alternative_name_to_print,barcode,is_open,qty_on_hand,uom_id,item_weight,profit_category_id,prd_department_id,tax_id,tax_exemption,tax_group_id,tax_id_home_service,tax_id_table_service,tax_id_take_away_service,fixed_price,whls_price,is_whls_price_pc,item_cost,tax_calculation_method,taxation_based_on,is_require_weighing,display_order,best_before,is_hot_item_1,hot_item_1_display_order,is_hot_item_2,hot_item_2_display_order,is_hot_item_3,hot_item_3_display_order,fg_color,bg_color,attrib1_name,attrib1_options,attrib2_name,attrib2_options,attrib3_name,attrib3_options,attrib4_name,attrib4_options,attrib5_name,attrib5_options,tag1,tag2,tag3,tag4,tag5,choice_ids,created_by,created_at,updated_by,updated_at,is_deleted,is_system,item_thumb,sys_sale_flag) values ("101000294","101000294",null,"B31","","0",null,"0","Double Bed(78x60x8)","","101000113","1","0","","1","","","","0",null,"27","1.00000",null,null,"1","0","1",null,null,null,"1.00000","0.00000","0","0.00000","0","0","0",null,null,"0",null,"0",null,"0",null,"#FFFFFF","#A9A9A9","",null,null,null,null,null,null,null,null,null,null,null,null,null,null,"","0","2021-10-23 10:05:11.0",null,null,"0","0","","1");
DELETE FROM stock_items WHERE id=101000295;
insert into stock_items(id,code,name,description,supplier_product_code,stock_item_attributes,stock_item_location,stock_item_category_id,prd_department_id,part_no,market_valuation_method,movement_method,uom_id,item_weight,qty_on_hand,unit_price,optimum_level,reorder_level,reorder_qty,preferred_supplier_id,last_purchase_unit_price,last_purchase_supplier_id,tax_id,tax_calculation_method,is_service_item,is_valid,is_manufactured,is_sellable,is_semi_finished,is_finished,sales_margin,is_sales_margin_percent,tax_percentage,qty_manufactured,top_consumption_rank,created_by,created_at,updated_by,updated_at,is_system,is_deleted) values ("101000295","B32","Single Bed(78x36x8)","",null,null,null,"101000101",null,null,"0",null,"27","1.00000",null,"1.00000",null,null,null,null,null,null,"1","0","0","1","0","1","0","0","0","0","0.00",null,"0","0","2021-10-23 10:05:49.0",null,null,"0","0");
DELETE FROM sale_items WHERE id=101000295;
insert into sale_items(id,stock_item_id,stock_item_code,code,hsn_code,is_group_item,group_item_id,is_combo_item,name,description,sub_class_id,is_valid,is_manufactured,alternative_name,is_printable_to_kitchen,name_to_print,alternative_name_to_print,barcode,is_open,qty_on_hand,uom_id,item_weight,profit_category_id,prd_department_id,tax_id,tax_exemption,tax_group_id,tax_id_home_service,tax_id_table_service,tax_id_take_away_service,fixed_price,whls_price,is_whls_price_pc,item_cost,tax_calculation_method,taxation_based_on,is_require_weighing,display_order,best_before,is_hot_item_1,hot_item_1_display_order,is_hot_item_2,hot_item_2_display_order,is_hot_item_3,hot_item_3_display_order,fg_color,bg_color,attrib1_name,attrib1_options,attrib2_name,attrib2_options,attrib3_name,attrib3_options,attrib4_name,attrib4_options,attrib5_name,attrib5_options,tag1,tag2,tag3,tag4,tag5,choice_ids,created_by,created_at,updated_by,updated_at,is_deleted,is_system,item_thumb,sys_sale_flag) values ("101000295","101000295",null,"B32","","0",null,"0","Single Bed(78x36x8)","","101000113","1","0","","1","","","","0",null,"27","1.00000",null,null,"1","0","1",null,null,null,"1.00000","0.00000","0","0.00000","0","0","0",null,null,"0",null,"0",null,"0",null,"#FFFFFF","#A9A9A9","",null,null,null,null,null,null,null,null,null,null,null,null,null,null,"","0","2021-10-23 10:05:49.0",null,null,"0","0","","1");
DELETE FROM stock_items WHERE id=101000296;
insert into stock_items(id,code,name,description,supplier_product_code,stock_item_attributes,stock_item_location,stock_item_category_id,prd_department_id,part_no,market_valuation_method,movement_method,uom_id,item_weight,qty_on_hand,unit_price,optimum_level,reorder_level,reorder_qty,preferred_supplier_id,last_purchase_unit_price,last_purchase_supplier_id,tax_id,tax_calculation_method,is_service_item,is_valid,is_manufactured,is_sellable,is_semi_finished,is_finished,sales_margin,is_sales_margin_percent,tax_percentage,qty_manufactured,top_consumption_rank,created_by,created_at,updated_by,updated_at,is_system,is_deleted) values ("101000296","B33","Pot Frame","",null,null,null,"101000101",null,null,"0",null,"27","1.00000",null,"1.00000",null,null,null,null,null,null,"1","0","0","1","0","1","0","0","0","0","0.00",null,"0","0","2021-10-23 10:06:22.0",null,null,"0","0");
DELETE FROM sale_items WHERE id=101000296;
insert into sale_items(id,stock_item_id,stock_item_code,code,hsn_code,is_group_item,group_item_id,is_combo_item,name,description,sub_class_id,is_valid,is_manufactured,alternative_name,is_printable_to_kitchen,name_to_print,alternative_name_to_print,barcode,is_open,qty_on_hand,uom_id,item_weight,profit_category_id,prd_department_id,tax_id,tax_exemption,tax_group_id,tax_id_home_service,tax_id_table_service,tax_id_take_away_service,fixed_price,whls_price,is_whls_price_pc,item_cost,tax_calculation_method,taxation_based_on,is_require_weighing,display_order,best_before,is_hot_item_1,hot_item_1_display_order,is_hot_item_2,hot_item_2_display_order,is_hot_item_3,hot_item_3_display_order,fg_color,bg_color,attrib1_name,attrib1_options,attrib2_name,attrib2_options,attrib3_name,attrib3_options,attrib4_name,attrib4_options,attrib5_name,attrib5_options,tag1,tag2,tag3,tag4,tag5,choice_ids,created_by,created_at,updated_by,updated_at,is_deleted,is_system,item_thumb,sys_sale_flag) values ("101000296","101000296",null,"B33","","0",null,"0","Pot Frame","","101000113","1","0","","1","","","","0",null,"27","1.00000",null,null,"1","0","1",null,null,null,"1.00000","0.00000","0","0.00000","0","0","0",null,null,"0",null,"0",null,"0",null,"#FFFFFF","#A9A9A9","",null,null,null,null,null,null,null,null,null,null,null,null,null,null,"","0","2021-10-23 10:06:22.0",null,null,"0","0","","1");
DELETE FROM stock_items WHERE id=101000297;
insert into stock_items(id,code,name,description,supplier_product_code,stock_item_attributes,stock_item_location,stock_item_category_id,prd_department_id,part_no,market_valuation_method,movement_method,uom_id,item_weight,qty_on_hand,unit_price,optimum_level,reorder_level,reorder_qty,preferred_supplier_id,last_purchase_unit_price,last_purchase_supplier_id,tax_id,tax_calculation_method,is_service_item,is_valid,is_manufactured,is_sellable,is_semi_finished,is_finished,sales_margin,is_sales_margin_percent,tax_percentage,qty_manufactured,top_consumption_rank,created_by,created_at,updated_by,updated_at,is_system,is_deleted) values ("101000297","B34","Rack Metal(B)","",null,null,null,"101000101",null,null,"0",null,"27","1.00000",null,"1.00000",null,null,null,null,null,null,"1","0","0","1","0","1","0","0","0","0","0.00",null,"0","0","2021-10-23 10:07:13.0",null,null,"0","0");
DELETE FROM sale_items WHERE id=101000297;
insert into sale_items(id,stock_item_id,stock_item_code,code,hsn_code,is_group_item,group_item_id,is_combo_item,name,description,sub_class_id,is_valid,is_manufactured,alternative_name,is_printable_to_kitchen,name_to_print,alternative_name_to_print,barcode,is_open,qty_on_hand,uom_id,item_weight,profit_category_id,prd_department_id,tax_id,tax_exemption,tax_group_id,tax_id_home_service,tax_id_table_service,tax_id_take_away_service,fixed_price,whls_price,is_whls_price_pc,item_cost,tax_calculation_method,taxation_based_on,is_require_weighing,display_order,best_before,is_hot_item_1,hot_item_1_display_order,is_hot_item_2,hot_item_2_display_order,is_hot_item_3,hot_item_3_display_order,fg_color,bg_color,attrib1_name,attrib1_options,attrib2_name,attrib2_options,attrib3_name,attrib3_options,attrib4_name,attrib4_options,attrib5_name,attrib5_options,tag1,tag2,tag3,tag4,tag5,choice_ids,created_by,created_at,updated_by,updated_at,is_deleted,is_system,item_thumb,sys_sale_flag) values ("101000297","101000297",null,"B34","","0",null,"0","Rack Metal(B)","","101000113","1","0","","1","","","","0",null,"27","1.00000",null,null,"1","0","1",null,null,null,"1.00000","0.00000","0","0.00000","0","0","0",null,null,"0",null,"0",null,"0",null,"#FFFFFF","#A9A9A9","",null,null,null,null,null,null,null,null,null,null,null,null,null,null,"","0","2021-10-23 10:07:13.0",null,null,"0","0","","1");
DELETE FROM stock_items WHERE id=101000298;
insert into stock_items(id,code,name,description,supplier_product_code,stock_item_attributes,stock_item_location,stock_item_category_id,prd_department_id,part_no,market_valuation_method,movement_method,uom_id,item_weight,qty_on_hand,unit_price,optimum_level,reorder_level,reorder_qty,preferred_supplier_id,last_purchase_unit_price,last_purchase_supplier_id,tax_id,tax_calculation_method,is_service_item,is_valid,is_manufactured,is_sellable,is_semi_finished,is_finished,sales_margin,is_sales_margin_percent,tax_percentage,qty_manufactured,top_consumption_rank,created_by,created_at,updated_by,updated_at,is_system,is_deleted) values ("101000298","B35","Rack Metal(S)","",null,null,null,"101000101",null,null,"0",null,"27","1.00000",null,"1.00000",null,null,null,null,null,null,"1","0","0","1","0","1","0","0","0","0","0.00",null,"0","0","2021-10-23 10:08:02.0",null,null,"0","0");
DELETE FROM sale_items WHERE id=101000298;
insert into sale_items(id,stock_item_id,stock_item_code,code,hsn_code,is_group_item,group_item_id,is_combo_item,name,description,sub_class_id,is_valid,is_manufactured,alternative_name,is_printable_to_kitchen,name_to_print,alternative_name_to_print,barcode,is_open,qty_on_hand,uom_id,item_weight,profit_category_id,prd_department_id,tax_id,tax_exemption,tax_group_id,tax_id_home_service,tax_id_table_service,tax_id_take_away_service,fixed_price,whls_price,is_whls_price_pc,item_cost,tax_calculation_method,taxation_based_on,is_require_weighing,display_order,best_before,is_hot_item_1,hot_item_1_display_order,is_hot_item_2,hot_item_2_display_order,is_hot_item_3,hot_item_3_display_order,fg_color,bg_color,attrib1_name,attrib1_options,attrib2_name,attrib2_options,attrib3_name,attrib3_options,attrib4_name,attrib4_options,attrib5_name,attrib5_options,tag1,tag2,tag3,tag4,tag5,choice_ids,created_by,created_at,updated_by,updated_at,is_deleted,is_system,item_thumb,sys_sale_flag) values ("101000298","101000298",null,"B35","","0",null,"0","Rack Metal(S)","","101000113","1","0","","1","","","","0",null,"27","1.00000",null,null,"1","0","1",null,null,null,"1.00000","0.00000","0","0.00000","0","0","0",null,null,"0",null,"0",null,"0",null,"#FFFFFF","#A9A9A9","",null,null,null,null,null,null,null,null,null,null,null,null,null,null,"","0","2021-10-23 10:08:02.0",null,null,"0","0","","1");
DELETE FROM stock_items WHERE id=101000299;
insert into stock_items(id,code,name,description,supplier_product_code,stock_item_attributes,stock_item_location,stock_item_category_id,prd_department_id,part_no,market_valuation_method,movement_method,uom_id,item_weight,qty_on_hand,unit_price,optimum_level,reorder_level,reorder_qty,preferred_supplier_id,last_purchase_unit_price,last_purchase_supplier_id,tax_id,tax_calculation_method,is_service_item,is_valid,is_manufactured,is_sellable,is_semi_finished,is_finished,sales_margin,is_sales_margin_percent,tax_percentage,qty_manufactured,top_consumption_rank,created_by,created_at,updated_by,updated_at,is_system,is_deleted) values ("101000299","B37","White Board","",null,null,null,"101000101",null,null,"0",null,"27","1.00000",null,"1.00000",null,null,null,null,null,null,"1","0","0","1","0","1","0","0","0","0","0.00",null,"0","0","2021-10-23 10:09:27.0",null,null,"0","0");
DELETE FROM sale_items WHERE id=101000299;
insert into sale_items(id,stock_item_id,stock_item_code,code,hsn_code,is_group_item,group_item_id,is_combo_item,name,description,sub_class_id,is_valid,is_manufactured,alternative_name,is_printable_to_kitchen,name_to_print,alternative_name_to_print,barcode,is_open,qty_on_hand,uom_id,item_weight,profit_category_id,prd_department_id,tax_id,tax_exemption,tax_group_id,tax_id_home_service,tax_id_table_service,tax_id_take_away_service,fixed_price,whls_price,is_whls_price_pc,item_cost,tax_calculation_method,taxation_based_on,is_require_weighing,display_order,best_before,is_hot_item_1,hot_item_1_display_order,is_hot_item_2,hot_item_2_display_order,is_hot_item_3,hot_item_3_display_order,fg_color,bg_color,attrib1_name,attrib1_options,attrib2_name,attrib2_options,attrib3_name,attrib3_options,attrib4_name,attrib4_options,attrib5_name,attrib5_options,tag1,tag2,tag3,tag4,tag5,choice_ids,created_by,created_at,updated_by,updated_at,is_deleted,is_system,item_thumb,sys_sale_flag) values ("101000299","101000299",null,"B37","","0",null,"0","White Board","","101000113","1","0","","1","","","","0",null,"27","1.00000",null,null,"1","0","1",null,null,null,"1.00000","0.00000","0","0.00000","0","0","0",null,null,"0",null,"0",null,"0",null,"#FFFFFF","#A9A9A9","",null,null,null,null,null,null,null,null,null,null,null,null,null,null,"","0","2021-10-23 10:09:27.0",null,null,"0","0","","1");
DELETE FROM stock_items WHERE id=101000300;
insert into stock_items(id,code,name,description,supplier_product_code,stock_item_attributes,stock_item_location,stock_item_category_id,prd_department_id,part_no,market_valuation_method,movement_method,uom_id,item_weight,qty_on_hand,unit_price,optimum_level,reorder_level,reorder_qty,preferred_supplier_id,last_purchase_unit_price,last_purchase_supplier_id,tax_id,tax_calculation_method,is_service_item,is_valid,is_manufactured,is_sellable,is_semi_finished,is_finished,sales_margin,is_sales_margin_percent,tax_percentage,qty_manufactured,top_consumption_rank,created_by,created_at,updated_by,updated_at,is_system,is_deleted) values ("101000300","B36","Buffet Table(Marble)","",null,null,null,"101000101",null,null,"0",null,"27","1.00000",null,"1.00000",null,null,null,null,null,null,"1","0","0","1","0","1","0","0","0","0","0.00",null,"0","0","2021-10-23 10:10:04.0",null,null,"0","0");
DELETE FROM sale_items WHERE id=101000300;
insert into sale_items(id,stock_item_id,stock_item_code,code,hsn_code,is_group_item,group_item_id,is_combo_item,name,description,sub_class_id,is_valid,is_manufactured,alternative_name,is_printable_to_kitchen,name_to_print,alternative_name_to_print,barcode,is_open,qty_on_hand,uom_id,item_weight,profit_category_id,prd_department_id,tax_id,tax_exemption,tax_group_id,tax_id_home_service,tax_id_table_service,tax_id_take_away_service,fixed_price,whls_price,is_whls_price_pc,item_cost,tax_calculation_method,taxation_based_on,is_require_weighing,display_order,best_before,is_hot_item_1,hot_item_1_display_order,is_hot_item_2,hot_item_2_display_order,is_hot_item_3,hot_item_3_display_order,fg_color,bg_color,attrib1_name,attrib1_options,attrib2_name,attrib2_options,attrib3_name,attrib3_options,attrib4_name,attrib4_options,attrib5_name,attrib5_options,tag1,tag2,tag3,tag4,tag5,choice_ids,created_by,created_at,updated_by,updated_at,is_deleted,is_system,item_thumb,sys_sale_flag) values ("101000300","101000300",null,"B36","","0",null,"0","Buffet Table(Marble)","","101000113","1","0","","1","","","","0",null,"27","1.00000",null,null,"1","0","1",null,null,null,"1.00000","0.00000","0","0.00000","0","0","0",null,null,"0",null,"0",null,"0",null,"#FFFFFF","#A9A9A9","",null,null,null,null,null,null,null,null,null,null,null,null,null,null,"","0","2021-10-23 10:10:04.0",null,null,"0","0","","1");
DELETE FROM stock_items WHERE id=101000301;
insert into stock_items(id,code,name,description,supplier_product_code,stock_item_attributes,stock_item_location,stock_item_category_id,prd_department_id,part_no,market_valuation_method,movement_method,uom_id,item_weight,qty_on_hand,unit_price,optimum_level,reorder_level,reorder_qty,preferred_supplier_id,last_purchase_unit_price,last_purchase_supplier_id,tax_id,tax_calculation_method,is_service_item,is_valid,is_manufactured,is_sellable,is_semi_finished,is_finished,sales_margin,is_sales_margin_percent,tax_percentage,qty_manufactured,top_consumption_rank,created_by,created_at,updated_by,updated_at,is_system,is_deleted) values ("101000301","B38","Photo Frame Large","",null,null,null,"101000101",null,null,"0",null,"27","1.00000",null,"1.00000",null,null,null,null,null,null,"1","0","0","1","0","1","0","0","0","0","0.00",null,"0","0","2021-10-23 10:10:42.0","0","2021-10-23 10:11:09.0","0","0");
DELETE FROM sale_items WHERE id=101000301;
insert into sale_items(id,stock_item_id,stock_item_code,code,hsn_code,is_group_item,group_item_id,is_combo_item,name,description,sub_class_id,is_valid,is_manufactured,alternative_name,is_printable_to_kitchen,name_to_print,alternative_name_to_print,barcode,is_open,qty_on_hand,uom_id,item_weight,profit_category_id,prd_department_id,tax_id,tax_exemption,tax_group_id,tax_id_home_service,tax_id_table_service,tax_id_take_away_service,fixed_price,whls_price,is_whls_price_pc,item_cost,tax_calculation_method,taxation_based_on,is_require_weighing,display_order,best_before,is_hot_item_1,hot_item_1_display_order,is_hot_item_2,hot_item_2_display_order,is_hot_item_3,hot_item_3_display_order,fg_color,bg_color,attrib1_name,attrib1_options,attrib2_name,attrib2_options,attrib3_name,attrib3_options,attrib4_name,attrib4_options,attrib5_name,attrib5_options,tag1,tag2,tag3,tag4,tag5,choice_ids,created_by,created_at,updated_by,updated_at,is_deleted,is_system,item_thumb,sys_sale_flag) values ("101000301","101000301",null,"B38","","0",null,"0","Photo Frame Large","","101000113","1","0","","1","","","","0",null,"27","1.00000",null,null,"1","0","1",null,null,null,"1.00000","0.00000","0","0.00000","0","0","0",null,null,"0",null,"0",null,"0",null,"#FFFFFF","#A9A9A9","",null,null,null,null,null,null,null,null,null,null,null,null,null,null,"","0","2021-10-23 10:10:42.0","0","2021-10-23 10:11:09.0","0","0","","1");
update stock_items set id="101000301", code="B38", name="Photo Frame Large", description="", supplier_product_code=null, stock_item_attributes=null, stock_item_location=null, stock_item_category_id="101000101", prd_department_id=null, part_no=null, market_valuation_method="0", movement_method=null, uom_id="27", item_weight="1.00000", qty_on_hand=null, unit_price="1.00000", optimum_level=null, reorder_level=null, reorder_qty=null, preferred_supplier_id=null, last_purchase_unit_price=null, last_purchase_supplier_id=null, tax_id="1", tax_calculation_method="0", is_service_item="0", is_valid="1", is_manufactured="0", is_sellable="1", is_semi_finished="0", is_finished="0", sales_margin="0", is_sales_margin_percent="0", tax_percentage="0.00", qty_manufactured=null, top_consumption_rank="0", created_by="0", created_at="2021-10-23 10:10:42.0", updated_by="0", updated_at="2021-10-23 10:11:09.0", is_system="0", is_deleted="0" where id=101000301 and is_deleted = 0 and is_synchable = 1;
update sale_items set id="101000301", stock_item_id="101000301", stock_item_code=null, code="B38", hsn_code="", is_group_item="0", group_item_id=null, is_combo_item="0", name="Photo Frame Large", description="", sub_class_id="101000113", is_valid="1", is_manufactured="0", alternative_name="", is_printable_to_kitchen="1", name_to_print="", alternative_name_to_print="", barcode="", is_open="0", qty_on_hand=null, uom_id="27", item_weight="1.00000", profit_category_id=null, prd_department_id=null, tax_id="1", tax_exemption="0", tax_group_id="1", tax_id_home_service=null, tax_id_table_service=null, tax_id_take_away_service=null, fixed_price="1.00000", whls_price="0.00000", is_whls_price_pc="0", item_cost="0.00000", tax_calculation_method="0", taxation_based_on="0", is_require_weighing="0", display_order=null, best_before=null, is_hot_item_1="0", hot_item_1_display_order=null, is_hot_item_2="0", hot_item_2_display_order=null, is_hot_item_3="0", hot_item_3_display_order=null, fg_color="#FFFFFF", bg_color="#A9A9A9", attrib1_name="", attrib1_options=null, attrib2_name=null, attrib2_options=null, attrib3_name=null, attrib3_options=null, attrib4_name=null, attrib4_options=null, attrib5_name=null, attrib5_options=null, tag1=null, tag2=null, tag3=null, tag4=null, tag5=null, choice_ids="", created_by="0", created_at="2021-10-23 10:10:42.0", updated_by="0", updated_at="2021-10-23 10:11:09.0", is_deleted="0", is_system="0", item_thumb="", sys_sale_flag="1" where id=101000301 and is_deleted = 0 and is_synchable = 1;
DELETE FROM stock_items WHERE id=101000302;
insert into stock_items(id,code,name,description,supplier_product_code,stock_item_attributes,stock_item_location,stock_item_category_id,prd_department_id,part_no,market_valuation_method,movement_method,uom_id,item_weight,qty_on_hand,unit_price,optimum_level,reorder_level,reorder_qty,preferred_supplier_id,last_purchase_unit_price,last_purchase_supplier_id,tax_id,tax_calculation_method,is_service_item,is_valid,is_manufactured,is_sellable,is_semi_finished,is_finished,sales_margin,is_sales_margin_percent,tax_percentage,qty_manufactured,top_consumption_rank,created_by,created_at,updated_by,updated_at,is_system,is_deleted) values ("101000302","B39","Photo Frame Medium","",null,null,null,"1",null,null,"0",null,"27","1.00000",null,"1.00000",null,null,null,null,null,null,"1","0","0","1","0","1","0","0","0","0","0.00",null,"0","0","2021-10-23 10:11:44.0",null,null,"0","0");
DELETE FROM sale_items WHERE id=101000302;
insert into sale_items(id,stock_item_id,stock_item_code,code,hsn_code,is_group_item,group_item_id,is_combo_item,name,description,sub_class_id,is_valid,is_manufactured,alternative_name,is_printable_to_kitchen,name_to_print,alternative_name_to_print,barcode,is_open,qty_on_hand,uom_id,item_weight,profit_category_id,prd_department_id,tax_id,tax_exemption,tax_group_id,tax_id_home_service,tax_id_table_service,tax_id_take_away_service,fixed_price,whls_price,is_whls_price_pc,item_cost,tax_calculation_method,taxation_based_on,is_require_weighing,display_order,best_before,is_hot_item_1,hot_item_1_display_order,is_hot_item_2,hot_item_2_display_order,is_hot_item_3,hot_item_3_display_order,fg_color,bg_color,attrib1_name,attrib1_options,attrib2_name,attrib2_options,attrib3_name,attrib3_options,attrib4_name,attrib4_options,attrib5_name,attrib5_options,tag1,tag2,tag3,tag4,tag5,choice_ids,created_by,created_at,updated_by,updated_at,is_deleted,is_system,item_thumb,sys_sale_flag) values ("101000302","101000302",null,"B39","","0",null,"0","Photo Frame Medium","","101000113","1","0","","1","","","","0",null,"27","1.00000",null,null,"1","0","1",null,null,null,"1.00000","0.00000","0","0.00000","0","0","0",null,null,"0",null,"0",null,"0",null,"#FFFFFF","#A9A9A9","",null,null,null,null,null,null,null,null,null,null,null,null,null,null,"","0","2021-10-23 10:11:44.0",null,null,"0","0","","1");
DELETE FROM stock_items WHERE id=101000303;
insert into stock_items(id,code,name,description,supplier_product_code,stock_item_attributes,stock_item_location,stock_item_category_id,prd_department_id,part_no,market_valuation_method,movement_method,uom_id,item_weight,qty_on_hand,unit_price,optimum_level,reorder_level,reorder_qty,preferred_supplier_id,last_purchase_unit_price,last_purchase_supplier_id,tax_id,tax_calculation_method,is_service_item,is_valid,is_manufactured,is_sellable,is_semi_finished,is_finished,sales_margin,is_sales_margin_percent,tax_percentage,qty_manufactured,top_consumption_rank,created_by,created_at,updated_by,updated_at,is_system,is_deleted) values ("101000303","B40","Photo Frame Small","",null,null,null,"101000101",null,null,"0",null,"27","1.00000",null,"1.00000",null,null,null,null,null,null,"1","0","0","1","0","1","0","0","0","0","0.00",null,"0","0","2021-10-23 10:12:38.0","0","2021-10-23 10:13:00.0","0","0");
DELETE FROM sale_items WHERE id=101000303;
insert into sale_items(id,stock_item_id,stock_item_code,code,hsn_code,is_group_item,group_item_id,is_combo_item,name,description,sub_class_id,is_valid,is_manufactured,alternative_name,is_printable_to_kitchen,name_to_print,alternative_name_to_print,barcode,is_open,qty_on_hand,uom_id,item_weight,profit_category_id,prd_department_id,tax_id,tax_exemption,tax_group_id,tax_id_home_service,tax_id_table_service,tax_id_take_away_service,fixed_price,whls_price,is_whls_price_pc,item_cost,tax_calculation_method,taxation_based_on,is_require_weighing,display_order,best_before,is_hot_item_1,hot_item_1_display_order,is_hot_item_2,hot_item_2_display_order,is_hot_item_3,hot_item_3_display_order,fg_color,bg_color,attrib1_name,attrib1_options,attrib2_name,attrib2_options,attrib3_name,attrib3_options,attrib4_name,attrib4_options,attrib5_name,attrib5_options,tag1,tag2,tag3,tag4,tag5,choice_ids,created_by,created_at,updated_by,updated_at,is_deleted,is_system,item_thumb,sys_sale_flag) values ("101000303","101000303",null,"B40","","0",null,"0","Photo Frame Small","","101000113","1","0","","1","","","","0",null,"27","1.00000",null,null,"1","0","1",null,null,null,"1.00000","0.00000","0","0.00000","0","0","0",null,null,"0",null,"0",null,"0",null,"#FFFFFF","#A9A9A9","",null,null,null,null,null,null,null,null,null,null,null,null,null,null,"","0","2021-10-23 10:12:38.0","0","2021-10-23 10:13:01.0","0","0","","1");
update stock_items set id="101000303", code="B40", name="Photo Frame Small", description="", supplier_product_code=null, stock_item_attributes=null, stock_item_location=null, stock_item_category_id="101000101", prd_department_id=null, part_no=null, market_valuation_method="0", movement_method=null, uom_id="27", item_weight="1.00000", qty_on_hand=null, unit_price="1.00000", optimum_level=null, reorder_level=null, reorder_qty=null, preferred_supplier_id=null, last_purchase_unit_price=null, last_purchase_supplier_id=null, tax_id="1", tax_calculation_method="0", is_service_item="0", is_valid="1", is_manufactured="0", is_sellable="1", is_semi_finished="0", is_finished="0", sales_margin="0", is_sales_margin_percent="0", tax_percentage="0.00", qty_manufactured=null, top_consumption_rank="0", created_by="0", created_at="2021-10-23 10:12:38.0", updated_by="0", updated_at="2021-10-23 10:13:00.0", is_system="0", is_deleted="0" where id=101000303 and is_deleted = 0 and is_synchable = 1;
update sale_items set id="101000303", stock_item_id="101000303", stock_item_code=null, code="B40", hsn_code="", is_group_item="0", group_item_id=null, is_combo_item="0", name="Photo Frame Small", description="", sub_class_id="101000113", is_valid="1", is_manufactured="0", alternative_name="", is_printable_to_kitchen="1", name_to_print="", alternative_name_to_print="", barcode="", is_open="0", qty_on_hand=null, uom_id="27", item_weight="1.00000", profit_category_id=null, prd_department_id=null, tax_id="1", tax_exemption="0", tax_group_id="1", tax_id_home_service=null, tax_id_table_service=null, tax_id_take_away_service=null, fixed_price="1.00000", whls_price="0.00000", is_whls_price_pc="0", item_cost="0.00000", tax_calculation_method="0", taxation_based_on="0", is_require_weighing="0", display_order=null, best_before=null, is_hot_item_1="0", hot_item_1_display_order=null, is_hot_item_2="0", hot_item_2_display_order=null, is_hot_item_3="0", hot_item_3_display_order=null, fg_color="#FFFFFF", bg_color="#A9A9A9", attrib1_name="", attrib1_options=null, attrib2_name=null, attrib2_options=null, attrib3_name=null, attrib3_options=null, attrib4_name=null, attrib4_options=null, attrib5_name=null, attrib5_options=null, tag1=null, tag2=null, tag3=null, tag4=null, tag5=null, choice_ids="", created_by="0", created_at="2021-10-23 10:12:38.0", updated_by="0", updated_at="2021-10-23 10:13:01.0", is_deleted="0", is_system="0", item_thumb="", sys_sale_flag="1" where id=101000303 and is_deleted = 0 and is_synchable = 1;
DELETE FROM stock_items WHERE id=101000304;
insert into stock_items(id,code,name,description,supplier_product_code,stock_item_attributes,stock_item_location,stock_item_category_id,prd_department_id,part_no,market_valuation_method,movement_method,uom_id,item_weight,qty_on_hand,unit_price,optimum_level,reorder_level,reorder_qty,preferred_supplier_id,last_purchase_unit_price,last_purchase_supplier_id,tax_id,tax_calculation_method,is_service_item,is_valid,is_manufactured,is_sellable,is_semi_finished,is_finished,sales_margin,is_sales_margin_percent,tax_percentage,qty_manufactured,top_consumption_rank,created_by,created_at,updated_by,updated_at,is_system,is_deleted) values ("101000304","B41","Iron Table","",null,null,null,"101000101",null,null,"0",null,"27","1.00000",null,"1.00000",null,null,null,null,null,null,"1","0","0","1","0","1","0","0","0","0","0.00",null,"0","0","2021-10-23 10:13:54.0",null,null,"0","0");
DELETE FROM sale_items WHERE id=101000304;
insert into sale_items(id,stock_item_id,stock_item_code,code,hsn_code,is_group_item,group_item_id,is_combo_item,name,description,sub_class_id,is_valid,is_manufactured,alternative_name,is_printable_to_kitchen,name_to_print,alternative_name_to_print,barcode,is_open,qty_on_hand,uom_id,item_weight,profit_category_id,prd_department_id,tax_id,tax_exemption,tax_group_id,tax_id_home_service,tax_id_table_service,tax_id_take_away_service,fixed_price,whls_price,is_whls_price_pc,item_cost,tax_calculation_method,taxation_based_on,is_require_weighing,display_order,best_before,is_hot_item_1,hot_item_1_display_order,is_hot_item_2,hot_item_2_display_order,is_hot_item_3,hot_item_3_display_order,fg_color,bg_color,attrib1_name,attrib1_options,attrib2_name,attrib2_options,attrib3_name,attrib3_options,attrib4_name,attrib4_options,attrib5_name,attrib5_options,tag1,tag2,tag3,tag4,tag5,choice_ids,created_by,created_at,updated_by,updated_at,is_deleted,is_system,item_thumb,sys_sale_flag) values ("101000304","101000304",null,"B41","","0",null,"0","Iron Table","","101000113","1","0","","1","","","","0",null,"27","1.00000",null,null,"1","0","1",null,null,null,"1.00000","0.00000","0","0.00000","0","0","0",null,null,"0",null,"0",null,"0",null,"#FFFFFF","#A9A9A9","",null,null,null,null,null,null,null,null,null,null,null,null,null,null,"","0","2021-10-23 10:13:54.0",null,null,"0","0","","1");
DELETE FROM stock_items WHERE id=101000305;
insert into stock_items(id,code,name,description,supplier_product_code,stock_item_attributes,stock_item_location,stock_item_category_id,prd_department_id,part_no,market_valuation_method,movement_method,uom_id,item_weight,qty_on_hand,unit_price,optimum_level,reorder_level,reorder_qty,preferred_supplier_id,last_purchase_unit_price,last_purchase_supplier_id,tax_id,tax_calculation_method,is_service_item,is_valid,is_manufactured,is_sellable,is_semi_finished,is_finished,sales_margin,is_sales_margin_percent,tax_percentage,qty_manufactured,top_consumption_rank,created_by,created_at,updated_by,updated_at,is_system,is_deleted) values ("101000305","B42","Cane Sofa set(3 Seater )","",null,null,null,"101000101",null,null,"0",null,"27","1.00000",null,"1.00000",null,null,null,null,null,null,"1","0","0","1","0","1","0","0","0","0","0.00",null,"0","0","2021-10-23 10:14:34.0",null,null,"0","0");
DELETE FROM sale_items WHERE id=101000305;
insert into sale_items(id,stock_item_id,stock_item_code,code,hsn_code,is_group_item,group_item_id,is_combo_item,name,description,sub_class_id,is_valid,is_manufactured,alternative_name,is_printable_to_kitchen,name_to_print,alternative_name_to_print,barcode,is_open,qty_on_hand,uom_id,item_weight,profit_category_id,prd_department_id,tax_id,tax_exemption,tax_group_id,tax_id_home_service,tax_id_table_service,tax_id_take_away_service,fixed_price,whls_price,is_whls_price_pc,item_cost,tax_calculation_method,taxation_based_on,is_require_weighing,display_order,best_before,is_hot_item_1,hot_item_1_display_order,is_hot_item_2,hot_item_2_display_order,is_hot_item_3,hot_item_3_display_order,fg_color,bg_color,attrib1_name,attrib1_options,attrib2_name,attrib2_options,attrib3_name,attrib3_options,attrib4_name,attrib4_options,attrib5_name,attrib5_options,tag1,tag2,tag3,tag4,tag5,choice_ids,created_by,created_at,updated_by,updated_at,is_deleted,is_system,item_thumb,sys_sale_flag) values ("101000305","101000305",null,"B42","","0",null,"0","Cane Sofa set(3 Seater )","","101000113","1","0","","1","","","","0",null,"27","1.00000",null,null,"1","0","1",null,null,null,"1.00000","0.00000","0","0.00000","0","0","0",null,null,"0",null,"0",null,"0",null,"#FFFFFF","#A9A9A9","",null,null,null,null,null,null,null,null,null,null,null,null,null,null,"","0","2021-10-23 10:14:34.0",null,null,"0","0","","1");
DELETE FROM stock_items WHERE id=101000306;
insert into stock_items(id,code,name,description,supplier_product_code,stock_item_attributes,stock_item_location,stock_item_category_id,prd_department_id,part_no,market_valuation_method,movement_method,uom_id,item_weight,qty_on_hand,unit_price,optimum_level,reorder_level,reorder_qty,preferred_supplier_id,last_purchase_unit_price,last_purchase_supplier_id,tax_id,tax_calculation_method,is_service_item,is_valid,is_manufactured,is_sellable,is_semi_finished,is_finished,sales_margin,is_sales_margin_percent,tax_percentage,qty_manufactured,top_consumption_rank,created_by,created_at,updated_by,updated_at,is_system,is_deleted) values ("101000306","B43","Cane Sofa set(1 Seater )","",null,null,null,"101000101",null,null,"0",null,"27","1.00000",null,"1.00000",null,null,null,null,null,null,"1","0","0","1","0","1","0","0","0","0","0.00",null,"0","0","2021-10-23 10:15:19.0",null,null,"0","0");
DELETE FROM sale_items WHERE id=101000306;
insert into sale_items(id,stock_item_id,stock_item_code,code,hsn_code,is_group_item,group_item_id,is_combo_item,name,description,sub_class_id,is_valid,is_manufactured,alternative_name,is_printable_to_kitchen,name_to_print,alternative_name_to_print,barcode,is_open,qty_on_hand,uom_id,item_weight,profit_category_id,prd_department_id,tax_id,tax_exemption,tax_group_id,tax_id_home_service,tax_id_table_service,tax_id_take_away_service,fixed_price,whls_price,is_whls_price_pc,item_cost,tax_calculation_method,taxation_based_on,is_require_weighing,display_order,best_before,is_hot_item_1,hot_item_1_display_order,is_hot_item_2,hot_item_2_display_order,is_hot_item_3,hot_item_3_display_order,fg_color,bg_color,attrib1_name,attrib1_options,attrib2_name,attrib2_options,attrib3_name,attrib3_options,attrib4_name,attrib4_options,attrib5_name,attrib5_options,tag1,tag2,tag3,tag4,tag5,choice_ids,created_by,created_at,updated_by,updated_at,is_deleted,is_system,item_thumb,sys_sale_flag) values ("101000306","101000306",null,"B43","","0",null,"0","Cane Sofa set(1 Seater )","","101000113","1","0","","1","","","","0",null,"27","1.00000",null,null,"1","0","1",null,null,null,"1.00000","0.00000","0","0.00000","0","0","0",null,null,"0",null,"0",null,"0",null,"#FFFFFF","#A9A9A9","",null,null,null,null,null,null,null,null,null,null,null,null,null,null,"","0","2021-10-23 10:15:19.0",null,null,"0","0","","1");
DELETE FROM stock_items WHERE id=101000307;
insert into stock_items(id,code,name,description,supplier_product_code,stock_item_attributes,stock_item_location,stock_item_category_id,prd_department_id,part_no,market_valuation_method,movement_method,uom_id,item_weight,qty_on_hand,unit_price,optimum_level,reorder_level,reorder_qty,preferred_supplier_id,last_purchase_unit_price,last_purchase_supplier_id,tax_id,tax_calculation_method,is_service_item,is_valid,is_manufactured,is_sellable,is_semi_finished,is_finished,sales_margin,is_sales_margin_percent,tax_percentage,qty_manufactured,top_consumption_rank,created_by,created_at,updated_by,updated_at,is_system,is_deleted) values ("101000307","B44","Revolving Chair","",null,null,null,"101000101",null,null,"0",null,"27","1.00000",null,"1.00000",null,null,null,null,null,null,"1","0","0","1","0","1","0","0","0","0","0.00",null,"0","0","2021-10-23 10:15:54.0",null,null,"0","0");
DELETE FROM sale_items WHERE id=101000307;
insert into sale_items(id,stock_item_id,stock_item_code,code,hsn_code,is_group_item,group_item_id,is_combo_item,name,description,sub_class_id,is_valid,is_manufactured,alternative_name,is_printable_to_kitchen,name_to_print,alternative_name_to_print,barcode,is_open,qty_on_hand,uom_id,item_weight,profit_category_id,prd_department_id,tax_id,tax_exemption,tax_group_id,tax_id_home_service,tax_id_table_service,tax_id_take_away_service,fixed_price,whls_price,is_whls_price_pc,item_cost,tax_calculation_method,taxation_based_on,is_require_weighing,display_order,best_before,is_hot_item_1,hot_item_1_display_order,is_hot_item_2,hot_item_2_display_order,is_hot_item_3,hot_item_3_display_order,fg_color,bg_color,attrib1_name,attrib1_options,attrib2_name,attrib2_options,attrib3_name,attrib3_options,attrib4_name,attrib4_options,attrib5_name,attrib5_options,tag1,tag2,tag3,tag4,tag5,choice_ids,created_by,created_at,updated_by,updated_at,is_deleted,is_system,item_thumb,sys_sale_flag) values ("101000307","101000307",null,"B44","","0",null,"0","Revolving Chair","","101000113","1","0","","1","","","","0",null,"27","1.00000",null,null,"1","0","1",null,null,null,"1.00000","0.00000","0","0.00000","0","0","0",null,null,"0",null,"0",null,"0",null,"#FFFFFF","#A9A9A9","",null,null,null,null,null,null,null,null,null,null,null,null,null,null,"","0","2021-10-23 10:15:54.0",null,null,"0","0","","1");
DELETE FROM stock_items WHERE id=101000308;
insert into stock_items(id,code,name,description,supplier_product_code,stock_item_attributes,stock_item_location,stock_item_category_id,prd_department_id,part_no,market_valuation_method,movement_method,uom_id,item_weight,qty_on_hand,unit_price,optimum_level,reorder_level,reorder_qty,preferred_supplier_id,last_purchase_unit_price,last_purchase_supplier_id,tax_id,tax_calculation_method,is_service_item,is_valid,is_manufactured,is_sellable,is_semi_finished,is_finished,sales_margin,is_sales_margin_percent,tax_percentage,qty_manufactured,top_consumption_rank,created_by,created_at,updated_by,updated_at,is_system,is_deleted) values ("101000308","B45","News Paper Stand","",null,null,null,"101000101",null,null,"0",null,"27","1.00000",null,"1.00000",null,null,null,null,null,null,"1","0","0","1","0","1","0","0","0","0","0.00",null,"0","0","2021-10-23 10:16:27.0",null,null,"0","0");
DELETE FROM sale_items WHERE id=101000308;
insert into sale_items(id,stock_item_id,stock_item_code,code,hsn_code,is_group_item,group_item_id,is_combo_item,name,description,sub_class_id,is_valid,is_manufactured,alternative_name,is_printable_to_kitchen,name_to_print,alternative_name_to_print,barcode,is_open,qty_on_hand,uom_id,item_weight,profit_category_id,prd_department_id,tax_id,tax_exemption,tax_group_id,tax_id_home_service,tax_id_table_service,tax_id_take_away_service,fixed_price,whls_price,is_whls_price_pc,item_cost,tax_calculation_method,taxation_based_on,is_require_weighing,display_order,best_before,is_hot_item_1,hot_item_1_display_order,is_hot_item_2,hot_item_2_display_order,is_hot_item_3,hot_item_3_display_order,fg_color,bg_color,attrib1_name,attrib1_options,attrib2_name,attrib2_options,attrib3_name,attrib3_options,attrib4_name,attrib4_options,attrib5_name,attrib5_options,tag1,tag2,tag3,tag4,tag5,choice_ids,created_by,created_at,updated_by,updated_at,is_deleted,is_system,item_thumb,sys_sale_flag) values ("101000308","101000308",null,"B45","","0",null,"0","News Paper Stand","","101000113","1","0","","1","","","","0",null,"27","1.00000",null,null,"1","0","1",null,null,null,"1.00000","0.00000","0","0.00000","0","0","0",null,null,"0",null,"0",null,"0",null,"#FFFFFF","#A9A9A9","",null,null,null,null,null,null,null,null,null,null,null,null,null,null,"","0","2021-10-23 10:16:27.0",null,null,"0","0","","1");
DELETE FROM stock_items WHERE id=101000309;
insert into stock_items(id,code,name,description,supplier_product_code,stock_item_attributes,stock_item_location,stock_item_category_id,prd_department_id,part_no,market_valuation_method,movement_method,uom_id,item_weight,qty_on_hand,unit_price,optimum_level,reorder_level,reorder_qty,preferred_supplier_id,last_purchase_unit_price,last_purchase_supplier_id,tax_id,tax_calculation_method,is_service_item,is_valid,is_manufactured,is_sellable,is_semi_finished,is_finished,sales_margin,is_sales_margin_percent,tax_percentage,qty_manufactured,top_consumption_rank,created_by,created_at,updated_by,updated_at,is_system,is_deleted) values ("101000309","B46","Podium","",null,null,null,"101000101",null,null,"0",null,"27","1.00000",null,"1.00000",null,null,null,null,null,null,"1","0","0","1","0","1","0","0","0","0","0.00",null,"0","0","2021-10-23 10:17:01.0",null,null,"0","0");
DELETE FROM sale_items WHERE id=101000309;
insert into sale_items(id,stock_item_id,stock_item_code,code,hsn_code,is_group_item,group_item_id,is_combo_item,name,description,sub_class_id,is_valid,is_manufactured,alternative_name,is_printable_to_kitchen,name_to_print,alternative_name_to_print,barcode,is_open,qty_on_hand,uom_id,item_weight,profit_category_id,prd_department_id,tax_id,tax_exemption,tax_group_id,tax_id_home_service,tax_id_table_service,tax_id_take_away_service,fixed_price,whls_price,is_whls_price_pc,item_cost,tax_calculation_method,taxation_based_on,is_require_weighing,display_order,best_before,is_hot_item_1,hot_item_1_display_order,is_hot_item_2,hot_item_2_display_order,is_hot_item_3,hot_item_3_display_order,fg_color,bg_color,attrib1_name,attrib1_options,attrib2_name,attrib2_options,attrib3_name,attrib3_options,attrib4_name,attrib4_options,attrib5_name,attrib5_options,tag1,tag2,tag3,tag4,tag5,choice_ids,created_by,created_at,updated_by,updated_at,is_deleted,is_system,item_thumb,sys_sale_flag) values ("101000309","101000309",null,"B46","","0",null,"0","Podium","","101000113","1","0","","1","","","","0",null,"27","1.00000",null,null,"1","0","1",null,null,null,"1.00000","0.00000","0","0.00000","0","0","0",null,null,"0",null,"0",null,"0",null,"#FFFFFF","#A9A9A9","",null,null,null,null,null,null,null,null,null,null,null,null,null,null,"","0","2021-10-23 10:17:01.0",null,null,"0","0","","1");
DELETE FROM stock_items WHERE id=101000310;
insert into stock_items(id,code,name,description,supplier_product_code,stock_item_attributes,stock_item_location,stock_item_category_id,prd_department_id,part_no,market_valuation_method,movement_method,uom_id,item_weight,qty_on_hand,unit_price,optimum_level,reorder_level,reorder_qty,preferred_supplier_id,last_purchase_unit_price,last_purchase_supplier_id,tax_id,tax_calculation_method,is_service_item,is_valid,is_manufactured,is_sellable,is_semi_finished,is_finished,sales_margin,is_sales_margin_percent,tax_percentage,qty_manufactured,top_consumption_rank,created_by,created_at,updated_by,updated_at,is_system,is_deleted) values ("101000310","B47","Wooden Cupboard","",null,null,null,"101000101",null,null,"0",null,"27","1.00000",null,"1.00000",null,null,null,null,null,null,"1","0","0","1","0","1","0","0","0","0","0.00",null,"0","0","2021-10-23 10:17:34.0",null,null,"0","0");
DELETE FROM sale_items WHERE id=101000310;
insert into sale_items(id,stock_item_id,stock_item_code,code,hsn_code,is_group_item,group_item_id,is_combo_item,name,description,sub_class_id,is_valid,is_manufactured,alternative_name,is_printable_to_kitchen,name_to_print,alternative_name_to_print,barcode,is_open,qty_on_hand,uom_id,item_weight,profit_category_id,prd_department_id,tax_id,tax_exemption,tax_group_id,tax_id_home_service,tax_id_table_service,tax_id_take_away_service,fixed_price,whls_price,is_whls_price_pc,item_cost,tax_calculation_method,taxation_based_on,is_require_weighing,display_order,best_before,is_hot_item_1,hot_item_1_display_order,is_hot_item_2,hot_item_2_display_order,is_hot_item_3,hot_item_3_display_order,fg_color,bg_color,attrib1_name,attrib1_options,attrib2_name,attrib2_options,attrib3_name,attrib3_options,attrib4_name,attrib4_options,attrib5_name,attrib5_options,tag1,tag2,tag3,tag4,tag5,choice_ids,created_by,created_at,updated_by,updated_at,is_deleted,is_system,item_thumb,sys_sale_flag) values ("101000310","101000310",null,"B47","","0",null,"0","Wooden Cupboard","","101000113","1","0","","1","","","","0",null,"27","1.00000",null,null,"1","0","1",null,null,null,"1.00000","0.00000","0","0.00000","0","0","0",null,null,"0",null,"0",null,"0",null,"#FFFFFF","#A9A9A9","",null,null,null,null,null,null,null,null,null,null,null,null,null,null,"","0","2021-10-23 10:17:34.0",null,null,"0","0","","1");
DELETE FROM stock_items WHERE id=101000311;
insert into stock_items(id,code,name,description,supplier_product_code,stock_item_attributes,stock_item_location,stock_item_category_id,prd_department_id,part_no,market_valuation_method,movement_method,uom_id,item_weight,qty_on_hand,unit_price,optimum_level,reorder_level,reorder_qty,preferred_supplier_id,last_purchase_unit_price,last_purchase_supplier_id,tax_id,tax_calculation_method,is_service_item,is_valid,is_manufactured,is_sellable,is_semi_finished,is_finished,sales_margin,is_sales_margin_percent,tax_percentage,qty_manufactured,top_consumption_rank,created_by,created_at,updated_by,updated_at,is_system,is_deleted) values ("101000311","B48","Notice Board","",null,null,null,"101000101",null,null,"0",null,"27","1.00000",null,"1.00000",null,null,null,null,null,null,"1","0","0","1","0","1","0","0","0","0","0.00",null,"0","0","2021-10-23 10:18:14.0",null,null,"0","0");
DELETE FROM sale_items WHERE id=101000311;
insert into sale_items(id,stock_item_id,stock_item_code,code,hsn_code,is_group_item,group_item_id,is_combo_item,name,description,sub_class_id,is_valid,is_manufactured,alternative_name,is_printable_to_kitchen,name_to_print,alternative_name_to_print,barcode,is_open,qty_on_hand,uom_id,item_weight,profit_category_id,prd_department_id,tax_id,tax_exemption,tax_group_id,tax_id_home_service,tax_id_table_service,tax_id_take_away_service,fixed_price,whls_price,is_whls_price_pc,item_cost,tax_calculation_method,taxation_based_on,is_require_weighing,display_order,best_before,is_hot_item_1,hot_item_1_display_order,is_hot_item_2,hot_item_2_display_order,is_hot_item_3,hot_item_3_display_order,fg_color,bg_color,attrib1_name,attrib1_options,attrib2_name,attrib2_options,attrib3_name,attrib3_options,attrib4_name,attrib4_options,attrib5_name,attrib5_options,tag1,tag2,tag3,tag4,tag5,choice_ids,created_by,created_at,updated_by,updated_at,is_deleted,is_system,item_thumb,sys_sale_flag) values ("101000311","101000311",null,"B48","","0",null,"0","Notice Board","","101000113","1","0","","1","","","","0",null,"27","1.00000",null,null,"1","0","1",null,null,null,"1.00000","0.00000","0","0.00000","0","0","0",null,null,"0",null,"0",null,"0",null,"#FFFFFF","#A9A9A9","",null,null,null,null,null,null,null,null,null,null,null,null,null,null,"","0","2021-10-23 10:18:14.0",null,null,"0","0","","1");
DELETE FROM stock_items WHERE id=101000312;
insert into stock_items(id,code,name,description,supplier_product_code,stock_item_attributes,stock_item_location,stock_item_category_id,prd_department_id,part_no,market_valuation_method,movement_method,uom_id,item_weight,qty_on_hand,unit_price,optimum_level,reorder_level,reorder_qty,preferred_supplier_id,last_purchase_unit_price,last_purchase_supplier_id,tax_id,tax_calculation_method,is_service_item,is_valid,is_manufactured,is_sellable,is_semi_finished,is_finished,sales_margin,is_sales_margin_percent,tax_percentage,qty_manufactured,top_consumption_rank,created_by,created_at,updated_by,updated_at,is_system,is_deleted) values ("101000312","B49","HK Trolley","",null,null,null,"101000101",null,null,"0",null,"27","1.00000",null,"1.00000",null,null,null,null,null,null,"1","0","0","1","0","1","0","0","0","0","0.00",null,"0","0","2021-10-23 10:20:04.0",null,null,"0","0");
DELETE FROM sale_items WHERE id=101000312;
insert into sale_items(id,stock_item_id,stock_item_code,code,hsn_code,is_group_item,group_item_id,is_combo_item,name,description,sub_class_id,is_valid,is_manufactured,alternative_name,is_printable_to_kitchen,name_to_print,alternative_name_to_print,barcode,is_open,qty_on_hand,uom_id,item_weight,profit_category_id,prd_department_id,tax_id,tax_exemption,tax_group_id,tax_id_home_service,tax_id_table_service,tax_id_take_away_service,fixed_price,whls_price,is_whls_price_pc,item_cost,tax_calculation_method,taxation_based_on,is_require_weighing,display_order,best_before,is_hot_item_1,hot_item_1_display_order,is_hot_item_2,hot_item_2_display_order,is_hot_item_3,hot_item_3_display_order,fg_color,bg_color,attrib1_name,attrib1_options,attrib2_name,attrib2_options,attrib3_name,attrib3_options,attrib4_name,attrib4_options,attrib5_name,attrib5_options,tag1,tag2,tag3,tag4,tag5,choice_ids,created_by,created_at,updated_by,updated_at,is_deleted,is_system,item_thumb,sys_sale_flag) values ("101000312","101000312",null,"B49","","0",null,"0","HK Trolley","","101000113","1","0","","1","","","","0",null,"27","1.00000",null,null,"1","0","1",null,null,null,"1.00000","0.00000","0","0.00000","0","0","0",null,null,"0",null,"0",null,"0",null,"#FFFFFF","#A9A9A9","",null,null,null,null,null,null,null,null,null,null,null,null,null,null,"","0","2021-10-23 10:20:04.0",null,null,"0","0","","1");
DELETE FROM stock_items WHERE id=101000313;
insert into stock_items(id,code,name,description,supplier_product_code,stock_item_attributes,stock_item_location,stock_item_category_id,prd_department_id,part_no,market_valuation_method,movement_method,uom_id,item_weight,qty_on_hand,unit_price,optimum_level,reorder_level,reorder_qty,preferred_supplier_id,last_purchase_unit_price,last_purchase_supplier_id,tax_id,tax_calculation_method,is_service_item,is_valid,is_manufactured,is_sellable,is_semi_finished,is_finished,sales_margin,is_sales_margin_percent,tax_percentage,qty_manufactured,top_consumption_rank,created_by,created_at,updated_by,updated_at,is_system,is_deleted) values ("101000313","B50","Linen Trolley","",null,null,null,"101000101",null,null,"0",null,"27","1.00000",null,"1.00000",null,null,null,null,null,null,"1","0","0","1","0","1","0","0","0","0","0.00",null,"0","0","2021-10-23 10:20:38.0",null,null,"0","0");
DELETE FROM sale_items WHERE id=101000313;
insert into sale_items(id,stock_item_id,stock_item_code,code,hsn_code,is_group_item,group_item_id,is_combo_item,name,description,sub_class_id,is_valid,is_manufactured,alternative_name,is_printable_to_kitchen,name_to_print,alternative_name_to_print,barcode,is_open,qty_on_hand,uom_id,item_weight,profit_category_id,prd_department_id,tax_id,tax_exemption,tax_group_id,tax_id_home_service,tax_id_table_service,tax_id_take_away_service,fixed_price,whls_price,is_whls_price_pc,item_cost,tax_calculation_method,taxation_based_on,is_require_weighing,display_order,best_before,is_hot_item_1,hot_item_1_display_order,is_hot_item_2,hot_item_2_display_order,is_hot_item_3,hot_item_3_display_order,fg_color,bg_color,attrib1_name,attrib1_options,attrib2_name,attrib2_options,attrib3_name,attrib3_options,attrib4_name,attrib4_options,attrib5_name,attrib5_options,tag1,tag2,tag3,tag4,tag5,choice_ids,created_by,created_at,updated_by,updated_at,is_deleted,is_system,item_thumb,sys_sale_flag) values ("101000313","101000313",null,"B50","","0",null,"0","Linen Trolley","","101000113","1","0","","1","","","","0",null,"27","1.00000",null,null,"1","0","1",null,null,null,"1.00000","0.00000","0","0.00000","0","0","0",null,null,"0",null,"0",null,"0",null,"#FFFFFF","#A9A9A9","",null,null,null,null,null,null,null,null,null,null,null,null,null,null,"","0","2021-10-23 10:20:38.0",null,null,"0","0","","1");
DELETE FROM stock_items WHERE id=101000314;
insert into stock_items(id,code,name,description,supplier_product_code,stock_item_attributes,stock_item_location,stock_item_category_id,prd_department_id,part_no,market_valuation_method,movement_method,uom_id,item_weight,qty_on_hand,unit_price,optimum_level,reorder_level,reorder_qty,preferred_supplier_id,last_purchase_unit_price,last_purchase_supplier_id,tax_id,tax_calculation_method,is_service_item,is_valid,is_manufactured,is_sellable,is_semi_finished,is_finished,sales_margin,is_sales_margin_percent,tax_percentage,qty_manufactured,top_consumption_rank,created_by,created_at,updated_by,updated_at,is_system,is_deleted) values ("101000314","B51","Cane Table","",null,null,null,"101000101",null,null,"0",null,"27","1.00000",null,"1.00000",null,null,null,null,null,null,"1","0","0","1","0","1","0","0","0","0","0.00",null,"0","0","2021-10-23 10:21:17.0",null,null,"0","0");
DELETE FROM sale_items WHERE id=101000314;
insert into sale_items(id,stock_item_id,stock_item_code,code,hsn_code,is_group_item,group_item_id,is_combo_item,name,description,sub_class_id,is_valid,is_manufactured,alternative_name,is_printable_to_kitchen,name_to_print,alternative_name_to_print,barcode,is_open,qty_on_hand,uom_id,item_weight,profit_category_id,prd_department_id,tax_id,tax_exemption,tax_group_id,tax_id_home_service,tax_id_table_service,tax_id_take_away_service,fixed_price,whls_price,is_whls_price_pc,item_cost,tax_calculation_method,taxation_based_on,is_require_weighing,display_order,best_before,is_hot_item_1,hot_item_1_display_order,is_hot_item_2,hot_item_2_display_order,is_hot_item_3,hot_item_3_display_order,fg_color,bg_color,attrib1_name,attrib1_options,attrib2_name,attrib2_options,attrib3_name,attrib3_options,attrib4_name,attrib4_options,attrib5_name,attrib5_options,tag1,tag2,tag3,tag4,tag5,choice_ids,created_by,created_at,updated_by,updated_at,is_deleted,is_system,item_thumb,sys_sale_flag) values ("101000314","101000314",null,"B51","","0",null,"0","Cane Table","","101000113","1","0","","1","","","","0",null,"27","1.00000",null,null,"1","0","1",null,null,null,"1.00000","0.00000","0","0.00000","0","0","0",null,null,"0",null,"0",null,"0",null,"#FFFFFF","#A9A9A9","",null,null,null,null,null,null,null,null,null,null,null,null,null,null,"","0","2021-10-23 10:21:17.0",null,null,"0","0","","1");
DELETE FROM stock_items WHERE id=101000315;
insert into stock_items(id,code,name,description,supplier_product_code,stock_item_attributes,stock_item_location,stock_item_category_id,prd_department_id,part_no,market_valuation_method,movement_method,uom_id,item_weight,qty_on_hand,unit_price,optimum_level,reorder_level,reorder_qty,preferred_supplier_id,last_purchase_unit_price,last_purchase_supplier_id,tax_id,tax_calculation_method,is_service_item,is_valid,is_manufactured,is_sellable,is_semi_finished,is_finished,sales_margin,is_sales_margin_percent,tax_percentage,qty_manufactured,top_consumption_rank,created_by,created_at,updated_by,updated_at,is_system,is_deleted) values ("101000315","B52","Thermal Scanner","",null,null,null,"101000101",null,null,"0",null,"27","1.00000",null,"1.00000",null,null,null,null,null,null,"1","0","0","1","0","1","0","0","0","0","0.00",null,"0","0","2021-10-23 10:21:49.0",null,null,"0","0");
DELETE FROM sale_items WHERE id=101000315;
insert into sale_items(id,stock_item_id,stock_item_code,code,hsn_code,is_group_item,group_item_id,is_combo_item,name,description,sub_class_id,is_valid,is_manufactured,alternative_name,is_printable_to_kitchen,name_to_print,alternative_name_to_print,barcode,is_open,qty_on_hand,uom_id,item_weight,profit_category_id,prd_department_id,tax_id,tax_exemption,tax_group_id,tax_id_home_service,tax_id_table_service,tax_id_take_away_service,fixed_price,whls_price,is_whls_price_pc,item_cost,tax_calculation_method,taxation_based_on,is_require_weighing,display_order,best_before,is_hot_item_1,hot_item_1_display_order,is_hot_item_2,hot_item_2_display_order,is_hot_item_3,hot_item_3_display_order,fg_color,bg_color,attrib1_name,attrib1_options,attrib2_name,attrib2_options,attrib3_name,attrib3_options,attrib4_name,attrib4_options,attrib5_name,attrib5_options,tag1,tag2,tag3,tag4,tag5,choice_ids,created_by,created_at,updated_by,updated_at,is_deleted,is_system,item_thumb,sys_sale_flag) values ("101000315","101000315",null,"B52","","0",null,"0","Thermal Scanner","","101000113","1","0","","1","","","","0",null,"27","1.00000",null,null,"1","0","1",null,null,null,"1.00000","0.00000","0","0.00000","0","0","0",null,null,"0",null,"0",null,"0",null,"#FFFFFF","#A9A9A9","",null,null,null,null,null,null,null,null,null,null,null,null,null,null,"","0","2021-10-23 10:21:49.0",null,null,"0","0","","1");
DELETE FROM stock_items WHERE id=101000316;
insert into stock_items(id,code,name,description,supplier_product_code,stock_item_attributes,stock_item_location,stock_item_category_id,prd_department_id,part_no,market_valuation_method,movement_method,uom_id,item_weight,qty_on_hand,unit_price,optimum_level,reorder_level,reorder_qty,preferred_supplier_id,last_purchase_unit_price,last_purchase_supplier_id,tax_id,tax_calculation_method,is_service_item,is_valid,is_manufactured,is_sellable,is_semi_finished,is_finished,sales_margin,is_sales_margin_percent,tax_percentage,qty_manufactured,top_consumption_rank,created_by,created_at,updated_by,updated_at,is_system,is_deleted) values ("101000316","B53","Metal Detecto","",null,null,null,"101000101",null,null,"0",null,"27","1.00000",null,"1.00000",null,null,null,null,null,null,"1","0","0","1","0","1","0","0","0","0","0.00",null,"0","0","2021-10-23 10:22:20.0",null,null,"0","0");
DELETE FROM sale_items WHERE id=101000316;
insert into sale_items(id,stock_item_id,stock_item_code,code,hsn_code,is_group_item,group_item_id,is_combo_item,name,description,sub_class_id,is_valid,is_manufactured,alternative_name,is_printable_to_kitchen,name_to_print,alternative_name_to_print,barcode,is_open,qty_on_hand,uom_id,item_weight,profit_category_id,prd_department_id,tax_id,tax_exemption,tax_group_id,tax_id_home_service,tax_id_table_service,tax_id_take_away_service,fixed_price,whls_price,is_whls_price_pc,item_cost,tax_calculation_method,taxation_based_on,is_require_weighing,display_order,best_before,is_hot_item_1,hot_item_1_display_order,is_hot_item_2,hot_item_2_display_order,is_hot_item_3,hot_item_3_display_order,fg_color,bg_color,attrib1_name,attrib1_options,attrib2_name,attrib2_options,attrib3_name,attrib3_options,attrib4_name,attrib4_options,attrib5_name,attrib5_options,tag1,tag2,tag3,tag4,tag5,choice_ids,created_by,created_at,updated_by,updated_at,is_deleted,is_system,item_thumb,sys_sale_flag) values ("101000316","101000316",null,"B53","","0",null,"0","Metal Detecto","","101000113","1","0","","1","","","","0",null,"27","1.00000",null,null,"1","0","1",null,null,null,"1.00000","0.00000","0","0.00000","0","0","0",null,null,"0",null,"0",null,"0",null,"#FFFFFF","#A9A9A9","",null,null,null,null,null,null,null,null,null,null,null,null,null,null,"","0","2021-10-23 10:22:20.0",null,null,"0","0","","1");
DELETE FROM stock_items WHERE id=101000317;
insert into stock_items(id,code,name,description,supplier_product_code,stock_item_attributes,stock_item_location,stock_item_category_id,prd_department_id,part_no,market_valuation_method,movement_method,uom_id,item_weight,qty_on_hand,unit_price,optimum_level,reorder_level,reorder_qty,preferred_supplier_id,last_purchase_unit_price,last_purchase_supplier_id,tax_id,tax_calculation_method,is_service_item,is_valid,is_manufactured,is_sellable,is_semi_finished,is_finished,sales_margin,is_sales_margin_percent,tax_percentage,qty_manufactured,top_consumption_rank,created_by,created_at,updated_by,updated_at,is_system,is_deleted) values ("101000317","62","slipper","",null,null,null,"1",null,null,"0",null,"27","1.00000",null,"36.00000",null,null,null,null,null,null,"1","0","0","1","0","1","0","0","0","0","0.00",null,"0","101000101","2021-10-24 08:03:45.0",null,null,"0","0");
DELETE FROM sale_items WHERE id=101000317;
insert into sale_items(id,stock_item_id,stock_item_code,code,hsn_code,is_group_item,group_item_id,is_combo_item,name,description,sub_class_id,is_valid,is_manufactured,alternative_name,is_printable_to_kitchen,name_to_print,alternative_name_to_print,barcode,is_open,qty_on_hand,uom_id,item_weight,profit_category_id,prd_department_id,tax_id,tax_exemption,tax_group_id,tax_id_home_service,tax_id_table_service,tax_id_take_away_service,fixed_price,whls_price,is_whls_price_pc,item_cost,tax_calculation_method,taxation_based_on,is_require_weighing,display_order,best_before,is_hot_item_1,hot_item_1_display_order,is_hot_item_2,hot_item_2_display_order,is_hot_item_3,hot_item_3_display_order,fg_color,bg_color,attrib1_name,attrib1_options,attrib2_name,attrib2_options,attrib3_name,attrib3_options,attrib4_name,attrib4_options,attrib5_name,attrib5_options,tag1,tag2,tag3,tag4,tag5,choice_ids,created_by,created_at,updated_by,updated_at,is_deleted,is_system,item_thumb,sys_sale_flag) values ("101000317","101000317",null,"62","","0",null,"0","slipper","","101000102","1","0","","1","","","","0",null,"27","1.00000",null,null,"1","0","1",null,null,null,"36.00000","0.00000","0","0.00000","0","0","0",null,null,"0",null,"0",null,"0",null,"#FFFFFF","#A9A9A9","",null,null,null,null,null,null,null,null,null,null,null,null,null,null,"","101000101","2021-10-24 08:03:45.0",null,null,"0","0","","1");
DELETE FROM stock_items WHERE id=101000318;
insert into stock_items(id,code,name,description,supplier_product_code,stock_item_attributes,stock_item_location,stock_item_category_id,prd_department_id,part_no,market_valuation_method,movement_method,uom_id,item_weight,qty_on_hand,unit_price,optimum_level,reorder_level,reorder_qty,preferred_supplier_id,last_purchase_unit_price,last_purchase_supplier_id,tax_id,tax_calculation_method,is_service_item,is_valid,is_manufactured,is_sellable,is_semi_finished,is_finished,sales_margin,is_sales_margin_percent,tax_percentage,qty_manufactured,top_consumption_rank,created_by,created_at,updated_by,updated_at,is_system,is_deleted) values ("101000318","63","CURD","",null,null,null,"1",null,null,"0",null,"27","1.00000",null,"0.00000",null,null,null,null,null,null,"1","0","0","1","0","1","0","0","0","0","0.00",null,"0","101000101","2021-10-24 08:58:23.0",null,null,"0","0");
DELETE FROM sale_items WHERE id=101000318;
insert into sale_items(id,stock_item_id,stock_item_code,code,hsn_code,is_group_item,group_item_id,is_combo_item,name,description,sub_class_id,is_valid,is_manufactured,alternative_name,is_printable_to_kitchen,name_to_print,alternative_name_to_print,barcode,is_open,qty_on_hand,uom_id,item_weight,profit_category_id,prd_department_id,tax_id,tax_exemption,tax_group_id,tax_id_home_service,tax_id_table_service,tax_id_take_away_service,fixed_price,whls_price,is_whls_price_pc,item_cost,tax_calculation_method,taxation_based_on,is_require_weighing,display_order,best_before,is_hot_item_1,hot_item_1_display_order,is_hot_item_2,hot_item_2_display_order,is_hot_item_3,hot_item_3_display_order,fg_color,bg_color,attrib1_name,attrib1_options,attrib2_name,attrib2_options,attrib3_name,attrib3_options,attrib4_name,attrib4_options,attrib5_name,attrib5_options,tag1,tag2,tag3,tag4,tag5,choice_ids,created_by,created_at,updated_by,updated_at,is_deleted,is_system,item_thumb,sys_sale_flag) values ("101000318","101000318",null,"63","","0",null,"0","CURD","","101000102","1","0","","1","","","","0",null,"27","1.00000",null,null,"1","0","1",null,null,null,"0.00000","0.00000","0","0.00000","0","0","0",null,null,"0",null,"0",null,"0",null,"#FFFFFF","#A9A9A9","",null,null,null,null,null,null,null,null,null,null,null,null,null,null,"","101000101","2021-10-24 08:58:23.0",null,null,"0","0","","1");
DELETE FROM stock_items WHERE id=101000319;
insert into stock_items(id,code,name,description,supplier_product_code,stock_item_attributes,stock_item_location,stock_item_category_id,prd_department_id,part_no,market_valuation_method,movement_method,uom_id,item_weight,qty_on_hand,unit_price,optimum_level,reorder_level,reorder_qty,preferred_supplier_id,last_purchase_unit_price,last_purchase_supplier_id,tax_id,tax_calculation_method,is_service_item,is_valid,is_manufactured,is_sellable,is_semi_finished,is_finished,sales_margin,is_sales_margin_percent,tax_percentage,qty_manufactured,top_consumption_rank,created_by,created_at,updated_by,updated_at,is_system,is_deleted) values ("101000319","66","ORANGE","",null,null,null,"1",null,null,"0",null,"21","1.00000",null,"0.00000",null,null,null,null,null,null,"1","0","0","1","0","1","0","0","0","0","0.00",null,"0","101000101","2021-10-24 09:48:14.0",null,null,"0","0");
DELETE FROM sale_items WHERE id=101000319;
insert into sale_items(id,stock_item_id,stock_item_code,code,hsn_code,is_group_item,group_item_id,is_combo_item,name,description,sub_class_id,is_valid,is_manufactured,alternative_name,is_printable_to_kitchen,name_to_print,alternative_name_to_print,barcode,is_open,qty_on_hand,uom_id,item_weight,profit_category_id,prd_department_id,tax_id,tax_exemption,tax_group_id,tax_id_home_service,tax_id_table_service,tax_id_take_away_service,fixed_price,whls_price,is_whls_price_pc,item_cost,tax_calculation_method,taxation_based_on,is_require_weighing,display_order,best_before,is_hot_item_1,hot_item_1_display_order,is_hot_item_2,hot_item_2_display_order,is_hot_item_3,hot_item_3_display_order,fg_color,bg_color,attrib1_name,attrib1_options,attrib2_name,attrib2_options,attrib3_name,attrib3_options,attrib4_name,attrib4_options,attrib5_name,attrib5_options,tag1,tag2,tag3,tag4,tag5,choice_ids,created_by,created_at,updated_by,updated_at,is_deleted,is_system,item_thumb,sys_sale_flag) values ("101000319","101000319",null,"66","","0",null,"0","ORANGE","","101000102","1","0","","1","","","","0",null,"21","1.00000",null,null,"1","0","1",null,null,null,"0.00000","0.00000","0","0.00000","0","0","0",null,null,"0",null,"0",null,"0",null,"#FFFFFF","#A9A9A9","",null,null,null,null,null,null,null,null,null,null,null,null,null,null,"","101000101","2021-10-24 09:48:14.0",null,null,"0","0","","1");
DELETE FROM stock_items WHERE id=101000320;
insert into stock_items(id,code,name,description,supplier_product_code,stock_item_attributes,stock_item_location,stock_item_category_id,prd_department_id,part_no,market_valuation_method,movement_method,uom_id,item_weight,qty_on_hand,unit_price,optimum_level,reorder_level,reorder_qty,preferred_supplier_id,last_purchase_unit_price,last_purchase_supplier_id,tax_id,tax_calculation_method,is_service_item,is_valid,is_manufactured,is_sellable,is_semi_finished,is_finished,sales_margin,is_sales_margin_percent,tax_percentage,qty_manufactured,top_consumption_rank,created_by,created_at,updated_by,updated_at,is_system,is_deleted) values ("101000320","67","GRAPE","",null,null,null,"1",null,null,"0",null,"21","1.00000",null,"0.00000",null,null,null,null,null,null,"1","0","0","1","0","1","0","0","0","0","0.00",null,"0","101000101","2021-10-24 09:50:55.0",null,null,"0","0");
DELETE FROM sale_items WHERE id=101000320;
insert into sale_items(id,stock_item_id,stock_item_code,code,hsn_code,is_group_item,group_item_id,is_combo_item,name,description,sub_class_id,is_valid,is_manufactured,alternative_name,is_printable_to_kitchen,name_to_print,alternative_name_to_print,barcode,is_open,qty_on_hand,uom_id,item_weight,profit_category_id,prd_department_id,tax_id,tax_exemption,tax_group_id,tax_id_home_service,tax_id_table_service,tax_id_take_away_service,fixed_price,whls_price,is_whls_price_pc,item_cost,tax_calculation_method,taxation_based_on,is_require_weighing,display_order,best_before,is_hot_item_1,hot_item_1_display_order,is_hot_item_2,hot_item_2_display_order,is_hot_item_3,hot_item_3_display_order,fg_color,bg_color,attrib1_name,attrib1_options,attrib2_name,attrib2_options,attrib3_name,attrib3_options,attrib4_name,attrib4_options,attrib5_name,attrib5_options,tag1,tag2,tag3,tag4,tag5,choice_ids,created_by,created_at,updated_by,updated_at,is_deleted,is_system,item_thumb,sys_sale_flag) values ("101000320","101000320",null,"67","","0",null,"0","GRAPE","","101000102","1","0","","1","","","","0",null,"21","1.00000",null,null,"1","0","1",null,null,null,"0.00000","0.00000","0","0.00000","0","0","0",null,null,"0",null,"0",null,"0",null,"#FFFFFF","#A9A9A9","",null,null,null,null,null,null,null,null,null,null,null,null,null,null,"","101000101","2021-10-24 09:50:55.0",null,null,"0","0","","1");
DELETE FROM stock_items WHERE id=101000321;
insert into stock_items(id,code,name,description,supplier_product_code,stock_item_attributes,stock_item_location,stock_item_category_id,prd_department_id,part_no,market_valuation_method,movement_method,uom_id,item_weight,qty_on_hand,unit_price,optimum_level,reorder_level,reorder_qty,preferred_supplier_id,last_purchase_unit_price,last_purchase_supplier_id,tax_id,tax_calculation_method,is_service_item,is_valid,is_manufactured,is_sellable,is_semi_finished,is_finished,sales_margin,is_sales_margin_percent,tax_percentage,qty_manufactured,top_consumption_rank,created_by,created_at,updated_by,updated_at,is_system,is_deleted) values ("101000321","68","SODA","",null,null,null,"1",null,null,"0",null,"27","1.00000",null,"0.00000",null,null,null,null,null,null,"1","0","0","1","0","1","0","0","0","0","0.00",null,"0","101000101","2021-10-24 09:53:02.0",null,null,"0","0");
DELETE FROM sale_items WHERE id=101000321;
insert into sale_items(id,stock_item_id,stock_item_code,code,hsn_code,is_group_item,group_item_id,is_combo_item,name,description,sub_class_id,is_valid,is_manufactured,alternative_name,is_printable_to_kitchen,name_to_print,alternative_name_to_print,barcode,is_open,qty_on_hand,uom_id,item_weight,profit_category_id,prd_department_id,tax_id,tax_exemption,tax_group_id,tax_id_home_service,tax_id_table_service,tax_id_take_away_service,fixed_price,whls_price,is_whls_price_pc,item_cost,tax_calculation_method,taxation_based_on,is_require_weighing,display_order,best_before,is_hot_item_1,hot_item_1_display_order,is_hot_item_2,hot_item_2_display_order,is_hot_item_3,hot_item_3_display_order,fg_color,bg_color,attrib1_name,attrib1_options,attrib2_name,attrib2_options,attrib3_name,attrib3_options,attrib4_name,attrib4_options,attrib5_name,attrib5_options,tag1,tag2,tag3,tag4,tag5,choice_ids,created_by,created_at,updated_by,updated_at,is_deleted,is_system,item_thumb,sys_sale_flag) values ("101000321","101000321",null,"68","","0",null,"0","SODA","","101000102","1","0","","1","","","","0",null,"27","1.00000",null,null,"1","0","1",null,null,null,"0.00000","0.00000","0","0.00000","0","0","0",null,null,"0",null,"0",null,"0",null,"#FFFFFF","#A9A9A9","",null,null,null,null,null,null,null,null,null,null,null,null,null,null,"","101000101","2021-10-24 09:53:02.0",null,null,"0","0","","1");
DELETE FROM stock_items WHERE id=101000322;
insert into stock_items(id,code,name,description,supplier_product_code,stock_item_attributes,stock_item_location,stock_item_category_id,prd_department_id,part_no,market_valuation_method,movement_method,uom_id,item_weight,qty_on_hand,unit_price,optimum_level,reorder_level,reorder_qty,preferred_supplier_id,last_purchase_unit_price,last_purchase_supplier_id,tax_id,tax_calculation_method,is_service_item,is_valid,is_manufactured,is_sellable,is_semi_finished,is_finished,sales_margin,is_sales_margin_percent,tax_percentage,qty_manufactured,top_consumption_rank,created_by,created_at,updated_by,updated_at,is_system,is_deleted) values ("101000322","69","7UP","",null,null,null,"1",null,null,"0",null,"27","1.00000",null,"0.00000",null,null,null,null,null,null,"1","0","0","1","0","1","0","0","0","0","0.00",null,"0","101000101","2021-10-24 09:55:00.0",null,null,"0","0");
DELETE FROM sale_items WHERE id=101000322;
insert into sale_items(id,stock_item_id,stock_item_code,code,hsn_code,is_group_item,group_item_id,is_combo_item,name,description,sub_class_id,is_valid,is_manufactured,alternative_name,is_printable_to_kitchen,name_to_print,alternative_name_to_print,barcode,is_open,qty_on_hand,uom_id,item_weight,profit_category_id,prd_department_id,tax_id,tax_exemption,tax_group_id,tax_id_home_service,tax_id_table_service,tax_id_take_away_service,fixed_price,whls_price,is_whls_price_pc,item_cost,tax_calculation_method,taxation_based_on,is_require_weighing,display_order,best_before,is_hot_item_1,hot_item_1_display_order,is_hot_item_2,hot_item_2_display_order,is_hot_item_3,hot_item_3_display_order,fg_color,bg_color,attrib1_name,attrib1_options,attrib2_name,attrib2_options,attrib3_name,attrib3_options,attrib4_name,attrib4_options,attrib5_name,attrib5_options,tag1,tag2,tag3,tag4,tag5,choice_ids,created_by,created_at,updated_by,updated_at,is_deleted,is_system,item_thumb,sys_sale_flag) values ("101000322","101000322",null,"69","","0",null,"0","7UP","","101000102","1","0","","1","","","","0",null,"27","1.00000",null,null,"1","0","1",null,null,null,"0.00000","0.00000","0","0.00000","0","0","0",null,null,"0",null,"0",null,"0",null,"#FFFFFF","#A9A9A9","",null,null,null,null,null,null,null,null,null,null,null,null,null,null,"","101000101","2021-10-24 09:55:00.0",null,null,"0","0","","1");
DELETE FROM stock_items WHERE id=101000323;
insert into stock_items(id,code,name,description,supplier_product_code,stock_item_attributes,stock_item_location,stock_item_category_id,prd_department_id,part_no,market_valuation_method,movement_method,uom_id,item_weight,qty_on_hand,unit_price,optimum_level,reorder_level,reorder_qty,preferred_supplier_id,last_purchase_unit_price,last_purchase_supplier_id,tax_id,tax_calculation_method,is_service_item,is_valid,is_manufactured,is_sellable,is_semi_finished,is_finished,sales_margin,is_sales_margin_percent,tax_percentage,qty_manufactured,top_consumption_rank,created_by,created_at,updated_by,updated_at,is_system,is_deleted) values ("101000323","70","PEPSI","",null,null,null,"1",null,null,"0",null,"27","1.00000",null,"0.00000",null,null,null,null,null,null,"1","0","0","1","0","1","0","0","0","0","0.00",null,"0","101000101","2021-10-24 09:58:06.0",null,null,"0","0");
DELETE FROM sale_items WHERE id=101000323;
insert into sale_items(id,stock_item_id,stock_item_code,code,hsn_code,is_group_item,group_item_id,is_combo_item,name,description,sub_class_id,is_valid,is_manufactured,alternative_name,is_printable_to_kitchen,name_to_print,alternative_name_to_print,barcode,is_open,qty_on_hand,uom_id,item_weight,profit_category_id,prd_department_id,tax_id,tax_exemption,tax_group_id,tax_id_home_service,tax_id_table_service,tax_id_take_away_service,fixed_price,whls_price,is_whls_price_pc,item_cost,tax_calculation_method,taxation_based_on,is_require_weighing,display_order,best_before,is_hot_item_1,hot_item_1_display_order,is_hot_item_2,hot_item_2_display_order,is_hot_item_3,hot_item_3_display_order,fg_color,bg_color,attrib1_name,attrib1_options,attrib2_name,attrib2_options,attrib3_name,attrib3_options,attrib4_name,attrib4_options,attrib5_name,attrib5_options,tag1,tag2,tag3,tag4,tag5,choice_ids,created_by,created_at,updated_by,updated_at,is_deleted,is_system,item_thumb,sys_sale_flag) values ("101000323","101000323",null,"70","","0",null,"0","PEPSI","","101000102","1","0","","1","","","","0",null,"27","1.00000",null,null,"1","0","1",null,null,null,"0.00000","0.00000","0","0.00000","0","0","0",null,null,"0",null,"0",null,"0",null,"#FFFFFF","#A9A9A9","",null,null,null,null,null,null,null,null,null,null,null,null,null,null,"","101000101","2021-10-24 09:58:06.0",null,null,"0","0","","1");
DELETE FROM stock_items WHERE id=101000324;
insert into stock_items(id,code,name,description,supplier_product_code,stock_item_attributes,stock_item_location,stock_item_category_id,prd_department_id,part_no,market_valuation_method,movement_method,uom_id,item_weight,qty_on_hand,unit_price,optimum_level,reorder_level,reorder_qty,preferred_supplier_id,last_purchase_unit_price,last_purchase_supplier_id,tax_id,tax_calculation_method,is_service_item,is_valid,is_manufactured,is_sellable,is_semi_finished,is_finished,sales_margin,is_sales_margin_percent,tax_percentage,qty_manufactured,top_consumption_rank,created_by,created_at,updated_by,updated_at,is_system,is_deleted) values ("101000324","71","COCOLA","",null,null,null,"1",null,null,"0",null,"27","1.00000",null,"0.00000",null,null,null,null,null,null,"1","0","0","1","0","1","0","0","0","0","0.00",null,"0","101000101","2021-10-24 10:00:09.0",null,null,"0","0");
DELETE FROM sale_items WHERE id=101000324;
insert into sale_items(id,stock_item_id,stock_item_code,code,hsn_code,is_group_item,group_item_id,is_combo_item,name,description,sub_class_id,is_valid,is_manufactured,alternative_name,is_printable_to_kitchen,name_to_print,alternative_name_to_print,barcode,is_open,qty_on_hand,uom_id,item_weight,profit_category_id,prd_department_id,tax_id,tax_exemption,tax_group_id,tax_id_home_service,tax_id_table_service,tax_id_take_away_service,fixed_price,whls_price,is_whls_price_pc,item_cost,tax_calculation_method,taxation_based_on,is_require_weighing,display_order,best_before,is_hot_item_1,hot_item_1_display_order,is_hot_item_2,hot_item_2_display_order,is_hot_item_3,hot_item_3_display_order,fg_color,bg_color,attrib1_name,attrib1_options,attrib2_name,attrib2_options,attrib3_name,attrib3_options,attrib4_name,attrib4_options,attrib5_name,attrib5_options,tag1,tag2,tag3,tag4,tag5,choice_ids,created_by,created_at,updated_by,updated_at,is_deleted,is_system,item_thumb,sys_sale_flag) values ("101000324","101000324",null,"71","","0",null,"0","COCOLA","","101000102","1","0","","1","","","","0",null,"27","1.00000",null,null,"1","0","1",null,null,null,"0.00000","0.00000","0","0.00000","0","0","0",null,null,"0",null,"0",null,"0",null,"#FFFFFF","#A9A9A9","",null,null,null,null,null,null,null,null,null,null,null,null,null,null,"","101000101","2021-10-24 10:00:09.0",null,null,"0","0","","1");
DELETE FROM stock_items WHERE id=101000325;
insert into stock_items(id,code,name,description,supplier_product_code,stock_item_attributes,stock_item_location,stock_item_category_id,prd_department_id,part_no,market_valuation_method,movement_method,uom_id,item_weight,qty_on_hand,unit_price,optimum_level,reorder_level,reorder_qty,preferred_supplier_id,last_purchase_unit_price,last_purchase_supplier_id,tax_id,tax_calculation_method,is_service_item,is_valid,is_manufactured,is_sellable,is_semi_finished,is_finished,sales_margin,is_sales_margin_percent,tax_percentage,qty_manufactured,top_consumption_rank,created_by,created_at,updated_by,updated_at,is_system,is_deleted) values ("101000325","72","MINERALWATER","",null,null,null,"1",null,null,"0",null,"27","1.00000",null,"0.00000",null,null,null,null,null,null,"1","0","0","1","0","1","0","0","0","0","0.00",null,"0","101000101","2021-10-24 10:02:32.0",null,null,"0","0");
DELETE FROM sale_items WHERE id=101000325;
insert into sale_items(id,stock_item_id,stock_item_code,code,hsn_code,is_group_item,group_item_id,is_combo_item,name,description,sub_class_id,is_valid,is_manufactured,alternative_name,is_printable_to_kitchen,name_to_print,alternative_name_to_print,barcode,is_open,qty_on_hand,uom_id,item_weight,profit_category_id,prd_department_id,tax_id,tax_exemption,tax_group_id,tax_id_home_service,tax_id_table_service,tax_id_take_away_service,fixed_price,whls_price,is_whls_price_pc,item_cost,tax_calculation_method,taxation_based_on,is_require_weighing,display_order,best_before,is_hot_item_1,hot_item_1_display_order,is_hot_item_2,hot_item_2_display_order,is_hot_item_3,hot_item_3_display_order,fg_color,bg_color,attrib1_name,attrib1_options,attrib2_name,attrib2_options,attrib3_name,attrib3_options,attrib4_name,attrib4_options,attrib5_name,attrib5_options,tag1,tag2,tag3,tag4,tag5,choice_ids,created_by,created_at,updated_by,updated_at,is_deleted,is_system,item_thumb,sys_sale_flag) values ("101000325","101000325",null,"72","","0",null,"0","MINERALWATER","","101000102","1","0","","1","","","","0",null,"27","1.00000",null,null,"1","0","1",null,null,null,"0.00000","0.00000","0","0.00000","0","0","0",null,null,"0",null,"0",null,"0",null,"#FFFFFF","#A9A9A9","",null,null,null,null,null,null,null,null,null,null,null,null,null,null,"","101000101","2021-10-24 10:02:32.0",null,null,"0","0","","1");
DELETE FROM stock_items WHERE id=101000326;
insert into stock_items(id,code,name,description,supplier_product_code,stock_item_attributes,stock_item_location,stock_item_category_id,prd_department_id,part_no,market_valuation_method,movement_method,uom_id,item_weight,qty_on_hand,unit_price,optimum_level,reorder_level,reorder_qty,preferred_supplier_id,last_purchase_unit_price,last_purchase_supplier_id,tax_id,tax_calculation_method,is_service_item,is_valid,is_manufactured,is_sellable,is_semi_finished,is_finished,sales_margin,is_sales_margin_percent,tax_percentage,qty_manufactured,top_consumption_rank,created_by,created_at,updated_by,updated_at,is_system,is_deleted) values ("101000326","74","JUICE","",null,null,null,"1",null,null,"0",null,"27","1.00000",null,"0.00000",null,null,null,null,null,null,"1","0","0","1","0","1","0","0","0","0","0.00",null,"0","101000101","2021-10-24 10:04:12.0",null,null,"0","0");
DELETE FROM sale_items WHERE id=101000326;
insert into sale_items(id,stock_item_id,stock_item_code,code,hsn_code,is_group_item,group_item_id,is_combo_item,name,description,sub_class_id,is_valid,is_manufactured,alternative_name,is_printable_to_kitchen,name_to_print,alternative_name_to_print,barcode,is_open,qty_on_hand,uom_id,item_weight,profit_category_id,prd_department_id,tax_id,tax_exemption,tax_group_id,tax_id_home_service,tax_id_table_service,tax_id_take_away_service,fixed_price,whls_price,is_whls_price_pc,item_cost,tax_calculation_method,taxation_based_on,is_require_weighing,display_order,best_before,is_hot_item_1,hot_item_1_display_order,is_hot_item_2,hot_item_2_display_order,is_hot_item_3,hot_item_3_display_order,fg_color,bg_color,attrib1_name,attrib1_options,attrib2_name,attrib2_options,attrib3_name,attrib3_options,attrib4_name,attrib4_options,attrib5_name,attrib5_options,tag1,tag2,tag3,tag4,tag5,choice_ids,created_by,created_at,updated_by,updated_at,is_deleted,is_system,item_thumb,sys_sale_flag) values ("101000326","101000326",null,"74","","0",null,"0","JUICE","","101000102","1","0","","1","","","","0",null,"27","1.00000",null,null,"1","0","1",null,null,null,"0.00000","0.00000","0","0.00000","0","0","0",null,null,"0",null,"0",null,"0",null,"#FFFFFF","#A9A9A9","",null,null,null,null,null,null,null,null,null,null,null,null,null,null,"","101000101","2021-10-24 10:04:12.0",null,null,"0","0","","1");
DELETE FROM stock_items WHERE id=101000327;
insert into stock_items(id,code,name,description,supplier_product_code,stock_item_attributes,stock_item_location,stock_item_category_id,prd_department_id,part_no,market_valuation_method,movement_method,uom_id,item_weight,qty_on_hand,unit_price,optimum_level,reorder_level,reorder_qty,preferred_supplier_id,last_purchase_unit_price,last_purchase_supplier_id,tax_id,tax_calculation_method,is_service_item,is_valid,is_manufactured,is_sellable,is_semi_finished,is_finished,sales_margin,is_sales_margin_percent,tax_percentage,qty_manufactured,top_consumption_rank,created_by,created_at,updated_by,updated_at,is_system,is_deleted) values ("101000327","75","MANGO","",null,null,null,"1",null,null,"0",null,"21","1.00000",null,"0.00000",null,null,null,null,null,null,"1","0","0","1","0","1","0","0","0","0","0.00",null,"0","101000101","2021-10-24 10:06:01.0",null,null,"0","0");
DELETE FROM sale_items WHERE id=101000327;
insert into sale_items(id,stock_item_id,stock_item_code,code,hsn_code,is_group_item,group_item_id,is_combo_item,name,description,sub_class_id,is_valid,is_manufactured,alternative_name,is_printable_to_kitchen,name_to_print,alternative_name_to_print,barcode,is_open,qty_on_hand,uom_id,item_weight,profit_category_id,prd_department_id,tax_id,tax_exemption,tax_group_id,tax_id_home_service,tax_id_table_service,tax_id_take_away_service,fixed_price,whls_price,is_whls_price_pc,item_cost,tax_calculation_method,taxation_based_on,is_require_weighing,display_order,best_before,is_hot_item_1,hot_item_1_display_order,is_hot_item_2,hot_item_2_display_order,is_hot_item_3,hot_item_3_display_order,fg_color,bg_color,attrib1_name,attrib1_options,attrib2_name,attrib2_options,attrib3_name,attrib3_options,attrib4_name,attrib4_options,attrib5_name,attrib5_options,tag1,tag2,tag3,tag4,tag5,choice_ids,created_by,created_at,updated_by,updated_at,is_deleted,is_system,item_thumb,sys_sale_flag) values ("101000327","101000327",null,"75","","0",null,"0","MANGO","","101000102","1","0","","1","","","","0",null,"21","1.00000",null,null,"1","0","1",null,null,null,"0.00000","0.00000","0","0.00000","0","0","0",null,null,"0",null,"0",null,"0",null,"#FFFFFF","#A9A9A9","",null,null,null,null,null,null,null,null,null,null,null,null,null,null,"","101000101","2021-10-24 10:06:01.0",null,null,"0","0","","1");
DELETE FROM stock_items WHERE id=101000328;
insert into stock_items(id,code,name,description,supplier_product_code,stock_item_attributes,stock_item_location,stock_item_category_id,prd_department_id,part_no,market_valuation_method,movement_method,uom_id,item_weight,qty_on_hand,unit_price,optimum_level,reorder_level,reorder_qty,preferred_supplier_id,last_purchase_unit_price,last_purchase_supplier_id,tax_id,tax_calculation_method,is_service_item,is_valid,is_manufactured,is_sellable,is_semi_finished,is_finished,sales_margin,is_sales_margin_percent,tax_percentage,qty_manufactured,top_consumption_rank,created_by,created_at,updated_by,updated_at,is_system,is_deleted) values ("101000328","76","ALLOUTLIQUID","",null,null,null,"1",null,null,"0",null,"27","1.00000",null,"0.00000",null,null,null,null,null,null,"1","0","0","1","0","1","0","0","0","0","0.00",null,"0","101000101","2021-10-24 10:10:05.0",null,null,"0","0");
DELETE FROM sale_items WHERE id=101000328;
insert into sale_items(id,stock_item_id,stock_item_code,code,hsn_code,is_group_item,group_item_id,is_combo_item,name,description,sub_class_id,is_valid,is_manufactured,alternative_name,is_printable_to_kitchen,name_to_print,alternative_name_to_print,barcode,is_open,qty_on_hand,uom_id,item_weight,profit_category_id,prd_department_id,tax_id,tax_exemption,tax_group_id,tax_id_home_service,tax_id_table_service,tax_id_take_away_service,fixed_price,whls_price,is_whls_price_pc,item_cost,tax_calculation_method,taxation_based_on,is_require_weighing,display_order,best_before,is_hot_item_1,hot_item_1_display_order,is_hot_item_2,hot_item_2_display_order,is_hot_item_3,hot_item_3_display_order,fg_color,bg_color,attrib1_name,attrib1_options,attrib2_name,attrib2_options,attrib3_name,attrib3_options,attrib4_name,attrib4_options,attrib5_name,attrib5_options,tag1,tag2,tag3,tag4,tag5,choice_ids,created_by,created_at,updated_by,updated_at,is_deleted,is_system,item_thumb,sys_sale_flag) values ("101000328","101000328",null,"76","","0",null,"0","ALLOUTLIQUID","","101000102","1","0","","1","","","","0",null,"27","1.00000",null,null,"1","0","1",null,null,null,"0.00000","0.00000","0","0.00000","0","0","0",null,null,"0",null,"0",null,"0",null,"#FFFFFF","#A9A9A9","",null,null,null,null,null,null,null,null,null,null,null,null,null,null,"","101000101","2021-10-24 10:10:05.0",null,null,"0","0","","1");
DELETE FROM stock_items WHERE id=101000329;
insert into stock_items(id,code,name,description,supplier_product_code,stock_item_attributes,stock_item_location,stock_item_category_id,prd_department_id,part_no,market_valuation_method,movement_method,uom_id,item_weight,qty_on_hand,unit_price,optimum_level,reorder_level,reorder_qty,preferred_supplier_id,last_purchase_unit_price,last_purchase_supplier_id,tax_id,tax_calculation_method,is_service_item,is_valid,is_manufactured,is_sellable,is_semi_finished,is_finished,sales_margin,is_sales_margin_percent,tax_percentage,qty_manufactured,top_consumption_rank,created_by,created_at,updated_by,updated_at,is_system,is_deleted) values ("101000329","77","VIMBAR","",null,null,null,"1",null,null,"0",null,"27","1.00000",null,"0.00000",null,null,null,null,null,null,"1","0","0","1","0","1","0","0","0","0","0.00",null,"0","101000101","2021-10-24 10:12:39.0",null,null,"0","0");
DELETE FROM sale_items WHERE id=101000329;
insert into sale_items(id,stock_item_id,stock_item_code,code,hsn_code,is_group_item,group_item_id,is_combo_item,name,description,sub_class_id,is_valid,is_manufactured,alternative_name,is_printable_to_kitchen,name_to_print,alternative_name_to_print,barcode,is_open,qty_on_hand,uom_id,item_weight,profit_category_id,prd_department_id,tax_id,tax_exemption,tax_group_id,tax_id_home_service,tax_id_table_service,tax_id_take_away_service,fixed_price,whls_price,is_whls_price_pc,item_cost,tax_calculation_method,taxation_based_on,is_require_weighing,display_order,best_before,is_hot_item_1,hot_item_1_display_order,is_hot_item_2,hot_item_2_display_order,is_hot_item_3,hot_item_3_display_order,fg_color,bg_color,attrib1_name,attrib1_options,attrib2_name,attrib2_options,attrib3_name,attrib3_options,attrib4_name,attrib4_options,attrib5_name,attrib5_options,tag1,tag2,tag3,tag4,tag5,choice_ids,created_by,created_at,updated_by,updated_at,is_deleted,is_system,item_thumb,sys_sale_flag) values ("101000329","101000329",null,"77","","0",null,"0","VIMBAR","","101000102","1","0","","1","","","","0",null,"27","1.00000",null,null,"1","0","1",null,null,null,"0.00000","0.00000","0","0.00000","0","0","0",null,null,"0",null,"0",null,"0",null,"#FFFFFF","#A9A9A9","",null,null,null,null,null,null,null,null,null,null,null,null,null,null,"","101000101","2021-10-24 10:12:39.0",null,null,"0","0","","1");
DELETE FROM stock_items WHERE id=101000330;
insert into stock_items(id,code,name,description,supplier_product_code,stock_item_attributes,stock_item_location,stock_item_category_id,prd_department_id,part_no,market_valuation_method,movement_method,uom_id,item_weight,qty_on_hand,unit_price,optimum_level,reorder_level,reorder_qty,preferred_supplier_id,last_purchase_unit_price,last_purchase_supplier_id,tax_id,tax_calculation_method,is_service_item,is_valid,is_manufactured,is_sellable,is_semi_finished,is_finished,sales_margin,is_sales_margin_percent,tax_percentage,qty_manufactured,top_consumption_rank,created_by,created_at,updated_by,updated_at,is_system,is_deleted) values ("101000330","78","ROUBASTA","",null,null,null,"1",null,null,"0",null,"21","1.00000",null,"0.00000",null,null,null,null,null,null,"1","0","0","1","0","1","0","0","0","0","0.00",null,"0","101000101","2021-10-24 10:15:54.0",null,null,"0","0");
DELETE FROM sale_items WHERE id=101000330;
insert into sale_items(id,stock_item_id,stock_item_code,code,hsn_code,is_group_item,group_item_id,is_combo_item,name,description,sub_class_id,is_valid,is_manufactured,alternative_name,is_printable_to_kitchen,name_to_print,alternative_name_to_print,barcode,is_open,qty_on_hand,uom_id,item_weight,profit_category_id,prd_department_id,tax_id,tax_exemption,tax_group_id,tax_id_home_service,tax_id_table_service,tax_id_take_away_service,fixed_price,whls_price,is_whls_price_pc,item_cost,tax_calculation_method,taxation_based_on,is_require_weighing,display_order,best_before,is_hot_item_1,hot_item_1_display_order,is_hot_item_2,hot_item_2_display_order,is_hot_item_3,hot_item_3_display_order,fg_color,bg_color,attrib1_name,attrib1_options,attrib2_name,attrib2_options,attrib3_name,attrib3_options,attrib4_name,attrib4_options,attrib5_name,attrib5_options,tag1,tag2,tag3,tag4,tag5,choice_ids,created_by,created_at,updated_by,updated_at,is_deleted,is_system,item_thumb,sys_sale_flag) values ("101000330","101000330",null,"78","","0",null,"0","ROUBASTA","","101000102","1","0","","1","","","","0",null,"21","1.00000",null,null,"1","0","1",null,null,null,"0.00000","0.00000","0","0.00000","0","0","0",null,null,"0",null,"0",null,"0",null,"#FFFFFF","#A9A9A9","",null,null,null,null,null,null,null,null,null,null,null,null,null,null,"","101000101","2021-10-24 10:15:54.0",null,null,"0","0","","1");
DELETE FROM stock_items WHERE id=101000331;
insert into stock_items(id,code,name,description,supplier_product_code,stock_item_attributes,stock_item_location,stock_item_category_id,prd_department_id,part_no,market_valuation_method,movement_method,uom_id,item_weight,qty_on_hand,unit_price,optimum_level,reorder_level,reorder_qty,preferred_supplier_id,last_purchase_unit_price,last_purchase_supplier_id,tax_id,tax_calculation_method,is_service_item,is_valid,is_manufactured,is_sellable,is_semi_finished,is_finished,sales_margin,is_sales_margin_percent,tax_percentage,qty_manufactured,top_consumption_rank,created_by,created_at,updated_by,updated_at,is_system,is_deleted) values ("101000331","87","COCUNUT OIL","",null,null,null,"1",null,null,"0",null,"27","1.00000",null,"0.00000",null,null,null,null,null,null,"1","0","0","1","0","1","0","0","0","0","0.00",null,"0","101000101","2021-10-24 10:44:26.0",null,null,"0","0");
DELETE FROM sale_items WHERE id=101000331;
insert into sale_items(id,stock_item_id,stock_item_code,code,hsn_code,is_group_item,group_item_id,is_combo_item,name,description,sub_class_id,is_valid,is_manufactured,alternative_name,is_printable_to_kitchen,name_to_print,alternative_name_to_print,barcode,is_open,qty_on_hand,uom_id,item_weight,profit_category_id,prd_department_id,tax_id,tax_exemption,tax_group_id,tax_id_home_service,tax_id_table_service,tax_id_take_away_service,fixed_price,whls_price,is_whls_price_pc,item_cost,tax_calculation_method,taxation_based_on,is_require_weighing,display_order,best_before,is_hot_item_1,hot_item_1_display_order,is_hot_item_2,hot_item_2_display_order,is_hot_item_3,hot_item_3_display_order,fg_color,bg_color,attrib1_name,attrib1_options,attrib2_name,attrib2_options,attrib3_name,attrib3_options,attrib4_name,attrib4_options,attrib5_name,attrib5_options,tag1,tag2,tag3,tag4,tag5,choice_ids,created_by,created_at,updated_by,updated_at,is_deleted,is_system,item_thumb,sys_sale_flag) values ("101000331","101000331",null,"87","","0",null,"0","COCUNUT OIL","","101000102","1","0","","1","","","","0",null,"27","1.00000",null,null,"1","0","1",null,null,null,"0.00000","0.00000","0","0.00000","0","0","0",null,null,"0",null,"0",null,"0",null,"#FFFFFF","#A9A9A9","",null,null,null,null,null,null,null,null,null,null,null,null,null,null,"","101000101","2021-10-24 10:44:26.0",null,null,"0","0","","1");
DELETE FROM stock_items WHERE id=101000332;
insert into stock_items(id,code,name,description,supplier_product_code,stock_item_attributes,stock_item_location,stock_item_category_id,prd_department_id,part_no,market_valuation_method,movement_method,uom_id,item_weight,qty_on_hand,unit_price,optimum_level,reorder_level,reorder_qty,preferred_supplier_id,last_purchase_unit_price,last_purchase_supplier_id,tax_id,tax_calculation_method,is_service_item,is_valid,is_manufactured,is_sellable,is_semi_finished,is_finished,sales_margin,is_sales_margin_percent,tax_percentage,qty_manufactured,top_consumption_rank,created_by,created_at,updated_by,updated_at,is_system,is_deleted) values ("101000332","79","FLOOR CLEANER","",null,null,null,"1",null,null,"0",null,"27","1.00000",null,"0.00000",null,null,null,null,null,null,"1","0","0","1","0","1","0","0","0","0","0.00",null,"0","101000101","2021-10-24 12:24:52.0",null,null,"0","0");
DELETE FROM sale_items WHERE id=101000332;
insert into sale_items(id,stock_item_id,stock_item_code,code,hsn_code,is_group_item,group_item_id,is_combo_item,name,description,sub_class_id,is_valid,is_manufactured,alternative_name,is_printable_to_kitchen,name_to_print,alternative_name_to_print,barcode,is_open,qty_on_hand,uom_id,item_weight,profit_category_id,prd_department_id,tax_id,tax_exemption,tax_group_id,tax_id_home_service,tax_id_table_service,tax_id_take_away_service,fixed_price,whls_price,is_whls_price_pc,item_cost,tax_calculation_method,taxation_based_on,is_require_weighing,display_order,best_before,is_hot_item_1,hot_item_1_display_order,is_hot_item_2,hot_item_2_display_order,is_hot_item_3,hot_item_3_display_order,fg_color,bg_color,attrib1_name,attrib1_options,attrib2_name,attrib2_options,attrib3_name,attrib3_options,attrib4_name,attrib4_options,attrib5_name,attrib5_options,tag1,tag2,tag3,tag4,tag5,choice_ids,created_by,created_at,updated_by,updated_at,is_deleted,is_system,item_thumb,sys_sale_flag) values ("101000332","101000332",null,"79","","0",null,"0","FLOOR CLEANER","","101000102","1","0","","1","","","","0",null,"27","1.00000",null,null,"1","0","1",null,null,null,"0.00000","0.00000","0","0.00000","0","0","0",null,null,"0",null,"0",null,"0",null,"#FFFFFF","#A9A9A9","",null,null,null,null,null,null,null,null,null,null,null,null,null,null,"","101000101","2021-10-24 12:24:52.0",null,null,"0","0","","1");
DELETE FROM stock_items WHERE id=101000333;
insert into stock_items(id,code,name,description,supplier_product_code,stock_item_attributes,stock_item_location,stock_item_category_id,prd_department_id,part_no,market_valuation_method,movement_method,uom_id,item_weight,qty_on_hand,unit_price,optimum_level,reorder_level,reorder_qty,preferred_supplier_id,last_purchase_unit_price,last_purchase_supplier_id,tax_id,tax_calculation_method,is_service_item,is_valid,is_manufactured,is_sellable,is_semi_finished,is_finished,sales_margin,is_sales_margin_percent,tax_percentage,qty_manufactured,top_consumption_rank,created_by,created_at,updated_by,updated_at,is_system,is_deleted) values ("101000333","80","WC CLEANER","",null,null,null,"1",null,null,"0",null,"27","1.00000",null,"0.00000",null,null,null,null,null,null,"1","0","0","1","0","1","0","0","0","0","0.00",null,"0","101000101","2021-10-24 12:26:23.0",null,null,"0","0");
DELETE FROM sale_items WHERE id=101000333;
insert into sale_items(id,stock_item_id,stock_item_code,code,hsn_code,is_group_item,group_item_id,is_combo_item,name,description,sub_class_id,is_valid,is_manufactured,alternative_name,is_printable_to_kitchen,name_to_print,alternative_name_to_print,barcode,is_open,qty_on_hand,uom_id,item_weight,profit_category_id,prd_department_id,tax_id,tax_exemption,tax_group_id,tax_id_home_service,tax_id_table_service,tax_id_take_away_service,fixed_price,whls_price,is_whls_price_pc,item_cost,tax_calculation_method,taxation_based_on,is_require_weighing,display_order,best_before,is_hot_item_1,hot_item_1_display_order,is_hot_item_2,hot_item_2_display_order,is_hot_item_3,hot_item_3_display_order,fg_color,bg_color,attrib1_name,attrib1_options,attrib2_name,attrib2_options,attrib3_name,attrib3_options,attrib4_name,attrib4_options,attrib5_name,attrib5_options,tag1,tag2,tag3,tag4,tag5,choice_ids,created_by,created_at,updated_by,updated_at,is_deleted,is_system,item_thumb,sys_sale_flag) values ("101000333","101000333",null,"80","","0",null,"0","WC CLEANER","","101000102","1","0","","1","","","","0",null,"27","1.00000",null,null,"1","0","1",null,null,null,"0.00000","0.00000","0","0.00000","0","0","0",null,null,"0",null,"0",null,"0",null,"#FFFFFF","#A9A9A9","",null,null,null,null,null,null,null,null,null,null,null,null,null,null,"","101000101","2021-10-24 12:26:23.0",null,null,"0","0","","1");
DELETE FROM stock_items WHERE id=101000334;
insert into stock_items(id,code,name,description,supplier_product_code,stock_item_attributes,stock_item_location,stock_item_category_id,prd_department_id,part_no,market_valuation_method,movement_method,uom_id,item_weight,qty_on_hand,unit_price,optimum_level,reorder_level,reorder_qty,preferred_supplier_id,last_purchase_unit_price,last_purchase_supplier_id,tax_id,tax_calculation_method,is_service_item,is_valid,is_manufactured,is_sellable,is_semi_finished,is_finished,sales_margin,is_sales_margin_percent,tax_percentage,qty_manufactured,top_consumption_rank,created_by,created_at,updated_by,updated_at,is_system,is_deleted) values ("101000334","81","WOOD POLISH","",null,null,null,"1",null,null,"0",null,"27","1.00000",null,"0.00000",null,null,null,null,null,null,"1","0","0","1","0","1","0","0","0","0","0.00",null,"0","101000101","2021-10-24 12:28:18.0",null,null,"0","0");
DELETE FROM sale_items WHERE id=101000334;
insert into sale_items(id,stock_item_id,stock_item_code,code,hsn_code,is_group_item,group_item_id,is_combo_item,name,description,sub_class_id,is_valid,is_manufactured,alternative_name,is_printable_to_kitchen,name_to_print,alternative_name_to_print,barcode,is_open,qty_on_hand,uom_id,item_weight,profit_category_id,prd_department_id,tax_id,tax_exemption,tax_group_id,tax_id_home_service,tax_id_table_service,tax_id_take_away_service,fixed_price,whls_price,is_whls_price_pc,item_cost,tax_calculation_method,taxation_based_on,is_require_weighing,display_order,best_before,is_hot_item_1,hot_item_1_display_order,is_hot_item_2,hot_item_2_display_order,is_hot_item_3,hot_item_3_display_order,fg_color,bg_color,attrib1_name,attrib1_options,attrib2_name,attrib2_options,attrib3_name,attrib3_options,attrib4_name,attrib4_options,attrib5_name,attrib5_options,tag1,tag2,tag3,tag4,tag5,choice_ids,created_by,created_at,updated_by,updated_at,is_deleted,is_system,item_thumb,sys_sale_flag) values ("101000334","101000334",null,"81","","0",null,"0","WOOD POLISH","","101000102","1","0","","1","","","","0",null,"27","1.00000",null,null,"1","0","1",null,null,null,"0.00000","0.00000","0","0.00000","0","0","0",null,null,"0",null,"0",null,"0",null,"#FFFFFF","#A9A9A9","",null,null,null,null,null,null,null,null,null,null,null,null,null,null,"","101000101","2021-10-24 12:28:18.0",null,null,"0","0","","1");
DELETE FROM stock_items WHERE id=101000335;
insert into stock_items(id,code,name,description,supplier_product_code,stock_item_attributes,stock_item_location,stock_item_category_id,prd_department_id,part_no,market_valuation_method,movement_method,uom_id,item_weight,qty_on_hand,unit_price,optimum_level,reorder_level,reorder_qty,preferred_supplier_id,last_purchase_unit_price,last_purchase_supplier_id,tax_id,tax_calculation_method,is_service_item,is_valid,is_manufactured,is_sellable,is_semi_finished,is_finished,sales_margin,is_sales_margin_percent,tax_percentage,qty_manufactured,top_consumption_rank,created_by,created_at,updated_by,updated_at,is_system,is_deleted) values ("101000335","82","SANITIZER","",null,null,null,"1",null,null,"0",null,"27","1.00000",null,"0.00000",null,null,null,null,null,null,"1","0","0","1","0","1","0","0","0","0","0.00",null,"0","101000101","2021-10-24 12:29:51.0",null,null,"0","0");
DELETE FROM sale_items WHERE id=101000335;
insert into sale_items(id,stock_item_id,stock_item_code,code,hsn_code,is_group_item,group_item_id,is_combo_item,name,description,sub_class_id,is_valid,is_manufactured,alternative_name,is_printable_to_kitchen,name_to_print,alternative_name_to_print,barcode,is_open,qty_on_hand,uom_id,item_weight,profit_category_id,prd_department_id,tax_id,tax_exemption,tax_group_id,tax_id_home_service,tax_id_table_service,tax_id_take_away_service,fixed_price,whls_price,is_whls_price_pc,item_cost,tax_calculation_method,taxation_based_on,is_require_weighing,display_order,best_before,is_hot_item_1,hot_item_1_display_order,is_hot_item_2,hot_item_2_display_order,is_hot_item_3,hot_item_3_display_order,fg_color,bg_color,attrib1_name,attrib1_options,attrib2_name,attrib2_options,attrib3_name,attrib3_options,attrib4_name,attrib4_options,attrib5_name,attrib5_options,tag1,tag2,tag3,tag4,tag5,choice_ids,created_by,created_at,updated_by,updated_at,is_deleted,is_system,item_thumb,sys_sale_flag) values ("101000335","101000335",null,"82","","0",null,"0","SANITIZER","","101000102","1","0","","1","","","","0",null,"27","1.00000",null,null,"1","0","1",null,null,null,"0.00000","0.00000","0","0.00000","0","0","0",null,null,"0",null,"0",null,"0",null,"#FFFFFF","#A9A9A9","",null,null,null,null,null,null,null,null,null,null,null,null,null,null,"","101000101","2021-10-24 12:29:51.0",null,null,"0","0","","1");
DELETE FROM stock_items WHERE id=101000336;
insert into stock_items(id,code,name,description,supplier_product_code,stock_item_attributes,stock_item_location,stock_item_category_id,prd_department_id,part_no,market_valuation_method,movement_method,uom_id,item_weight,qty_on_hand,unit_price,optimum_level,reorder_level,reorder_qty,preferred_supplier_id,last_purchase_unit_price,last_purchase_supplier_id,tax_id,tax_calculation_method,is_service_item,is_valid,is_manufactured,is_sellable,is_semi_finished,is_finished,sales_margin,is_sales_margin_percent,tax_percentage,qty_manufactured,top_consumption_rank,created_by,created_at,updated_by,updated_at,is_system,is_deleted) values ("101000336","83","HAND WASH","",null,null,null,"1",null,null,"0",null,"27","1.00000",null,"0.00000",null,null,null,null,null,null,"1","0","0","1","0","1","0","0","0","0","0.00",null,"0","101000101","2021-10-24 12:31:18.0",null,null,"0","0");
DELETE FROM sale_items WHERE id=101000336;
insert into sale_items(id,stock_item_id,stock_item_code,code,hsn_code,is_group_item,group_item_id,is_combo_item,name,description,sub_class_id,is_valid,is_manufactured,alternative_name,is_printable_to_kitchen,name_to_print,alternative_name_to_print,barcode,is_open,qty_on_hand,uom_id,item_weight,profit_category_id,prd_department_id,tax_id,tax_exemption,tax_group_id,tax_id_home_service,tax_id_table_service,tax_id_take_away_service,fixed_price,whls_price,is_whls_price_pc,item_cost,tax_calculation_method,taxation_based_on,is_require_weighing,display_order,best_before,is_hot_item_1,hot_item_1_display_order,is_hot_item_2,hot_item_2_display_order,is_hot_item_3,hot_item_3_display_order,fg_color,bg_color,attrib1_name,attrib1_options,attrib2_name,attrib2_options,attrib3_name,attrib3_options,attrib4_name,attrib4_options,attrib5_name,attrib5_options,tag1,tag2,tag3,tag4,tag5,choice_ids,created_by,created_at,updated_by,updated_at,is_deleted,is_system,item_thumb,sys_sale_flag) values ("101000336","101000336",null,"83","","0",null,"0","HAND WASH","","101000102","1","0","","1","","","","0",null,"27","1.00000",null,null,"1","0","1",null,null,null,"0.00000","0.00000","0","0.00000","0","0","0",null,null,"0",null,"0",null,"0",null,"#FFFFFF","#A9A9A9","",null,null,null,null,null,null,null,null,null,null,null,null,null,null,"","101000101","2021-10-24 12:31:18.0",null,null,"0","0","","1");
DELETE FROM stock_items WHERE id=101000337;
insert into stock_items(id,code,name,description,supplier_product_code,stock_item_attributes,stock_item_location,stock_item_category_id,prd_department_id,part_no,market_valuation_method,movement_method,uom_id,item_weight,qty_on_hand,unit_price,optimum_level,reorder_level,reorder_qty,preferred_supplier_id,last_purchase_unit_price,last_purchase_supplier_id,tax_id,tax_calculation_method,is_service_item,is_valid,is_manufactured,is_sellable,is_semi_finished,is_finished,sales_margin,is_sales_margin_percent,tax_percentage,qty_manufactured,top_consumption_rank,created_by,created_at,updated_by,updated_at,is_system,is_deleted) values ("101000337","84","STEEL POLISH","",null,null,null,"1",null,null,"0",null,"27","1.00000",null,"0.00000",null,null,null,null,null,null,"1","0","0","1","0","1","0","0","0","0","0.00",null,"0","101000101","2021-10-24 12:33:36.0",null,null,"0","0");
DELETE FROM sale_items WHERE id=101000337;
insert into sale_items(id,stock_item_id,stock_item_code,code,hsn_code,is_group_item,group_item_id,is_combo_item,name,description,sub_class_id,is_valid,is_manufactured,alternative_name,is_printable_to_kitchen,name_to_print,alternative_name_to_print,barcode,is_open,qty_on_hand,uom_id,item_weight,profit_category_id,prd_department_id,tax_id,tax_exemption,tax_group_id,tax_id_home_service,tax_id_table_service,tax_id_take_away_service,fixed_price,whls_price,is_whls_price_pc,item_cost,tax_calculation_method,taxation_based_on,is_require_weighing,display_order,best_before,is_hot_item_1,hot_item_1_display_order,is_hot_item_2,hot_item_2_display_order,is_hot_item_3,hot_item_3_display_order,fg_color,bg_color,attrib1_name,attrib1_options,attrib2_name,attrib2_options,attrib3_name,attrib3_options,attrib4_name,attrib4_options,attrib5_name,attrib5_options,tag1,tag2,tag3,tag4,tag5,choice_ids,created_by,created_at,updated_by,updated_at,is_deleted,is_system,item_thumb,sys_sale_flag) values ("101000337","101000337",null,"84","","0",null,"0","STEEL POLISH","","101000102","1","0","","1","","","","0",null,"27","1.00000",null,null,"1","0","1",null,null,null,"0.00000","0.00000","0","0.00000","0","0","0",null,null,"0",null,"0",null,"0",null,"#FFFFFF","#A9A9A9","",null,null,null,null,null,null,null,null,null,null,null,null,null,null,"","101000101","2021-10-24 12:33:36.0",null,null,"0","0","","1");
DELETE FROM stock_items WHERE id=101000338;
insert into stock_items(id,code,name,description,supplier_product_code,stock_item_attributes,stock_item_location,stock_item_category_id,prd_department_id,part_no,market_valuation_method,movement_method,uom_id,item_weight,qty_on_hand,unit_price,optimum_level,reorder_level,reorder_qty,preferred_supplier_id,last_purchase_unit_price,last_purchase_supplier_id,tax_id,tax_calculation_method,is_service_item,is_valid,is_manufactured,is_sellable,is_semi_finished,is_finished,sales_margin,is_sales_margin_percent,tax_percentage,qty_manufactured,top_consumption_rank,created_by,created_at,updated_by,updated_at,is_system,is_deleted) values ("101000338","AJ01","Nail cutter","",null,null,null,"1",null,null,"0",null,"27","1.00000",null,"0.00000",null,null,null,null,null,null,"1","0","0","1","0","1","0","0","0","0","0.00",null,"0","101000101","2021-10-25 01:14:15.0",null,null,"0","0");
DELETE FROM sale_items WHERE id=101000338;
insert into sale_items(id,stock_item_id,stock_item_code,code,hsn_code,is_group_item,group_item_id,is_combo_item,name,description,sub_class_id,is_valid,is_manufactured,alternative_name,is_printable_to_kitchen,name_to_print,alternative_name_to_print,barcode,is_open,qty_on_hand,uom_id,item_weight,profit_category_id,prd_department_id,tax_id,tax_exemption,tax_group_id,tax_id_home_service,tax_id_table_service,tax_id_take_away_service,fixed_price,whls_price,is_whls_price_pc,item_cost,tax_calculation_method,taxation_based_on,is_require_weighing,display_order,best_before,is_hot_item_1,hot_item_1_display_order,is_hot_item_2,hot_item_2_display_order,is_hot_item_3,hot_item_3_display_order,fg_color,bg_color,attrib1_name,attrib1_options,attrib2_name,attrib2_options,attrib3_name,attrib3_options,attrib4_name,attrib4_options,attrib5_name,attrib5_options,tag1,tag2,tag3,tag4,tag5,choice_ids,created_by,created_at,updated_by,updated_at,is_deleted,is_system,item_thumb,sys_sale_flag) values ("101000338","101000338",null,"AJ01","","0",null,"0","Nail cutter","","101000102","1","0","","1","","","","0",null,"27","1.00000",null,null,"1","0","1",null,null,null,"0.00000","0.00000","0","0.00000","0","0","0",null,null,"0",null,"0",null,"0",null,"#FFFFFF","#A9A9A9","",null,null,null,null,null,null,null,null,null,null,null,null,null,null,"","101000101","2021-10-25 13:14:15.0",null,null,"0","0","","1");
DELETE FROM stock_items WHERE id=101000339;
insert into stock_items(id,code,name,description,supplier_product_code,stock_item_attributes,stock_item_location,stock_item_category_id,prd_department_id,part_no,market_valuation_method,movement_method,uom_id,item_weight,qty_on_hand,unit_price,optimum_level,reorder_level,reorder_qty,preferred_supplier_id,last_purchase_unit_price,last_purchase_supplier_id,tax_id,tax_calculation_method,is_service_item,is_valid,is_manufactured,is_sellable,is_semi_finished,is_finished,sales_margin,is_sales_margin_percent,tax_percentage,qty_manufactured,top_consumption_rank,created_by,created_at,updated_by,updated_at,is_system,is_deleted) values ("101000339","43","LEMON","",null,null,null,"1",null,null,"0",null,"27","1.00000",null,"0.00000",null,null,null,null,null,null,"1","0","0","1","0","1","0","0","0","0","0.00",null,"0","101000101","2021-10-26 12:31:47.0",null,null,"0","0");
DELETE FROM sale_items WHERE id=101000339;
insert into sale_items(id,stock_item_id,stock_item_code,code,hsn_code,is_group_item,group_item_id,is_combo_item,name,description,sub_class_id,is_valid,is_manufactured,alternative_name,is_printable_to_kitchen,name_to_print,alternative_name_to_print,barcode,is_open,qty_on_hand,uom_id,item_weight,profit_category_id,prd_department_id,tax_id,tax_exemption,tax_group_id,tax_id_home_service,tax_id_table_service,tax_id_take_away_service,fixed_price,whls_price,is_whls_price_pc,item_cost,tax_calculation_method,taxation_based_on,is_require_weighing,display_order,best_before,is_hot_item_1,hot_item_1_display_order,is_hot_item_2,hot_item_2_display_order,is_hot_item_3,hot_item_3_display_order,fg_color,bg_color,attrib1_name,attrib1_options,attrib2_name,attrib2_options,attrib3_name,attrib3_options,attrib4_name,attrib4_options,attrib5_name,attrib5_options,tag1,tag2,tag3,tag4,tag5,choice_ids,created_by,created_at,updated_by,updated_at,is_deleted,is_system,item_thumb,sys_sale_flag) values ("101000339","101000339",null,"43","","0",null,"0","LEMON","","101000102","1","0","","1","","","","0",null,"27","1.00000",null,null,"1","0","1",null,null,null,"0.00000","0.00000","0","0.00000","0","0","0",null,null,"0",null,"0",null,"0",null,"#FFFFFF","#A9A9A9","",null,null,null,null,null,null,null,null,null,null,null,null,null,null,"","101000101","2021-10-26 12:31:47.0",null,null,"0","0","","1");
DELETE FROM area_codes WHERE id=101000103;
insert into area_codes(id,code,name,description,created_by,created_at,updated_by,updated_at,is_system,is_deleted) values ("101000103","45","Gulab Jamun","","101000101","2021-10-30 03:49:24.0",null,null,"0","0");
DELETE FROM stock_items WHERE id=101000340;
insert into stock_items(id,code,name,description,supplier_product_code,stock_item_attributes,stock_item_location,stock_item_category_id,prd_department_id,part_no,market_valuation_method,movement_method,uom_id,item_weight,qty_on_hand,unit_price,optimum_level,reorder_level,reorder_qty,preferred_supplier_id,last_purchase_unit_price,last_purchase_supplier_id,tax_id,tax_calculation_method,is_service_item,is_valid,is_manufactured,is_sellable,is_semi_finished,is_finished,sales_margin,is_sales_margin_percent,tax_percentage,qty_manufactured,top_consumption_rank,created_by,created_at,updated_by,updated_at,is_system,is_deleted) values ("101000340","97","Comb","",null,null,null,"1",null,null,"0",null,"27","1.00000",null,"0.00000",null,null,null,null,null,null,"1","0","0","1","0","1","0","0","0","0","0.00",null,"0","101000101","2021-11-03 12:31:57.0",null,null,"0","0");
DELETE FROM sale_items WHERE id=101000340;
insert into sale_items(id,stock_item_id,stock_item_code,code,hsn_code,is_group_item,group_item_id,is_combo_item,name,description,sub_class_id,is_valid,is_manufactured,alternative_name,is_printable_to_kitchen,name_to_print,alternative_name_to_print,barcode,is_open,qty_on_hand,uom_id,item_weight,profit_category_id,prd_department_id,tax_id,tax_exemption,tax_group_id,tax_id_home_service,tax_id_table_service,tax_id_take_away_service,fixed_price,whls_price,is_whls_price_pc,item_cost,tax_calculation_method,taxation_based_on,is_require_weighing,display_order,best_before,is_hot_item_1,hot_item_1_display_order,is_hot_item_2,hot_item_2_display_order,is_hot_item_3,hot_item_3_display_order,fg_color,bg_color,attrib1_name,attrib1_options,attrib2_name,attrib2_options,attrib3_name,attrib3_options,attrib4_name,attrib4_options,attrib5_name,attrib5_options,tag1,tag2,tag3,tag4,tag5,choice_ids,created_by,created_at,updated_by,updated_at,is_deleted,is_system,item_thumb,sys_sale_flag) values ("101000340","101000340",null,"97","","0",null,"0","Comb","","101000102","1","0","","1","","","","0",null,"27","1.00000",null,null,"1","0","1",null,null,null,"0.00000","0.00000","0","0.00000","0","0","0",null,null,"0",null,"0",null,"0",null,"#FFFFFF","#A9A9A9","",null,null,null,null,null,null,null,null,null,null,null,null,null,null,"","101000101","2021-11-03 12:31:57.0",null,null,"0","0","","1");
DELETE FROM stock_items WHERE id=101000341;
insert into stock_items(id,code,name,description,supplier_product_code,stock_item_attributes,stock_item_location,stock_item_category_id,prd_department_id,part_no,market_valuation_method,movement_method,uom_id,item_weight,qty_on_hand,unit_price,optimum_level,reorder_level,reorder_qty,preferred_supplier_id,last_purchase_unit_price,last_purchase_supplier_id,tax_id,tax_calculation_method,is_service_item,is_valid,is_manufactured,is_sellable,is_semi_finished,is_finished,sales_margin,is_sales_margin_percent,tax_percentage,qty_manufactured,top_consumption_rank,created_by,created_at,updated_by,updated_at,is_system,is_deleted) values ("101000341","90","Brucoffee","",null,null,null,"2",null,null,"0",null,"28","1.00000",null,"0.00000",null,null,null,null,null,null,"1","0","0","1","0","1","0","0","0","0","0.00",null,"0","101000101","2021-11-03 03:12:23.0",null,null,"0","0");
DELETE FROM sale_items WHERE id=101000341;
insert into sale_items(id,stock_item_id,stock_item_code,code,hsn_code,is_group_item,group_item_id,is_combo_item,name,description,sub_class_id,is_valid,is_manufactured,alternative_name,is_printable_to_kitchen,name_to_print,alternative_name_to_print,barcode,is_open,qty_on_hand,uom_id,item_weight,profit_category_id,prd_department_id,tax_id,tax_exemption,tax_group_id,tax_id_home_service,tax_id_table_service,tax_id_take_away_service,fixed_price,whls_price,is_whls_price_pc,item_cost,tax_calculation_method,taxation_based_on,is_require_weighing,display_order,best_before,is_hot_item_1,hot_item_1_display_order,is_hot_item_2,hot_item_2_display_order,is_hot_item_3,hot_item_3_display_order,fg_color,bg_color,attrib1_name,attrib1_options,attrib2_name,attrib2_options,attrib3_name,attrib3_options,attrib4_name,attrib4_options,attrib5_name,attrib5_options,tag1,tag2,tag3,tag4,tag5,choice_ids,created_by,created_at,updated_by,updated_at,is_deleted,is_system,item_thumb,sys_sale_flag) values ("101000341","101000341",null,"90","","0",null,"0","Brucoffee","","101000102","1","0","","1","","","","0",null,"28","1.00000",null,null,"1","0","1",null,null,null,"0.00000","0.00000","0","0.00000","0","0","0",null,null,"0",null,"0",null,"0",null,"#FFFFFF","#A9A9A9","",null,null,null,null,null,null,null,null,null,null,null,null,null,null,"","101000101","2021-11-03 15:12:23.0",null,null,"0","0","","1");
DELETE FROM stock_items WHERE id=101000342;
insert into stock_items(id,code,name,description,supplier_product_code,stock_item_attributes,stock_item_location,stock_item_category_id,prd_department_id,part_no,market_valuation_method,movement_method,uom_id,item_weight,qty_on_hand,unit_price,optimum_level,reorder_level,reorder_qty,preferred_supplier_id,last_purchase_unit_price,last_purchase_supplier_id,tax_id,tax_calculation_method,is_service_item,is_valid,is_manufactured,is_sellable,is_semi_finished,is_finished,sales_margin,is_sales_margin_percent,tax_percentage,qty_manufactured,top_consumption_rank,created_by,created_at,updated_by,updated_at,is_system,is_deleted) values ("101000342","96","gulab jam","",null,null,null,"1",null,null,"0",null,"27","1.00000",null,"0.00000",null,null,null,null,null,null,"1","0","0","1","0","1","0","0","0","0","0.00",null,"0","101000101","2021-11-04 03:45:16.0",null,null,"0","0");
DELETE FROM sale_items WHERE id=101000342;
insert into sale_items(id,stock_item_id,stock_item_code,code,hsn_code,is_group_item,group_item_id,is_combo_item,name,description,sub_class_id,is_valid,is_manufactured,alternative_name,is_printable_to_kitchen,name_to_print,alternative_name_to_print,barcode,is_open,qty_on_hand,uom_id,item_weight,profit_category_id,prd_department_id,tax_id,tax_exemption,tax_group_id,tax_id_home_service,tax_id_table_service,tax_id_take_away_service,fixed_price,whls_price,is_whls_price_pc,item_cost,tax_calculation_method,taxation_based_on,is_require_weighing,display_order,best_before,is_hot_item_1,hot_item_1_display_order,is_hot_item_2,hot_item_2_display_order,is_hot_item_3,hot_item_3_display_order,fg_color,bg_color,attrib1_name,attrib1_options,attrib2_name,attrib2_options,attrib3_name,attrib3_options,attrib4_name,attrib4_options,attrib5_name,attrib5_options,tag1,tag2,tag3,tag4,tag5,choice_ids,created_by,created_at,updated_by,updated_at,is_deleted,is_system,item_thumb,sys_sale_flag) values ("101000342","101000342",null,"96","","0",null,"0","gulab jam","","101000102","1","0","","1","","","","0",null,"27","1.00000",null,null,"1","0","1",null,null,null,"0.00000","0.00000","0","0.00000","0","0","0",null,null,"0",null,"0",null,"0",null,"#FFFFFF","#A9A9A9","",null,null,null,null,null,null,null,null,null,null,null,null,null,null,"","101000101","2021-11-04 15:45:16.0",null,null,"0","0","","1");
DELETE FROM area_codes WHERE id=101000104;
insert into area_codes(id,code,name,description,created_by,created_at,updated_by,updated_at,is_system,is_deleted) values ("101000104","100","Royalagencies","","101000101","2021-11-06 12:01:08.0",null,null,"0","0");
DELETE FROM stock_items WHERE id=101000343;
insert into stock_items(id,code,name,description,supplier_product_code,stock_item_attributes,stock_item_location,stock_item_category_id,prd_department_id,part_no,market_valuation_method,movement_method,uom_id,item_weight,qty_on_hand,unit_price,optimum_level,reorder_level,reorder_qty,preferred_supplier_id,last_purchase_unit_price,last_purchase_supplier_id,tax_id,tax_calculation_method,is_service_item,is_valid,is_manufactured,is_sellable,is_semi_finished,is_finished,sales_margin,is_sales_margin_percent,tax_percentage,qty_manufactured,top_consumption_rank,created_by,created_at,updated_by,updated_at,is_system,is_deleted) values ("101000343","1102","contaner250ml","",null,null,null,"1",null,null,"0",null,"27","1.00000",null,"0.00000",null,null,null,null,null,null,"1","0","0","1","0","1","0","0","0","0","0.00",null,"0","101000101","2021-11-06 12:25:50.0",null,null,"0","0");
DELETE FROM sale_items WHERE id=101000343;
insert into sale_items(id,stock_item_id,stock_item_code,code,hsn_code,is_group_item,group_item_id,is_combo_item,name,description,sub_class_id,is_valid,is_manufactured,alternative_name,is_printable_to_kitchen,name_to_print,alternative_name_to_print,barcode,is_open,qty_on_hand,uom_id,item_weight,profit_category_id,prd_department_id,tax_id,tax_exemption,tax_group_id,tax_id_home_service,tax_id_table_service,tax_id_take_away_service,fixed_price,whls_price,is_whls_price_pc,item_cost,tax_calculation_method,taxation_based_on,is_require_weighing,display_order,best_before,is_hot_item_1,hot_item_1_display_order,is_hot_item_2,hot_item_2_display_order,is_hot_item_3,hot_item_3_display_order,fg_color,bg_color,attrib1_name,attrib1_options,attrib2_name,attrib2_options,attrib3_name,attrib3_options,attrib4_name,attrib4_options,attrib5_name,attrib5_options,tag1,tag2,tag3,tag4,tag5,choice_ids,created_by,created_at,updated_by,updated_at,is_deleted,is_system,item_thumb,sys_sale_flag) values ("101000343","101000343",null,"1102","","0",null,"0","contaner250ml","","101000102","1","0","","1","","","","0",null,"27","1.00000",null,null,"1","0","1",null,null,null,"0.00000","0.00000","0","0.00000","0","0","0",null,null,"0",null,"0",null,"0",null,"#FFFFFF","#A9A9A9","",null,null,null,null,null,null,null,null,null,null,null,null,null,null,"","101000101","2021-11-06 12:25:50.0",null,null,"0","0","","1");
DELETE FROM stock_items WHERE id=101000344;
insert into stock_items(id,code,name,description,supplier_product_code,stock_item_attributes,stock_item_location,stock_item_category_id,prd_department_id,part_no,market_valuation_method,movement_method,uom_id,item_weight,qty_on_hand,unit_price,optimum_level,reorder_level,reorder_qty,preferred_supplier_id,last_purchase_unit_price,last_purchase_supplier_id,tax_id,tax_calculation_method,is_service_item,is_valid,is_manufactured,is_sellable,is_semi_finished,is_finished,sales_margin,is_sales_margin_percent,tax_percentage,qty_manufactured,top_consumption_rank,created_by,created_at,updated_by,updated_at,is_system,is_deleted) values ("101000344","550","contanear450ml","",null,null,null,"1",null,null,"0",null,"27","1.00000",null,"0.00000",null,null,null,null,null,null,"1","0","0","1","0","1","0","0","0","0","0.00",null,"0","101000101","2021-11-06 12:35:01.0",null,null,"0","0");
DELETE FROM sale_items WHERE id=101000344;
insert into sale_items(id,stock_item_id,stock_item_code,code,hsn_code,is_group_item,group_item_id,is_combo_item,name,description,sub_class_id,is_valid,is_manufactured,alternative_name,is_printable_to_kitchen,name_to_print,alternative_name_to_print,barcode,is_open,qty_on_hand,uom_id,item_weight,profit_category_id,prd_department_id,tax_id,tax_exemption,tax_group_id,tax_id_home_service,tax_id_table_service,tax_id_take_away_service,fixed_price,whls_price,is_whls_price_pc,item_cost,tax_calculation_method,taxation_based_on,is_require_weighing,display_order,best_before,is_hot_item_1,hot_item_1_display_order,is_hot_item_2,hot_item_2_display_order,is_hot_item_3,hot_item_3_display_order,fg_color,bg_color,attrib1_name,attrib1_options,attrib2_name,attrib2_options,attrib3_name,attrib3_options,attrib4_name,attrib4_options,attrib5_name,attrib5_options,tag1,tag2,tag3,tag4,tag5,choice_ids,created_by,created_at,updated_by,updated_at,is_deleted,is_system,item_thumb,sys_sale_flag) values ("101000344","101000344",null,"550","","0",null,"0","contanear450ml","","101000102","1","0","","1","","","","0",null,"27","1.00000",null,null,"1","0","1",null,null,null,"0.00000","0.00000","0","0.00000","0","0","0",null,null,"0",null,"0",null,"0",null,"#FFFFFF","#A9A9A9","",null,null,null,null,null,null,null,null,null,null,null,null,null,null,"","101000101","2021-11-06 12:35:01.0",null,null,"0","0","","1");
DELETE FROM stock_items WHERE id=101000345;
insert into stock_items(id,code,name,description,supplier_product_code,stock_item_attributes,stock_item_location,stock_item_category_id,prd_department_id,part_no,market_valuation_method,movement_method,uom_id,item_weight,qty_on_hand,unit_price,optimum_level,reorder_level,reorder_qty,preferred_supplier_id,last_purchase_unit_price,last_purchase_supplier_id,tax_id,tax_calculation_method,is_service_item,is_valid,is_manufactured,is_sellable,is_semi_finished,is_finished,sales_margin,is_sales_margin_percent,tax_percentage,qty_manufactured,top_consumption_rank,created_by,created_at,updated_by,updated_at,is_system,is_deleted) values ("101000345","504","containear750mi","",null,null,null,"1",null,null,"0",null,"27","1.00000",null,"0.00000",null,null,null,null,null,null,"1","0","0","1","0","1","0","0","0","0","0.00",null,"0","101000101","2021-11-06 12:38:47.0",null,null,"0","0");
DELETE FROM sale_items WHERE id=101000345;
insert into sale_items(id,stock_item_id,stock_item_code,code,hsn_code,is_group_item,group_item_id,is_combo_item,name,description,sub_class_id,is_valid,is_manufactured,alternative_name,is_printable_to_kitchen,name_to_print,alternative_name_to_print,barcode,is_open,qty_on_hand,uom_id,item_weight,profit_category_id,prd_department_id,tax_id,tax_exemption,tax_group_id,tax_id_home_service,tax_id_table_service,tax_id_take_away_service,fixed_price,whls_price,is_whls_price_pc,item_cost,tax_calculation_method,taxation_based_on,is_require_weighing,display_order,best_before,is_hot_item_1,hot_item_1_display_order,is_hot_item_2,hot_item_2_display_order,is_hot_item_3,hot_item_3_display_order,fg_color,bg_color,attrib1_name,attrib1_options,attrib2_name,attrib2_options,attrib3_name,attrib3_options,attrib4_name,attrib4_options,attrib5_name,attrib5_options,tag1,tag2,tag3,tag4,tag5,choice_ids,created_by,created_at,updated_by,updated_at,is_deleted,is_system,item_thumb,sys_sale_flag) values ("101000345","101000345",null,"504","","0",null,"0","containear750mi","","101000102","1","0","","1","","","","0",null,"27","1.00000",null,null,"1","0","1",null,null,null,"0.00000","0.00000","0","0.00000","0","0","0",null,null,"0",null,"0",null,"0",null,"#FFFFFF","#A9A9A9","",null,null,null,null,null,null,null,null,null,null,null,null,null,null,"","101000101","2021-11-06 12:38:47.0",null,null,"0","0","","1");
DELETE FROM stock_items WHERE id=101000346;
insert into stock_items(id,code,name,description,supplier_product_code,stock_item_attributes,stock_item_location,stock_item_category_id,prd_department_id,part_no,market_valuation_method,movement_method,uom_id,item_weight,qty_on_hand,unit_price,optimum_level,reorder_level,reorder_qty,preferred_supplier_id,last_purchase_unit_price,last_purchase_supplier_id,tax_id,tax_calculation_method,is_service_item,is_valid,is_manufactured,is_sellable,is_semi_finished,is_finished,sales_margin,is_sales_margin_percent,tax_percentage,qty_manufactured,top_consumption_rank,created_by,created_at,updated_by,updated_at,is_system,is_deleted) values ("101000346","2210","JUICEGLSS300ML","",null,null,null,"1",null,null,"0",null,"27","1.00000",null,"0.00000",null,null,null,null,null,null,"1","0","0","1","0","1","0","0","0","0","0.00",null,"0","101000101","2021-11-06 12:53:10.0",null,null,"0","0");
DELETE FROM sale_items WHERE id=101000346;
insert into sale_items(id,stock_item_id,stock_item_code,code,hsn_code,is_group_item,group_item_id,is_combo_item,name,description,sub_class_id,is_valid,is_manufactured,alternative_name,is_printable_to_kitchen,name_to_print,alternative_name_to_print,barcode,is_open,qty_on_hand,uom_id,item_weight,profit_category_id,prd_department_id,tax_id,tax_exemption,tax_group_id,tax_id_home_service,tax_id_table_service,tax_id_take_away_service,fixed_price,whls_price,is_whls_price_pc,item_cost,tax_calculation_method,taxation_based_on,is_require_weighing,display_order,best_before,is_hot_item_1,hot_item_1_display_order,is_hot_item_2,hot_item_2_display_order,is_hot_item_3,hot_item_3_display_order,fg_color,bg_color,attrib1_name,attrib1_options,attrib2_name,attrib2_options,attrib3_name,attrib3_options,attrib4_name,attrib4_options,attrib5_name,attrib5_options,tag1,tag2,tag3,tag4,tag5,choice_ids,created_by,created_at,updated_by,updated_at,is_deleted,is_system,item_thumb,sys_sale_flag) values ("101000346","101000346",null,"2210","","0",null,"0","JUICEGLSS300ML","","101000102","1","0","","1","","","","0",null,"27","1.00000",null,null,"1","0","1",null,null,null,"0.00000","0.00000","0","0.00000","0","0","0",null,null,"0",null,"0",null,"0",null,"#FFFFFF","#A9A9A9","",null,null,null,null,null,null,null,null,null,null,null,null,null,null,"","101000101","2021-11-06 12:53:10.0",null,null,"0","0","","1");
DELETE FROM stock_items WHERE id=101000347;
insert into stock_items(id,code,name,description,supplier_product_code,stock_item_attributes,stock_item_location,stock_item_category_id,prd_department_id,part_no,market_valuation_method,movement_method,uom_id,item_weight,qty_on_hand,unit_price,optimum_level,reorder_level,reorder_qty,preferred_supplier_id,last_purchase_unit_price,last_purchase_supplier_id,tax_id,tax_calculation_method,is_service_item,is_valid,is_manufactured,is_sellable,is_semi_finished,is_finished,sales_margin,is_sales_margin_percent,tax_percentage,qty_manufactured,top_consumption_rank,created_by,created_at,updated_by,updated_at,is_system,is_deleted) values ("101000347","515","AluminiumRoll","",null,null,null,"1",null,null,"0",null,"27","1.00000",null,"0.00000",null,null,null,null,null,null,"1","0","0","1","0","1","0","0","0","0","0.00",null,"0","101000101","2021-11-06 12:57:55.0",null,null,"0","0");
DELETE FROM sale_items WHERE id=101000347;
insert into sale_items(id,stock_item_id,stock_item_code,code,hsn_code,is_group_item,group_item_id,is_combo_item,name,description,sub_class_id,is_valid,is_manufactured,alternative_name,is_printable_to_kitchen,name_to_print,alternative_name_to_print,barcode,is_open,qty_on_hand,uom_id,item_weight,profit_category_id,prd_department_id,tax_id,tax_exemption,tax_group_id,tax_id_home_service,tax_id_table_service,tax_id_take_away_service,fixed_price,whls_price,is_whls_price_pc,item_cost,tax_calculation_method,taxation_based_on,is_require_weighing,display_order,best_before,is_hot_item_1,hot_item_1_display_order,is_hot_item_2,hot_item_2_display_order,is_hot_item_3,hot_item_3_display_order,fg_color,bg_color,attrib1_name,attrib1_options,attrib2_name,attrib2_options,attrib3_name,attrib3_options,attrib4_name,attrib4_options,attrib5_name,attrib5_options,tag1,tag2,tag3,tag4,tag5,choice_ids,created_by,created_at,updated_by,updated_at,is_deleted,is_system,item_thumb,sys_sale_flag) values ("101000347","101000347",null,"515","","0",null,"0","AluminiumRoll","","101000102","1","0","","1","","","","0",null,"27","1.00000",null,null,"1","0","1",null,null,null,"0.00000","0.00000","0","0.00000","0","0","0",null,null,"0",null,"0",null,"0",null,"#FFFFFF","#A9A9A9","",null,null,null,null,null,null,null,null,null,null,null,null,null,null,"","101000101","2021-11-06 12:57:55.0",null,null,"0","0","","1");
DELETE FROM stock_items WHERE id=101000348;
insert into stock_items(id,code,name,description,supplier_product_code,stock_item_attributes,stock_item_location,stock_item_category_id,prd_department_id,part_no,market_valuation_method,movement_method,uom_id,item_weight,qty_on_hand,unit_price,optimum_level,reorder_level,reorder_qty,preferred_supplier_id,last_purchase_unit_price,last_purchase_supplier_id,tax_id,tax_calculation_method,is_service_item,is_valid,is_manufactured,is_sellable,is_semi_finished,is_finished,sales_margin,is_sales_margin_percent,tax_percentage,qty_manufactured,top_consumption_rank,created_by,created_at,updated_by,updated_at,is_system,is_deleted) values ("101000348","534","Alumnium cover","",null,null,null,"1",null,null,"0",null,"27","1.00000",null,"0.00000",null,null,null,null,null,null,"1","0","0","1","0","1","0","0","0","0","0.00",null,"0","101000101","2021-11-06 01:02:16.0",null,null,"0","0");
DELETE FROM sale_items WHERE id=101000348;
insert into sale_items(id,stock_item_id,stock_item_code,code,hsn_code,is_group_item,group_item_id,is_combo_item,name,description,sub_class_id,is_valid,is_manufactured,alternative_name,is_printable_to_kitchen,name_to_print,alternative_name_to_print,barcode,is_open,qty_on_hand,uom_id,item_weight,profit_category_id,prd_department_id,tax_id,tax_exemption,tax_group_id,tax_id_home_service,tax_id_table_service,tax_id_take_away_service,fixed_price,whls_price,is_whls_price_pc,item_cost,tax_calculation_method,taxation_based_on,is_require_weighing,display_order,best_before,is_hot_item_1,hot_item_1_display_order,is_hot_item_2,hot_item_2_display_order,is_hot_item_3,hot_item_3_display_order,fg_color,bg_color,attrib1_name,attrib1_options,attrib2_name,attrib2_options,attrib3_name,attrib3_options,attrib4_name,attrib4_options,attrib5_name,attrib5_options,tag1,tag2,tag3,tag4,tag5,choice_ids,created_by,created_at,updated_by,updated_at,is_deleted,is_system,item_thumb,sys_sale_flag) values ("101000348","101000348",null,"534","","0",null,"0","Alumnium cover","","101000102","1","0","","1","","","","0",null,"27","1.00000",null,null,"1","0","1",null,null,null,"0.00000","0.00000","0","0.00000","0","0","0",null,null,"0",null,"0",null,"0",null,"#FFFFFF","#A9A9A9","",null,null,null,null,null,null,null,null,null,null,null,null,null,null,"","101000101","2021-11-06 13:02:17.0",null,null,"0","0","","1");
DELETE FROM stock_items WHERE id=101000349;
insert into stock_items(id,code,name,description,supplier_product_code,stock_item_attributes,stock_item_location,stock_item_category_id,prd_department_id,part_no,market_valuation_method,movement_method,uom_id,item_weight,qty_on_hand,unit_price,optimum_level,reorder_level,reorder_qty,preferred_supplier_id,last_purchase_unit_price,last_purchase_supplier_id,tax_id,tax_calculation_method,is_service_item,is_valid,is_manufactured,is_sellable,is_semi_finished,is_finished,sales_margin,is_sales_margin_percent,tax_percentage,qty_manufactured,top_consumption_rank,created_by,created_at,updated_by,updated_at,is_system,is_deleted) values ("101000349","535","Garbagebagsmall","",null,null,null,"1",null,null,"0",null,"27","1.00000",null,"0.00000",null,null,null,null,null,null,"1","0","0","1","0","1","0","0","0","0","0.00",null,"0","101000101","2021-11-06 01:05:06.0",null,null,"0","0");
DELETE FROM sale_items WHERE id=101000349;
insert into sale_items(id,stock_item_id,stock_item_code,code,hsn_code,is_group_item,group_item_id,is_combo_item,name,description,sub_class_id,is_valid,is_manufactured,alternative_name,is_printable_to_kitchen,name_to_print,alternative_name_to_print,barcode,is_open,qty_on_hand,uom_id,item_weight,profit_category_id,prd_department_id,tax_id,tax_exemption,tax_group_id,tax_id_home_service,tax_id_table_service,tax_id_take_away_service,fixed_price,whls_price,is_whls_price_pc,item_cost,tax_calculation_method,taxation_based_on,is_require_weighing,display_order,best_before,is_hot_item_1,hot_item_1_display_order,is_hot_item_2,hot_item_2_display_order,is_hot_item_3,hot_item_3_display_order,fg_color,bg_color,attrib1_name,attrib1_options,attrib2_name,attrib2_options,attrib3_name,attrib3_options,attrib4_name,attrib4_options,attrib5_name,attrib5_options,tag1,tag2,tag3,tag4,tag5,choice_ids,created_by,created_at,updated_by,updated_at,is_deleted,is_system,item_thumb,sys_sale_flag) values ("101000349","101000349",null,"535","","0",null,"0","Garbagebagsmall","","101000102","1","0","","1","","","","0",null,"27","1.00000",null,null,"1","0","1",null,null,null,"0.00000","0.00000","0","0.00000","0","0","0",null,null,"0",null,"0",null,"0",null,"#FFFFFF","#A9A9A9","",null,null,null,null,null,null,null,null,null,null,null,null,null,null,"","101000101","2021-11-06 13:05:06.0",null,null,"0","0","","1");
DELETE FROM stock_items WHERE id=101000350;
insert into stock_items(id,code,name,description,supplier_product_code,stock_item_attributes,stock_item_location,stock_item_category_id,prd_department_id,part_no,market_valuation_method,movement_method,uom_id,item_weight,qty_on_hand,unit_price,optimum_level,reorder_level,reorder_qty,preferred_supplier_id,last_purchase_unit_price,last_purchase_supplier_id,tax_id,tax_calculation_method,is_service_item,is_valid,is_manufactured,is_sellable,is_semi_finished,is_finished,sales_margin,is_sales_margin_percent,tax_percentage,qty_manufactured,top_consumption_rank,created_by,created_at,updated_by,updated_at,is_system,is_deleted) values ("101000350","536","Garbagebagmedium","",null,null,null,"1",null,null,"0",null,"27","1.00000",null,"0.00000",null,null,null,null,null,null,"1","0","0","1","0","1","0","0","0","0","0.00",null,"0","101000101","2021-11-06 01:07:11.0",null,null,"0","0");
DELETE FROM sale_items WHERE id=101000350;
insert into sale_items(id,stock_item_id,stock_item_code,code,hsn_code,is_group_item,group_item_id,is_combo_item,name,description,sub_class_id,is_valid,is_manufactured,alternative_name,is_printable_to_kitchen,name_to_print,alternative_name_to_print,barcode,is_open,qty_on_hand,uom_id,item_weight,profit_category_id,prd_department_id,tax_id,tax_exemption,tax_group_id,tax_id_home_service,tax_id_table_service,tax_id_take_away_service,fixed_price,whls_price,is_whls_price_pc,item_cost,tax_calculation_method,taxation_based_on,is_require_weighing,display_order,best_before,is_hot_item_1,hot_item_1_display_order,is_hot_item_2,hot_item_2_display_order,is_hot_item_3,hot_item_3_display_order,fg_color,bg_color,attrib1_name,attrib1_options,attrib2_name,attrib2_options,attrib3_name,attrib3_options,attrib4_name,attrib4_options,attrib5_name,attrib5_options,tag1,tag2,tag3,tag4,tag5,choice_ids,created_by,created_at,updated_by,updated_at,is_deleted,is_system,item_thumb,sys_sale_flag) values ("101000350","101000350",null,"536","","0",null,"0","Garbagebagmedium","","101000102","1","0","","1","","","","0",null,"27","1.00000",null,null,"1","0","1",null,null,null,"0.00000","0.00000","0","0.00000","0","0","0",null,null,"0",null,"0",null,"0",null,"#FFFFFF","#A9A9A9","",null,null,null,null,null,null,null,null,null,null,null,null,null,null,"","101000101","2021-11-06 13:07:11.0",null,null,"0","0","","1");
DELETE FROM stock_items WHERE id=101000351;
insert into stock_items(id,code,name,description,supplier_product_code,stock_item_attributes,stock_item_location,stock_item_category_id,prd_department_id,part_no,market_valuation_method,movement_method,uom_id,item_weight,qty_on_hand,unit_price,optimum_level,reorder_level,reorder_qty,preferred_supplier_id,last_purchase_unit_price,last_purchase_supplier_id,tax_id,tax_calculation_method,is_service_item,is_valid,is_manufactured,is_sellable,is_semi_finished,is_finished,sales_margin,is_sales_margin_percent,tax_percentage,qty_manufactured,top_consumption_rank,created_by,created_at,updated_by,updated_at,is_system,is_deleted) values ("101000351","537","pappercup150ml","",null,null,null,"1",null,null,"0",null,"27","1.00000",null,"0.00000",null,null,null,null,null,null,"1","0","0","1","0","1","0","0","0","0","0.00",null,"0","101000101","2021-11-06 03:04:46.0",null,null,"0","0");
DELETE FROM sale_items WHERE id=101000351;
insert into sale_items(id,stock_item_id,stock_item_code,code,hsn_code,is_group_item,group_item_id,is_combo_item,name,description,sub_class_id,is_valid,is_manufactured,alternative_name,is_printable_to_kitchen,name_to_print,alternative_name_to_print,barcode,is_open,qty_on_hand,uom_id,item_weight,profit_category_id,prd_department_id,tax_id,tax_exemption,tax_group_id,tax_id_home_service,tax_id_table_service,tax_id_take_away_service,fixed_price,whls_price,is_whls_price_pc,item_cost,tax_calculation_method,taxation_based_on,is_require_weighing,display_order,best_before,is_hot_item_1,hot_item_1_display_order,is_hot_item_2,hot_item_2_display_order,is_hot_item_3,hot_item_3_display_order,fg_color,bg_color,attrib1_name,attrib1_options,attrib2_name,attrib2_options,attrib3_name,attrib3_options,attrib4_name,attrib4_options,attrib5_name,attrib5_options,tag1,tag2,tag3,tag4,tag5,choice_ids,created_by,created_at,updated_by,updated_at,is_deleted,is_system,item_thumb,sys_sale_flag) values ("101000351","101000351",null,"537","","0",null,"0","pappercup150ml","","101000102","1","0","","1","","","","0",null,"27","1.00000",null,null,"1","0","1",null,null,null,"0.00000","0.00000","0","0.00000","0","0","0",null,null,"0",null,"0",null,"0",null,"#FFFFFF","#A9A9A9","",null,null,null,null,null,null,null,null,null,null,null,null,null,null,"","101000101","2021-11-06 15:04:46.0",null,null,"0","0","","1");
DELETE FROM stock_items WHERE id=101000352;
insert into stock_items(id,code,name,description,supplier_product_code,stock_item_attributes,stock_item_location,stock_item_category_id,prd_department_id,part_no,market_valuation_method,movement_method,uom_id,item_weight,qty_on_hand,unit_price,optimum_level,reorder_level,reorder_qty,preferred_supplier_id,last_purchase_unit_price,last_purchase_supplier_id,tax_id,tax_calculation_method,is_service_item,is_valid,is_manufactured,is_sellable,is_semi_finished,is_finished,sales_margin,is_sales_margin_percent,tax_percentage,qty_manufactured,top_consumption_rank,created_by,created_at,updated_by,updated_at,is_system,is_deleted) values ("101000352","575","glovesSurgical","",null,null,null,"1",null,null,"0",null,"27","1.00000",null,"0.00000",null,null,null,null,null,null,"1","0","0","1","0","1","0","0","0","0","0.00",null,"0","101000101","2021-11-06 03:07:03.0",null,null,"0","0");
DELETE FROM sale_items WHERE id=101000352;
insert into sale_items(id,stock_item_id,stock_item_code,code,hsn_code,is_group_item,group_item_id,is_combo_item,name,description,sub_class_id,is_valid,is_manufactured,alternative_name,is_printable_to_kitchen,name_to_print,alternative_name_to_print,barcode,is_open,qty_on_hand,uom_id,item_weight,profit_category_id,prd_department_id,tax_id,tax_exemption,tax_group_id,tax_id_home_service,tax_id_table_service,tax_id_take_away_service,fixed_price,whls_price,is_whls_price_pc,item_cost,tax_calculation_method,taxation_based_on,is_require_weighing,display_order,best_before,is_hot_item_1,hot_item_1_display_order,is_hot_item_2,hot_item_2_display_order,is_hot_item_3,hot_item_3_display_order,fg_color,bg_color,attrib1_name,attrib1_options,attrib2_name,attrib2_options,attrib3_name,attrib3_options,attrib4_name,attrib4_options,attrib5_name,attrib5_options,tag1,tag2,tag3,tag4,tag5,choice_ids,created_by,created_at,updated_by,updated_at,is_deleted,is_system,item_thumb,sys_sale_flag) values ("101000352","101000352",null,"575","","0",null,"0","glovesSurgical","","101000102","1","0","","1","","","","0",null,"27","1.00000",null,null,"1","0","1",null,null,null,"0.00000","0.00000","0","0.00000","0","0","0",null,null,"0",null,"0",null,"0",null,"#FFFFFF","#A9A9A9","",null,null,null,null,null,null,null,null,null,null,null,null,null,null,"","101000101","2021-11-06 15:07:03.0",null,null,"0","0","","1");
DELETE FROM stock_items WHERE id=101000353;
insert into stock_items(id,code,name,description,supplier_product_code,stock_item_attributes,stock_item_location,stock_item_category_id,prd_department_id,part_no,market_valuation_method,movement_method,uom_id,item_weight,qty_on_hand,unit_price,optimum_level,reorder_level,reorder_qty,preferred_supplier_id,last_purchase_unit_price,last_purchase_supplier_id,tax_id,tax_calculation_method,is_service_item,is_valid,is_manufactured,is_sellable,is_semi_finished,is_finished,sales_margin,is_sales_margin_percent,tax_percentage,qty_manufactured,top_consumption_rank,created_by,created_at,updated_by,updated_at,is_system,is_deleted) values ("101000353","576","mask","",null,null,null,"1",null,null,"0",null,"27","1.00000",null,"0.00000",null,null,null,null,null,null,"1","0","0","1","0","1","0","0","0","0","0.00",null,"0","101000101","2021-11-06 03:11:06.0",null,null,"0","0");
DELETE FROM sale_items WHERE id=101000353;
insert into sale_items(id,stock_item_id,stock_item_code,code,hsn_code,is_group_item,group_item_id,is_combo_item,name,description,sub_class_id,is_valid,is_manufactured,alternative_name,is_printable_to_kitchen,name_to_print,alternative_name_to_print,barcode,is_open,qty_on_hand,uom_id,item_weight,profit_category_id,prd_department_id,tax_id,tax_exemption,tax_group_id,tax_id_home_service,tax_id_table_service,tax_id_take_away_service,fixed_price,whls_price,is_whls_price_pc,item_cost,tax_calculation_method,taxation_based_on,is_require_weighing,display_order,best_before,is_hot_item_1,hot_item_1_display_order,is_hot_item_2,hot_item_2_display_order,is_hot_item_3,hot_item_3_display_order,fg_color,bg_color,attrib1_name,attrib1_options,attrib2_name,attrib2_options,attrib3_name,attrib3_options,attrib4_name,attrib4_options,attrib5_name,attrib5_options,tag1,tag2,tag3,tag4,tag5,choice_ids,created_by,created_at,updated_by,updated_at,is_deleted,is_system,item_thumb,sys_sale_flag) values ("101000353","101000353",null,"576","","0",null,"0","mask","","101000102","1","0","","1","","","","0",null,"27","1.00000",null,null,"1","0","1",null,null,null,"0.00000","0.00000","0","0.00000","0","0","0",null,null,"0",null,"0",null,"0",null,"#FFFFFF","#A9A9A9","",null,null,null,null,null,null,null,null,null,null,null,null,null,null,"","101000101","2021-11-06 15:11:06.0",null,null,"0","0","","1");
DELETE FROM stock_items WHERE id=101000354;
insert into stock_items(id,code,name,description,supplier_product_code,stock_item_attributes,stock_item_location,stock_item_category_id,prd_department_id,part_no,market_valuation_method,movement_method,uom_id,item_weight,qty_on_hand,unit_price,optimum_level,reorder_level,reorder_qty,preferred_supplier_id,last_purchase_unit_price,last_purchase_supplier_id,tax_id,tax_calculation_method,is_service_item,is_valid,is_manufactured,is_sellable,is_semi_finished,is_finished,sales_margin,is_sales_margin_percent,tax_percentage,qty_manufactured,top_consumption_rank,created_by,created_at,updated_by,updated_at,is_system,is_deleted) values ("101000354","590","butter","",null,null,null,"1",null,null,"0",null,"27","1.00000",null,"0.00000",null,null,null,null,null,null,"1","0","0","1","0","1","0","0","0","0","0.00",null,"0","101000101","2021-11-06 03:17:06.0",null,null,"0","0");
DELETE FROM sale_items WHERE id=101000354;
insert into sale_items(id,stock_item_id,stock_item_code,code,hsn_code,is_group_item,group_item_id,is_combo_item,name,description,sub_class_id,is_valid,is_manufactured,alternative_name,is_printable_to_kitchen,name_to_print,alternative_name_to_print,barcode,is_open,qty_on_hand,uom_id,item_weight,profit_category_id,prd_department_id,tax_id,tax_exemption,tax_group_id,tax_id_home_service,tax_id_table_service,tax_id_take_away_service,fixed_price,whls_price,is_whls_price_pc,item_cost,tax_calculation_method,taxation_based_on,is_require_weighing,display_order,best_before,is_hot_item_1,hot_item_1_display_order,is_hot_item_2,hot_item_2_display_order,is_hot_item_3,hot_item_3_display_order,fg_color,bg_color,attrib1_name,attrib1_options,attrib2_name,attrib2_options,attrib3_name,attrib3_options,attrib4_name,attrib4_options,attrib5_name,attrib5_options,tag1,tag2,tag3,tag4,tag5,choice_ids,created_by,created_at,updated_by,updated_at,is_deleted,is_system,item_thumb,sys_sale_flag) values ("101000354","101000354",null,"590","","0",null,"0","butter","","101000102","1","0","","1","","","","0",null,"27","1.00000",null,null,"1","0","1",null,null,null,"0.00000","0.00000","0","0.00000","0","0","0",null,null,"0",null,"0",null,"0",null,"#FFFFFF","#A9A9A9","",null,null,null,null,null,null,null,null,null,null,null,null,null,null,"","101000101","2021-11-06 15:17:06.0",null,null,"0","0","","1");
DELETE FROM stock_items WHERE id=101000355;
insert into stock_items(id,code,name,description,supplier_product_code,stock_item_attributes,stock_item_location,stock_item_category_id,prd_department_id,part_no,market_valuation_method,movement_method,uom_id,item_weight,qty_on_hand,unit_price,optimum_level,reorder_level,reorder_qty,preferred_supplier_id,last_purchase_unit_price,last_purchase_supplier_id,tax_id,tax_calculation_method,is_service_item,is_valid,is_manufactured,is_sellable,is_semi_finished,is_finished,sales_margin,is_sales_margin_percent,tax_percentage,qty_manufactured,top_consumption_rank,created_by,created_at,updated_by,updated_at,is_system,is_deleted) values ("101000355","591","jamchiplate","",null,null,null,"1",null,null,"0",null,"27","1.00000",null,"0.00000",null,null,null,null,null,null,"1","0","0","1","0","1","0","0","0","0","0.00",null,"0","101000101","2021-11-06 03:26:54.0",null,null,"0","0");
DELETE FROM sale_items WHERE id=101000355;
insert into sale_items(id,stock_item_id,stock_item_code,code,hsn_code,is_group_item,group_item_id,is_combo_item,name,description,sub_class_id,is_valid,is_manufactured,alternative_name,is_printable_to_kitchen,name_to_print,alternative_name_to_print,barcode,is_open,qty_on_hand,uom_id,item_weight,profit_category_id,prd_department_id,tax_id,tax_exemption,tax_group_id,tax_id_home_service,tax_id_table_service,tax_id_take_away_service,fixed_price,whls_price,is_whls_price_pc,item_cost,tax_calculation_method,taxation_based_on,is_require_weighing,display_order,best_before,is_hot_item_1,hot_item_1_display_order,is_hot_item_2,hot_item_2_display_order,is_hot_item_3,hot_item_3_display_order,fg_color,bg_color,attrib1_name,attrib1_options,attrib2_name,attrib2_options,attrib3_name,attrib3_options,attrib4_name,attrib4_options,attrib5_name,attrib5_options,tag1,tag2,tag3,tag4,tag5,choice_ids,created_by,created_at,updated_by,updated_at,is_deleted,is_system,item_thumb,sys_sale_flag) values ("101000355","101000355",null,"591","","0",null,"0","jamchiplate","","101000102","1","0","","1","","","","0",null,"27","1.00000",null,null,"1","0","1",null,null,null,"0.00000","0.00000","0","0.00000","0","0","0",null,null,"0",null,"0",null,"0",null,"#FFFFFF","#A9A9A9","",null,null,null,null,null,null,null,null,null,null,null,null,null,null,"","101000101","2021-11-06 15:26:54.0",null,null,"0","0","","1");
DELETE FROM stock_items WHERE id=101000356;
insert into stock_items(id,code,name,description,supplier_product_code,stock_item_attributes,stock_item_location,stock_item_category_id,prd_department_id,part_no,market_valuation_method,movement_method,uom_id,item_weight,qty_on_hand,unit_price,optimum_level,reorder_level,reorder_qty,preferred_supplier_id,last_purchase_unit_price,last_purchase_supplier_id,tax_id,tax_calculation_method,is_service_item,is_valid,is_manufactured,is_sellable,is_semi_finished,is_finished,sales_margin,is_sales_margin_percent,tax_percentage,qty_manufactured,top_consumption_rank,created_by,created_at,updated_by,updated_at,is_system,is_deleted) values ("101000356","598","Creamar","",null,null,null,"1",null,null,"0",null,"27","1.00000",null,"0.00000",null,null,null,null,null,null,"1","0","0","1","0","1","0","0","0","0","0.00",null,"0","101000101","2021-11-06 03:30:27.0",null,null,"0","0");
DELETE FROM sale_items WHERE id=101000356;
insert into sale_items(id,stock_item_id,stock_item_code,code,hsn_code,is_group_item,group_item_id,is_combo_item,name,description,sub_class_id,is_valid,is_manufactured,alternative_name,is_printable_to_kitchen,name_to_print,alternative_name_to_print,barcode,is_open,qty_on_hand,uom_id,item_weight,profit_category_id,prd_department_id,tax_id,tax_exemption,tax_group_id,tax_id_home_service,tax_id_table_service,tax_id_take_away_service,fixed_price,whls_price,is_whls_price_pc,item_cost,tax_calculation_method,taxation_based_on,is_require_weighing,display_order,best_before,is_hot_item_1,hot_item_1_display_order,is_hot_item_2,hot_item_2_display_order,is_hot_item_3,hot_item_3_display_order,fg_color,bg_color,attrib1_name,attrib1_options,attrib2_name,attrib2_options,attrib3_name,attrib3_options,attrib4_name,attrib4_options,attrib5_name,attrib5_options,tag1,tag2,tag3,tag4,tag5,choice_ids,created_by,created_at,updated_by,updated_at,is_deleted,is_system,item_thumb,sys_sale_flag) values ("101000356","101000356",null,"598","","0",null,"0","Creamar","","101000102","1","0","","1","","","","0",null,"27","1.00000",null,null,"1","0","1",null,null,null,"0.00000","0.00000","0","0.00000","0","0","0",null,null,"0",null,"0",null,"0",null,"#FFFFFF","#A9A9A9","",null,null,null,null,null,null,null,null,null,null,null,null,null,null,"","101000101","2021-11-06 15:30:27.0",null,null,"0","0","","1");
DELETE FROM stock_items WHERE id=101000357;
insert into stock_items(id,code,name,description,supplier_product_code,stock_item_attributes,stock_item_location,stock_item_category_id,prd_department_id,part_no,market_valuation_method,movement_method,uom_id,item_weight,qty_on_hand,unit_price,optimum_level,reorder_level,reorder_qty,preferred_supplier_id,last_purchase_unit_price,last_purchase_supplier_id,tax_id,tax_calculation_method,is_service_item,is_valid,is_manufactured,is_sellable,is_semi_finished,is_finished,sales_margin,is_sales_margin_percent,tax_percentage,qty_manufactured,top_consumption_rank,created_by,created_at,updated_by,updated_at,is_system,is_deleted) values ("101000357","599","Brucofeesachet","",null,null,null,"1",null,null,"0",null,"27","1.00000",null,"0.00000",null,null,null,null,null,null,"1","0","0","1","0","1","0","0","0","0","0.00",null,"0","101000101","2021-11-06 03:34:34.0",null,null,"0","0");
DELETE FROM sale_items WHERE id=101000357;
insert into sale_items(id,stock_item_id,stock_item_code,code,hsn_code,is_group_item,group_item_id,is_combo_item,name,description,sub_class_id,is_valid,is_manufactured,alternative_name,is_printable_to_kitchen,name_to_print,alternative_name_to_print,barcode,is_open,qty_on_hand,uom_id,item_weight,profit_category_id,prd_department_id,tax_id,tax_exemption,tax_group_id,tax_id_home_service,tax_id_table_service,tax_id_take_away_service,fixed_price,whls_price,is_whls_price_pc,item_cost,tax_calculation_method,taxation_based_on,is_require_weighing,display_order,best_before,is_hot_item_1,hot_item_1_display_order,is_hot_item_2,hot_item_2_display_order,is_hot_item_3,hot_item_3_display_order,fg_color,bg_color,attrib1_name,attrib1_options,attrib2_name,attrib2_options,attrib3_name,attrib3_options,attrib4_name,attrib4_options,attrib5_name,attrib5_options,tag1,tag2,tag3,tag4,tag5,choice_ids,created_by,created_at,updated_by,updated_at,is_deleted,is_system,item_thumb,sys_sale_flag) values ("101000357","101000357",null,"599","","0",null,"0","Brucofeesachet","","101000102","1","0","","1","","","","0",null,"27","1.00000",null,null,"1","0","1",null,null,null,"0.00000","0.00000","0","0.00000","0","0","0",null,null,"0",null,"0",null,"0",null,"#FFFFFF","#A9A9A9","",null,null,null,null,null,null,null,null,null,null,null,null,null,null,"","101000101","2021-11-06 15:34:34.0",null,null,"0","0","","1");
DELETE FROM stock_items WHERE id=101000358;
insert into stock_items(id,code,name,description,supplier_product_code,stock_item_attributes,stock_item_location,stock_item_category_id,prd_department_id,part_no,market_valuation_method,movement_method,uom_id,item_weight,qty_on_hand,unit_price,optimum_level,reorder_level,reorder_qty,preferred_supplier_id,last_purchase_unit_price,last_purchase_supplier_id,tax_id,tax_calculation_method,is_service_item,is_valid,is_manufactured,is_sellable,is_semi_finished,is_finished,sales_margin,is_sales_margin_percent,tax_percentage,qty_manufactured,top_consumption_rank,created_by,created_at,updated_by,updated_at,is_system,is_deleted) values ("101000358","5999","Brucofeesachet","",null,null,null,"1",null,null,"0",null,"27","1.00000",null,"0.00000",null,null,null,null,null,null,"1","0","0","1","0","1","0","0","0","0","0.00",null,"0","101000101","2021-11-06 03:35:38.0",null,null,"0","0");
DELETE FROM sale_items WHERE id=101000358;
insert into sale_items(id,stock_item_id,stock_item_code,code,hsn_code,is_group_item,group_item_id,is_combo_item,name,description,sub_class_id,is_valid,is_manufactured,alternative_name,is_printable_to_kitchen,name_to_print,alternative_name_to_print,barcode,is_open,qty_on_hand,uom_id,item_weight,profit_category_id,prd_department_id,tax_id,tax_exemption,tax_group_id,tax_id_home_service,tax_id_table_service,tax_id_take_away_service,fixed_price,whls_price,is_whls_price_pc,item_cost,tax_calculation_method,taxation_based_on,is_require_weighing,display_order,best_before,is_hot_item_1,hot_item_1_display_order,is_hot_item_2,hot_item_2_display_order,is_hot_item_3,hot_item_3_display_order,fg_color,bg_color,attrib1_name,attrib1_options,attrib2_name,attrib2_options,attrib3_name,attrib3_options,attrib4_name,attrib4_options,attrib5_name,attrib5_options,tag1,tag2,tag3,tag4,tag5,choice_ids,created_by,created_at,updated_by,updated_at,is_deleted,is_system,item_thumb,sys_sale_flag) values ("101000358","101000358",null,"5999","","0",null,"0","Brucofeesachet","","101000102","1","0","","1","","","","0",null,"27","1.00000",null,null,"1","0","1",null,null,null,"0.00000","0.00000","0","0.00000","0","0","0",null,null,"0",null,"0",null,"0",null,"#FFFFFF","#A9A9A9","",null,null,null,null,null,null,null,null,null,null,null,null,null,null,"","101000101","2021-11-06 15:35:38.0",null,null,"0","0","","1");
DELETE FROM area_codes WHERE id=101000105;
insert into area_codes(id,code,name,description,created_by,created_at,updated_by,updated_at,is_system,is_deleted) values ("101000105","003","Zignaature associates","","101000101","2021-11-07 11:28:40.0",null,null,"0","1");
update area_codes set is_deleted=1 where id =101000105;
DELETE FROM stock_items WHERE id=101000359;
insert into stock_items(id,code,name,description,supplier_product_code,stock_item_attributes,stock_item_location,stock_item_category_id,prd_department_id,part_no,market_valuation_method,movement_method,uom_id,item_weight,qty_on_hand,unit_price,optimum_level,reorder_level,reorder_qty,preferred_supplier_id,last_purchase_unit_price,last_purchase_supplier_id,tax_id,tax_calculation_method,is_service_item,is_valid,is_manufactured,is_sellable,is_semi_finished,is_finished,sales_margin,is_sales_margin_percent,tax_percentage,qty_manufactured,top_consumption_rank,created_by,created_at,updated_by,updated_at,is_system,is_deleted) values ("101000359","2155","papper glass300ml","",null,null,null,"1",null,null,"0",null,"27","1.00000",null,"0.00000",null,null,null,null,null,null,"1","0","0","1","0","1","0","0","0","0","0.00",null,"0","101000101","2021-11-09 11:40:45.0",null,null,"0","0");
DELETE FROM sale_items WHERE id=101000359;
insert into sale_items(id,stock_item_id,stock_item_code,code,hsn_code,is_group_item,group_item_id,is_combo_item,name,description,sub_class_id,is_valid,is_manufactured,alternative_name,is_printable_to_kitchen,name_to_print,alternative_name_to_print,barcode,is_open,qty_on_hand,uom_id,item_weight,profit_category_id,prd_department_id,tax_id,tax_exemption,tax_group_id,tax_id_home_service,tax_id_table_service,tax_id_take_away_service,fixed_price,whls_price,is_whls_price_pc,item_cost,tax_calculation_method,taxation_based_on,is_require_weighing,display_order,best_before,is_hot_item_1,hot_item_1_display_order,is_hot_item_2,hot_item_2_display_order,is_hot_item_3,hot_item_3_display_order,fg_color,bg_color,attrib1_name,attrib1_options,attrib2_name,attrib2_options,attrib3_name,attrib3_options,attrib4_name,attrib4_options,attrib5_name,attrib5_options,tag1,tag2,tag3,tag4,tag5,choice_ids,created_by,created_at,updated_by,updated_at,is_deleted,is_system,item_thumb,sys_sale_flag) values ("101000359","101000359",null,"2155","","0",null,"0","papper glass300ml","","101000102","1","0","","1","","","","0",null,"27","1.00000",null,null,"1","0","1",null,null,null,"0.00000","0.00000","0","0.00000","0","0","0",null,null,"0",null,"0",null,"0",null,"#FFFFFF","#A9A9A9","",null,null,null,null,null,null,null,null,null,null,null,null,null,null,"","101000101","2021-11-09 11:40:45.0",null,null,"0","0","","1");
DELETE FROM stock_items WHERE id=101000360;
insert into stock_items(id,code,name,description,supplier_product_code,stock_item_attributes,stock_item_location,stock_item_category_id,prd_department_id,part_no,market_valuation_method,movement_method,uom_id,item_weight,qty_on_hand,unit_price,optimum_level,reorder_level,reorder_qty,preferred_supplier_id,last_purchase_unit_price,last_purchase_supplier_id,tax_id,tax_calculation_method,is_service_item,is_valid,is_manufactured,is_sellable,is_semi_finished,is_finished,sales_margin,is_sales_margin_percent,tax_percentage,qty_manufactured,top_consumption_rank,created_by,created_at,updated_by,updated_at,is_system,is_deleted) values ("101000360","567","garbagebig","",null,null,null,"1",null,null,"0",null,"27","1.00000",null,"0.00000",null,null,null,null,null,null,"1","0","0","1","0","1","0","0","0","0","0.00",null,"0","101000101","2021-11-09 11:43:18.0",null,null,"0","0");
DELETE FROM sale_items WHERE id=101000360;
insert into sale_items(id,stock_item_id,stock_item_code,code,hsn_code,is_group_item,group_item_id,is_combo_item,name,description,sub_class_id,is_valid,is_manufactured,alternative_name,is_printable_to_kitchen,name_to_print,alternative_name_to_print,barcode,is_open,qty_on_hand,uom_id,item_weight,profit_category_id,prd_department_id,tax_id,tax_exemption,tax_group_id,tax_id_home_service,tax_id_table_service,tax_id_take_away_service,fixed_price,whls_price,is_whls_price_pc,item_cost,tax_calculation_method,taxation_based_on,is_require_weighing,display_order,best_before,is_hot_item_1,hot_item_1_display_order,is_hot_item_2,hot_item_2_display_order,is_hot_item_3,hot_item_3_display_order,fg_color,bg_color,attrib1_name,attrib1_options,attrib2_name,attrib2_options,attrib3_name,attrib3_options,attrib4_name,attrib4_options,attrib5_name,attrib5_options,tag1,tag2,tag3,tag4,tag5,choice_ids,created_by,created_at,updated_by,updated_at,is_deleted,is_system,item_thumb,sys_sale_flag) values ("101000360","101000360",null,"567","","0",null,"0","garbagebig","","101000102","1","0","","1","","","","0",null,"27","1.00000",null,null,"1","0","1",null,null,null,"0.00000","0.00000","0","0.00000","0","0","0",null,null,"0",null,"0",null,"0",null,"#FFFFFF","#A9A9A9","",null,null,null,null,null,null,null,null,null,null,null,null,null,null,"","101000101","2021-11-09 11:43:18.0",null,null,"0","0","","1");
DELETE FROM stock_items WHERE id=101000361;
insert into stock_items(id,code,name,description,supplier_product_code,stock_item_attributes,stock_item_location,stock_item_category_id,prd_department_id,part_no,market_valuation_method,movement_method,uom_id,item_weight,qty_on_hand,unit_price,optimum_level,reorder_level,reorder_qty,preferred_supplier_id,last_purchase_unit_price,last_purchase_supplier_id,tax_id,tax_calculation_method,is_service_item,is_valid,is_manufactured,is_sellable,is_semi_finished,is_finished,sales_margin,is_sales_margin_percent,tax_percentage,qty_manufactured,top_consumption_rank,created_by,created_at,updated_by,updated_at,is_system,is_deleted) values ("101000361","710","RUBBER   GLOVES","",null,null,null,"1",null,null,"0",null,"27","1.00000",null,"0.00000",null,null,null,null,null,null,"1","0","0","1","0","1","0","0","0","0","0.00",null,"0","101000101","2021-11-09 02:31:12.0",null,null,"0","0");
DELETE FROM sale_items WHERE id=101000361;
insert into sale_items(id,stock_item_id,stock_item_code,code,hsn_code,is_group_item,group_item_id,is_combo_item,name,description,sub_class_id,is_valid,is_manufactured,alternative_name,is_printable_to_kitchen,name_to_print,alternative_name_to_print,barcode,is_open,qty_on_hand,uom_id,item_weight,profit_category_id,prd_department_id,tax_id,tax_exemption,tax_group_id,tax_id_home_service,tax_id_table_service,tax_id_take_away_service,fixed_price,whls_price,is_whls_price_pc,item_cost,tax_calculation_method,taxation_based_on,is_require_weighing,display_order,best_before,is_hot_item_1,hot_item_1_display_order,is_hot_item_2,hot_item_2_display_order,is_hot_item_3,hot_item_3_display_order,fg_color,bg_color,attrib1_name,attrib1_options,attrib2_name,attrib2_options,attrib3_name,attrib3_options,attrib4_name,attrib4_options,attrib5_name,attrib5_options,tag1,tag2,tag3,tag4,tag5,choice_ids,created_by,created_at,updated_by,updated_at,is_deleted,is_system,item_thumb,sys_sale_flag) values ("101000361","101000361",null,"710","","0",null,"0","RUBBER   GLOVES","","101000102","1","0","","1","","","","0",null,"27","1.00000",null,null,"1","0","1",null,null,null,"0.00000","0.00000","0","0.00000","0","0","0",null,null,"0",null,"0",null,"0",null,"#FFFFFF","#A9A9A9","",null,null,null,null,null,null,null,null,null,null,null,null,null,null,"","101000101","2021-11-09 14:31:12.0",null,null,"0","0","","1");
DELETE FROM stock_items WHERE id=101000362;
insert into stock_items(id,code,name,description,supplier_product_code,stock_item_attributes,stock_item_location,stock_item_category_id,prd_department_id,part_no,market_valuation_method,movement_method,uom_id,item_weight,qty_on_hand,unit_price,optimum_level,reorder_level,reorder_qty,preferred_supplier_id,last_purchase_unit_price,last_purchase_supplier_id,tax_id,tax_calculation_method,is_service_item,is_valid,is_manufactured,is_sellable,is_semi_finished,is_finished,sales_margin,is_sales_margin_percent,tax_percentage,qty_manufactured,top_consumption_rank,created_by,created_at,updated_by,updated_at,is_system,is_deleted) values ("101000362","711","SEAL COVER","",null,null,null,"1",null,null,"0",null,"27","1.00000",null,"0.00000",null,null,null,null,null,null,"1","0","0","1","0","1","0","0","0","0","0.00",null,"0","101000101","2021-11-09 02:32:49.0",null,null,"0","0");
DELETE FROM sale_items WHERE id=101000362;
insert into sale_items(id,stock_item_id,stock_item_code,code,hsn_code,is_group_item,group_item_id,is_combo_item,name,description,sub_class_id,is_valid,is_manufactured,alternative_name,is_printable_to_kitchen,name_to_print,alternative_name_to_print,barcode,is_open,qty_on_hand,uom_id,item_weight,profit_category_id,prd_department_id,tax_id,tax_exemption,tax_group_id,tax_id_home_service,tax_id_table_service,tax_id_take_away_service,fixed_price,whls_price,is_whls_price_pc,item_cost,tax_calculation_method,taxation_based_on,is_require_weighing,display_order,best_before,is_hot_item_1,hot_item_1_display_order,is_hot_item_2,hot_item_2_display_order,is_hot_item_3,hot_item_3_display_order,fg_color,bg_color,attrib1_name,attrib1_options,attrib2_name,attrib2_options,attrib3_name,attrib3_options,attrib4_name,attrib4_options,attrib5_name,attrib5_options,tag1,tag2,tag3,tag4,tag5,choice_ids,created_by,created_at,updated_by,updated_at,is_deleted,is_system,item_thumb,sys_sale_flag) values ("101000362","101000362",null,"711","","0",null,"0","SEAL COVER","","101000102","1","0","","1","","","","0",null,"27","1.00000",null,null,"1","0","1",null,null,null,"0.00000","0.00000","0","0.00000","0","0","0",null,null,"0",null,"0",null,"0",null,"#FFFFFF","#A9A9A9","",null,null,null,null,null,null,null,null,null,null,null,null,null,null,"","101000101","2021-11-09 14:32:49.0",null,null,"0","0","","1");
DELETE FROM stock_items WHERE id=101000363;
insert into stock_items(id,code,name,description,supplier_product_code,stock_item_attributes,stock_item_location,stock_item_category_id,prd_department_id,part_no,market_valuation_method,movement_method,uom_id,item_weight,qty_on_hand,unit_price,optimum_level,reorder_level,reorder_qty,preferred_supplier_id,last_purchase_unit_price,last_purchase_supplier_id,tax_id,tax_calculation_method,is_service_item,is_valid,is_manufactured,is_sellable,is_semi_finished,is_finished,sales_margin,is_sales_margin_percent,tax_percentage,qty_manufactured,top_consumption_rank,created_by,created_at,updated_by,updated_at,is_system,is_deleted) values ("101000363","2188","AIR FRESHNER  LIQUID","",null,null,null,"1",null,null,"0",null,"27","1.00000",null,"0.00000",null,null,null,null,null,null,"1","0","0","1","0","1","0","0","0","0","0.00",null,"0","101000101","2021-11-09 02:51:10.0",null,null,"0","0");
DELETE FROM sale_items WHERE id=101000363;
insert into sale_items(id,stock_item_id,stock_item_code,code,hsn_code,is_group_item,group_item_id,is_combo_item,name,description,sub_class_id,is_valid,is_manufactured,alternative_name,is_printable_to_kitchen,name_to_print,alternative_name_to_print,barcode,is_open,qty_on_hand,uom_id,item_weight,profit_category_id,prd_department_id,tax_id,tax_exemption,tax_group_id,tax_id_home_service,tax_id_table_service,tax_id_take_away_service,fixed_price,whls_price,is_whls_price_pc,item_cost,tax_calculation_method,taxation_based_on,is_require_weighing,display_order,best_before,is_hot_item_1,hot_item_1_display_order,is_hot_item_2,hot_item_2_display_order,is_hot_item_3,hot_item_3_display_order,fg_color,bg_color,attrib1_name,attrib1_options,attrib2_name,attrib2_options,attrib3_name,attrib3_options,attrib4_name,attrib4_options,attrib5_name,attrib5_options,tag1,tag2,tag3,tag4,tag5,choice_ids,created_by,created_at,updated_by,updated_at,is_deleted,is_system,item_thumb,sys_sale_flag) values ("101000363","101000363",null,"2188","","0",null,"0","AIR FRESHNER  LIQUID","","101000102","1","0","","1","","","","0",null,"27","1.00000",null,null,"1","0","1",null,null,null,"0.00000","0.00000","0","0.00000","0","0","0",null,null,"0",null,"0",null,"0",null,"#FFFFFF","#A9A9A9","",null,null,null,null,null,null,null,null,null,null,null,null,null,null,"","101000101","2021-11-09 14:51:10.0",null,null,"0","0","","1");
DELETE FROM stock_items WHERE id=101000364;
insert into stock_items(id,code,name,description,supplier_product_code,stock_item_attributes,stock_item_location,stock_item_category_id,prd_department_id,part_no,market_valuation_method,movement_method,uom_id,item_weight,qty_on_hand,unit_price,optimum_level,reorder_level,reorder_qty,preferred_supplier_id,last_purchase_unit_price,last_purchase_supplier_id,tax_id,tax_calculation_method,is_service_item,is_valid,is_manufactured,is_sellable,is_semi_finished,is_finished,sales_margin,is_sales_margin_percent,tax_percentage,qty_manufactured,top_consumption_rank,created_by,created_at,updated_by,updated_at,is_system,is_deleted) values ("101000364","687"," SURF POWDER","",null,null,null,"1",null,null,"0",null,"27","1.00000",null,"0.00000",null,null,null,null,null,null,"1","0","0","1","0","1","0","0","0","0","0.00",null,"0","101000101","2021-11-09 02:54:06.0",null,null,"0","0");
DELETE FROM sale_items WHERE id=101000364;
insert into sale_items(id,stock_item_id,stock_item_code,code,hsn_code,is_group_item,group_item_id,is_combo_item,name,description,sub_class_id,is_valid,is_manufactured,alternative_name,is_printable_to_kitchen,name_to_print,alternative_name_to_print,barcode,is_open,qty_on_hand,uom_id,item_weight,profit_category_id,prd_department_id,tax_id,tax_exemption,tax_group_id,tax_id_home_service,tax_id_table_service,tax_id_take_away_service,fixed_price,whls_price,is_whls_price_pc,item_cost,tax_calculation_method,taxation_based_on,is_require_weighing,display_order,best_before,is_hot_item_1,hot_item_1_display_order,is_hot_item_2,hot_item_2_display_order,is_hot_item_3,hot_item_3_display_order,fg_color,bg_color,attrib1_name,attrib1_options,attrib2_name,attrib2_options,attrib3_name,attrib3_options,attrib4_name,attrib4_options,attrib5_name,attrib5_options,tag1,tag2,tag3,tag4,tag5,choice_ids,created_by,created_at,updated_by,updated_at,is_deleted,is_system,item_thumb,sys_sale_flag) values ("101000364","101000364",null,"687","","0",null,"0"," SURF POWDER","","101000102","1","0","","1","","","","0",null,"27","1.00000",null,null,"1","0","1",null,null,null,"0.00000","0.00000","0","0.00000","0","0","0",null,null,"0",null,"0",null,"0",null,"#FFFFFF","#A9A9A9","",null,null,null,null,null,null,null,null,null,null,null,null,null,null,"","101000101","2021-11-09 14:54:06.0",null,null,"0","0","","1");
DELETE FROM area_codes WHERE id=101000106;
insert into area_codes(id,code,name,description,created_by,created_at,updated_by,updated_at,is_system,is_deleted) values ("101000106","56","GINGER","","101000101","2021-11-09 05:42:13.0",null,null,"0","0");
DELETE FROM stock_items WHERE id=101000365;
insert into stock_items(id,code,name,description,supplier_product_code,stock_item_attributes,stock_item_location,stock_item_category_id,prd_department_id,part_no,market_valuation_method,movement_method,uom_id,item_weight,qty_on_hand,unit_price,optimum_level,reorder_level,reorder_qty,preferred_supplier_id,last_purchase_unit_price,last_purchase_supplier_id,tax_id,tax_calculation_method,is_service_item,is_valid,is_manufactured,is_sellable,is_semi_finished,is_finished,sales_margin,is_sales_margin_percent,tax_percentage,qty_manufactured,top_consumption_rank,created_by,created_at,updated_by,updated_at,is_system,is_deleted) values ("101000365","26","GINGER","",null,null,null,"1",null,null,"0",null,"21","1.00000",null,"0.00000",null,null,null,null,null,null,"1","0","0","1","0","1","0","0","0","0","0.00",null,"0","101000101","2021-11-09 05:46:19.0",null,null,"0","0");
DELETE FROM sale_items WHERE id=101000365;
insert into sale_items(id,stock_item_id,stock_item_code,code,hsn_code,is_group_item,group_item_id,is_combo_item,name,description,sub_class_id,is_valid,is_manufactured,alternative_name,is_printable_to_kitchen,name_to_print,alternative_name_to_print,barcode,is_open,qty_on_hand,uom_id,item_weight,profit_category_id,prd_department_id,tax_id,tax_exemption,tax_group_id,tax_id_home_service,tax_id_table_service,tax_id_take_away_service,fixed_price,whls_price,is_whls_price_pc,item_cost,tax_calculation_method,taxation_based_on,is_require_weighing,display_order,best_before,is_hot_item_1,hot_item_1_display_order,is_hot_item_2,hot_item_2_display_order,is_hot_item_3,hot_item_3_display_order,fg_color,bg_color,attrib1_name,attrib1_options,attrib2_name,attrib2_options,attrib3_name,attrib3_options,attrib4_name,attrib4_options,attrib5_name,attrib5_options,tag1,tag2,tag3,tag4,tag5,choice_ids,created_by,created_at,updated_by,updated_at,is_deleted,is_system,item_thumb,sys_sale_flag) values ("101000365","101000365",null,"26","","0",null,"0","GINGER","","101000102","1","0","","1","","","","0",null,"21","1.00000",null,null,"1","0","1",null,null,null,"0.00000","0.00000","0","0.00000","0","0","0",null,null,"0",null,"0",null,"0",null,"#FFFFFF","#A9A9A9","",null,null,null,null,null,null,null,null,null,null,null,null,null,null,"","101000101","2021-11-09 17:46:19.0",null,null,"0","0","","1");
DELETE FROM sale_items WHERE id=101000366;
insert into sale_items(id,stock_item_id,stock_item_code,code,hsn_code,is_group_item,group_item_id,is_combo_item,name,description,sub_class_id,is_valid,is_manufactured,alternative_name,is_printable_to_kitchen,name_to_print,alternative_name_to_print,barcode,is_open,qty_on_hand,uom_id,item_weight,profit_category_id,prd_department_id,tax_id,tax_exemption,tax_group_id,tax_id_home_service,tax_id_table_service,tax_id_take_away_service,fixed_price,whls_price,is_whls_price_pc,item_cost,tax_calculation_method,taxation_based_on,is_require_weighing,display_order,best_before,is_hot_item_1,hot_item_1_display_order,is_hot_item_2,hot_item_2_display_order,is_hot_item_3,hot_item_3_display_order,fg_color,bg_color,attrib1_name,attrib1_options,attrib2_name,attrib2_options,attrib3_name,attrib3_options,attrib4_name,attrib4_options,attrib5_name,attrib5_options,tag1,tag2,tag3,tag4,tag5,choice_ids,created_by,created_at,updated_by,updated_at,is_deleted,is_system,item_thumb,sys_sale_flag) values ("101000366","101000366",null,"777","","0",null,"0","CHILLI POWDER  KASHMERE","","101000102","1","0","","1","","","","0",null,"27","1.00000",null,null,"1","0","1",null,null,null,"0.00000","0.00000","0","0.00000","0","0","0",null,null,"0",null,"0",null,"0",null,"#FFFFFF","#A9A9A9","",null,null,null,null,null,null,null,null,null,null,null,null,null,null,"","101000101","2021-11-10 13:53:57.0",null,null,"0","0","","1");
DELETE FROM stock_items WHERE id=101000366;
insert into stock_items(id,code,name,description,supplier_product_code,stock_item_attributes,stock_item_location,stock_item_category_id,prd_department_id,part_no,market_valuation_method,movement_method,uom_id,item_weight,qty_on_hand,unit_price,optimum_level,reorder_level,reorder_qty,preferred_supplier_id,last_purchase_unit_price,last_purchase_supplier_id,tax_id,tax_calculation_method,is_service_item,is_valid,is_manufactured,is_sellable,is_semi_finished,is_finished,sales_margin,is_sales_margin_percent,tax_percentage,qty_manufactured,top_consumption_rank,created_by,created_at,updated_by,updated_at,is_system,is_deleted) values ("101000366","777","CHILLI POWDER  KASHMERE","",null,null,null,"1",null,null,"0",null,"27","1.00000",null,"0.00000",null,null,null,null,null,null,"1","0","0","1","0","1","0","0","0","0","0.00",null,"0","101000101","2021-11-10 01:53:57.0",null,null,"0","0");
DELETE FROM stock_items WHERE id=101000367;
insert into stock_items(id,code,name,description,supplier_product_code,stock_item_attributes,stock_item_location,stock_item_category_id,prd_department_id,part_no,market_valuation_method,movement_method,uom_id,item_weight,qty_on_hand,unit_price,optimum_level,reorder_level,reorder_qty,preferred_supplier_id,last_purchase_unit_price,last_purchase_supplier_id,tax_id,tax_calculation_method,is_service_item,is_valid,is_manufactured,is_sellable,is_semi_finished,is_finished,sales_margin,is_sales_margin_percent,tax_percentage,qty_manufactured,top_consumption_rank,created_by,created_at,updated_by,updated_at,is_system,is_deleted) values ("101000367","778","TUMARIC POWDER","",null,null,null,"1",null,null,"0",null,"27","1.00000",null,"0.00000",null,null,null,null,null,null,"1","0","0","1","0","1","0","0","0","0","0.00",null,"0","101000101","2021-11-10 01:55:31.0",null,null,"0","0");
DELETE FROM sale_items WHERE id=101000367;
insert into sale_items(id,stock_item_id,stock_item_code,code,hsn_code,is_group_item,group_item_id,is_combo_item,name,description,sub_class_id,is_valid,is_manufactured,alternative_name,is_printable_to_kitchen,name_to_print,alternative_name_to_print,barcode,is_open,qty_on_hand,uom_id,item_weight,profit_category_id,prd_department_id,tax_id,tax_exemption,tax_group_id,tax_id_home_service,tax_id_table_service,tax_id_take_away_service,fixed_price,whls_price,is_whls_price_pc,item_cost,tax_calculation_method,taxation_based_on,is_require_weighing,display_order,best_before,is_hot_item_1,hot_item_1_display_order,is_hot_item_2,hot_item_2_display_order,is_hot_item_3,hot_item_3_display_order,fg_color,bg_color,attrib1_name,attrib1_options,attrib2_name,attrib2_options,attrib3_name,attrib3_options,attrib4_name,attrib4_options,attrib5_name,attrib5_options,tag1,tag2,tag3,tag4,tag5,choice_ids,created_by,created_at,updated_by,updated_at,is_deleted,is_system,item_thumb,sys_sale_flag) values ("101000367","101000367",null,"778","","0",null,"0","TUMARIC POWDER","","101000102","1","0","","1","","","","0",null,"27","1.00000",null,null,"1","0","1",null,null,null,"0.00000","0.00000","0","0.00000","0","0","0",null,null,"0",null,"0",null,"0",null,"#FFFFFF","#A9A9A9","",null,null,null,null,null,null,null,null,null,null,null,null,null,null,"","101000101","2021-11-10 13:55:31.0",null,null,"0","0","","1");
DELETE FROM stock_items WHERE id=101000368;
insert into stock_items(id,code,name,description,supplier_product_code,stock_item_attributes,stock_item_location,stock_item_category_id,prd_department_id,part_no,market_valuation_method,movement_method,uom_id,item_weight,qty_on_hand,unit_price,optimum_level,reorder_level,reorder_qty,preferred_supplier_id,last_purchase_unit_price,last_purchase_supplier_id,tax_id,tax_calculation_method,is_service_item,is_valid,is_manufactured,is_sellable,is_semi_finished,is_finished,sales_margin,is_sales_margin_percent,tax_percentage,qty_manufactured,top_consumption_rank,created_by,created_at,updated_by,updated_at,is_system,is_deleted) values ("101000368","779","GARLIC","",null,null,null,"1",null,null,"0",null,"27","1.00000",null,"0.00000",null,null,null,null,null,null,"1","0","0","1","0","1","0","0","0","0","0.00",null,"0","101000101","2021-11-10 01:57:17.0",null,null,"0","0");
DELETE FROM sale_items WHERE id=101000368;
insert into sale_items(id,stock_item_id,stock_item_code,code,hsn_code,is_group_item,group_item_id,is_combo_item,name,description,sub_class_id,is_valid,is_manufactured,alternative_name,is_printable_to_kitchen,name_to_print,alternative_name_to_print,barcode,is_open,qty_on_hand,uom_id,item_weight,profit_category_id,prd_department_id,tax_id,tax_exemption,tax_group_id,tax_id_home_service,tax_id_table_service,tax_id_take_away_service,fixed_price,whls_price,is_whls_price_pc,item_cost,tax_calculation_method,taxation_based_on,is_require_weighing,display_order,best_before,is_hot_item_1,hot_item_1_display_order,is_hot_item_2,hot_item_2_display_order,is_hot_item_3,hot_item_3_display_order,fg_color,bg_color,attrib1_name,attrib1_options,attrib2_name,attrib2_options,attrib3_name,attrib3_options,attrib4_name,attrib4_options,attrib5_name,attrib5_options,tag1,tag2,tag3,tag4,tag5,choice_ids,created_by,created_at,updated_by,updated_at,is_deleted,is_system,item_thumb,sys_sale_flag) values ("101000368","101000368",null,"779","","0",null,"0","GARLIC","","101000102","1","0","","1","","","","0",null,"27","1.00000",null,null,"1","0","1",null,null,null,"0.00000","0.00000","0","0.00000","0","0","0",null,null,"0",null,"0",null,"0",null,"#FFFFFF","#A9A9A9","",null,null,null,null,null,null,null,null,null,null,null,null,null,null,"","101000101","2021-11-10 13:57:17.0",null,null,"0","0","","1");
DELETE FROM stock_items WHERE id=101000369;
insert into stock_items(id,code,name,description,supplier_product_code,stock_item_attributes,stock_item_location,stock_item_category_id,prd_department_id,part_no,market_valuation_method,movement_method,uom_id,item_weight,qty_on_hand,unit_price,optimum_level,reorder_level,reorder_qty,preferred_supplier_id,last_purchase_unit_price,last_purchase_supplier_id,tax_id,tax_calculation_method,is_service_item,is_valid,is_manufactured,is_sellable,is_semi_finished,is_finished,sales_margin,is_sales_margin_percent,tax_percentage,qty_manufactured,top_consumption_rank,created_by,created_at,updated_by,updated_at,is_system,is_deleted) values ("101000369","780","DETOL SOAP","",null,null,null,"1",null,null,"0",null,"27","1.00000",null,"0.00000",null,null,null,null,null,null,"1","0","0","1","0","1","0","0","0","0","0.00",null,"0","101000101","2021-11-10 01:58:56.0",null,null,"0","0");
DELETE FROM sale_items WHERE id=101000369;
insert into sale_items(id,stock_item_id,stock_item_code,code,hsn_code,is_group_item,group_item_id,is_combo_item,name,description,sub_class_id,is_valid,is_manufactured,alternative_name,is_printable_to_kitchen,name_to_print,alternative_name_to_print,barcode,is_open,qty_on_hand,uom_id,item_weight,profit_category_id,prd_department_id,tax_id,tax_exemption,tax_group_id,tax_id_home_service,tax_id_table_service,tax_id_take_away_service,fixed_price,whls_price,is_whls_price_pc,item_cost,tax_calculation_method,taxation_based_on,is_require_weighing,display_order,best_before,is_hot_item_1,hot_item_1_display_order,is_hot_item_2,hot_item_2_display_order,is_hot_item_3,hot_item_3_display_order,fg_color,bg_color,attrib1_name,attrib1_options,attrib2_name,attrib2_options,attrib3_name,attrib3_options,attrib4_name,attrib4_options,attrib5_name,attrib5_options,tag1,tag2,tag3,tag4,tag5,choice_ids,created_by,created_at,updated_by,updated_at,is_deleted,is_system,item_thumb,sys_sale_flag) values ("101000369","101000369",null,"780","","0",null,"0","DETOL SOAP","","101000102","1","0","","1","","","","0",null,"27","1.00000",null,null,"1","0","1",null,null,null,"0.00000","0.00000","0","0.00000","0","0","0",null,null,"0",null,"0",null,"0",null,"#FFFFFF","#A9A9A9","",null,null,null,null,null,null,null,null,null,null,null,null,null,null,"","101000101","2021-11-10 13:58:56.0",null,null,"0","0","","1");
DELETE FROM stock_items WHERE id=101000370;
insert into stock_items(id,code,name,description,supplier_product_code,stock_item_attributes,stock_item_location,stock_item_category_id,prd_department_id,part_no,market_valuation_method,movement_method,uom_id,item_weight,qty_on_hand,unit_price,optimum_level,reorder_level,reorder_qty,preferred_supplier_id,last_purchase_unit_price,last_purchase_supplier_id,tax_id,tax_calculation_method,is_service_item,is_valid,is_manufactured,is_sellable,is_semi_finished,is_finished,sales_margin,is_sales_margin_percent,tax_percentage,qty_manufactured,top_consumption_rank,created_by,created_at,updated_by,updated_at,is_system,is_deleted) values ("101000370","781","CURRY LEAF","",null,null,null,"1",null,null,"0",null,"27","1.00000",null,"0.00000",null,null,null,null,null,null,"1","0","0","1","0","1","0","0","0","0","0.00",null,"0","101000101","2021-11-10 02:00:30.0",null,null,"0","0");
DELETE FROM sale_items WHERE id=101000370;
insert into sale_items(id,stock_item_id,stock_item_code,code,hsn_code,is_group_item,group_item_id,is_combo_item,name,description,sub_class_id,is_valid,is_manufactured,alternative_name,is_printable_to_kitchen,name_to_print,alternative_name_to_print,barcode,is_open,qty_on_hand,uom_id,item_weight,profit_category_id,prd_department_id,tax_id,tax_exemption,tax_group_id,tax_id_home_service,tax_id_table_service,tax_id_take_away_service,fixed_price,whls_price,is_whls_price_pc,item_cost,tax_calculation_method,taxation_based_on,is_require_weighing,display_order,best_before,is_hot_item_1,hot_item_1_display_order,is_hot_item_2,hot_item_2_display_order,is_hot_item_3,hot_item_3_display_order,fg_color,bg_color,attrib1_name,attrib1_options,attrib2_name,attrib2_options,attrib3_name,attrib3_options,attrib4_name,attrib4_options,attrib5_name,attrib5_options,tag1,tag2,tag3,tag4,tag5,choice_ids,created_by,created_at,updated_by,updated_at,is_deleted,is_system,item_thumb,sys_sale_flag) values ("101000370","101000370",null,"781","","0",null,"0","CURRY LEAF","","101000102","1","0","","1","","","","0",null,"27","1.00000",null,null,"1","0","1",null,null,null,"0.00000","0.00000","0","0.00000","0","0","0",null,null,"0",null,"0",null,"0",null,"#FFFFFF","#A9A9A9","",null,null,null,null,null,null,null,null,null,null,null,null,null,null,"","101000101","2021-11-10 14:00:30.0",null,null,"0","0","","1");
DELETE FROM stock_items WHERE id=101000371;
insert into stock_items(id,code,name,description,supplier_product_code,stock_item_attributes,stock_item_location,stock_item_category_id,prd_department_id,part_no,market_valuation_method,movement_method,uom_id,item_weight,qty_on_hand,unit_price,optimum_level,reorder_level,reorder_qty,preferred_supplier_id,last_purchase_unit_price,last_purchase_supplier_id,tax_id,tax_calculation_method,is_service_item,is_valid,is_manufactured,is_sellable,is_semi_finished,is_finished,sales_margin,is_sales_margin_percent,tax_percentage,qty_manufactured,top_consumption_rank,created_by,created_at,updated_by,updated_at,is_system,is_deleted) values ("101000371","783","MASH MELON","",null,null,null,"1",null,null,"0",null,"27","1.00000",null,"0.00000",null,null,null,null,null,null,"1","0","0","1","0","1","0","0","0","0","0.00",null,"0","101000101","2021-11-10 02:05:06.0",null,null,"0","0");
DELETE FROM sale_items WHERE id=101000371;
insert into sale_items(id,stock_item_id,stock_item_code,code,hsn_code,is_group_item,group_item_id,is_combo_item,name,description,sub_class_id,is_valid,is_manufactured,alternative_name,is_printable_to_kitchen,name_to_print,alternative_name_to_print,barcode,is_open,qty_on_hand,uom_id,item_weight,profit_category_id,prd_department_id,tax_id,tax_exemption,tax_group_id,tax_id_home_service,tax_id_table_service,tax_id_take_away_service,fixed_price,whls_price,is_whls_price_pc,item_cost,tax_calculation_method,taxation_based_on,is_require_weighing,display_order,best_before,is_hot_item_1,hot_item_1_display_order,is_hot_item_2,hot_item_2_display_order,is_hot_item_3,hot_item_3_display_order,fg_color,bg_color,attrib1_name,attrib1_options,attrib2_name,attrib2_options,attrib3_name,attrib3_options,attrib4_name,attrib4_options,attrib5_name,attrib5_options,tag1,tag2,tag3,tag4,tag5,choice_ids,created_by,created_at,updated_by,updated_at,is_deleted,is_system,item_thumb,sys_sale_flag) values ("101000371","101000371",null,"783","","0",null,"0","MASH MELON","","101000102","1","0","","1","","","","0",null,"27","1.00000",null,null,"1","0","1",null,null,null,"0.00000","0.00000","0","0.00000","0","0","0",null,null,"0",null,"0",null,"0",null,"#FFFFFF","#A9A9A9","",null,null,null,null,null,null,null,null,null,null,null,null,null,null,"","101000101","2021-11-10 14:05:06.0",null,null,"0","0","","1");
DELETE FROM stock_items WHERE id=101000372;
insert into stock_items(id,code,name,description,supplier_product_code,stock_item_attributes,stock_item_location,stock_item_category_id,prd_department_id,part_no,market_valuation_method,movement_method,uom_id,item_weight,qty_on_hand,unit_price,optimum_level,reorder_level,reorder_qty,preferred_supplier_id,last_purchase_unit_price,last_purchase_supplier_id,tax_id,tax_calculation_method,is_service_item,is_valid,is_manufactured,is_sellable,is_semi_finished,is_finished,sales_margin,is_sales_margin_percent,tax_percentage,qty_manufactured,top_consumption_rank,created_by,created_at,updated_by,updated_at,is_system,is_deleted) values ("101000372","784","SMALL  ONION","",null,null,null,"1",null,null,"0",null,"27","1.00000",null,"0.00000",null,null,null,null,null,null,"1","0","0","1","0","1","0","0","0","0","0.00",null,"0","101000101","2021-11-10 02:06:42.0",null,null,"0","0");
DELETE FROM sale_items WHERE id=101000372;
insert into sale_items(id,stock_item_id,stock_item_code,code,hsn_code,is_group_item,group_item_id,is_combo_item,name,description,sub_class_id,is_valid,is_manufactured,alternative_name,is_printable_to_kitchen,name_to_print,alternative_name_to_print,barcode,is_open,qty_on_hand,uom_id,item_weight,profit_category_id,prd_department_id,tax_id,tax_exemption,tax_group_id,tax_id_home_service,tax_id_table_service,tax_id_take_away_service,fixed_price,whls_price,is_whls_price_pc,item_cost,tax_calculation_method,taxation_based_on,is_require_weighing,display_order,best_before,is_hot_item_1,hot_item_1_display_order,is_hot_item_2,hot_item_2_display_order,is_hot_item_3,hot_item_3_display_order,fg_color,bg_color,attrib1_name,attrib1_options,attrib2_name,attrib2_options,attrib3_name,attrib3_options,attrib4_name,attrib4_options,attrib5_name,attrib5_options,tag1,tag2,tag3,tag4,tag5,choice_ids,created_by,created_at,updated_by,updated_at,is_deleted,is_system,item_thumb,sys_sale_flag) values ("101000372","101000372",null,"784","","0",null,"0","SMALL  ONION","","101000102","1","0","","1","","","","0",null,"27","1.00000",null,null,"1","0","1",null,null,null,"0.00000","0.00000","0","0.00000","0","0","0",null,null,"0",null,"0",null,"0",null,"#FFFFFF","#A9A9A9","",null,null,null,null,null,null,null,null,null,null,null,null,null,null,"","101000101","2021-11-10 14:06:42.0",null,null,"0","0","","1");
DELETE FROM stock_items WHERE id=101000373;
insert into stock_items(id,code,name,description,supplier_product_code,stock_item_attributes,stock_item_location,stock_item_category_id,prd_department_id,part_no,market_valuation_method,movement_method,uom_id,item_weight,qty_on_hand,unit_price,optimum_level,reorder_level,reorder_qty,preferred_supplier_id,last_purchase_unit_price,last_purchase_supplier_id,tax_id,tax_calculation_method,is_service_item,is_valid,is_manufactured,is_sellable,is_semi_finished,is_finished,sales_margin,is_sales_margin_percent,tax_percentage,qty_manufactured,top_consumption_rank,created_by,created_at,updated_by,updated_at,is_system,is_deleted) values ("101000373","786","GUAVA","",null,null,null,"1",null,null,"0",null,"27","1.00000",null,"0.00000",null,null,null,null,null,null,"1","0","0","1","0","1","0","0","0","0","0.00",null,"0","101000101","2021-11-10 02:09:33.0",null,null,"0","0");
DELETE FROM sale_items WHERE id=101000373;
insert into sale_items(id,stock_item_id,stock_item_code,code,hsn_code,is_group_item,group_item_id,is_combo_item,name,description,sub_class_id,is_valid,is_manufactured,alternative_name,is_printable_to_kitchen,name_to_print,alternative_name_to_print,barcode,is_open,qty_on_hand,uom_id,item_weight,profit_category_id,prd_department_id,tax_id,tax_exemption,tax_group_id,tax_id_home_service,tax_id_table_service,tax_id_take_away_service,fixed_price,whls_price,is_whls_price_pc,item_cost,tax_calculation_method,taxation_based_on,is_require_weighing,display_order,best_before,is_hot_item_1,hot_item_1_display_order,is_hot_item_2,hot_item_2_display_order,is_hot_item_3,hot_item_3_display_order,fg_color,bg_color,attrib1_name,attrib1_options,attrib2_name,attrib2_options,attrib3_name,attrib3_options,attrib4_name,attrib4_options,attrib5_name,attrib5_options,tag1,tag2,tag3,tag4,tag5,choice_ids,created_by,created_at,updated_by,updated_at,is_deleted,is_system,item_thumb,sys_sale_flag) values ("101000373","101000373",null,"786","","0",null,"0","GUAVA","","101000102","1","0","","1","","","","0",null,"27","1.00000",null,null,"1","0","1",null,null,null,"0.00000","0.00000","0","0.00000","0","0","0",null,null,"0",null,"0",null,"0",null,"#FFFFFF","#A9A9A9","",null,null,null,null,null,null,null,null,null,null,null,null,null,null,"","101000101","2021-11-10 14:09:33.0",null,null,"0","0","","1");
DELETE FROM stock_items WHERE id=101000374;
insert into stock_items(id,code,name,description,supplier_product_code,stock_item_attributes,stock_item_location,stock_item_category_id,prd_department_id,part_no,market_valuation_method,movement_method,uom_id,item_weight,qty_on_hand,unit_price,optimum_level,reorder_level,reorder_qty,preferred_supplier_id,last_purchase_unit_price,last_purchase_supplier_id,tax_id,tax_calculation_method,is_service_item,is_valid,is_manufactured,is_sellable,is_semi_finished,is_finished,sales_margin,is_sales_margin_percent,tax_percentage,qty_manufactured,top_consumption_rank,created_by,created_at,updated_by,updated_at,is_system,is_deleted) values ("101000374","787","PEARS","",null,null,null,"1",null,null,"0",null,"27","1.00000",null,"0.00000",null,null,null,null,null,null,"1","0","0","1","0","1","0","0","0","0","0.00",null,"0","101000101","2021-11-10 02:11:27.0",null,null,"0","0");
DELETE FROM sale_items WHERE id=101000374;
insert into sale_items(id,stock_item_id,stock_item_code,code,hsn_code,is_group_item,group_item_id,is_combo_item,name,description,sub_class_id,is_valid,is_manufactured,alternative_name,is_printable_to_kitchen,name_to_print,alternative_name_to_print,barcode,is_open,qty_on_hand,uom_id,item_weight,profit_category_id,prd_department_id,tax_id,tax_exemption,tax_group_id,tax_id_home_service,tax_id_table_service,tax_id_take_away_service,fixed_price,whls_price,is_whls_price_pc,item_cost,tax_calculation_method,taxation_based_on,is_require_weighing,display_order,best_before,is_hot_item_1,hot_item_1_display_order,is_hot_item_2,hot_item_2_display_order,is_hot_item_3,hot_item_3_display_order,fg_color,bg_color,attrib1_name,attrib1_options,attrib2_name,attrib2_options,attrib3_name,attrib3_options,attrib4_name,attrib4_options,attrib5_name,attrib5_options,tag1,tag2,tag3,tag4,tag5,choice_ids,created_by,created_at,updated_by,updated_at,is_deleted,is_system,item_thumb,sys_sale_flag) values ("101000374","101000374",null,"787","","0",null,"0","PEARS","","101000102","1","0","","1","","","","0",null,"27","1.00000",null,null,"1","0","1",null,null,null,"0.00000","0.00000","0","0.00000","0","0","0",null,null,"0",null,"0",null,"0",null,"#FFFFFF","#A9A9A9","",null,null,null,null,null,null,null,null,null,null,null,null,null,null,"","101000101","2021-11-10 14:11:27.0",null,null,"0","0","","1");
DELETE FROM stock_items WHERE id=101000375;
insert into stock_items(id,code,name,description,supplier_product_code,stock_item_attributes,stock_item_location,stock_item_category_id,prd_department_id,part_no,market_valuation_method,movement_method,uom_id,item_weight,qty_on_hand,unit_price,optimum_level,reorder_level,reorder_qty,preferred_supplier_id,last_purchase_unit_price,last_purchase_supplier_id,tax_id,tax_calculation_method,is_service_item,is_valid,is_manufactured,is_sellable,is_semi_finished,is_finished,sales_margin,is_sales_margin_percent,tax_percentage,qty_manufactured,top_consumption_rank,created_by,created_at,updated_by,updated_at,is_system,is_deleted) values ("101000375","788","POMOGRANITE","",null,null,null,"1",null,null,"0",null,"27","1.00000",null,"0.00000",null,null,null,null,null,null,"1","0","0","1","0","1","0","0","0","0","0.00",null,"0","101000101","2021-11-10 02:14:00.0",null,null,"0","0");
DELETE FROM sale_items WHERE id=101000375;
insert into sale_items(id,stock_item_id,stock_item_code,code,hsn_code,is_group_item,group_item_id,is_combo_item,name,description,sub_class_id,is_valid,is_manufactured,alternative_name,is_printable_to_kitchen,name_to_print,alternative_name_to_print,barcode,is_open,qty_on_hand,uom_id,item_weight,profit_category_id,prd_department_id,tax_id,tax_exemption,tax_group_id,tax_id_home_service,tax_id_table_service,tax_id_take_away_service,fixed_price,whls_price,is_whls_price_pc,item_cost,tax_calculation_method,taxation_based_on,is_require_weighing,display_order,best_before,is_hot_item_1,hot_item_1_display_order,is_hot_item_2,hot_item_2_display_order,is_hot_item_3,hot_item_3_display_order,fg_color,bg_color,attrib1_name,attrib1_options,attrib2_name,attrib2_options,attrib3_name,attrib3_options,attrib4_name,attrib4_options,attrib5_name,attrib5_options,tag1,tag2,tag3,tag4,tag5,choice_ids,created_by,created_at,updated_by,updated_at,is_deleted,is_system,item_thumb,sys_sale_flag) values ("101000375","101000375",null,"788","","0",null,"0","POMOGRANITE","","101000102","1","0","","1","","","","0",null,"27","1.00000",null,null,"1","0","1",null,null,null,"0.00000","0.00000","0","0.00000","0","0","0",null,null,"0",null,"0",null,"0",null,"#FFFFFF","#A9A9A9","",null,null,null,null,null,null,null,null,null,null,null,null,null,null,"","101000101","2021-11-10 14:14:00.0",null,null,"0","0","","1");
DELETE FROM item_classes WHERE id=101000114;
insert into item_classes(id,code,hsn_code,name,alternative_name,department_id,description,menu_id,super_class_id,tax_calculation_method,tax_id,tax_exemption,tax_group_id,display_order,print_order,account_code,fg_color,bg_color,item_thumb,created_by,created_at,updated_by,updated_at,is_deleted,is_system) values ("101000114","R01","","Restaurant","","1","",null,"101000101","0","1","0","1",null,null,"","#FFFFFF","#A9A9A9","","101000101","2021-11-13 11:41:58.0",null,null,"0","0");
DELETE FROM stock_items WHERE id=101000376;
insert into stock_items(id,code,name,description,supplier_product_code,stock_item_attributes,stock_item_location,stock_item_category_id,prd_department_id,part_no,market_valuation_method,movement_method,uom_id,item_weight,qty_on_hand,unit_price,optimum_level,reorder_level,reorder_qty,preferred_supplier_id,last_purchase_unit_price,last_purchase_supplier_id,tax_id,tax_calculation_method,is_service_item,is_valid,is_manufactured,is_sellable,is_semi_finished,is_finished,sales_margin,is_sales_margin_percent,tax_percentage,qty_manufactured,top_consumption_rank,created_by,created_at,updated_by,updated_at,is_system,is_deleted) values ("101000376","N01","Breakfast","",null,null,null,"2",null,null,"0",null,"27","1.00000",null,"400.00000",null,null,null,null,null,null,"101000102","0","0","1","0","1","0","0","0","0","0.00",null,"0","101000101","2021-11-13 11:43:28.0","101000101","2021-11-13 11:44:34.0","0","0");
DELETE FROM sale_items WHERE id=101000376;
insert into sale_items(id,stock_item_id,stock_item_code,code,hsn_code,is_group_item,group_item_id,is_combo_item,name,description,sub_class_id,is_valid,is_manufactured,alternative_name,is_printable_to_kitchen,name_to_print,alternative_name_to_print,barcode,is_open,qty_on_hand,uom_id,item_weight,profit_category_id,prd_department_id,tax_id,tax_exemption,tax_group_id,tax_id_home_service,tax_id_table_service,tax_id_take_away_service,fixed_price,whls_price,is_whls_price_pc,item_cost,tax_calculation_method,taxation_based_on,is_require_weighing,display_order,best_before,is_hot_item_1,hot_item_1_display_order,is_hot_item_2,hot_item_2_display_order,is_hot_item_3,hot_item_3_display_order,fg_color,bg_color,attrib1_name,attrib1_options,attrib2_name,attrib2_options,attrib3_name,attrib3_options,attrib4_name,attrib4_options,attrib5_name,attrib5_options,tag1,tag2,tag3,tag4,tag5,choice_ids,created_by,created_at,updated_by,updated_at,is_deleted,is_system,item_thumb,sys_sale_flag) values ("101000376","101000376",null,"N01","","0",null,"0","Breakfast","","101000114","1","0","","1","","","","1",null,"27","1.00000",null,null,"101000102","0","101000102",null,null,null,"400.00000","0.00000","0","0.00000","0","0","0",null,null,"0",null,"0",null,"0",null,"#FFFFFF","#A9A9A9","",null,null,null,null,null,null,null,null,null,null,null,null,null,null,"","101000101","2021-11-13 11:43:28.0","101000101","2021-11-13 11:44:34.0","0","0","","1");
DELETE FROM sale_item_ext WHERE id=101000376;
insert into sale_item_ext(id,kitchen_id,is_deleted,last_sync_at) values ("101000376","101000101","0","2021-11-13 11:43:28.0");
DELETE FROM taxes WHERE id=101000102;
insert into taxes(id,code,name,is_item_specific,is_tax1_applicable,tax1_percentage,is_tax2_applicable,tax2_percentage,is_tax3_applicable,tax3_percentage,is_sc_applicable,sc_percentage,is_define_gst,gst_percentage,is_tax1_included_in_gst,is_tax2_included_in_gst,is_tax3_included_in_gst,is_sc_included_in_gst,tax1_refund_rate,tax2_refund_rate,tax3_refund_rate,sc_refund_rate,gst_refund_rate,created_by,created_at,updated_by,updated_at,is_deleted,is_system) values ("101000102","TAX01","TAX 5%","0","1","2.50","1","2.50","0",null,"0",null,"0",null,"0","0","0","0","2.50000","2.50000","0.00000","0.00000","0.00000","101000101","2021-11-13 11:44:15.0",null,null,"0","0");
update stock_items set id="101000376", code="N01", name="Breakfast", description="", supplier_product_code=null, stock_item_attributes=null, stock_item_location=null, stock_item_category_id="2", prd_department_id=null, part_no=null, market_valuation_method="0", movement_method=null, uom_id="27", item_weight="1.00000", qty_on_hand=null, unit_price="400.00000", optimum_level=null, reorder_level=null, reorder_qty=null, preferred_supplier_id=null, last_purchase_unit_price=null, last_purchase_supplier_id=null, tax_id="101000102", tax_calculation_method="0", is_service_item="0", is_valid="1", is_manufactured="0", is_sellable="1", is_semi_finished="0", is_finished="0", sales_margin="0", is_sales_margin_percent="0", tax_percentage="0.00", qty_manufactured=null, top_consumption_rank="0", created_by="101000101", created_at="2021-11-13 11:43:28.0", updated_by="101000101", updated_at="2021-11-13 11:44:34.0", is_system="0", is_deleted="0" where id=101000376 and is_deleted = 0 and is_synchable = 1;
update sale_items set id="101000376", stock_item_id="101000376", stock_item_code=null, code="N01", hsn_code="", is_group_item="0", group_item_id=null, is_combo_item="0", name="Breakfast", description="", sub_class_id="101000114", is_valid="1", is_manufactured="0", alternative_name="", is_printable_to_kitchen="1", name_to_print="", alternative_name_to_print="", barcode="", is_open="1", qty_on_hand=null, uom_id="27", item_weight="1.00000", profit_category_id=null, prd_department_id=null, tax_id="101000102", tax_exemption="0", tax_group_id="101000102", tax_id_home_service=null, tax_id_table_service=null, tax_id_take_away_service=null, fixed_price="400.00000", whls_price="0.00000", is_whls_price_pc="0", item_cost="0.00000", tax_calculation_method="0", taxation_based_on="0", is_require_weighing="0", display_order=null, best_before=null, is_hot_item_1="0", hot_item_1_display_order=null, is_hot_item_2="0", hot_item_2_display_order=null, is_hot_item_3="0", hot_item_3_display_order=null, fg_color="#FFFFFF", bg_color="#A9A9A9", attrib1_name="", attrib1_options=null, attrib2_name=null, attrib2_options=null, attrib3_name=null, attrib3_options=null, attrib4_name=null, attrib4_options=null, attrib5_name=null, attrib5_options=null, tag1=null, tag2=null, tag3=null, tag4=null, tag5=null, choice_ids="", created_by="101000101", created_at="2021-11-13 11:43:28.0", updated_by="101000101", updated_at="2021-11-13 11:44:34.0", is_deleted="0", is_system="0", item_thumb="", sys_sale_flag="1" where id=101000376 and is_deleted = 0 and is_synchable = 1;
update sale_item_ext set id="101000376", kitchen_id="101000101", is_deleted="0", last_sync_at="2021-11-13 11:43:28.0" where id=101000376 and is_deleted = 0 and is_synchable = 1;
DELETE FROM stock_items WHERE id=101000377;
insert into stock_items(id,code,name,description,supplier_product_code,stock_item_attributes,stock_item_location,stock_item_category_id,prd_department_id,part_no,market_valuation_method,movement_method,uom_id,item_weight,qty_on_hand,unit_price,optimum_level,reorder_level,reorder_qty,preferred_supplier_id,last_purchase_unit_price,last_purchase_supplier_id,tax_id,tax_calculation_method,is_service_item,is_valid,is_manufactured,is_sellable,is_semi_finished,is_finished,sales_margin,is_sales_margin_percent,tax_percentage,qty_manufactured,top_consumption_rank,created_by,created_at,updated_by,updated_at,is_system,is_deleted) values ("101000377","NO2","Dinner","",null,null,null,"2",null,null,"0",null,"27","1.00000",null,"400.00000",null,null,null,null,null,null,"101000102","0","0","1","0","1","0","0","0","0","0.00",null,"0","101000101","2021-11-13 11:45:53.0",null,null,"0","0");
DELETE FROM sale_items WHERE id=101000377;
insert into sale_items(id,stock_item_id,stock_item_code,code,hsn_code,is_group_item,group_item_id,is_combo_item,name,description,sub_class_id,is_valid,is_manufactured,alternative_name,is_printable_to_kitchen,name_to_print,alternative_name_to_print,barcode,is_open,qty_on_hand,uom_id,item_weight,profit_category_id,prd_department_id,tax_id,tax_exemption,tax_group_id,tax_id_home_service,tax_id_table_service,tax_id_take_away_service,fixed_price,whls_price,is_whls_price_pc,item_cost,tax_calculation_method,taxation_based_on,is_require_weighing,display_order,best_before,is_hot_item_1,hot_item_1_display_order,is_hot_item_2,hot_item_2_display_order,is_hot_item_3,hot_item_3_display_order,fg_color,bg_color,attrib1_name,attrib1_options,attrib2_name,attrib2_options,attrib3_name,attrib3_options,attrib4_name,attrib4_options,attrib5_name,attrib5_options,tag1,tag2,tag3,tag4,tag5,choice_ids,created_by,created_at,updated_by,updated_at,is_deleted,is_system,item_thumb,sys_sale_flag) values ("101000377","101000377",null,"NO2","","0",null,"0","Dinner","","101000114","1","0","","1","","","","1",null,"27","1.00000",null,null,"101000102","0","101000102",null,null,null,"400.00000","0.00000","0","0.00000","0","0","0",null,null,"0",null,"0",null,"0",null,"#FFFFFF","#A9A9A9","",null,null,null,null,null,null,null,null,null,null,null,null,null,null,"","101000101","2021-11-13 11:45:53.0",null,null,"0","0","","1");
DELETE FROM sale_item_ext WHERE id=101000377;
insert into sale_item_ext(id,kitchen_id,is_deleted,last_sync_at) values ("101000377","101000101","0","2021-11-13 11:45:53.0");
DELETE FROM stock_items WHERE id=101000378;
insert into stock_items(id,code,name,description,supplier_product_code,stock_item_attributes,stock_item_location,stock_item_category_id,prd_department_id,part_no,market_valuation_method,movement_method,uom_id,item_weight,qty_on_hand,unit_price,optimum_level,reorder_level,reorder_qty,preferred_supplier_id,last_purchase_unit_price,last_purchase_supplier_id,tax_id,tax_calculation_method,is_service_item,is_valid,is_manufactured,is_sellable,is_semi_finished,is_finished,sales_margin,is_sales_margin_percent,tax_percentage,qty_manufactured,top_consumption_rank,created_by,created_at,updated_by,updated_at,is_system,is_deleted) values ("101000378","NO3","Lunch","",null,null,null,"2",null,null,"0",null,"27","1.00000",null,"400.00000",null,null,null,null,null,null,"101000102","0","0","1","0","1","0","0","0","0","0.00",null,"0","101000101","2021-11-13 11:46:51.0",null,null,"0","0");
DELETE FROM sale_items WHERE id=101000378;
insert into sale_items(id,stock_item_id,stock_item_code,code,hsn_code,is_group_item,group_item_id,is_combo_item,name,description,sub_class_id,is_valid,is_manufactured,alternative_name,is_printable_to_kitchen,name_to_print,alternative_name_to_print,barcode,is_open,qty_on_hand,uom_id,item_weight,profit_category_id,prd_department_id,tax_id,tax_exemption,tax_group_id,tax_id_home_service,tax_id_table_service,tax_id_take_away_service,fixed_price,whls_price,is_whls_price_pc,item_cost,tax_calculation_method,taxation_based_on,is_require_weighing,display_order,best_before,is_hot_item_1,hot_item_1_display_order,is_hot_item_2,hot_item_2_display_order,is_hot_item_3,hot_item_3_display_order,fg_color,bg_color,attrib1_name,attrib1_options,attrib2_name,attrib2_options,attrib3_name,attrib3_options,attrib4_name,attrib4_options,attrib5_name,attrib5_options,tag1,tag2,tag3,tag4,tag5,choice_ids,created_by,created_at,updated_by,updated_at,is_deleted,is_system,item_thumb,sys_sale_flag) values ("101000378","101000378",null,"NO3","","0",null,"0","Lunch","","101000114","1","0","","1","","","","1",null,"27","1.00000",null,null,"101000102","0","101000102",null,null,null,"400.00000","0.00000","0","0.00000","0","0","0",null,null,"0",null,"0",null,"0",null,"#FFFFFF","#A9A9A9","",null,null,null,null,null,null,null,null,null,null,null,null,null,null,"","101000101","2021-11-13 11:46:51.0",null,null,"0","0","","1");
DELETE FROM sale_item_ext WHERE id=101000378;
insert into sale_item_ext(id,kitchen_id,is_deleted,last_sync_at) values ("101000378","101000101","0","2021-11-13 11:46:51.0");
