DELETE FROM taxes WHERE id=101000105;
insert into taxes(id,code,name,description,is_item_specific,is_tax1_applicable,tax1_percentage,is_tax2_applicable,tax2_percentage,is_tax3_applicable,tax3_percentage,is_sc_applicable,sc_percentage,is_define_gst,gst_percentage,is_tax1_included_in_gst,is_tax2_included_in_gst,is_tax3_included_in_gst,is_sc_included_in_gst,tax1_refund_rate,tax2_refund_rate,tax3_refund_rate,sc_refund_rate,gst_refund_rate,created_by,created_at,updated_by,updated_at,is_deleted,is_system) values ("101000105","TAX12","tax12%",null,"0","1","6.00","1","6.00","0",null,"0",null,"0",null,"0","0","0","0","6.00000","6.00000","0.00000","0.00000","0.00000","0","2020-01-24 10:20:16.0",null,null,"0","0");
DELETE FROM taxes WHERE id=101000106;
insert into taxes(id,code,name,description,is_item_specific,is_tax1_applicable,tax1_percentage,is_tax2_applicable,tax2_percentage,is_tax3_applicable,tax3_percentage,is_sc_applicable,sc_percentage,is_define_gst,gst_percentage,is_tax1_included_in_gst,is_tax2_included_in_gst,is_tax3_included_in_gst,is_sc_included_in_gst,tax1_refund_rate,tax2_refund_rate,tax3_refund_rate,sc_refund_rate,gst_refund_rate,created_by,created_at,updated_by,updated_at,is_deleted,is_system) values ("101000106","TAX181","Tax18%",null,"0","1","9.00","1","9.00","0",null,"0",null,"0",null,"0","0","0","0","9.00000","9.00000","0.00000","0.00000","0.00000","0","2020-01-24 10:21:09.0",null,null,"0","0");
DELETE FROM taxes WHERE id=101000107;
insert into taxes(id,code,name,description,is_item_specific,is_tax1_applicable,tax1_percentage,is_tax2_applicable,tax2_percentage,is_tax3_applicable,tax3_percentage,is_sc_applicable,sc_percentage,is_define_gst,gst_percentage,is_tax1_included_in_gst,is_tax2_included_in_gst,is_tax3_included_in_gst,is_sc_included_in_gst,tax1_refund_rate,tax2_refund_rate,tax3_refund_rate,sc_refund_rate,gst_refund_rate,created_by,created_at,updated_by,updated_at,is_deleted,is_system) values ("101000107","TAX6","TAX6",null,"0","1","2.50","1","2.50","1","1.00","0",null,"0",null,"0","0","0","0","2.50000","2.50000","1.00000","0.00000","0.00000","0","2020-01-24 10:21:43.0",null,null,"0","0");
update item_classes set id="101000116", code="FD007", hsn_code=null, name="CHICKEN & BEEF", alternative_name="CHICKEN & BEEF", department_id="101000101", description=null, menu_id=null, super_class_id="101000101", tax_id=null, tax_exemption="0", tax_group_id=null, display_order=null, print_order=null, account_code=null, fg_color="#FFFFFF", bg_color="#0e443b", item_thumb=null, created_by="0", created_at="2020-01-24 10:15:21.0", updated_by="0", updated_at="2020-01-24 10:21:58.0", is_deleted="0", is_system="0" where id=101000116 and is_deleted = 0 and is_synchable = 1;
update item_classes set id="101000117", code="FD008", hsn_code=null, name="SPECIAL SEAFOOD", alternative_name="SPECIAL SEAFOOD", department_id="101000101", description=null, menu_id=null, super_class_id="101000101", tax_id=null, tax_exemption="0", tax_group_id=null, display_order=null, print_order=null, account_code=null, fg_color="#FFFFFF", bg_color="#1c6166", item_thumb=null, created_by="0", created_at="2020-01-24 10:15:21.0", updated_by="0", updated_at="2020-01-24 10:21:58.0", is_deleted="0", is_system="0" where id=101000117 and is_deleted = 0 and is_synchable = 1;
update item_classes set id="101000118", code="FD009", hsn_code=null, name="SEAGULL SPECIALS", alternative_name="SEAGULL SPECIALS", department_id="101000101", description=null, menu_id=null, super_class_id="101000101", tax_id=null, tax_exemption="0", tax_group_id=null, display_order=null, print_order=null, account_code=null, fg_color="#FFFFFF", bg_color="#08470b", item_thumb=null, created_by="0", created_at="2020-01-24 10:15:21.0", updated_by="0", updated_at="2020-01-24 10:21:58.0", is_deleted="0", is_system="0" where id=101000118 and is_deleted = 0 and is_synchable = 1;
update item_classes set id="101000119", code="OTH004", hsn_code=null, name="DESSERT", alternative_name="DESSERT", department_id="101000101", description=null, menu_id=null, super_class_id="101000101", tax_id=null, tax_exemption="0", tax_group_id=null, display_order=null, print_order=null, account_code=null, fg_color="#FFFFFF", bg_color="#841953", item_thumb=null, created_by="0", created_at="2020-01-24 10:15:21.0", updated_by="0", updated_at="2020-01-24 10:21:58.0", is_deleted="0", is_system="0" where id=101000119 and is_deleted = 0 and is_synchable = 1;
DELETE FROM stock_items WHERE id=101000101;
insert into stock_items(id,code,name,description,supplier_product_code,stock_item_attributes,stock_item_location,stock_item_category_id,prd_department_id,part_no,market_valuation_method,movement_method,uom_id,item_weight,qty_on_hand,unit_price,optimum_level,reorder_level,reorder_qty,preferred_supplier_id,last_purchase_unit_price,last_purchase_supplier_id,tax_id,tax_calculation_method,is_service_item,is_valid,is_manufactured,is_sellable,is_semi_finished,is_finished,sales_margin,is_sales_margin_percent,tax_percentage,qty_manufactured,top_consumption_rank,created_by,created_at,updated_by,updated_at,is_system,is_deleted) values ("101000101","LM","Fresh Lime Juice",null,null,"",null,null,null,null,"0",null,"43","1.00000",null,"50.00000",null,null,null,null,null,null,"101000101","1","0","1","0","1","0","0","0","0","0.00",null,"0","0","2020-01-24 10:21:58.0",null,null,"0","0");
DELETE FROM sale_items WHERE id=101000101;
insert into sale_items(id,stock_item_id,stock_item_code,code,hsn_code,is_group_item,group_item_id,is_combo_item,name,description,sub_class_id,is_valid,is_manufactured,alternative_name,is_printable_to_kitchen,name_to_print,alternative_name_to_print,barcode,is_open,qty_on_hand,uom_id,item_weight,profit_category_id,prd_department_id,tax_id,tax_exemption,tax_group_id,tax_id_home_service,tax_id_table_service,tax_id_take_away_service,fixed_price,whls_price,is_whls_price_pc,item_cost,tax_calculation_method,taxation_based_on,is_require_weighing,display_order,best_before,is_hot_item_1,hot_item_1_display_order,is_hot_item_2,hot_item_2_display_order,is_hot_item_3,hot_item_3_display_order,fg_color,bg_color,attrib1_name,attrib1_options,attrib2_name,attrib2_options,attrib3_name,attrib3_options,attrib4_name,attrib4_options,attrib5_name,attrib5_options,tag1,tag2,tag3,tag4,tag5,choice_ids,created_by,created_at,updated_by,updated_at,is_deleted,is_system,item_thumb,sys_sale_flag) values ("101000101","101000101",null,"LM",null,"0",null,"0","Fresh Lime Juice",null,"101000104","1","0","Fresh Lime Juice","1",null,null,null,"0",null,"43","1.00000",null,null,"101000101","0","101000101",null,null,null,"50.00000","0.00000","0","0.00000","1","0","0","0",null,"0",null,"0",null,"0",null,"#FFFFFF","#ff005f",null,null,null,null,null,null,null,null,null,null,null,null,null,null,null,null,"0","2020-01-24 10:21:58.0",null,null,"0","0",null,"1");
DELETE FROM sale_item_ext WHERE id=101000101;
insert into sale_item_ext(id,kitchen_id,is_deleted,last_sync_at) values ("101000101","101000101","0","2020-01-23 23:51:58.0");
DELETE FROM stock_items WHERE id=101000102;
insert into stock_items(id,code,name,description,supplier_product_code,stock_item_attributes,stock_item_location,stock_item_category_id,prd_department_id,part_no,market_valuation_method,movement_method,uom_id,item_weight,qty_on_hand,unit_price,optimum_level,reorder_level,reorder_qty,preferred_supplier_id,last_purchase_unit_price,last_purchase_supplier_id,tax_id,tax_calculation_method,is_service_item,is_valid,is_manufactured,is_sellable,is_semi_finished,is_finished,sales_margin,is_sales_margin_percent,tax_percentage,qty_manufactured,top_consumption_rank,created_by,created_at,updated_by,updated_at,is_system,is_deleted) values ("101000102","CL","Club Soda",null,null,"",null,null,null,null,"0",null,"43","1.00000",null,"30.00000",null,null,null,null,null,null,"101000102","0","0","1","0","1","0","0","0","0","0.00",null,"0","0","2020-01-24 10:21:58.0",null,null,"0","0");
DELETE FROM sale_items WHERE id=101000102;
insert into sale_items(id,stock_item_id,stock_item_code,code,hsn_code,is_group_item,group_item_id,is_combo_item,name,description,sub_class_id,is_valid,is_manufactured,alternative_name,is_printable_to_kitchen,name_to_print,alternative_name_to_print,barcode,is_open,qty_on_hand,uom_id,item_weight,profit_category_id,prd_department_id,tax_id,tax_exemption,tax_group_id,tax_id_home_service,tax_id_table_service,tax_id_take_away_service,fixed_price,whls_price,is_whls_price_pc,item_cost,tax_calculation_method,taxation_based_on,is_require_weighing,display_order,best_before,is_hot_item_1,hot_item_1_display_order,is_hot_item_2,hot_item_2_display_order,is_hot_item_3,hot_item_3_display_order,fg_color,bg_color,attrib1_name,attrib1_options,attrib2_name,attrib2_options,attrib3_name,attrib3_options,attrib4_name,attrib4_options,attrib5_name,attrib5_options,tag1,tag2,tag3,tag4,tag5,choice_ids,created_by,created_at,updated_by,updated_at,is_deleted,is_system,item_thumb,sys_sale_flag) values ("101000102","101000102",null,"CL",null,"0",null,"0","Club Soda",null,"101000104","1","0","Club Soda","1",null,null,null,"0",null,"43","1.00000",null,null,"101000102","0","101000102",null,null,null,"30.00000","0.00000","0","0.00000","0","0","0","0",null,"0",null,"0",null,"0",null,"#FFFFFF","#ff005f",null,null,null,null,null,null,null,null,null,null,null,null,null,null,null,null,"0","2020-01-24 10:21:58.0",null,null,"0","0",null,"1");
DELETE FROM sale_item_ext WHERE id=101000102;
insert into sale_item_ext(id,kitchen_id,is_deleted,last_sync_at) values ("101000102","101000102","0","2020-01-23 23:51:58.0");
DELETE FROM stock_items WHERE id=101000103;
insert into stock_items(id,code,name,description,supplier_product_code,stock_item_attributes,stock_item_location,stock_item_category_id,prd_department_id,part_no,market_valuation_method,movement_method,uom_id,item_weight,qty_on_hand,unit_price,optimum_level,reorder_level,reorder_qty,preferred_supplier_id,last_purchase_unit_price,last_purchase_supplier_id,tax_id,tax_calculation_method,is_service_item,is_valid,is_manufactured,is_sellable,is_semi_finished,is_finished,sales_margin,is_sales_margin_percent,tax_percentage,qty_manufactured,top_consumption_rank,created_by,created_at,updated_by,updated_at,is_system,is_deleted) values ("101000103","FR","Fresh Lime Soda",null,null,"",null,null,null,null,"0",null,"43","1.00000",null,"50.00000",null,null,null,null,null,null,"101000102","1","0","1","0","1","0","0","0","0","0.00",null,"0","0","2020-01-24 10:21:58.0",null,null,"0","0");
DELETE FROM sale_items WHERE id=101000103;
insert into sale_items(id,stock_item_id,stock_item_code,code,hsn_code,is_group_item,group_item_id,is_combo_item,name,description,sub_class_id,is_valid,is_manufactured,alternative_name,is_printable_to_kitchen,name_to_print,alternative_name_to_print,barcode,is_open,qty_on_hand,uom_id,item_weight,profit_category_id,prd_department_id,tax_id,tax_exemption,tax_group_id,tax_id_home_service,tax_id_table_service,tax_id_take_away_service,fixed_price,whls_price,is_whls_price_pc,item_cost,tax_calculation_method,taxation_based_on,is_require_weighing,display_order,best_before,is_hot_item_1,hot_item_1_display_order,is_hot_item_2,hot_item_2_display_order,is_hot_item_3,hot_item_3_display_order,fg_color,bg_color,attrib1_name,attrib1_options,attrib2_name,attrib2_options,attrib3_name,attrib3_options,attrib4_name,attrib4_options,attrib5_name,attrib5_options,tag1,tag2,tag3,tag4,tag5,choice_ids,created_by,created_at,updated_by,updated_at,is_deleted,is_system,item_thumb,sys_sale_flag) values ("101000103","101000103",null,"FR",null,"0",null,"0","Fresh Lime Soda",null,"101000104","1","0","Fresh Lime Soda","1",null,null,null,"0",null,"43","1.00000",null,null,"101000102","0","101000102",null,null,null,"50.00000","0.00000","0","0.00000","1","0","0","0",null,"0",null,"0",null,"0",null,"#FFFFFF","#e815ed",null,null,null,null,null,null,null,null,null,null,null,null,null,null,null,null,"0","2020-01-24 10:21:58.0",null,null,"0","0",null,"1");
DELETE FROM sale_item_ext WHERE id=101000103;
insert into sale_item_ext(id,kitchen_id,is_deleted,last_sync_at) values ("101000103","101000101","0","2020-01-23 23:51:58.0");
DELETE FROM stock_items WHERE id=101000104;
insert into stock_items(id,code,name,description,supplier_product_code,stock_item_attributes,stock_item_location,stock_item_category_id,prd_department_id,part_no,market_valuation_method,movement_method,uom_id,item_weight,qty_on_hand,unit_price,optimum_level,reorder_level,reorder_qty,preferred_supplier_id,last_purchase_unit_price,last_purchase_supplier_id,tax_id,tax_calculation_method,is_service_item,is_valid,is_manufactured,is_sellable,is_semi_finished,is_finished,sales_margin,is_sales_margin_percent,tax_percentage,qty_manufactured,top_consumption_rank,created_by,created_at,updated_by,updated_at,is_system,is_deleted) values ("101000104","502","Mineral Water",null,null,"",null,null,null,null,"0",null,"43","1.00000",null,"20.00000",null,null,null,null,null,null,"101000102","0","0","1","0","1","0","0","0","0","0.00",null,"0","0","2020-01-24 10:21:58.0",null,null,"0","0");
DELETE FROM sale_items WHERE id=101000104;
insert into sale_items(id,stock_item_id,stock_item_code,code,hsn_code,is_group_item,group_item_id,is_combo_item,name,description,sub_class_id,is_valid,is_manufactured,alternative_name,is_printable_to_kitchen,name_to_print,alternative_name_to_print,barcode,is_open,qty_on_hand,uom_id,item_weight,profit_category_id,prd_department_id,tax_id,tax_exemption,tax_group_id,tax_id_home_service,tax_id_table_service,tax_id_take_away_service,fixed_price,whls_price,is_whls_price_pc,item_cost,tax_calculation_method,taxation_based_on,is_require_weighing,display_order,best_before,is_hot_item_1,hot_item_1_display_order,is_hot_item_2,hot_item_2_display_order,is_hot_item_3,hot_item_3_display_order,fg_color,bg_color,attrib1_name,attrib1_options,attrib2_name,attrib2_options,attrib3_name,attrib3_options,attrib4_name,attrib4_options,attrib5_name,attrib5_options,tag1,tag2,tag3,tag4,tag5,choice_ids,created_by,created_at,updated_by,updated_at,is_deleted,is_system,item_thumb,sys_sale_flag) values ("101000104","101000104",null,"502",null,"0",null,"0","Mineral Water",null,"101000104","1","0","Mineral Water","1",null,null,null,"0",null,"43","1.00000",null,null,"101000102","0","101000102",null,null,null,"20.00000","0.00000","0","0.00000","0","0","0","0",null,"0",null,"0",null,"0",null,"#FFFFFF","#3926ad",null,null,null,null,null,null,null,null,null,null,null,null,null,null,null,null,"0","2020-01-24 10:21:58.0",null,null,"0","0",null,"1");
DELETE FROM sale_item_ext WHERE id=101000104;
insert into sale_item_ext(id,kitchen_id,is_deleted,last_sync_at) values ("101000104","101000102","0","2020-01-23 23:51:58.0");
DELETE FROM stock_items WHERE id=101000105;
insert into stock_items(id,code,name,description,supplier_product_code,stock_item_attributes,stock_item_location,stock_item_category_id,prd_department_id,part_no,market_valuation_method,movement_method,uom_id,item_weight,qty_on_hand,unit_price,optimum_level,reorder_level,reorder_qty,preferred_supplier_id,last_purchase_unit_price,last_purchase_supplier_id,tax_id,tax_calculation_method,is_service_item,is_valid,is_manufactured,is_sellable,is_semi_finished,is_finished,sales_margin,is_sales_margin_percent,tax_percentage,qty_manufactured,top_consumption_rank,created_by,created_at,updated_by,updated_at,is_system,is_deleted) values ("101000105","503","Cola",null,null,"",null,null,null,null,"0",null,"43","1.00000",null,"35.00000",null,null,null,null,null,null,"101000103","0","0","1","0","1","0","0","0","0","0.00",null,"0","0","2020-01-24 10:21:58.0",null,null,"0","0");
DELETE FROM sale_items WHERE id=101000105;
insert into sale_items(id,stock_item_id,stock_item_code,code,hsn_code,is_group_item,group_item_id,is_combo_item,name,description,sub_class_id,is_valid,is_manufactured,alternative_name,is_printable_to_kitchen,name_to_print,alternative_name_to_print,barcode,is_open,qty_on_hand,uom_id,item_weight,profit_category_id,prd_department_id,tax_id,tax_exemption,tax_group_id,tax_id_home_service,tax_id_table_service,tax_id_take_away_service,fixed_price,whls_price,is_whls_price_pc,item_cost,tax_calculation_method,taxation_based_on,is_require_weighing,display_order,best_before,is_hot_item_1,hot_item_1_display_order,is_hot_item_2,hot_item_2_display_order,is_hot_item_3,hot_item_3_display_order,fg_color,bg_color,attrib1_name,attrib1_options,attrib2_name,attrib2_options,attrib3_name,attrib3_options,attrib4_name,attrib4_options,attrib5_name,attrib5_options,tag1,tag2,tag3,tag4,tag5,choice_ids,created_by,created_at,updated_by,updated_at,is_deleted,is_system,item_thumb,sys_sale_flag) values ("101000105","101000105",null,"503",null,"0",null,"0","Cola",null,"101000104","1","0","Cola","1",null,null,null,"0",null,"43","1.00000",null,null,"101000103","0","101000103",null,null,null,"35.00000","0.00000","0","0.00000","0","0","0","0",null,"0",null,"0",null,"0",null,"#FFFFFF","#114734",null,null,null,null,null,null,null,null,null,null,null,null,null,null,null,null,"0","2020-01-24 10:21:58.0",null,null,"0","0",null,"1");
DELETE FROM sale_item_ext WHERE id=101000105;
insert into sale_item_ext(id,kitchen_id,is_deleted,last_sync_at) values ("101000105","101000102","0","2020-01-23 23:51:58.0");
DELETE FROM stock_items WHERE id=101000106;
insert into stock_items(id,code,name,description,supplier_product_code,stock_item_attributes,stock_item_location,stock_item_category_id,prd_department_id,part_no,market_valuation_method,movement_method,uom_id,item_weight,qty_on_hand,unit_price,optimum_level,reorder_level,reorder_qty,preferred_supplier_id,last_purchase_unit_price,last_purchase_supplier_id,tax_id,tax_calculation_method,is_service_item,is_valid,is_manufactured,is_sellable,is_semi_finished,is_finished,sales_margin,is_sales_margin_percent,tax_percentage,qty_manufactured,top_consumption_rank,created_by,created_at,updated_by,updated_at,is_system,is_deleted) values ("101000106","504","Diet Coke",null,null,"",null,null,null,null,"0",null,"43","1.00000",null,"30.00000",null,null,null,null,null,null,"101000103","0","0","1","0","1","0","0","0","0","0.00",null,"0","0","2020-01-24 10:21:58.0",null,null,"0","0");
DELETE FROM sale_items WHERE id=101000106;
insert into sale_items(id,stock_item_id,stock_item_code,code,hsn_code,is_group_item,group_item_id,is_combo_item,name,description,sub_class_id,is_valid,is_manufactured,alternative_name,is_printable_to_kitchen,name_to_print,alternative_name_to_print,barcode,is_open,qty_on_hand,uom_id,item_weight,profit_category_id,prd_department_id,tax_id,tax_exemption,tax_group_id,tax_id_home_service,tax_id_table_service,tax_id_take_away_service,fixed_price,whls_price,is_whls_price_pc,item_cost,tax_calculation_method,taxation_based_on,is_require_weighing,display_order,best_before,is_hot_item_1,hot_item_1_display_order,is_hot_item_2,hot_item_2_display_order,is_hot_item_3,hot_item_3_display_order,fg_color,bg_color,attrib1_name,attrib1_options,attrib2_name,attrib2_options,attrib3_name,attrib3_options,attrib4_name,attrib4_options,attrib5_name,attrib5_options,tag1,tag2,tag3,tag4,tag5,choice_ids,created_by,created_at,updated_by,updated_at,is_deleted,is_system,item_thumb,sys_sale_flag) values ("101000106","101000106",null,"504",null,"0",null,"0","Diet Coke",null,"101000104","1","0","Diet Coke","1",null,null,null,"0",null,"43","1.00000",null,null,"101000103","0","101000103",null,null,null,"30.00000","0.00000","0","0.00000","0","0","0","0",null,"0",null,"0",null,"0",null,"#FFFFFF","#126350",null,null,null,null,null,null,null,null,null,null,null,null,null,null,null,null,"0","2020-01-24 10:21:58.0",null,null,"0","0",null,"1");
DELETE FROM sale_item_ext WHERE id=101000106;
insert into sale_item_ext(id,kitchen_id,is_deleted,last_sync_at) values ("101000106","101000102","0","2020-01-23 23:51:58.0");
DELETE FROM stock_items WHERE id=101000107;
insert into stock_items(id,code,name,description,supplier_product_code,stock_item_attributes,stock_item_location,stock_item_category_id,prd_department_id,part_no,market_valuation_method,movement_method,uom_id,item_weight,qty_on_hand,unit_price,optimum_level,reorder_level,reorder_qty,preferred_supplier_id,last_purchase_unit_price,last_purchase_supplier_id,tax_id,tax_calculation_method,is_service_item,is_valid,is_manufactured,is_sellable,is_semi_finished,is_finished,sales_margin,is_sales_margin_percent,tax_percentage,qty_manufactured,top_consumption_rank,created_by,created_at,updated_by,updated_at,is_system,is_deleted) values ("101000107","506","Energy Drink",null,null,"",null,null,null,null,"0",null,"43","1.00000",null,"111.00000",null,null,null,null,null,null,"101000103","0","0","1","0","1","0","0","0","0","0.00",null,"0","0","2020-01-24 10:21:58.0",null,null,"0","0");
DELETE FROM sale_items WHERE id=101000107;
insert into sale_items(id,stock_item_id,stock_item_code,code,hsn_code,is_group_item,group_item_id,is_combo_item,name,description,sub_class_id,is_valid,is_manufactured,alternative_name,is_printable_to_kitchen,name_to_print,alternative_name_to_print,barcode,is_open,qty_on_hand,uom_id,item_weight,profit_category_id,prd_department_id,tax_id,tax_exemption,tax_group_id,tax_id_home_service,tax_id_table_service,tax_id_take_away_service,fixed_price,whls_price,is_whls_price_pc,item_cost,tax_calculation_method,taxation_based_on,is_require_weighing,display_order,best_before,is_hot_item_1,hot_item_1_display_order,is_hot_item_2,hot_item_2_display_order,is_hot_item_3,hot_item_3_display_order,fg_color,bg_color,attrib1_name,attrib1_options,attrib2_name,attrib2_options,attrib3_name,attrib3_options,attrib4_name,attrib4_options,attrib5_name,attrib5_options,tag1,tag2,tag3,tag4,tag5,choice_ids,created_by,created_at,updated_by,updated_at,is_deleted,is_system,item_thumb,sys_sale_flag) values ("101000107","101000107",null,"506",null,"0",null,"0","Energy Drink",null,"101000104","1","0","Energy Drink","1",null,null,null,"0",null,"43","1.00000",null,null,"101000103","0","101000103",null,null,null,"111.00000","0.00000","0","0.00000","0","0","0","0",null,"0",null,"0",null,"0",null,"#FFFFFF","#352808",null,null,null,null,null,null,null,null,null,null,null,null,null,null,null,null,"0","2020-01-24 10:21:58.0",null,null,"0","0",null,"1");
DELETE FROM sale_item_ext WHERE id=101000107;
insert into sale_item_ext(id,kitchen_id,is_deleted,last_sync_at) values ("101000107","101000102","0","2020-01-23 23:51:58.0");
DELETE FROM stock_items WHERE id=101000108;
insert into stock_items(id,code,name,description,supplier_product_code,stock_item_attributes,stock_item_location,stock_item_category_id,prd_department_id,part_no,market_valuation_method,movement_method,uom_id,item_weight,qty_on_hand,unit_price,optimum_level,reorder_level,reorder_qty,preferred_supplier_id,last_purchase_unit_price,last_purchase_supplier_id,tax_id,tax_calculation_method,is_service_item,is_valid,is_manufactured,is_sellable,is_semi_finished,is_finished,sales_margin,is_sales_margin_percent,tax_percentage,qty_manufactured,top_consumption_rank,created_by,created_at,updated_by,updated_at,is_system,is_deleted) values ("101000108","BLT","Black Tea",null,null,"",null,null,null,null,"0",null,"43","1.00000",null,"50.00000",null,null,null,null,null,null,"101000101","1","0","1","0","1","0","0","0","0","0.00",null,"0","0","2020-01-24 10:21:58.0",null,null,"0","0");
DELETE FROM sale_items WHERE id=101000108;
insert into sale_items(id,stock_item_id,stock_item_code,code,hsn_code,is_group_item,group_item_id,is_combo_item,name,description,sub_class_id,is_valid,is_manufactured,alternative_name,is_printable_to_kitchen,name_to_print,alternative_name_to_print,barcode,is_open,qty_on_hand,uom_id,item_weight,profit_category_id,prd_department_id,tax_id,tax_exemption,tax_group_id,tax_id_home_service,tax_id_table_service,tax_id_take_away_service,fixed_price,whls_price,is_whls_price_pc,item_cost,tax_calculation_method,taxation_based_on,is_require_weighing,display_order,best_before,is_hot_item_1,hot_item_1_display_order,is_hot_item_2,hot_item_2_display_order,is_hot_item_3,hot_item_3_display_order,fg_color,bg_color,attrib1_name,attrib1_options,attrib2_name,attrib2_options,attrib3_name,attrib3_options,attrib4_name,attrib4_options,attrib5_name,attrib5_options,tag1,tag2,tag3,tag4,tag5,choice_ids,created_by,created_at,updated_by,updated_at,is_deleted,is_system,item_thumb,sys_sale_flag) values ("101000108","101000108",null,"BLT",null,"0",null,"0","Black Tea",null,"101000105","1","0","Black Tea","1",null,null,null,"0",null,"43","1.00000",null,null,"101000101","0","101000101",null,null,null,"50.00000","0.00000","0","0.00000","1","0","0","0",null,"0",null,"0",null,"0",null,"#FFFFFF","#175f93",null,null,null,null,null,null,null,null,null,null,null,null,null,null,null,null,"0","2020-01-24 10:21:58.0",null,null,"0","0",null,"1");
DELETE FROM sale_item_ext WHERE id=101000108;
insert into sale_item_ext(id,kitchen_id,is_deleted,last_sync_at) values ("101000108","101000101","0","2020-01-23 23:51:58.0");
DELETE FROM stock_items WHERE id=101000109;
insert into stock_items(id,code,name,description,supplier_product_code,stock_item_attributes,stock_item_location,stock_item_category_id,prd_department_id,part_no,market_valuation_method,movement_method,uom_id,item_weight,qty_on_hand,unit_price,optimum_level,reorder_level,reorder_qty,preferred_supplier_id,last_purchase_unit_price,last_purchase_supplier_id,tax_id,tax_calculation_method,is_service_item,is_valid,is_manufactured,is_sellable,is_semi_finished,is_finished,sales_margin,is_sales_margin_percent,tax_percentage,qty_manufactured,top_consumption_rank,created_by,created_at,updated_by,updated_at,is_system,is_deleted) values ("101000109","T","Milk Tea",null,null,"",null,null,null,null,"0",null,"43","1.00000",null,"60.00000",null,null,null,null,null,null,"101000101","1","0","1","0","1","0","0","0","0","0.00",null,"0","0","2020-01-24 10:21:58.0",null,null,"0","0");
DELETE FROM sale_items WHERE id=101000109;
insert into sale_items(id,stock_item_id,stock_item_code,code,hsn_code,is_group_item,group_item_id,is_combo_item,name,description,sub_class_id,is_valid,is_manufactured,alternative_name,is_printable_to_kitchen,name_to_print,alternative_name_to_print,barcode,is_open,qty_on_hand,uom_id,item_weight,profit_category_id,prd_department_id,tax_id,tax_exemption,tax_group_id,tax_id_home_service,tax_id_table_service,tax_id_take_away_service,fixed_price,whls_price,is_whls_price_pc,item_cost,tax_calculation_method,taxation_based_on,is_require_weighing,display_order,best_before,is_hot_item_1,hot_item_1_display_order,is_hot_item_2,hot_item_2_display_order,is_hot_item_3,hot_item_3_display_order,fg_color,bg_color,attrib1_name,attrib1_options,attrib2_name,attrib2_options,attrib3_name,attrib3_options,attrib4_name,attrib4_options,attrib5_name,attrib5_options,tag1,tag2,tag3,tag4,tag5,choice_ids,created_by,created_at,updated_by,updated_at,is_deleted,is_system,item_thumb,sys_sale_flag) values ("101000109","101000109",null,"T",null,"0",null,"0","Milk Tea",null,"101000105","1","0","Milk Tea","1",null,null,null,"0",null,"43","1.00000",null,null,"101000101","0","101000101",null,null,null,"60.00000","0.00000","0","0.00000","1","0","0","0",null,"0",null,"0",null,"0",null,"#FFFFFF","#1c420f",null,null,null,null,null,null,null,null,null,null,null,null,null,null,null,null,"0","2020-01-24 10:21:58.0",null,null,"0","0",null,"1");
DELETE FROM sale_item_ext WHERE id=101000109;
insert into sale_item_ext(id,kitchen_id,is_deleted,last_sync_at) values ("101000109","101000102","0","2020-01-23 23:51:58.0");
DELETE FROM stock_items WHERE id=101000110;
insert into stock_items(id,code,name,description,supplier_product_code,stock_item_attributes,stock_item_location,stock_item_category_id,prd_department_id,part_no,market_valuation_method,movement_method,uom_id,item_weight,qty_on_hand,unit_price,optimum_level,reorder_level,reorder_qty,preferred_supplier_id,last_purchase_unit_price,last_purchase_supplier_id,tax_id,tax_calculation_method,is_service_item,is_valid,is_manufactured,is_sellable,is_semi_finished,is_finished,sales_margin,is_sales_margin_percent,tax_percentage,qty_manufactured,top_consumption_rank,created_by,created_at,updated_by,updated_at,is_system,is_deleted) values ("101000110","BC","Black Coffee",null,null,"",null,null,null,null,"0",null,"43","1.00000",null,"50.00000",null,null,null,null,null,null,"101000101","1","0","1","0","1","0","0","0","0","0.00",null,"0","0","2020-01-24 10:21:58.0",null,null,"0","0");
DELETE FROM sale_items WHERE id=101000110;
insert into sale_items(id,stock_item_id,stock_item_code,code,hsn_code,is_group_item,group_item_id,is_combo_item,name,description,sub_class_id,is_valid,is_manufactured,alternative_name,is_printable_to_kitchen,name_to_print,alternative_name_to_print,barcode,is_open,qty_on_hand,uom_id,item_weight,profit_category_id,prd_department_id,tax_id,tax_exemption,tax_group_id,tax_id_home_service,tax_id_table_service,tax_id_take_away_service,fixed_price,whls_price,is_whls_price_pc,item_cost,tax_calculation_method,taxation_based_on,is_require_weighing,display_order,best_before,is_hot_item_1,hot_item_1_display_order,is_hot_item_2,hot_item_2_display_order,is_hot_item_3,hot_item_3_display_order,fg_color,bg_color,attrib1_name,attrib1_options,attrib2_name,attrib2_options,attrib3_name,attrib3_options,attrib4_name,attrib4_options,attrib5_name,attrib5_options,tag1,tag2,tag3,tag4,tag5,choice_ids,created_by,created_at,updated_by,updated_at,is_deleted,is_system,item_thumb,sys_sale_flag) values ("101000110","101000110",null,"BC",null,"0",null,"0","Black Coffee",null,"101000105","1","0","Black Coffee","1",null,null,null,"0",null,"43","1.00000",null,null,"101000101","0","101000101",null,null,null,"50.00000","0.00000","0","0.00000","1","0","0","0",null,"0",null,"0",null,"0",null,"#FFFFFF","#155e68",null,null,null,null,null,null,null,null,null,null,null,null,null,null,null,null,"0","2020-01-24 10:21:58.0",null,null,"0","0",null,"1");
DELETE FROM sale_item_ext WHERE id=101000110;
insert into sale_item_ext(id,kitchen_id,is_deleted,last_sync_at) values ("101000110","101000101","0","2020-01-23 23:51:58.0");
DELETE FROM stock_items WHERE id=101000111;
insert into stock_items(id,code,name,description,supplier_product_code,stock_item_attributes,stock_item_location,stock_item_category_id,prd_department_id,part_no,market_valuation_method,movement_method,uom_id,item_weight,qty_on_hand,unit_price,optimum_level,reorder_level,reorder_qty,preferred_supplier_id,last_purchase_unit_price,last_purchase_supplier_id,tax_id,tax_calculation_method,is_service_item,is_valid,is_manufactured,is_sellable,is_semi_finished,is_finished,sales_margin,is_sales_margin_percent,tax_percentage,qty_manufactured,top_consumption_rank,created_by,created_at,updated_by,updated_at,is_system,is_deleted) values ("101000111","CFF","Milk Coffee",null,null,"",null,null,null,null,"0",null,"43","1.00000",null,"60.00000",null,null,null,null,null,null,"101000101","1","0","1","0","1","0","0","0","0","0.00",null,"0","0","2020-01-24 10:21:58.0",null,null,"0","0");
DELETE FROM sale_items WHERE id=101000111;
insert into sale_items(id,stock_item_id,stock_item_code,code,hsn_code,is_group_item,group_item_id,is_combo_item,name,description,sub_class_id,is_valid,is_manufactured,alternative_name,is_printable_to_kitchen,name_to_print,alternative_name_to_print,barcode,is_open,qty_on_hand,uom_id,item_weight,profit_category_id,prd_department_id,tax_id,tax_exemption,tax_group_id,tax_id_home_service,tax_id_table_service,tax_id_take_away_service,fixed_price,whls_price,is_whls_price_pc,item_cost,tax_calculation_method,taxation_based_on,is_require_weighing,display_order,best_before,is_hot_item_1,hot_item_1_display_order,is_hot_item_2,hot_item_2_display_order,is_hot_item_3,hot_item_3_display_order,fg_color,bg_color,attrib1_name,attrib1_options,attrib2_name,attrib2_options,attrib3_name,attrib3_options,attrib4_name,attrib4_options,attrib5_name,attrib5_options,tag1,tag2,tag3,tag4,tag5,choice_ids,created_by,created_at,updated_by,updated_at,is_deleted,is_system,item_thumb,sys_sale_flag) values ("101000111","101000111",null,"CFF",null,"0",null,"0","Milk Coffee",null,"101000105","1","0","Milk Coffee","1",null,null,null,"0",null,"43","1.00000",null,null,"101000101","0","101000101",null,null,null,"60.00000","0.00000","0","0.00000","1","0","0","0",null,"0",null,"0",null,"0",null,"#FFFFFF","#1d4240",null,null,null,null,null,null,null,null,null,null,null,null,null,null,null,null,"0","2020-01-24 10:21:58.0",null,null,"0","0",null,"1");
DELETE FROM sale_item_ext WHERE id=101000111;
insert into sale_item_ext(id,kitchen_id,is_deleted,last_sync_at) values ("101000111","101000101","0","2020-01-23 23:51:58.0");
DELETE FROM stock_items WHERE id=101000112;
insert into stock_items(id,code,name,description,supplier_product_code,stock_item_attributes,stock_item_location,stock_item_category_id,prd_department_id,part_no,market_valuation_method,movement_method,uom_id,item_weight,qty_on_hand,unit_price,optimum_level,reorder_level,reorder_qty,preferred_supplier_id,last_purchase_unit_price,last_purchase_supplier_id,tax_id,tax_calculation_method,is_service_item,is_valid,is_manufactured,is_sellable,is_semi_finished,is_finished,sales_margin,is_sales_margin_percent,tax_percentage,qty_manufactured,top_consumption_rank,created_by,created_at,updated_by,updated_at,is_system,is_deleted) values ("101000112","KFS","Kingfisher Strong",null,null,"",null,null,null,null,"0",null,"43","1.00000",null,"220.00000",null,null,null,null,null,null,"1","0","0","1","0","1","0","0","0","0","0.00",null,"0","0","2020-01-24 10:21:58.0",null,null,"0","0");
DELETE FROM sale_items WHERE id=101000112;
insert into sale_items(id,stock_item_id,stock_item_code,code,hsn_code,is_group_item,group_item_id,is_combo_item,name,description,sub_class_id,is_valid,is_manufactured,alternative_name,is_printable_to_kitchen,name_to_print,alternative_name_to_print,barcode,is_open,qty_on_hand,uom_id,item_weight,profit_category_id,prd_department_id,tax_id,tax_exemption,tax_group_id,tax_id_home_service,tax_id_table_service,tax_id_take_away_service,fixed_price,whls_price,is_whls_price_pc,item_cost,tax_calculation_method,taxation_based_on,is_require_weighing,display_order,best_before,is_hot_item_1,hot_item_1_display_order,is_hot_item_2,hot_item_2_display_order,is_hot_item_3,hot_item_3_display_order,fg_color,bg_color,attrib1_name,attrib1_options,attrib2_name,attrib2_options,attrib3_name,attrib3_options,attrib4_name,attrib4_options,attrib5_name,attrib5_options,tag1,tag2,tag3,tag4,tag5,choice_ids,created_by,created_at,updated_by,updated_at,is_deleted,is_system,item_thumb,sys_sale_flag) values ("101000112","101000112",null,"KFS",null,"0",null,"0","Kingfisher Strong",null,"101000106","1","0","Kingfisher Strong","1",null,null,null,"0",null,"43","1.00000",null,null,"1","0","1",null,null,null,"220.00000","0.00000","0","0.00000","0","0","0","0",null,"0",null,"0",null,"0",null,"#FFFFFF","#133372",null,null,null,null,null,null,null,null,null,null,null,null,null,null,null,null,"0","2020-01-24 10:21:58.0",null,null,"0","0",null,"1");
DELETE FROM sale_item_ext WHERE id=101000112;
insert into sale_item_ext(id,kitchen_id,is_deleted,last_sync_at) values ("101000112","101000102","0","2020-01-23 23:51:58.0");
DELETE FROM stock_items WHERE id=101000113;
insert into stock_items(id,code,name,description,supplier_product_code,stock_item_attributes,stock_item_location,stock_item_category_id,prd_department_id,part_no,market_valuation_method,movement_method,uom_id,item_weight,qty_on_hand,unit_price,optimum_level,reorder_level,reorder_qty,preferred_supplier_id,last_purchase_unit_price,last_purchase_supplier_id,tax_id,tax_calculation_method,is_service_item,is_valid,is_manufactured,is_sellable,is_semi_finished,is_finished,sales_margin,is_sales_margin_percent,tax_percentage,qty_manufactured,top_consumption_rank,created_by,created_at,updated_by,updated_at,is_system,is_deleted) values ("101000113","KF","K F BLUE",null,null,"",null,null,null,null,"0",null,"43","1.00000",null,"220.00000",null,null,null,null,null,null,"1","0","0","1","0","1","0","0","0","0","0.00",null,"0","0","2020-01-24 10:21:58.0",null,null,"0","0");
DELETE FROM sale_items WHERE id=101000113;
insert into sale_items(id,stock_item_id,stock_item_code,code,hsn_code,is_group_item,group_item_id,is_combo_item,name,description,sub_class_id,is_valid,is_manufactured,alternative_name,is_printable_to_kitchen,name_to_print,alternative_name_to_print,barcode,is_open,qty_on_hand,uom_id,item_weight,profit_category_id,prd_department_id,tax_id,tax_exemption,tax_group_id,tax_id_home_service,tax_id_table_service,tax_id_take_away_service,fixed_price,whls_price,is_whls_price_pc,item_cost,tax_calculation_method,taxation_based_on,is_require_weighing,display_order,best_before,is_hot_item_1,hot_item_1_display_order,is_hot_item_2,hot_item_2_display_order,is_hot_item_3,hot_item_3_display_order,fg_color,bg_color,attrib1_name,attrib1_options,attrib2_name,attrib2_options,attrib3_name,attrib3_options,attrib4_name,attrib4_options,attrib5_name,attrib5_options,tag1,tag2,tag3,tag4,tag5,choice_ids,created_by,created_at,updated_by,updated_at,is_deleted,is_system,item_thumb,sys_sale_flag) values ("101000113","101000113",null,"KF",null,"0",null,"0","K F BLUE",null,"101000106","1","0",null,"1",null,null,null,"0",null,"43","1.00000",null,null,"1","0","1",null,null,null,"220.00000","0.00000","0","0.00000","0","0","0","0",null,"0",null,"0",null,"0",null,"#FFFFFF","#2337ed",null,null,null,null,null,null,null,null,null,null,null,null,null,null,null,null,"0","2020-01-24 10:21:58.0",null,null,"0","0",null,"1");
DELETE FROM sale_item_ext WHERE id=101000113;
insert into sale_item_ext(id,kitchen_id,is_deleted,last_sync_at) values ("101000113","101000102","0","2020-01-23 23:51:58.0");
DELETE FROM stock_items WHERE id=101000114;
insert into stock_items(id,code,name,description,supplier_product_code,stock_item_attributes,stock_item_location,stock_item_category_id,prd_department_id,part_no,market_valuation_method,movement_method,uom_id,item_weight,qty_on_hand,unit_price,optimum_level,reorder_level,reorder_qty,preferred_supplier_id,last_purchase_unit_price,last_purchase_supplier_id,tax_id,tax_calculation_method,is_service_item,is_valid,is_manufactured,is_sellable,is_semi_finished,is_finished,sales_margin,is_sales_margin_percent,tax_percentage,qty_manufactured,top_consumption_rank,created_by,created_at,updated_by,updated_at,is_system,is_deleted) values ("101000114","KG","Kingfisher Lager",null,null,"",null,null,null,null,"0",null,"43","1.00000",null,"220.00000",null,null,null,null,null,null,"1","0","0","1","0","1","0","0","0","0","0.00",null,"0","0","2020-01-24 10:21:58.0",null,null,"0","0");
DELETE FROM sale_items WHERE id=101000114;
insert into sale_items(id,stock_item_id,stock_item_code,code,hsn_code,is_group_item,group_item_id,is_combo_item,name,description,sub_class_id,is_valid,is_manufactured,alternative_name,is_printable_to_kitchen,name_to_print,alternative_name_to_print,barcode,is_open,qty_on_hand,uom_id,item_weight,profit_category_id,prd_department_id,tax_id,tax_exemption,tax_group_id,tax_id_home_service,tax_id_table_service,tax_id_take_away_service,fixed_price,whls_price,is_whls_price_pc,item_cost,tax_calculation_method,taxation_based_on,is_require_weighing,display_order,best_before,is_hot_item_1,hot_item_1_display_order,is_hot_item_2,hot_item_2_display_order,is_hot_item_3,hot_item_3_display_order,fg_color,bg_color,attrib1_name,attrib1_options,attrib2_name,attrib2_options,attrib3_name,attrib3_options,attrib4_name,attrib4_options,attrib5_name,attrib5_options,tag1,tag2,tag3,tag4,tag5,choice_ids,created_by,created_at,updated_by,updated_at,is_deleted,is_system,item_thumb,sys_sale_flag) values ("101000114","101000114",null,"KG",null,"0",null,"0","Kingfisher Lager",null,"101000106","1","0","Kingfisher Lager","1",null,null,null,"0",null,"43","1.00000",null,null,"1","0","1",null,null,null,"220.00000","0.00000","0","0.00000","0","0","0","0",null,"0",null,"0",null,"0",null,"#FFFFFF","#1c6166",null,null,null,null,null,null,null,null,null,null,null,null,null,null,null,null,"0","2020-01-24 10:21:58.0",null,null,"0","0",null,"1");
DELETE FROM sale_item_ext WHERE id=101000114;
insert into sale_item_ext(id,kitchen_id,is_deleted,last_sync_at) values ("101000114","101000102","0","2020-01-23 23:51:58.0");
DELETE FROM stock_items WHERE id=101000115;
insert into stock_items(id,code,name,description,supplier_product_code,stock_item_attributes,stock_item_location,stock_item_category_id,prd_department_id,part_no,market_valuation_method,movement_method,uom_id,item_weight,qty_on_hand,unit_price,optimum_level,reorder_level,reorder_qty,preferred_supplier_id,last_purchase_unit_price,last_purchase_supplier_id,tax_id,tax_calculation_method,is_service_item,is_valid,is_manufactured,is_sellable,is_semi_finished,is_finished,sales_margin,is_sales_margin_percent,tax_percentage,qty_manufactured,top_consumption_rank,created_by,created_at,updated_by,updated_at,is_system,is_deleted) values ("101000115","KU","Kingfisher Ultra Lager",null,null,"",null,null,null,null,"0",null,"43","1.00000",null,"270.00000",null,null,null,null,null,null,"1","0","0","1","0","1","0","0","0","0","0.00",null,"0","0","2020-01-24 10:21:58.0",null,null,"0","0");
DELETE FROM sale_items WHERE id=101000115;
insert into sale_items(id,stock_item_id,stock_item_code,code,hsn_code,is_group_item,group_item_id,is_combo_item,name,description,sub_class_id,is_valid,is_manufactured,alternative_name,is_printable_to_kitchen,name_to_print,alternative_name_to_print,barcode,is_open,qty_on_hand,uom_id,item_weight,profit_category_id,prd_department_id,tax_id,tax_exemption,tax_group_id,tax_id_home_service,tax_id_table_service,tax_id_take_away_service,fixed_price,whls_price,is_whls_price_pc,item_cost,tax_calculation_method,taxation_based_on,is_require_weighing,display_order,best_before,is_hot_item_1,hot_item_1_display_order,is_hot_item_2,hot_item_2_display_order,is_hot_item_3,hot_item_3_display_order,fg_color,bg_color,attrib1_name,attrib1_options,attrib2_name,attrib2_options,attrib3_name,attrib3_options,attrib4_name,attrib4_options,attrib5_name,attrib5_options,tag1,tag2,tag3,tag4,tag5,choice_ids,created_by,created_at,updated_by,updated_at,is_deleted,is_system,item_thumb,sys_sale_flag) values ("101000115","101000115",null,"KU",null,"0",null,"0","Kingfisher Ultra Lager",null,"101000106","1","0","Kingfisher Ultra Lager","1",null,null,null,"0",null,"43","1.00000",null,null,"1","0","1",null,null,null,"270.00000","0.00000","0","0.00000","0","0","0","0",null,"0",null,"0",null,"0",null,"#FFFFFF","#08470b",null,null,null,null,null,null,null,null,null,null,null,null,null,null,null,null,"0","2020-01-24 10:21:58.0",null,null,"0","0",null,"1");
DELETE FROM sale_item_ext WHERE id=101000115;
insert into sale_item_ext(id,kitchen_id,is_deleted,last_sync_at) values ("101000115","101000102","0","2020-01-23 23:51:58.0");
DELETE FROM stock_items WHERE id=101000116;
insert into stock_items(id,code,name,description,supplier_product_code,stock_item_attributes,stock_item_location,stock_item_category_id,prd_department_id,part_no,market_valuation_method,movement_method,uom_id,item_weight,qty_on_hand,unit_price,optimum_level,reorder_level,reorder_qty,preferred_supplier_id,last_purchase_unit_price,last_purchase_supplier_id,tax_id,tax_calculation_method,is_service_item,is_valid,is_manufactured,is_sellable,is_semi_finished,is_finished,sales_margin,is_sales_margin_percent,tax_percentage,qty_manufactured,top_consumption_rank,created_by,created_at,updated_by,updated_at,is_system,is_deleted) values ("101000116","CG","Carlsberg",null,null,"",null,null,null,null,"0",null,"43","1.00000",null,"250.00000",null,null,null,null,null,null,"1","0","0","1","0","1","0","0","0","0","0.00",null,"0","0","2020-01-24 10:21:58.0",null,null,"0","0");
DELETE FROM sale_items WHERE id=101000116;
insert into sale_items(id,stock_item_id,stock_item_code,code,hsn_code,is_group_item,group_item_id,is_combo_item,name,description,sub_class_id,is_valid,is_manufactured,alternative_name,is_printable_to_kitchen,name_to_print,alternative_name_to_print,barcode,is_open,qty_on_hand,uom_id,item_weight,profit_category_id,prd_department_id,tax_id,tax_exemption,tax_group_id,tax_id_home_service,tax_id_table_service,tax_id_take_away_service,fixed_price,whls_price,is_whls_price_pc,item_cost,tax_calculation_method,taxation_based_on,is_require_weighing,display_order,best_before,is_hot_item_1,hot_item_1_display_order,is_hot_item_2,hot_item_2_display_order,is_hot_item_3,hot_item_3_display_order,fg_color,bg_color,attrib1_name,attrib1_options,attrib2_name,attrib2_options,attrib3_name,attrib3_options,attrib4_name,attrib4_options,attrib5_name,attrib5_options,tag1,tag2,tag3,tag4,tag5,choice_ids,created_by,created_at,updated_by,updated_at,is_deleted,is_system,item_thumb,sys_sale_flag) values ("101000116","101000116",null,"CG",null,"0",null,"0","Carlsberg",null,"101000106","1","0","Carlsberg","1",null,null,null,"0",null,"43","1.00000",null,null,"1","0","1",null,null,null,"250.00000","0.00000","0","0.00000","0","0","0","0",null,"0",null,"0",null,"0",null,"#FFFFFF","#841953",null,null,null,null,null,null,null,null,null,null,null,null,null,null,null,null,"0","2020-01-24 10:21:58.0",null,null,"0","0",null,"1");
DELETE FROM sale_item_ext WHERE id=101000116;
insert into sale_item_ext(id,kitchen_id,is_deleted,last_sync_at) values ("101000116","101000102","0","2020-01-23 23:51:58.0");
DELETE FROM stock_items WHERE id=101000117;
insert into stock_items(id,code,name,description,supplier_product_code,stock_item_attributes,stock_item_location,stock_item_category_id,prd_department_id,part_no,market_valuation_method,movement_method,uom_id,item_weight,qty_on_hand,unit_price,optimum_level,reorder_level,reorder_qty,preferred_supplier_id,last_purchase_unit_price,last_purchase_supplier_id,tax_id,tax_calculation_method,is_service_item,is_valid,is_manufactured,is_sellable,is_semi_finished,is_finished,sales_margin,is_sales_margin_percent,tax_percentage,qty_manufactured,top_consumption_rank,created_by,created_at,updated_by,updated_at,is_system,is_deleted) values ("101000117","ELE","Carlsberg Elephant",null,null,"",null,null,null,null,"0",null,"43","1.00000",null,"260.00000",null,null,null,null,null,null,"1","0","0","1","0","1","0","0","0","0","0.00",null,"0","0","2020-01-24 10:21:58.0",null,null,"0","0");
DELETE FROM sale_items WHERE id=101000117;
insert into sale_items(id,stock_item_id,stock_item_code,code,hsn_code,is_group_item,group_item_id,is_combo_item,name,description,sub_class_id,is_valid,is_manufactured,alternative_name,is_printable_to_kitchen,name_to_print,alternative_name_to_print,barcode,is_open,qty_on_hand,uom_id,item_weight,profit_category_id,prd_department_id,tax_id,tax_exemption,tax_group_id,tax_id_home_service,tax_id_table_service,tax_id_take_away_service,fixed_price,whls_price,is_whls_price_pc,item_cost,tax_calculation_method,taxation_based_on,is_require_weighing,display_order,best_before,is_hot_item_1,hot_item_1_display_order,is_hot_item_2,hot_item_2_display_order,is_hot_item_3,hot_item_3_display_order,fg_color,bg_color,attrib1_name,attrib1_options,attrib2_name,attrib2_options,attrib3_name,attrib3_options,attrib4_name,attrib4_options,attrib5_name,attrib5_options,tag1,tag2,tag3,tag4,tag5,choice_ids,created_by,created_at,updated_by,updated_at,is_deleted,is_system,item_thumb,sys_sale_flag) values ("101000117","101000117",null,"ELE",null,"0",null,"0","Carlsberg Elephant",null,"101000106","1","0","Carlsberg Elephant","1",null,null,null,"0",null,"43","1.00000",null,null,"1","0","1",null,null,null,"260.00000","0.00000","0","0.00000","0","0","0","0",null,"0",null,"0",null,"0",null,"#FFFFFF","#ff005f",null,null,null,null,null,null,null,null,null,null,null,null,null,null,null,null,"0","2020-01-24 10:21:58.0",null,null,"0","0",null,"1");
DELETE FROM sale_item_ext WHERE id=101000117;
insert into sale_item_ext(id,kitchen_id,is_deleted,last_sync_at) values ("101000117","101000102","0","2020-01-23 23:51:58.0");
DELETE FROM stock_items WHERE id=101000118;
insert into stock_items(id,code,name,description,supplier_product_code,stock_item_attributes,stock_item_location,stock_item_category_id,prd_department_id,part_no,market_valuation_method,movement_method,uom_id,item_weight,qty_on_hand,unit_price,optimum_level,reorder_level,reorder_qty,preferred_supplier_id,last_purchase_unit_price,last_purchase_supplier_id,tax_id,tax_calculation_method,is_service_item,is_valid,is_manufactured,is_sellable,is_semi_finished,is_finished,sales_margin,is_sales_margin_percent,tax_percentage,qty_manufactured,top_consumption_rank,created_by,created_at,updated_by,updated_at,is_system,is_deleted) values ("101000118","TUB","Tuborg",null,null,"",null,null,null,null,"0",null,"43","1.00000",null,"250.00000",null,null,null,null,null,null,"1","0","0","1","0","1","0","0","0","0","0.00",null,"0","0","2020-01-24 10:21:58.0",null,null,"0","0");
DELETE FROM sale_items WHERE id=101000118;
insert into sale_items(id,stock_item_id,stock_item_code,code,hsn_code,is_group_item,group_item_id,is_combo_item,name,description,sub_class_id,is_valid,is_manufactured,alternative_name,is_printable_to_kitchen,name_to_print,alternative_name_to_print,barcode,is_open,qty_on_hand,uom_id,item_weight,profit_category_id,prd_department_id,tax_id,tax_exemption,tax_group_id,tax_id_home_service,tax_id_table_service,tax_id_take_away_service,fixed_price,whls_price,is_whls_price_pc,item_cost,tax_calculation_method,taxation_based_on,is_require_weighing,display_order,best_before,is_hot_item_1,hot_item_1_display_order,is_hot_item_2,hot_item_2_display_order,is_hot_item_3,hot_item_3_display_order,fg_color,bg_color,attrib1_name,attrib1_options,attrib2_name,attrib2_options,attrib3_name,attrib3_options,attrib4_name,attrib4_options,attrib5_name,attrib5_options,tag1,tag2,tag3,tag4,tag5,choice_ids,created_by,created_at,updated_by,updated_at,is_deleted,is_system,item_thumb,sys_sale_flag) values ("101000118","101000118",null,"TUB",null,"0",null,"0","Tuborg",null,"101000106","1","0","Tuborg","1",null,null,null,"0",null,"43","1.00000",null,null,"1","0","1",null,null,null,"250.00000","0.00000","0","0.00000","0","0","0","0",null,"0",null,"0",null,"0",null,"#FFFFFF","#2337ed",null,null,null,null,null,null,null,null,null,null,null,null,null,null,null,null,"0","2020-01-24 10:21:58.0",null,null,"0","0",null,"1");
DELETE FROM sale_item_ext WHERE id=101000118;
insert into sale_item_ext(id,kitchen_id,is_deleted,last_sync_at) values ("101000118","101000102","0","2020-01-23 23:51:58.0");
DELETE FROM stock_items WHERE id=101000119;
insert into stock_items(id,code,name,description,supplier_product_code,stock_item_attributes,stock_item_location,stock_item_category_id,prd_department_id,part_no,market_valuation_method,movement_method,uom_id,item_weight,qty_on_hand,unit_price,optimum_level,reorder_level,reorder_qty,preferred_supplier_id,last_purchase_unit_price,last_purchase_supplier_id,tax_id,tax_calculation_method,is_service_item,is_valid,is_manufactured,is_sellable,is_semi_finished,is_finished,sales_margin,is_sales_margin_percent,tax_percentage,qty_manufactured,top_consumption_rank,created_by,created_at,updated_by,updated_at,is_system,is_deleted) values ("101000119","TU","Tuborg Strong ",null,null,"",null,null,null,null,"0",null,"43","1.00000",null,"260.00000",null,null,null,null,null,null,"1","0","0","1","0","1","0","0","0","0","0.00",null,"0","0","2020-01-24 10:21:58.0",null,null,"0","0");
DELETE FROM sale_items WHERE id=101000119;
insert into sale_items(id,stock_item_id,stock_item_code,code,hsn_code,is_group_item,group_item_id,is_combo_item,name,description,sub_class_id,is_valid,is_manufactured,alternative_name,is_printable_to_kitchen,name_to_print,alternative_name_to_print,barcode,is_open,qty_on_hand,uom_id,item_weight,profit_category_id,prd_department_id,tax_id,tax_exemption,tax_group_id,tax_id_home_service,tax_id_table_service,tax_id_take_away_service,fixed_price,whls_price,is_whls_price_pc,item_cost,tax_calculation_method,taxation_based_on,is_require_weighing,display_order,best_before,is_hot_item_1,hot_item_1_display_order,is_hot_item_2,hot_item_2_display_order,is_hot_item_3,hot_item_3_display_order,fg_color,bg_color,attrib1_name,attrib1_options,attrib2_name,attrib2_options,attrib3_name,attrib3_options,attrib4_name,attrib4_options,attrib5_name,attrib5_options,tag1,tag2,tag3,tag4,tag5,choice_ids,created_by,created_at,updated_by,updated_at,is_deleted,is_system,item_thumb,sys_sale_flag) values ("101000119","101000119",null,"TU",null,"0",null,"0","Tuborg Strong ",null,"101000106","1","0","Tuborg Strong ","1",null,null,null,"0",null,"43","1.00000",null,null,"1","0","1",null,null,null,"260.00000","0.00000","0","0.00000","0","0","0","0",null,"0",null,"0",null,"0",null,"#FFFFFF","#e815ed",null,null,null,null,null,null,null,null,null,null,null,null,null,null,null,null,"0","2020-01-24 10:21:58.0",null,null,"0","0",null,"1");
update item_classes set id="101000119", code="OTH004", hsn_code=null, name="DESSERT", alternative_name="DESSERT", department_id="101000101", description=null, menu_id=null, super_class_id="101000101", tax_id=null, tax_exemption="0", tax_group_id=null, display_order=null, print_order=null, account_code=null, fg_color="#FFFFFF", bg_color="#841953", item_thumb=null, created_by="0", created_at="2020-01-24 10:15:21.0", updated_by="0", updated_at="2020-01-24 10:21:58.0", is_deleted="0", is_system="0" where id=101000119 and is_deleted = 0 and is_synchable = 1;
update item_classes set id="101000118", code="FD009", hsn_code=null, name="SEAGULL SPECIALS", alternative_name="SEAGULL SPECIALS", department_id="101000101", description=null, menu_id=null, super_class_id="101000101", tax_id=null, tax_exemption="0", tax_group_id=null, display_order=null, print_order=null, account_code=null, fg_color="#FFFFFF", bg_color="#08470b", item_thumb=null, created_by="0", created_at="2020-01-24 10:15:21.0", updated_by="0", updated_at="2020-01-24 10:21:58.0", is_deleted="0", is_system="0" where id=101000118 and is_deleted = 0 and is_synchable = 1;
update item_classes set id="101000117", code="FD008", hsn_code=null, name="SPECIAL SEAFOOD", alternative_name="SPECIAL SEAFOOD", department_id="101000101", description=null, menu_id=null, super_class_id="101000101", tax_id=null, tax_exemption="0", tax_group_id=null, display_order=null, print_order=null, account_code=null, fg_color="#FFFFFF", bg_color="#1c6166", item_thumb=null, created_by="0", created_at="2020-01-24 10:15:21.0", updated_by="0", updated_at="2020-01-24 10:21:58.0", is_deleted="0", is_system="0" where id=101000117 and is_deleted = 0 and is_synchable = 1;
update item_classes set id="101000116", code="FD007", hsn_code=null, name="CHICKEN & BEEF", alternative_name="CHICKEN & BEEF", department_id="101000101", description=null, menu_id=null, super_class_id="101000101", tax_id=null, tax_exemption="0", tax_group_id=null, display_order=null, print_order=null, account_code=null, fg_color="#FFFFFF", bg_color="#0e443b", item_thumb=null, created_by="0", created_at="2020-01-24 10:15:21.0", updated_by="0", updated_at="2020-01-24 10:21:58.0", is_deleted="0", is_system="0" where id=101000116 and is_deleted = 0 and is_synchable = 1;
update item_classes set id="101000115", code="FD006", hsn_code=null, name="VEGETABLE DISHES", alternative_name="VEGETABLE DISHES", department_id="101000101", description=null, menu_id=null, super_class_id="101000101", tax_id=null, tax_exemption="0", tax_group_id=null, display_order=null, print_order=null, account_code=null, fg_color="#FFFFFF", bg_color="#133372", item_thumb=null, created_by="0", created_at="2020-01-24 10:15:21.0", updated_by="0", updated_at="2020-01-24 10:21:58.0", is_deleted="0", is_system="0" where id=101000115 and is_deleted = 0 and is_synchable = 1;
update item_classes set id="101000114", code="FD005", hsn_code=null, name="RICE & NOODLES", alternative_name="RICE & NOODLES", department_id="101000101", description=null, menu_id=null, super_class_id="101000101", tax_id=null, tax_exemption="0", tax_group_id=null, display_order=null, print_order=null, account_code=null, fg_color="#FFFFFF", bg_color="#1d4240", item_thumb=null, created_by="0", created_at="2020-01-24 10:15:21.0", updated_by="0", updated_at="2020-01-24 10:21:58.0", is_deleted="0", is_system="0" where id=101000114 and is_deleted = 0 and is_synchable = 1;
update item_classes set id="101000113", code="FD004", hsn_code=null, name="BREADS", alternative_name="BREADS", department_id="101000101", description=null, menu_id=null, super_class_id="101000101", tax_id=null, tax_exemption="0", tax_group_id=null, display_order=null, print_order=null, account_code=null, fg_color="#FFFFFF", bg_color="#155e68", item_thumb=null, created_by="0", created_at="2020-01-24 10:15:21.0", updated_by="0", updated_at="2020-01-24 10:21:58.0", is_deleted="0", is_system="0" where id=101000113 and is_deleted = 0 and is_synchable = 1;
update item_classes set id="101000112", code="FD003", hsn_code=null, name="SALADS", alternative_name="SALADS", department_id="101000101", description=null, menu_id=null, super_class_id="101000101", tax_id=null, tax_exemption="0", tax_group_id=null, display_order=null, print_order=null, account_code=null, fg_color="#FFFFFF", bg_color="#1c420f", item_thumb=null, created_by="0", created_at="2020-01-24 10:15:21.0", updated_by="0", updated_at="2020-01-24 10:21:58.0", is_deleted="0", is_system="0" where id=101000112 and is_deleted = 0 and is_synchable = 1;
update item_classes set id="101000111", code="FD002", hsn_code=null, name="SHORTEATS (NON-VEG)", alternative_name="SHORTEATS (NON-VEG)", department_id="101000101", description=null, menu_id=null, super_class_id="101000101", tax_id=null, tax_exemption="0", tax_group_id=null, display_order=null, print_order=null, account_code=null, fg_color="#FFFFFF", bg_color="#175f93", item_thumb=null, created_by="0", created_at="2020-01-24 10:15:21.0", updated_by="0", updated_at="2020-01-24 10:21:58.0", is_deleted="0", is_system="0" where id=101000111 and is_deleted = 0 and is_synchable = 1;
update item_classes set id="101000110", code="FD001", hsn_code=null, name="SHORTEATS (VEG)", alternative_name="SHORTEATS (VEG)", department_id="101000101", description=null, menu_id=null, super_class_id="101000101", tax_id=null, tax_exemption="0", tax_group_id=null, display_order=null, print_order=null, account_code=null, fg_color="#FFFFFF", bg_color="#352808", item_thumb=null, created_by="0", created_at="2020-01-24 10:15:21.0", updated_by="0", updated_at="2020-01-24 10:21:58.0", is_deleted="0", is_system="0" where id=101000110 and is_deleted = 0 and is_synchable = 1;
update item_classes set id="101000109", code="OTH003", hsn_code=null, name="SOUPS", alternative_name="SOUPS", department_id="101000101", description=null, menu_id=null, super_class_id="101000101", tax_id=null, tax_exemption="0", tax_group_id=null, display_order=null, print_order=null, account_code=null, fg_color="#FFFFFF", bg_color="#126350", item_thumb=null, created_by="0", created_at="2020-01-24 10:15:21.0", updated_by="0", updated_at="2020-01-24 10:21:58.0", is_deleted="0", is_system="0" where id=101000109 and is_deleted = 0 and is_synchable = 1;
update item_classes set id="101000105", code="OTH002", hsn_code=null, name="TEA & COFFEE", alternative_name="TEA & COFFEE", department_id="101000101", description=null, menu_id=null, super_class_id="101000101", tax_id=null, tax_exemption="0", tax_group_id=null, display_order=null, print_order=null, account_code=null, fg_color="#FFFFFF", bg_color="#2337ed", item_thumb=null, created_by="0", created_at="2020-01-24 10:15:21.0", updated_by="0", updated_at="2020-01-24 10:21:58.0", is_deleted="0", is_system="0" where id=101000105 and is_deleted = 0 and is_synchable = 1;
update item_classes set id="101000101", code="FOOD", hsn_code=null, name="FOOD", alternative_name="FOOD", department_id="101000101", description=null, menu_id=null, super_class_id=null, tax_id=null, tax_exemption="0", tax_group_id=null, display_order=null, print_order=null, account_code=null, fg_color=null, bg_color=null, item_thumb=null, created_by="0", created_at="2020-01-24 10:15:21.0", updated_by="0", updated_at="2020-01-24 10:21:58.0", is_deleted="0", is_system="0" where id=101000101 and is_deleted = 0 and is_synchable = 1;
update item_classes set id="101000108", code="LIQ003", hsn_code=null, name="CHAMPAGNE", alternative_name="CHAMPAGNE", department_id="101000102", description=null, menu_id=null, super_class_id="101000102", tax_id=null, tax_exemption="0", tax_group_id=null, display_order=null, print_order=null, account_code=null, fg_color="#FFFFFF", bg_color="#114734", item_thumb=null, created_by="0", created_at="2020-01-24 10:15:21.0", updated_by="0", updated_at="2020-01-24 10:21:58.0", is_deleted="0", is_system="0" where id=101000108 and is_deleted = 0 and is_synchable = 1;
update item_classes set id="101000107", code="LIQ002", hsn_code=null, name="WINE", alternative_name="WINE", department_id="101000102", description=null, menu_id=null, super_class_id="101000102", tax_id=null, tax_exemption="0", tax_group_id=null, display_order=null, print_order=null, account_code=null, fg_color="#FFFFFF", bg_color="#3926ad", item_thumb=null, created_by="0", created_at="2020-01-24 10:15:21.0", updated_by="0", updated_at="2020-01-24 10:21:58.0", is_deleted="0", is_system="0" where id=101000107 and is_deleted = 0 and is_synchable = 1;
update item_classes set id="101000106", code="LIQ001", hsn_code=null, name="BEER", alternative_name="BEER", department_id="101000102", description=null, menu_id=null, super_class_id="101000102", tax_id=null, tax_exemption="0", tax_group_id=null, display_order=null, print_order=null, account_code=null, fg_color="#FFFFFF", bg_color="#e815ed", item_thumb=null, created_by="0", created_at="2020-01-24 10:15:21.0", updated_by="0", updated_at="2020-01-24 10:21:58.0", is_deleted="0", is_system="0" where id=101000106 and is_deleted = 0 and is_synchable = 1;
update item_classes set id="101000102", code="LIQUOR", hsn_code=null, name="LIQUOR", alternative_name="LIQUOR", department_id="101000102", description=null, menu_id=null, super_class_id=null, tax_id=null, tax_exemption="0", tax_group_id=null, display_order=null, print_order=null, account_code=null, fg_color=null, bg_color=null, item_thumb=null, created_by="0", created_at="2020-01-24 10:15:21.0", updated_by="0", updated_at="2020-01-24 10:21:58.0", is_deleted="0", is_system="0" where id=101000102 and is_deleted = 0 and is_synchable = 1;
update item_classes set id="101000104", code="OTH001", hsn_code=null, name="REFRESHMENTS", alternative_name="REFRESHMENTS", department_id="1", description=null, menu_id=null, super_class_id="101000103", tax_id=null, tax_exemption="0", tax_group_id=null, display_order=null, print_order=null, account_code=null, fg_color="#FFFFFF", bg_color="#ff005f", item_thumb=null, created_by="0", created_at="2020-01-24 10:15:21.0", updated_by="0", updated_at="2020-01-24 10:21:58.0", is_deleted="0", is_system="0" where id=101000104 and is_deleted = 0 and is_synchable = 1;
update item_classes set id="101000103", code="OTHERS", hsn_code=null, name="OTHERS", alternative_name="OTHERS", department_id="1", description=null, menu_id=null, super_class_id=null, tax_id=null, tax_exemption="0", tax_group_id=null, display_order=null, print_order=null, account_code=null, fg_color=null, bg_color=null, item_thumb=null, created_by="0", created_at="2020-01-24 10:15:21.0", updated_by="0", updated_at="2020-01-24 10:21:58.0", is_deleted="0", is_system="0" where id=101000103 and is_deleted = 0 and is_synchable = 1;
update item_classes set id="101000104", code="OTH001", hsn_code=null, name="REFRESHMENTS", alternative_name="REFRESHMENTS", department_id="1", description=null, menu_id=null, super_class_id="101000103", tax_id=null, tax_exemption="0", tax_group_id=null, display_order=null, print_order=null, account_code=null, fg_color="#FFFFFF", bg_color="#ff005f", item_thumb=null, created_by="0", created_at="2020-01-24 10:15:21.0", updated_by="0", updated_at="2020-01-24 10:21:58.0", is_deleted="0", is_system="0" where id=101000104 and is_deleted = 0 and is_synchable = 1;
update item_classes set id="101000105", code="OTH002", hsn_code=null, name="TEA & COFFEE", alternative_name="TEA & COFFEE", department_id="101000101", description=null, menu_id=null, super_class_id="101000101", tax_id=null, tax_exemption="0", tax_group_id=null, display_order=null, print_order=null, account_code=null, fg_color="#FFFFFF", bg_color="#2337ed", item_thumb=null, created_by="0", created_at="2020-01-24 10:15:21.0", updated_by="0", updated_at="2020-01-24 10:21:58.0", is_deleted="0", is_system="0" where id=101000105 and is_deleted = 0 and is_synchable = 1;
update item_classes set id="101000106", code="LIQ001", hsn_code=null, name="BEER", alternative_name="BEER", department_id="101000102", description=null, menu_id=null, super_class_id="101000102", tax_id=null, tax_exemption="0", tax_group_id=null, display_order=null, print_order=null, account_code=null, fg_color="#FFFFFF", bg_color="#e815ed", item_thumb=null, created_by="0", created_at="2020-01-24 10:15:21.0", updated_by="0", updated_at="2020-01-24 10:21:58.0", is_deleted="0", is_system="0" where id=101000106 and is_deleted = 0 and is_synchable = 1;
update item_classes set id="101000107", code="LIQ002", hsn_code=null, name="WINE", alternative_name="WINE", department_id="101000102", description=null, menu_id=null, super_class_id="101000102", tax_id=null, tax_exemption="0", tax_group_id=null, display_order=null, print_order=null, account_code=null, fg_color="#FFFFFF", bg_color="#3926ad", item_thumb=null, created_by="0", created_at="2020-01-24 10:15:21.0", updated_by="0", updated_at="2020-01-24 10:21:58.0", is_deleted="0", is_system="0" where id=101000107 and is_deleted = 0 and is_synchable = 1;
update item_classes set id="101000108", code="LIQ003", hsn_code=null, name="CHAMPAGNE", alternative_name="CHAMPAGNE", department_id="101000102", description=null, menu_id=null, super_class_id="101000102", tax_id=null, tax_exemption="0", tax_group_id=null, display_order=null, print_order=null, account_code=null, fg_color="#FFFFFF", bg_color="#114734", item_thumb=null, created_by="0", created_at="2020-01-24 10:15:21.0", updated_by="0", updated_at="2020-01-24 10:21:58.0", is_deleted="0", is_system="0" where id=101000108 and is_deleted = 0 and is_synchable = 1;
update item_classes set id="101000109", code="OTH003", hsn_code=null, name="SOUPS", alternative_name="SOUPS", department_id="101000101", description=null, menu_id=null, super_class_id="101000101", tax_id=null, tax_exemption="0", tax_group_id=null, display_order=null, print_order=null, account_code=null, fg_color="#FFFFFF", bg_color="#126350", item_thumb=null, created_by="0", created_at="2020-01-24 10:15:21.0", updated_by="0", updated_at="2020-01-24 10:21:58.0", is_deleted="0", is_system="0" where id=101000109 and is_deleted = 0 and is_synchable = 1;
update item_classes set id="101000110", code="FD001", hsn_code=null, name="SHORTEATS (VEG)", alternative_name="SHORTEATS (VEG)", department_id="101000101", description=null, menu_id=null, super_class_id="101000101", tax_id=null, tax_exemption="0", tax_group_id=null, display_order=null, print_order=null, account_code=null, fg_color="#FFFFFF", bg_color="#352808", item_thumb=null, created_by="0", created_at="2020-01-24 10:15:21.0", updated_by="0", updated_at="2020-01-24 10:21:58.0", is_deleted="0", is_system="0" where id=101000110 and is_deleted = 0 and is_synchable = 1;
update item_classes set id="101000111", code="FD002", hsn_code=null, name="SHORTEATS (NON-VEG)", alternative_name="SHORTEATS (NON-VEG)", department_id="101000101", description=null, menu_id=null, super_class_id="101000101", tax_id=null, tax_exemption="0", tax_group_id=null, display_order=null, print_order=null, account_code=null, fg_color="#FFFFFF", bg_color="#175f93", item_thumb=null, created_by="0", created_at="2020-01-24 10:15:21.0", updated_by="0", updated_at="2020-01-24 10:21:58.0", is_deleted="0", is_system="0" where id=101000111 and is_deleted = 0 and is_synchable = 1;
update item_classes set id="101000112", code="FD003", hsn_code=null, name="SALADS", alternative_name="SALADS", department_id="101000101", description=null, menu_id=null, super_class_id="101000101", tax_id=null, tax_exemption="0", tax_group_id=null, display_order=null, print_order=null, account_code=null, fg_color="#FFFFFF", bg_color="#1c420f", item_thumb=null, created_by="0", created_at="2020-01-24 10:15:21.0", updated_by="0", updated_at="2020-01-24 10:21:58.0", is_deleted="0", is_system="0" where id=101000112 and is_deleted = 0 and is_synchable = 1;
update item_classes set id="101000113", code="FD004", hsn_code=null, name="BREADS", alternative_name="BREADS", department_id="101000101", description=null, menu_id=null, super_class_id="101000101", tax_id=null, tax_exemption="0", tax_group_id=null, display_order=null, print_order=null, account_code=null, fg_color="#FFFFFF", bg_color="#155e68", item_thumb=null, created_by="0", created_at="2020-01-24 10:15:21.0", updated_by="0", updated_at="2020-01-24 10:21:58.0", is_deleted="0", is_system="0" where id=101000113 and is_deleted = 0 and is_synchable = 1;
update item_classes set id="101000114", code="FD005", hsn_code=null, name="RICE & NOODLES", alternative_name="RICE & NOODLES", department_id="101000101", description=null, menu_id=null, super_class_id="101000101", tax_id=null, tax_exemption="0", tax_group_id=null, display_order=null, print_order=null, account_code=null, fg_color="#FFFFFF", bg_color="#1d4240", item_thumb=null, created_by="0", created_at="2020-01-24 10:15:21.0", updated_by="0", updated_at="2020-01-24 10:21:58.0", is_deleted="0", is_system="0" where id=101000114 and is_deleted = 0 and is_synchable = 1;
update item_classes set id="101000115", code="FD006", hsn_code=null, name="VEGETABLE DISHES", alternative_name="VEGETABLE DISHES", department_id="101000101", description=null, menu_id=null, super_class_id="101000101", tax_id=null, tax_exemption="0", tax_group_id=null, display_order=null, print_order=null, account_code=null, fg_color="#FFFFFF", bg_color="#133372", item_thumb=null, created_by="0", created_at="2020-01-24 10:15:21.0", updated_by="0", updated_at="2020-01-24 10:21:58.0", is_deleted="0", is_system="0" where id=101000115 and is_deleted = 0 and is_synchable = 1;
DELETE FROM sale_item_ext WHERE id=101000119;
insert into sale_item_ext(id,kitchen_id,is_deleted,last_sync_at) values ("101000119","101000102","0","2020-01-23 23:51:58.0");
DELETE FROM stock_items WHERE id=101000120;
insert into stock_items(id,code,name,description,supplier_product_code,stock_item_attributes,stock_item_location,stock_item_category_id,prd_department_id,part_no,market_valuation_method,movement_method,uom_id,item_weight,qty_on_hand,unit_price,optimum_level,reorder_level,reorder_qty,preferred_supplier_id,last_purchase_unit_price,last_purchase_supplier_id,tax_id,tax_calculation_method,is_service_item,is_valid,is_manufactured,is_sellable,is_semi_finished,is_finished,sales_margin,is_sales_margin_percent,tax_percentage,qty_manufactured,top_consumption_rank,created_by,created_at,updated_by,updated_at,is_system,is_deleted) values ("101000120","BGB","Budwiser Premium",null,null,"",null,null,null,null,"0",null,"43","1.00000",null,"250.00000",null,null,null,null,null,null,"1","0","0","1","0","1","0","0","0","0","0.00",null,"0","0","2020-01-24 10:21:59.0",null,null,"0","0");
DELETE FROM sale_items WHERE id=101000120;
insert into sale_items(id,stock_item_id,stock_item_code,code,hsn_code,is_group_item,group_item_id,is_combo_item,name,description,sub_class_id,is_valid,is_manufactured,alternative_name,is_printable_to_kitchen,name_to_print,alternative_name_to_print,barcode,is_open,qty_on_hand,uom_id,item_weight,profit_category_id,prd_department_id,tax_id,tax_exemption,tax_group_id,tax_id_home_service,tax_id_table_service,tax_id_take_away_service,fixed_price,whls_price,is_whls_price_pc,item_cost,tax_calculation_method,taxation_based_on,is_require_weighing,display_order,best_before,is_hot_item_1,hot_item_1_display_order,is_hot_item_2,hot_item_2_display_order,is_hot_item_3,hot_item_3_display_order,fg_color,bg_color,attrib1_name,attrib1_options,attrib2_name,attrib2_options,attrib3_name,attrib3_options,attrib4_name,attrib4_options,attrib5_name,attrib5_options,tag1,tag2,tag3,tag4,tag5,choice_ids,created_by,created_at,updated_by,updated_at,is_deleted,is_system,item_thumb,sys_sale_flag) values ("101000120","101000120",null,"BGB",null,"0",null,"0","Budwiser Premium",null,"101000106","1","0","Budwiser Premium","1",null,null,null,"0",null,"43","1.00000",null,null,"1","0","1",null,null,null,"250.00000","0.00000","0","0.00000","0","0","0","0",null,"0",null,"0",null,"0",null,"#FFFFFF","#3926ad",null,null,null,null,null,null,null,null,null,null,null,null,null,null,null,null,"0","2020-01-24 10:21:59.0",null,null,"0","0",null,"1");
DELETE FROM sale_item_ext WHERE id=101000120;
insert into sale_item_ext(id,kitchen_id,is_deleted,last_sync_at) values ("101000120","101000102","0","2020-01-23 23:51:59.0");
DELETE FROM stock_items WHERE id=101000121;
insert into stock_items(id,code,name,description,supplier_product_code,stock_item_attributes,stock_item_location,stock_item_category_id,prd_department_id,part_no,market_valuation_method,movement_method,uom_id,item_weight,qty_on_hand,unit_price,optimum_level,reorder_level,reorder_qty,preferred_supplier_id,last_purchase_unit_price,last_purchase_supplier_id,tax_id,tax_calculation_method,is_service_item,is_valid,is_manufactured,is_sellable,is_semi_finished,is_finished,sales_margin,is_sales_margin_percent,tax_percentage,qty_manufactured,top_consumption_rank,created_by,created_at,updated_by,updated_at,is_system,is_deleted) values ("101000121","BW","Budwiser Magnum",null,null,"",null,null,null,null,"0",null,"43","1.00000",null,"270.00000",null,null,null,null,null,null,"1","0","0","1","0","1","0","0","0","0","0.00",null,"0","0","2020-01-24 10:21:59.0",null,null,"0","0");
DELETE FROM sale_items WHERE id=101000121;
insert into sale_items(id,stock_item_id,stock_item_code,code,hsn_code,is_group_item,group_item_id,is_combo_item,name,description,sub_class_id,is_valid,is_manufactured,alternative_name,is_printable_to_kitchen,name_to_print,alternative_name_to_print,barcode,is_open,qty_on_hand,uom_id,item_weight,profit_category_id,prd_department_id,tax_id,tax_exemption,tax_group_id,tax_id_home_service,tax_id_table_service,tax_id_take_away_service,fixed_price,whls_price,is_whls_price_pc,item_cost,tax_calculation_method,taxation_based_on,is_require_weighing,display_order,best_before,is_hot_item_1,hot_item_1_display_order,is_hot_item_2,hot_item_2_display_order,is_hot_item_3,hot_item_3_display_order,fg_color,bg_color,attrib1_name,attrib1_options,attrib2_name,attrib2_options,attrib3_name,attrib3_options,attrib4_name,attrib4_options,attrib5_name,attrib5_options,tag1,tag2,tag3,tag4,tag5,choice_ids,created_by,created_at,updated_by,updated_at,is_deleted,is_system,item_thumb,sys_sale_flag) values ("101000121","101000121",null,"BW",null,"0",null,"0","Budwiser Magnum",null,"101000106","1","0","Budwiser Magnum","1",null,null,null,"0",null,"43","1.00000",null,null,"1","0","1",null,null,null,"270.00000","0.00000","0","0.00000","0","0","0","0",null,"0",null,"0",null,"0",null,"#FFFFFF","#114734",null,null,null,null,null,null,null,null,null,null,null,null,null,null,null,null,"0","2020-01-24 10:21:59.0",null,null,"0","0",null,"1");
DELETE FROM sale_item_ext WHERE id=101000121;
insert into sale_item_ext(id,kitchen_id,is_deleted,last_sync_at) values ("101000121","101000102","0","2020-01-23 23:51:59.0");
DELETE FROM stock_items WHERE id=101000122;
insert into stock_items(id,code,name,description,supplier_product_code,stock_item_attributes,stock_item_location,stock_item_category_id,prd_department_id,part_no,market_valuation_method,movement_method,uom_id,item_weight,qty_on_hand,unit_price,optimum_level,reorder_level,reorder_qty,preferred_supplier_id,last_purchase_unit_price,last_purchase_supplier_id,tax_id,tax_calculation_method,is_service_item,is_valid,is_manufactured,is_sellable,is_semi_finished,is_finished,sales_margin,is_sales_margin_percent,tax_percentage,qty_manufactured,top_consumption_rank,created_by,created_at,updated_by,updated_at,is_system,is_deleted) values ("101000122","MHL","Miller High Life",null,null,"",null,null,null,null,"0",null,"43","1.00000",null,"270.00000",null,null,null,null,null,null,"1","0","0","1","0","1","0","0","0","0","0.00",null,"0","0","2020-01-24 10:21:59.0",null,null,"0","0");
DELETE FROM sale_items WHERE id=101000122;
insert into sale_items(id,stock_item_id,stock_item_code,code,hsn_code,is_group_item,group_item_id,is_combo_item,name,description,sub_class_id,is_valid,is_manufactured,alternative_name,is_printable_to_kitchen,name_to_print,alternative_name_to_print,barcode,is_open,qty_on_hand,uom_id,item_weight,profit_category_id,prd_department_id,tax_id,tax_exemption,tax_group_id,tax_id_home_service,tax_id_table_service,tax_id_take_away_service,fixed_price,whls_price,is_whls_price_pc,item_cost,tax_calculation_method,taxation_based_on,is_require_weighing,display_order,best_before,is_hot_item_1,hot_item_1_display_order,is_hot_item_2,hot_item_2_display_order,is_hot_item_3,hot_item_3_display_order,fg_color,bg_color,attrib1_name,attrib1_options,attrib2_name,attrib2_options,attrib3_name,attrib3_options,attrib4_name,attrib4_options,attrib5_name,attrib5_options,tag1,tag2,tag3,tag4,tag5,choice_ids,created_by,created_at,updated_by,updated_at,is_deleted,is_system,item_thumb,sys_sale_flag) values ("101000122","101000122",null,"MHL",null,"0",null,"0","Miller High Life",null,"101000106","1","0","Miller High Life","1",null,null,null,"0",null,"43","1.00000",null,null,"1","0","1",null,null,null,"270.00000","0.00000","0","0.00000","0","0","0","0",null,"0",null,"0",null,"0",null,"#FFFFFF","#126350",null,null,null,null,null,null,null,null,null,null,null,null,null,null,null,null,"0","2020-01-24 10:21:59.0",null,null,"0","0",null,"1");
DELETE FROM sale_item_ext WHERE id=101000122;
insert into sale_item_ext(id,kitchen_id,is_deleted,last_sync_at) values ("101000122","101000102","0","2020-01-23 23:51:59.0");
DELETE FROM stock_items WHERE id=101000123;
insert into stock_items(id,code,name,description,supplier_product_code,stock_item_attributes,stock_item_location,stock_item_category_id,prd_department_id,part_no,market_valuation_method,movement_method,uom_id,item_weight,qty_on_hand,unit_price,optimum_level,reorder_level,reorder_qty,preferred_supplier_id,last_purchase_unit_price,last_purchase_supplier_id,tax_id,tax_calculation_method,is_service_item,is_valid,is_manufactured,is_sellable,is_semi_finished,is_finished,sales_margin,is_sales_margin_percent,tax_percentage,qty_manufactured,top_consumption_rank,created_by,created_at,updated_by,updated_at,is_system,is_deleted) values ("101000123","MAB","Miller Ace",null,null,"",null,null,null,null,"0",null,"43","1.00000",null,"280.00000",null,null,null,null,null,null,"1","0","0","1","0","1","0","0","0","0","0.00",null,"0","0","2020-01-24 10:21:59.0",null,null,"0","0");
DELETE FROM sale_items WHERE id=101000123;
insert into sale_items(id,stock_item_id,stock_item_code,code,hsn_code,is_group_item,group_item_id,is_combo_item,name,description,sub_class_id,is_valid,is_manufactured,alternative_name,is_printable_to_kitchen,name_to_print,alternative_name_to_print,barcode,is_open,qty_on_hand,uom_id,item_weight,profit_category_id,prd_department_id,tax_id,tax_exemption,tax_group_id,tax_id_home_service,tax_id_table_service,tax_id_take_away_service,fixed_price,whls_price,is_whls_price_pc,item_cost,tax_calculation_method,taxation_based_on,is_require_weighing,display_order,best_before,is_hot_item_1,hot_item_1_display_order,is_hot_item_2,hot_item_2_display_order,is_hot_item_3,hot_item_3_display_order,fg_color,bg_color,attrib1_name,attrib1_options,attrib2_name,attrib2_options,attrib3_name,attrib3_options,attrib4_name,attrib4_options,attrib5_name,attrib5_options,tag1,tag2,tag3,tag4,tag5,choice_ids,created_by,created_at,updated_by,updated_at,is_deleted,is_system,item_thumb,sys_sale_flag) values ("101000123","101000123",null,"MAB",null,"0",null,"0","Miller Ace",null,"101000106","1","0","Miller Ace","1",null,null,null,"0",null,"43","1.00000",null,null,"1","0","1",null,null,null,"280.00000","0.00000","0","0.00000","0","0","0","0",null,"0",null,"0",null,"0",null,"#FFFFFF","#352808",null,null,null,null,null,null,null,null,null,null,null,null,null,null,null,null,"0","2020-01-24 10:21:59.0",null,null,"0","0",null,"1");
DELETE FROM sale_item_ext WHERE id=101000123;
insert into sale_item_ext(id,kitchen_id,is_deleted,last_sync_at) values ("101000123","101000102","0","2020-01-23 23:51:59.0");
DELETE FROM stock_items WHERE id=101000124;
insert into stock_items(id,code,name,description,supplier_product_code,stock_item_attributes,stock_item_location,stock_item_category_id,prd_department_id,part_no,market_valuation_method,movement_method,uom_id,item_weight,qty_on_hand,unit_price,optimum_level,reorder_level,reorder_qty,preferred_supplier_id,last_purchase_unit_price,last_purchase_supplier_id,tax_id,tax_calculation_method,is_service_item,is_valid,is_manufactured,is_sellable,is_semi_finished,is_finished,sales_margin,is_sales_margin_percent,tax_percentage,qty_manufactured,top_consumption_rank,created_by,created_at,updated_by,updated_at,is_system,is_deleted) values ("101000124","HK","Heineken",null,null,"",null,null,null,null,"0",null,"43","1.00000",null,"320.00000",null,null,null,null,null,null,"1","0","0","1","0","1","0","0","0","0","0.00",null,"0","0","2020-01-24 10:21:59.0",null,null,"0","0");
DELETE FROM sale_items WHERE id=101000124;
insert into sale_items(id,stock_item_id,stock_item_code,code,hsn_code,is_group_item,group_item_id,is_combo_item,name,description,sub_class_id,is_valid,is_manufactured,alternative_name,is_printable_to_kitchen,name_to_print,alternative_name_to_print,barcode,is_open,qty_on_hand,uom_id,item_weight,profit_category_id,prd_department_id,tax_id,tax_exemption,tax_group_id,tax_id_home_service,tax_id_table_service,tax_id_take_away_service,fixed_price,whls_price,is_whls_price_pc,item_cost,tax_calculation_method,taxation_based_on,is_require_weighing,display_order,best_before,is_hot_item_1,hot_item_1_display_order,is_hot_item_2,hot_item_2_display_order,is_hot_item_3,hot_item_3_display_order,fg_color,bg_color,attrib1_name,attrib1_options,attrib2_name,attrib2_options,attrib3_name,attrib3_options,attrib4_name,attrib4_options,attrib5_name,attrib5_options,tag1,tag2,tag3,tag4,tag5,choice_ids,created_by,created_at,updated_by,updated_at,is_deleted,is_system,item_thumb,sys_sale_flag) values ("101000124","101000124",null,"HK",null,"0",null,"0","Heineken",null,"101000106","1","0","Heineken","1",null,null,null,"0",null,"43","1.00000",null,null,"1","0","1",null,null,null,"320.00000","0.00000","0","0.00000","0","0","0","0",null,"0",null,"0",null,"0",null,"#FFFFFF","#175f93",null,null,null,null,null,null,null,null,null,null,null,null,null,null,null,null,"0","2020-01-24 10:21:59.0",null,null,"0","0",null,"1");
DELETE FROM sale_item_ext WHERE id=101000124;
insert into sale_item_ext(id,kitchen_id,is_deleted,last_sync_at) values ("101000124","101000102","0","2020-01-23 23:51:59.0");
DELETE FROM stock_items WHERE id=101000125;
insert into stock_items(id,code,name,description,supplier_product_code,stock_item_attributes,stock_item_location,stock_item_category_id,prd_department_id,part_no,market_valuation_method,movement_method,uom_id,item_weight,qty_on_hand,unit_price,optimum_level,reorder_level,reorder_qty,preferred_supplier_id,last_purchase_unit_price,last_purchase_supplier_id,tax_id,tax_calculation_method,is_service_item,is_valid,is_manufactured,is_sellable,is_semi_finished,is_finished,sales_margin,is_sales_margin_percent,tax_percentage,qty_manufactured,top_consumption_rank,created_by,created_at,updated_by,updated_at,is_system,is_deleted) values ("101000125","FS","Fosters",null,null,"",null,null,null,null,"0",null,"43","1.00000",null,"220.00000",null,null,null,null,null,null,"1","0","0","1","0","1","0","0","0","0","0.00",null,"0","0","2020-01-24 10:21:59.0",null,null,"0","0");
DELETE FROM sale_items WHERE id=101000125;
insert into sale_items(id,stock_item_id,stock_item_code,code,hsn_code,is_group_item,group_item_id,is_combo_item,name,description,sub_class_id,is_valid,is_manufactured,alternative_name,is_printable_to_kitchen,name_to_print,alternative_name_to_print,barcode,is_open,qty_on_hand,uom_id,item_weight,profit_category_id,prd_department_id,tax_id,tax_exemption,tax_group_id,tax_id_home_service,tax_id_table_service,tax_id_take_away_service,fixed_price,whls_price,is_whls_price_pc,item_cost,tax_calculation_method,taxation_based_on,is_require_weighing,display_order,best_before,is_hot_item_1,hot_item_1_display_order,is_hot_item_2,hot_item_2_display_order,is_hot_item_3,hot_item_3_display_order,fg_color,bg_color,attrib1_name,attrib1_options,attrib2_name,attrib2_options,attrib3_name,attrib3_options,attrib4_name,attrib4_options,attrib5_name,attrib5_options,tag1,tag2,tag3,tag4,tag5,choice_ids,created_by,created_at,updated_by,updated_at,is_deleted,is_system,item_thumb,sys_sale_flag) values ("101000125","101000125",null,"FS",null,"0",null,"0","Fosters",null,"101000106","1","0","Fosters","1",null,null,null,"0",null,"43","1.00000",null,null,"1","0","1",null,null,null,"220.00000","0.00000","0","0.00000","0","0","0","0",null,"0",null,"0",null,"0",null,"#FFFFFF","#1c420f",null,null,null,null,null,null,null,null,null,null,null,null,null,null,null,null,"0","2020-01-24 10:21:59.0",null,null,"0","0",null,"1");
DELETE FROM sale_item_ext WHERE id=101000125;
insert into sale_item_ext(id,kitchen_id,is_deleted,last_sync_at) values ("101000125","101000102","0","2020-01-23 23:51:59.0");
DELETE FROM stock_items WHERE id=101000126;
insert into stock_items(id,code,name,description,supplier_product_code,stock_item_attributes,stock_item_location,stock_item_category_id,prd_department_id,part_no,market_valuation_method,movement_method,uom_id,item_weight,qty_on_hand,unit_price,optimum_level,reorder_level,reorder_qty,preferred_supplier_id,last_purchase_unit_price,last_purchase_supplier_id,tax_id,tax_calculation_method,is_service_item,is_valid,is_manufactured,is_sellable,is_semi_finished,is_finished,sales_margin,is_sales_margin_percent,tax_percentage,qty_manufactured,top_consumption_rank,created_by,created_at,updated_by,updated_at,is_system,is_deleted) values ("101000126","FSS","Fosters Spl. Strong",null,null,"",null,null,null,null,"0",null,"43","1.00000",null,"230.00000",null,null,null,null,null,null,"1","0","0","1","0","1","0","0","0","0","0.00",null,"0","0","2020-01-24 10:21:59.0",null,null,"0","0");
DELETE FROM sale_items WHERE id=101000126;
insert into sale_items(id,stock_item_id,stock_item_code,code,hsn_code,is_group_item,group_item_id,is_combo_item,name,description,sub_class_id,is_valid,is_manufactured,alternative_name,is_printable_to_kitchen,name_to_print,alternative_name_to_print,barcode,is_open,qty_on_hand,uom_id,item_weight,profit_category_id,prd_department_id,tax_id,tax_exemption,tax_group_id,tax_id_home_service,tax_id_table_service,tax_id_take_away_service,fixed_price,whls_price,is_whls_price_pc,item_cost,tax_calculation_method,taxation_based_on,is_require_weighing,display_order,best_before,is_hot_item_1,hot_item_1_display_order,is_hot_item_2,hot_item_2_display_order,is_hot_item_3,hot_item_3_display_order,fg_color,bg_color,attrib1_name,attrib1_options,attrib2_name,attrib2_options,attrib3_name,attrib3_options,attrib4_name,attrib4_options,attrib5_name,attrib5_options,tag1,tag2,tag3,tag4,tag5,choice_ids,created_by,created_at,updated_by,updated_at,is_deleted,is_system,item_thumb,sys_sale_flag) values ("101000126","101000126",null,"FSS",null,"0",null,"0","Fosters Spl. Strong",null,"101000106","1","0","Fosters Spl. Strong","1",null,null,null,"0",null,"43","1.00000",null,null,"1","0","1",null,null,null,"230.00000","0.00000","0","0.00000","0","0","0","0",null,"0",null,"0",null,"0",null,"#FFFFFF","#155e68",null,null,null,null,null,null,null,null,null,null,null,null,null,null,null,null,"0","2020-01-24 10:21:59.0",null,null,"0","0",null,"1");
DELETE FROM sale_item_ext WHERE id=101000126;
insert into sale_item_ext(id,kitchen_id,is_deleted,last_sync_at) values ("101000126","101000102","0","2020-01-23 23:51:59.0");
DELETE FROM stock_items WHERE id=101000127;
insert into stock_items(id,code,name,description,supplier_product_code,stock_item_attributes,stock_item_location,stock_item_category_id,prd_department_id,part_no,market_valuation_method,movement_method,uom_id,item_weight,qty_on_hand,unit_price,optimum_level,reorder_level,reorder_qty,preferred_supplier_id,last_purchase_unit_price,last_purchase_supplier_id,tax_id,tax_calculation_method,is_service_item,is_valid,is_manufactured,is_sellable,is_semi_finished,is_finished,sales_margin,is_sales_margin_percent,tax_percentage,qty_manufactured,top_consumption_rank,created_by,created_at,updated_by,updated_at,is_system,is_deleted) values ("101000127","HAY","Haywards 5000",null,null,"",null,null,null,null,"0",null,"43","1.00000",null,"220.00000",null,null,null,null,null,null,"1","0","0","1","0","1","0","0","0","0","0.00",null,"0","0","2020-01-24 10:21:59.0",null,null,"0","0");
DELETE FROM sale_items WHERE id=101000127;
insert into sale_items(id,stock_item_id,stock_item_code,code,hsn_code,is_group_item,group_item_id,is_combo_item,name,description,sub_class_id,is_valid,is_manufactured,alternative_name,is_printable_to_kitchen,name_to_print,alternative_name_to_print,barcode,is_open,qty_on_hand,uom_id,item_weight,profit_category_id,prd_department_id,tax_id,tax_exemption,tax_group_id,tax_id_home_service,tax_id_table_service,tax_id_take_away_service,fixed_price,whls_price,is_whls_price_pc,item_cost,tax_calculation_method,taxation_based_on,is_require_weighing,display_order,best_before,is_hot_item_1,hot_item_1_display_order,is_hot_item_2,hot_item_2_display_order,is_hot_item_3,hot_item_3_display_order,fg_color,bg_color,attrib1_name,attrib1_options,attrib2_name,attrib2_options,attrib3_name,attrib3_options,attrib4_name,attrib4_options,attrib5_name,attrib5_options,tag1,tag2,tag3,tag4,tag5,choice_ids,created_by,created_at,updated_by,updated_at,is_deleted,is_system,item_thumb,sys_sale_flag) values ("101000127","101000127",null,"HAY",null,"0",null,"0","Haywards 5000",null,"101000106","1","0","Haywards 5000","1",null,null,null,"0",null,"43","1.00000",null,null,"1","0","1",null,null,null,"220.00000","0.00000","0","0.00000","0","0","0","0",null,"0",null,"0",null,"0",null,"#FFFFFF","#1d4240",null,null,null,null,null,null,null,null,null,null,null,null,null,null,null,null,"0","2020-01-24 10:21:59.0",null,null,"0","0",null,"1");
DELETE FROM sale_item_ext WHERE id=101000127;
insert into sale_item_ext(id,kitchen_id,is_deleted,last_sync_at) values ("101000127","101000102","0","2020-01-23 23:51:59.0");
DELETE FROM stock_items WHERE id=101000128;
insert into stock_items(id,code,name,description,supplier_product_code,stock_item_attributes,stock_item_location,stock_item_category_id,prd_department_id,part_no,market_valuation_method,movement_method,uom_id,item_weight,qty_on_hand,unit_price,optimum_level,reorder_level,reorder_qty,preferred_supplier_id,last_purchase_unit_price,last_purchase_supplier_id,tax_id,tax_calculation_method,is_service_item,is_valid,is_manufactured,is_sellable,is_semi_finished,is_finished,sales_margin,is_sales_margin_percent,tax_percentage,qty_manufactured,top_consumption_rank,created_by,created_at,updated_by,updated_at,is_system,is_deleted) values ("101000128","HY","Haywards 2000",null,null,"",null,null,null,null,"0",null,"43","1.00000",null,"220.00000",null,null,null,null,null,null,"1","0","0","1","0","1","0","0","0","0","0.00",null,"0","0","2020-01-24 10:21:59.0",null,null,"0","0");
DELETE FROM sale_items WHERE id=101000128;
insert into sale_items(id,stock_item_id,stock_item_code,code,hsn_code,is_group_item,group_item_id,is_combo_item,name,description,sub_class_id,is_valid,is_manufactured,alternative_name,is_printable_to_kitchen,name_to_print,alternative_name_to_print,barcode,is_open,qty_on_hand,uom_id,item_weight,profit_category_id,prd_department_id,tax_id,tax_exemption,tax_group_id,tax_id_home_service,tax_id_table_service,tax_id_take_away_service,fixed_price,whls_price,is_whls_price_pc,item_cost,tax_calculation_method,taxation_based_on,is_require_weighing,display_order,best_before,is_hot_item_1,hot_item_1_display_order,is_hot_item_2,hot_item_2_display_order,is_hot_item_3,hot_item_3_display_order,fg_color,bg_color,attrib1_name,attrib1_options,attrib2_name,attrib2_options,attrib3_name,attrib3_options,attrib4_name,attrib4_options,attrib5_name,attrib5_options,tag1,tag2,tag3,tag4,tag5,choice_ids,created_by,created_at,updated_by,updated_at,is_deleted,is_system,item_thumb,sys_sale_flag) values ("101000128","101000128",null,"HY",null,"0",null,"0","Haywards 2000",null,"101000106","1","0","Haywards 2000","1",null,null,null,"0",null,"43","1.00000",null,null,"1","0","1",null,null,null,"220.00000","0.00000","0","0.00000","0","0","0","0",null,"0",null,"0",null,"0",null,"#FFFFFF","#133372",null,null,null,null,null,null,null,null,null,null,null,null,null,null,null,null,"0","2020-01-24 10:21:59.0",null,null,"0","0",null,"1");
DELETE FROM sale_item_ext WHERE id=101000128;
insert into sale_item_ext(id,kitchen_id,is_deleted,last_sync_at) values ("101000128","101000102","0","2020-01-23 23:51:59.0");
DELETE FROM stock_items WHERE id=101000129;
insert into stock_items(id,code,name,description,supplier_product_code,stock_item_attributes,stock_item_location,stock_item_category_id,prd_department_id,part_no,market_valuation_method,movement_method,uom_id,item_weight,qty_on_hand,unit_price,optimum_level,reorder_level,reorder_qty,preferred_supplier_id,last_purchase_unit_price,last_purchase_supplier_id,tax_id,tax_calculation_method,is_service_item,is_valid,is_manufactured,is_sellable,is_semi_finished,is_finished,sales_margin,is_sales_margin_percent,tax_percentage,qty_manufactured,top_consumption_rank,created_by,created_at,updated_by,updated_at,is_system,is_deleted) values ("101000129","KA","Kalyani Strong ",null,null,"",null,null,null,null,"0",null,"43","1.00000",null,"220.00000",null,null,null,null,null,null,"1","0","0","1","0","1","0","0","0","0","0.00",null,"0","0","2020-01-24 10:21:59.0",null,null,"0","0");
DELETE FROM sale_items WHERE id=101000129;
insert into sale_items(id,stock_item_id,stock_item_code,code,hsn_code,is_group_item,group_item_id,is_combo_item,name,description,sub_class_id,is_valid,is_manufactured,alternative_name,is_printable_to_kitchen,name_to_print,alternative_name_to_print,barcode,is_open,qty_on_hand,uom_id,item_weight,profit_category_id,prd_department_id,tax_id,tax_exemption,tax_group_id,tax_id_home_service,tax_id_table_service,tax_id_take_away_service,fixed_price,whls_price,is_whls_price_pc,item_cost,tax_calculation_method,taxation_based_on,is_require_weighing,display_order,best_before,is_hot_item_1,hot_item_1_display_order,is_hot_item_2,hot_item_2_display_order,is_hot_item_3,hot_item_3_display_order,fg_color,bg_color,attrib1_name,attrib1_options,attrib2_name,attrib2_options,attrib3_name,attrib3_options,attrib4_name,attrib4_options,attrib5_name,attrib5_options,tag1,tag2,tag3,tag4,tag5,choice_ids,created_by,created_at,updated_by,updated_at,is_deleted,is_system,item_thumb,sys_sale_flag) values ("101000129","101000129",null,"KA",null,"0",null,"0","Kalyani Strong ",null,"101000106","1","0","Kalyani Strong ","1",null,null,null,"0",null,"43","1.00000",null,null,"1","0","1",null,null,null,"220.00000","0.00000","0","0.00000","0","0","0","0",null,"0",null,"0",null,"0",null,"#FFFFFF","#0e443b",null,null,null,null,null,null,null,null,null,null,null,null,null,null,null,null,"0","2020-01-24 10:21:59.0",null,null,"0","0",null,"1");
DELETE FROM sale_item_ext WHERE id=101000129;
insert into sale_item_ext(id,kitchen_id,is_deleted,last_sync_at) values ("101000129","101000102","0","2020-01-23 23:51:59.0");
DELETE FROM stock_items WHERE id=101000130;
insert into stock_items(id,code,name,description,supplier_product_code,stock_item_attributes,stock_item_location,stock_item_category_id,prd_department_id,part_no,market_valuation_method,movement_method,uom_id,item_weight,qty_on_hand,unit_price,optimum_level,reorder_level,reorder_qty,preferred_supplier_id,last_purchase_unit_price,last_purchase_supplier_id,tax_id,tax_calculation_method,is_service_item,is_valid,is_manufactured,is_sellable,is_semi_finished,is_finished,sales_margin,is_sales_margin_percent,tax_percentage,qty_manufactured,top_consumption_rank,created_by,created_at,updated_by,updated_at,is_system,is_deleted) values ("101000130","TC","Tuborg Can",null,null,"",null,null,null,null,"0",null,"43","1.00000",null,"210.00000",null,null,null,null,null,null,"1","0","0","1","0","1","0","0","0","0","0.00",null,"0","0","2020-01-24 10:21:59.0",null,null,"0","0");
DELETE FROM sale_items WHERE id=101000130;
insert into sale_items(id,stock_item_id,stock_item_code,code,hsn_code,is_group_item,group_item_id,is_combo_item,name,description,sub_class_id,is_valid,is_manufactured,alternative_name,is_printable_to_kitchen,name_to_print,alternative_name_to_print,barcode,is_open,qty_on_hand,uom_id,item_weight,profit_category_id,prd_department_id,tax_id,tax_exemption,tax_group_id,tax_id_home_service,tax_id_table_service,tax_id_take_away_service,fixed_price,whls_price,is_whls_price_pc,item_cost,tax_calculation_method,taxation_based_on,is_require_weighing,display_order,best_before,is_hot_item_1,hot_item_1_display_order,is_hot_item_2,hot_item_2_display_order,is_hot_item_3,hot_item_3_display_order,fg_color,bg_color,attrib1_name,attrib1_options,attrib2_name,attrib2_options,attrib3_name,attrib3_options,attrib4_name,attrib4_options,attrib5_name,attrib5_options,tag1,tag2,tag3,tag4,tag5,choice_ids,created_by,created_at,updated_by,updated_at,is_deleted,is_system,item_thumb,sys_sale_flag) values ("101000130","101000130",null,"TC",null,"0",null,"0","Tuborg Can",null,"101000106","1","0","Tuborg Can","1",null,null,null,"0",null,"43","1.00000",null,null,"1","0","1",null,null,null,"210.00000","0.00000","0","0.00000","0","0","0","0",null,"0",null,"0",null,"0",null,"#FFFFFF","#1c6166",null,null,null,null,null,null,null,null,null,null,null,null,null,null,null,null,"0","2020-01-24 10:21:59.0",null,null,"0","0",null,"1");
DELETE FROM sale_item_ext WHERE id=101000130;
insert into sale_item_ext(id,kitchen_id,is_deleted,last_sync_at) values ("101000130","101000102","0","2020-01-23 23:51:59.0");
DELETE FROM stock_items WHERE id=101000131;
insert into stock_items(id,code,name,description,supplier_product_code,stock_item_attributes,stock_item_location,stock_item_category_id,prd_department_id,part_no,market_valuation_method,movement_method,uom_id,item_weight,qty_on_hand,unit_price,optimum_level,reorder_level,reorder_qty,preferred_supplier_id,last_purchase_unit_price,last_purchase_supplier_id,tax_id,tax_calculation_method,is_service_item,is_valid,is_manufactured,is_sellable,is_semi_finished,is_finished,sales_margin,is_sales_margin_percent,tax_percentage,qty_manufactured,top_consumption_rank,created_by,created_at,updated_by,updated_at,is_system,is_deleted) values ("101000131","KEP","Kingfisher Pint",null,null,"",null,null,null,null,"0",null,"43","1.00000",null,"150.00000",null,null,null,null,null,null,"1","0","0","1","0","1","0","0","0","0","0.00",null,"0","0","2020-01-24 10:21:59.0",null,null,"0","0");
DELETE FROM sale_items WHERE id=101000131;
insert into sale_items(id,stock_item_id,stock_item_code,code,hsn_code,is_group_item,group_item_id,is_combo_item,name,description,sub_class_id,is_valid,is_manufactured,alternative_name,is_printable_to_kitchen,name_to_print,alternative_name_to_print,barcode,is_open,qty_on_hand,uom_id,item_weight,profit_category_id,prd_department_id,tax_id,tax_exemption,tax_group_id,tax_id_home_service,tax_id_table_service,tax_id_take_away_service,fixed_price,whls_price,is_whls_price_pc,item_cost,tax_calculation_method,taxation_based_on,is_require_weighing,display_order,best_before,is_hot_item_1,hot_item_1_display_order,is_hot_item_2,hot_item_2_display_order,is_hot_item_3,hot_item_3_display_order,fg_color,bg_color,attrib1_name,attrib1_options,attrib2_name,attrib2_options,attrib3_name,attrib3_options,attrib4_name,attrib4_options,attrib5_name,attrib5_options,tag1,tag2,tag3,tag4,tag5,choice_ids,created_by,created_at,updated_by,updated_at,is_deleted,is_system,item_thumb,sys_sale_flag) values ("101000131","101000131",null,"KEP",null,"0",null,"0","Kingfisher Pint",null,"101000106","1","0","Kingfisher Pint","1",null,null,null,"0",null,"43","1.00000",null,null,"1","0","1",null,null,null,"150.00000","0.00000","0","0.00000","0","0","0","0",null,"0",null,"0",null,"0",null,"#FFFFFF","#08470b",null,null,null,null,null,null,null,null,null,null,null,null,null,null,null,null,"0","2020-01-24 10:21:59.0",null,null,"0","0",null,"1");
DELETE FROM sale_item_ext WHERE id=101000131;
insert into sale_item_ext(id,kitchen_id,is_deleted,last_sync_at) values ("101000131","101000102","0","2020-01-23 23:51:59.0");
DELETE FROM stock_items WHERE id=101000132;
insert into stock_items(id,code,name,description,supplier_product_code,stock_item_attributes,stock_item_location,stock_item_category_id,prd_department_id,part_no,market_valuation_method,movement_method,uom_id,item_weight,qty_on_hand,unit_price,optimum_level,reorder_level,reorder_qty,preferred_supplier_id,last_purchase_unit_price,last_purchase_supplier_id,tax_id,tax_calculation_method,is_service_item,is_valid,is_manufactured,is_sellable,is_semi_finished,is_finished,sales_margin,is_sales_margin_percent,tax_percentage,qty_manufactured,top_consumption_rank,created_by,created_at,updated_by,updated_at,is_system,is_deleted) values ("101000132","HE","Heineken Pint",null,null,"",null,null,null,null,"0",null,"43","1.00000",null,"200.00000",null,null,null,null,null,null,"1","0","0","1","0","1","0","0","0","0","0.00",null,"0","0","2020-01-24 10:21:59.0",null,null,"0","0");
DELETE FROM sale_items WHERE id=101000132;
insert into sale_items(id,stock_item_id,stock_item_code,code,hsn_code,is_group_item,group_item_id,is_combo_item,name,description,sub_class_id,is_valid,is_manufactured,alternative_name,is_printable_to_kitchen,name_to_print,alternative_name_to_print,barcode,is_open,qty_on_hand,uom_id,item_weight,profit_category_id,prd_department_id,tax_id,tax_exemption,tax_group_id,tax_id_home_service,tax_id_table_service,tax_id_take_away_service,fixed_price,whls_price,is_whls_price_pc,item_cost,tax_calculation_method,taxation_based_on,is_require_weighing,display_order,best_before,is_hot_item_1,hot_item_1_display_order,is_hot_item_2,hot_item_2_display_order,is_hot_item_3,hot_item_3_display_order,fg_color,bg_color,attrib1_name,attrib1_options,attrib2_name,attrib2_options,attrib3_name,attrib3_options,attrib4_name,attrib4_options,attrib5_name,attrib5_options,tag1,tag2,tag3,tag4,tag5,choice_ids,created_by,created_at,updated_by,updated_at,is_deleted,is_system,item_thumb,sys_sale_flag) values ("101000132","101000132",null,"HE",null,"0",null,"0","Heineken Pint",null,"101000106","1","0","Heineken Pint","1",null,null,null,"0",null,"43","1.00000",null,null,"1","0","1",null,null,null,"200.00000","0.00000","0","0.00000","0","0","0","0",null,"0",null,"0",null,"0",null,"#FFFFFF","#841953",null,null,null,null,null,null,null,null,null,null,null,null,null,null,null,null,"0","2020-01-24 10:21:59.0",null,null,"0","0",null,"1");
DELETE FROM sale_item_ext WHERE id=101000132;
insert into sale_item_ext(id,kitchen_id,is_deleted,last_sync_at) values ("101000132","101000102","0","2020-01-23 23:51:59.0");
DELETE FROM stock_items WHERE id=101000133;
insert into stock_items(id,code,name,description,supplier_product_code,stock_item_attributes,stock_item_location,stock_item_category_id,prd_department_id,part_no,market_valuation_method,movement_method,uom_id,item_weight,qty_on_hand,unit_price,optimum_level,reorder_level,reorder_qty,preferred_supplier_id,last_purchase_unit_price,last_purchase_supplier_id,tax_id,tax_calculation_method,is_service_item,is_valid,is_manufactured,is_sellable,is_semi_finished,is_finished,sales_margin,is_sales_margin_percent,tax_percentage,qty_manufactured,top_consumption_rank,created_by,created_at,updated_by,updated_at,is_system,is_deleted) values ("101000133","BU","Budwiser Pint",null,null,"",null,null,null,null,"0",null,"43","1.00000",null,"170.00000",null,null,null,null,null,null,"1","0","0","1","0","1","0","0","0","0","0.00",null,"0","0","2020-01-24 10:21:59.0",null,null,"0","0");
DELETE FROM sale_items WHERE id=101000133;
insert into sale_items(id,stock_item_id,stock_item_code,code,hsn_code,is_group_item,group_item_id,is_combo_item,name,description,sub_class_id,is_valid,is_manufactured,alternative_name,is_printable_to_kitchen,name_to_print,alternative_name_to_print,barcode,is_open,qty_on_hand,uom_id,item_weight,profit_category_id,prd_department_id,tax_id,tax_exemption,tax_group_id,tax_id_home_service,tax_id_table_service,tax_id_take_away_service,fixed_price,whls_price,is_whls_price_pc,item_cost,tax_calculation_method,taxation_based_on,is_require_weighing,display_order,best_before,is_hot_item_1,hot_item_1_display_order,is_hot_item_2,hot_item_2_display_order,is_hot_item_3,hot_item_3_display_order,fg_color,bg_color,attrib1_name,attrib1_options,attrib2_name,attrib2_options,attrib3_name,attrib3_options,attrib4_name,attrib4_options,attrib5_name,attrib5_options,tag1,tag2,tag3,tag4,tag5,choice_ids,created_by,created_at,updated_by,updated_at,is_deleted,is_system,item_thumb,sys_sale_flag) values ("101000133","101000133",null,"BU",null,"0",null,"0","Budwiser Pint",null,"101000106","1","0","Budwiser Pint","1",null,null,null,"0",null,"43","1.00000",null,null,"1","0","1",null,null,null,"170.00000","0.00000","0","0.00000","0","0","0","0",null,"0",null,"0",null,"0",null,"#FFFFFF","#ff005f",null,null,null,null,null,null,null,null,null,null,null,null,null,null,null,null,"0","2020-01-24 10:21:59.0",null,null,"0","0",null,"1");
DELETE FROM sale_item_ext WHERE id=101000133;
insert into sale_item_ext(id,kitchen_id,is_deleted,last_sync_at) values ("101000133","101000102","0","2020-01-23 23:51:59.0");
DELETE FROM stock_items WHERE id=101000134;
insert into stock_items(id,code,name,description,supplier_product_code,stock_item_attributes,stock_item_location,stock_item_category_id,prd_department_id,part_no,market_valuation_method,movement_method,uom_id,item_weight,qty_on_hand,unit_price,optimum_level,reorder_level,reorder_qty,preferred_supplier_id,last_purchase_unit_price,last_purchase_supplier_id,tax_id,tax_calculation_method,is_service_item,is_valid,is_manufactured,is_sellable,is_semi_finished,is_finished,sales_margin,is_sales_margin_percent,tax_percentage,qty_manufactured,top_consumption_rank,created_by,created_at,updated_by,updated_at,is_system,is_deleted) values ("101000134","AS","Amstel",null,null,"",null,null,null,null,"0",null,"43","1.00000",null,"250.00000",null,null,null,null,null,null,"1","0","0","1","0","1","0","0","0","0","0.00",null,"0","0","2020-01-24 10:21:59.0",null,null,"0","0");
DELETE FROM sale_items WHERE id=101000134;
insert into sale_items(id,stock_item_id,stock_item_code,code,hsn_code,is_group_item,group_item_id,is_combo_item,name,description,sub_class_id,is_valid,is_manufactured,alternative_name,is_printable_to_kitchen,name_to_print,alternative_name_to_print,barcode,is_open,qty_on_hand,uom_id,item_weight,profit_category_id,prd_department_id,tax_id,tax_exemption,tax_group_id,tax_id_home_service,tax_id_table_service,tax_id_take_away_service,fixed_price,whls_price,is_whls_price_pc,item_cost,tax_calculation_method,taxation_based_on,is_require_weighing,display_order,best_before,is_hot_item_1,hot_item_1_display_order,is_hot_item_2,hot_item_2_display_order,is_hot_item_3,hot_item_3_display_order,fg_color,bg_color,attrib1_name,attrib1_options,attrib2_name,attrib2_options,attrib3_name,attrib3_options,attrib4_name,attrib4_options,attrib5_name,attrib5_options,tag1,tag2,tag3,tag4,tag5,choice_ids,created_by,created_at,updated_by,updated_at,is_deleted,is_system,item_thumb,sys_sale_flag) values ("101000134","101000134",null,"AS",null,"0",null,"0","Amstel",null,"101000106","1","0","Amstel","1",null,null,null,"0",null,"43","1.00000",null,null,"1","0","1",null,null,null,"250.00000","0.00000","0","0.00000","0","0","0","0",null,"0",null,"0",null,"0",null,"#FFFFFF","#e815ed",null,null,null,null,null,null,null,null,null,null,null,null,null,null,null,null,"0","2020-01-24 10:21:59.0",null,null,"0","0",null,"1");
DELETE FROM sale_item_ext WHERE id=101000134;
insert into sale_item_ext(id,kitchen_id,is_deleted,last_sync_at) values ("101000134","101000102","0","2020-01-23 23:51:59.0");
DELETE FROM stock_items WHERE id=101000135;
insert into stock_items(id,code,name,description,supplier_product_code,stock_item_attributes,stock_item_location,stock_item_category_id,prd_department_id,part_no,market_valuation_method,movement_method,uom_id,item_weight,qty_on_hand,unit_price,optimum_level,reorder_level,reorder_qty,preferred_supplier_id,last_purchase_unit_price,last_purchase_supplier_id,tax_id,tax_calculation_method,is_service_item,is_valid,is_manufactured,is_sellable,is_semi_finished,is_finished,sales_margin,is_sales_margin_percent,tax_percentage,qty_manufactured,top_consumption_rank,created_by,created_at,updated_by,updated_at,is_system,is_deleted) values ("101000135","V7","Villa 89 Port Wine",null,null,"",null,null,null,null,"0",null,"24","1.00000",null,"700.00000",null,null,null,null,null,null,"1","0","0","1","0","1","0","0","0","0","0.00",null,"0","0","2020-01-24 10:21:59.0",null,null,"0","0");
DELETE FROM sale_items WHERE id=101000135;
insert into sale_items(id,stock_item_id,stock_item_code,code,hsn_code,is_group_item,group_item_id,is_combo_item,name,description,sub_class_id,is_valid,is_manufactured,alternative_name,is_printable_to_kitchen,name_to_print,alternative_name_to_print,barcode,is_open,qty_on_hand,uom_id,item_weight,profit_category_id,prd_department_id,tax_id,tax_exemption,tax_group_id,tax_id_home_service,tax_id_table_service,tax_id_take_away_service,fixed_price,whls_price,is_whls_price_pc,item_cost,tax_calculation_method,taxation_based_on,is_require_weighing,display_order,best_before,is_hot_item_1,hot_item_1_display_order,is_hot_item_2,hot_item_2_display_order,is_hot_item_3,hot_item_3_display_order,fg_color,bg_color,attrib1_name,attrib1_options,attrib2_name,attrib2_options,attrib3_name,attrib3_options,attrib4_name,attrib4_options,attrib5_name,attrib5_options,tag1,tag2,tag3,tag4,tag5,choice_ids,created_by,created_at,updated_by,updated_at,is_deleted,is_system,item_thumb,sys_sale_flag) values ("101000135","101000135",null,"V7",null,"0",null,"0","Villa 89 Port Wine",null,"101000107","1","0","Villa 89 Port Wine","1",null,null,null,"0",null,"24","1.00000",null,null,"1","0","1",null,null,null,"700.00000","0.00000","0","0.00000","0","0","0","0",null,"0",null,"0",null,"0",null,"#FFFFFF","#3926ad",null,null,null,null,null,null,null,null,null,null,null,null,null,null,null,null,"0","2020-01-24 10:21:59.0",null,null,"0","0",null,"1");
DELETE FROM sale_item_ext WHERE id=101000135;
insert into sale_item_ext(id,kitchen_id,is_deleted,last_sync_at) values ("101000135","101000102","0","2020-01-23 23:51:59.0");
DELETE FROM stock_items WHERE id=101000136;
insert into stock_items(id,code,name,description,supplier_product_code,stock_item_attributes,stock_item_location,stock_item_category_id,prd_department_id,part_no,market_valuation_method,movement_method,uom_id,item_weight,qty_on_hand,unit_price,optimum_level,reorder_level,reorder_qty,preferred_supplier_id,last_purchase_unit_price,last_purchase_supplier_id,tax_id,tax_calculation_method,is_service_item,is_valid,is_manufactured,is_sellable,is_semi_finished,is_finished,sales_margin,is_sales_margin_percent,tax_percentage,qty_manufactured,top_consumption_rank,created_by,created_at,updated_by,updated_at,is_system,is_deleted) values ("101000136","VDG","Vinod Goa Port Wine",null,null,"",null,null,null,null,"0",null,"24","1.00000",null,"700.00000",null,null,null,null,null,null,"1","0","0","1","0","1","0","0","0","0","0.00",null,"0","0","2020-01-24 10:21:59.0",null,null,"0","0");
DELETE FROM sale_items WHERE id=101000136;
insert into sale_items(id,stock_item_id,stock_item_code,code,hsn_code,is_group_item,group_item_id,is_combo_item,name,description,sub_class_id,is_valid,is_manufactured,alternative_name,is_printable_to_kitchen,name_to_print,alternative_name_to_print,barcode,is_open,qty_on_hand,uom_id,item_weight,profit_category_id,prd_department_id,tax_id,tax_exemption,tax_group_id,tax_id_home_service,tax_id_table_service,tax_id_take_away_service,fixed_price,whls_price,is_whls_price_pc,item_cost,tax_calculation_method,taxation_based_on,is_require_weighing,display_order,best_before,is_hot_item_1,hot_item_1_display_order,is_hot_item_2,hot_item_2_display_order,is_hot_item_3,hot_item_3_display_order,fg_color,bg_color,attrib1_name,attrib1_options,attrib2_name,attrib2_options,attrib3_name,attrib3_options,attrib4_name,attrib4_options,attrib5_name,attrib5_options,tag1,tag2,tag3,tag4,tag5,choice_ids,created_by,created_at,updated_by,updated_at,is_deleted,is_system,item_thumb,sys_sale_flag) values ("101000136","101000136",null,"VDG",null,"0",null,"0","Vinod Goa Port Wine",null,"101000107","1","0","Vinod  Goa Port Wine","1",null,null,null,"0",null,"24","1.00000",null,null,"1","0","1",null,null,null,"700.00000","0.00000","0","0.00000","0","0","0","0",null,"0",null,"0",null,"0",null,"#FFFFFF","#114734",null,null,null,null,null,null,null,null,null,null,null,null,null,null,null,null,"0","2020-01-24 10:21:59.0",null,null,"0","0",null,"1");
DELETE FROM sale_item_ext WHERE id=101000136;
insert into sale_item_ext(id,kitchen_id,is_deleted,last_sync_at) values ("101000136","101000102","0","2020-01-23 23:51:59.0");
DELETE FROM stock_items WHERE id=101000137;
insert into stock_items(id,code,name,description,supplier_product_code,stock_item_attributes,stock_item_location,stock_item_category_id,prd_department_id,part_no,market_valuation_method,movement_method,uom_id,item_weight,qty_on_hand,unit_price,optimum_level,reorder_level,reorder_qty,preferred_supplier_id,last_purchase_unit_price,last_purchase_supplier_id,tax_id,tax_calculation_method,is_service_item,is_valid,is_manufactured,is_sellable,is_semi_finished,is_finished,sales_margin,is_sales_margin_percent,tax_percentage,qty_manufactured,top_consumption_rank,created_by,created_at,updated_by,updated_at,is_system,is_deleted) values ("101000137","PO","Port Wine Red/  White 3*60=180ml",null,null,"",null,null,null,null,"0",null,"24","1.00000",null,"180.00000",null,null,null,null,null,null,"1","0","0","1","0","1","0","0","0","0","0.00",null,"0","0","2020-01-24 10:21:59.0",null,null,"0","0");
DELETE FROM sale_items WHERE id=101000137;
insert into sale_items(id,stock_item_id,stock_item_code,code,hsn_code,is_group_item,group_item_id,is_combo_item,name,description,sub_class_id,is_valid,is_manufactured,alternative_name,is_printable_to_kitchen,name_to_print,alternative_name_to_print,barcode,is_open,qty_on_hand,uom_id,item_weight,profit_category_id,prd_department_id,tax_id,tax_exemption,tax_group_id,tax_id_home_service,tax_id_table_service,tax_id_take_away_service,fixed_price,whls_price,is_whls_price_pc,item_cost,tax_calculation_method,taxation_based_on,is_require_weighing,display_order,best_before,is_hot_item_1,hot_item_1_display_order,is_hot_item_2,hot_item_2_display_order,is_hot_item_3,hot_item_3_display_order,fg_color,bg_color,attrib1_name,attrib1_options,attrib2_name,attrib2_options,attrib3_name,attrib3_options,attrib4_name,attrib4_options,attrib5_name,attrib5_options,tag1,tag2,tag3,tag4,tag5,choice_ids,created_by,created_at,updated_by,updated_at,is_deleted,is_system,item_thumb,sys_sale_flag) values ("101000137","101000137",null,"PO",null,"0",null,"0","Port Wine Red/  White 3*60=180ml",null,"101000107","1","0","Port Wine Red/  White 3*60=180ml","1",null,null,null,"0",null,"24","1.00000",null,null,"1","0","1",null,null,null,"180.00000","0.00000","0","0.00000","0","0","0","0",null,"0",null,"0",null,"0",null,"#FFFFFF","#126350",null,null,null,null,null,null,null,null,null,null,null,null,null,null,null,null,"0","2020-01-24 10:21:59.0",null,null,"0","0",null,"1");
DELETE FROM sale_item_ext WHERE id=101000137;
insert into sale_item_ext(id,kitchen_id,is_deleted,last_sync_at) values ("101000137","101000102","0","2020-01-23 23:51:59.0");
DELETE FROM stock_items WHERE id=101000138;
insert into stock_items(id,code,name,description,supplier_product_code,stock_item_attributes,stock_item_location,stock_item_category_id,prd_department_id,part_no,market_valuation_method,movement_method,uom_id,item_weight,qty_on_hand,unit_price,optimum_level,reorder_level,reorder_qty,preferred_supplier_id,last_purchase_unit_price,last_purchase_supplier_id,tax_id,tax_calculation_method,is_service_item,is_valid,is_manufactured,is_sellable,is_semi_finished,is_finished,sales_margin,is_sales_margin_percent,tax_percentage,qty_manufactured,top_consumption_rank,created_by,created_at,updated_by,updated_at,is_system,is_deleted) values ("101000138","RW","1 Glass * Red Wine(Shiraz) 3*60=180ml",null,null,"",null,null,null,null,"0",null,"24","1.00000",null,"390.00000",null,null,null,null,null,null,"1","0","0","1","0","1","0","0","0","0","0.00",null,"0","0","2020-01-24 10:21:59.0",null,null,"0","0");
DELETE FROM sale_items WHERE id=101000138;
insert into sale_items(id,stock_item_id,stock_item_code,code,hsn_code,is_group_item,group_item_id,is_combo_item,name,description,sub_class_id,is_valid,is_manufactured,alternative_name,is_printable_to_kitchen,name_to_print,alternative_name_to_print,barcode,is_open,qty_on_hand,uom_id,item_weight,profit_category_id,prd_department_id,tax_id,tax_exemption,tax_group_id,tax_id_home_service,tax_id_table_service,tax_id_take_away_service,fixed_price,whls_price,is_whls_price_pc,item_cost,tax_calculation_method,taxation_based_on,is_require_weighing,display_order,best_before,is_hot_item_1,hot_item_1_display_order,is_hot_item_2,hot_item_2_display_order,is_hot_item_3,hot_item_3_display_order,fg_color,bg_color,attrib1_name,attrib1_options,attrib2_name,attrib2_options,attrib3_name,attrib3_options,attrib4_name,attrib4_options,attrib5_name,attrib5_options,tag1,tag2,tag3,tag4,tag5,choice_ids,created_by,created_at,updated_by,updated_at,is_deleted,is_system,item_thumb,sys_sale_flag) values ("101000138","101000138",null,"RW",null,"0",null,"0","1 Glass * Red Wine(Shiraz) 3*60=180ml",null,"101000107","1","0","1 Glass * Red Wine(Shiraz) 3*60=180ml","1",null,null,null,"0",null,"24","1.00000",null,null,"1","0","1",null,null,null,"390.00000","0.00000","0","0.00000","0","0","0","0",null,"0",null,"0",null,"0",null,"#FFFFFF","#352808",null,null,null,null,null,null,null,null,null,null,null,null,null,null,null,null,"0","2020-01-24 10:21:59.0",null,null,"0","0",null,"1");
DELETE FROM sale_item_ext WHERE id=101000138;
insert into sale_item_ext(id,kitchen_id,is_deleted,last_sync_at) values ("101000138","101000102","0","2020-01-23 23:51:59.0");
DELETE FROM stock_items WHERE id=101000139;
insert into stock_items(id,code,name,description,supplier_product_code,stock_item_attributes,stock_item_location,stock_item_category_id,prd_department_id,part_no,market_valuation_method,movement_method,uom_id,item_weight,qty_on_hand,unit_price,optimum_level,reorder_level,reorder_qty,preferred_supplier_id,last_purchase_unit_price,last_purchase_supplier_id,tax_id,tax_calculation_method,is_service_item,is_valid,is_manufactured,is_sellable,is_semi_finished,is_finished,sales_margin,is_sales_margin_percent,tax_percentage,qty_manufactured,top_consumption_rank,created_by,created_at,updated_by,updated_at,is_system,is_deleted) values ("101000139","RWB","1 Glass * White Wine (Blanc) 3*60=180ml",null,null,"",null,null,null,null,"0",null,"24","1.00000",null,"390.00000",null,null,null,null,null,null,"1","0","0","1","0","1","0","0","0","0","0.00",null,"0","0","2020-01-24 10:21:59.0",null,null,"0","0");
DELETE FROM sale_items WHERE id=101000139;
insert into sale_items(id,stock_item_id,stock_item_code,code,hsn_code,is_group_item,group_item_id,is_combo_item,name,description,sub_class_id,is_valid,is_manufactured,alternative_name,is_printable_to_kitchen,name_to_print,alternative_name_to_print,barcode,is_open,qty_on_hand,uom_id,item_weight,profit_category_id,prd_department_id,tax_id,tax_exemption,tax_group_id,tax_id_home_service,tax_id_table_service,tax_id_take_away_service,fixed_price,whls_price,is_whls_price_pc,item_cost,tax_calculation_method,taxation_based_on,is_require_weighing,display_order,best_before,is_hot_item_1,hot_item_1_display_order,is_hot_item_2,hot_item_2_display_order,is_hot_item_3,hot_item_3_display_order,fg_color,bg_color,attrib1_name,attrib1_options,attrib2_name,attrib2_options,attrib3_name,attrib3_options,attrib4_name,attrib4_options,attrib5_name,attrib5_options,tag1,tag2,tag3,tag4,tag5,choice_ids,created_by,created_at,updated_by,updated_at,is_deleted,is_system,item_thumb,sys_sale_flag) values ("101000139","101000139",null,"RWB",null,"0",null,"0","1 Glass * White Wine (Blanc) 3*60=180ml",null,"101000107","1","0","1 Glass * White Wine (Blanc) 3*60=180ml","1",null,null,null,"0",null,"24","1.00000",null,null,"1","0","1",null,null,null,"390.00000","0.00000","0","0.00000","0","0","0","0",null,"0",null,"0",null,"0",null,"#FFFFFF","#175f93",null,null,null,null,null,null,null,null,null,null,null,null,null,null,null,null,"0","2020-01-24 10:21:59.0",null,null,"0","0",null,"1");
DELETE FROM sale_item_ext WHERE id=101000139;
insert into sale_item_ext(id,kitchen_id,is_deleted,last_sync_at) values ("101000139","101000102","0","2020-01-23 23:51:59.0");
DELETE FROM stock_items WHERE id=101000140;
insert into stock_items(id,code,name,description,supplier_product_code,stock_item_attributes,stock_item_location,stock_item_category_id,prd_department_id,part_no,market_valuation_method,movement_method,uom_id,item_weight,qty_on_hand,unit_price,optimum_level,reorder_level,reorder_qty,preferred_supplier_id,last_purchase_unit_price,last_purchase_supplier_id,tax_id,tax_calculation_method,is_service_item,is_valid,is_manufactured,is_sellable,is_semi_finished,is_finished,sales_margin,is_sales_margin_percent,tax_percentage,qty_manufactured,top_consumption_rank,created_by,created_at,updated_by,updated_at,is_system,is_deleted) values ("101000140","CNR","1 Bottle Red Wine Grover Shiraz",null,null,"",null,null,null,null,"0",null,"24","1.00000",null,"1450.00000",null,null,null,null,null,null,"1","0","0","1","0","1","0","0","0","0","0.00",null,"0","0","2020-01-24 10:21:59.0",null,null,"0","0");
DELETE FROM sale_items WHERE id=101000140;
insert into sale_items(id,stock_item_id,stock_item_code,code,hsn_code,is_group_item,group_item_id,is_combo_item,name,description,sub_class_id,is_valid,is_manufactured,alternative_name,is_printable_to_kitchen,name_to_print,alternative_name_to_print,barcode,is_open,qty_on_hand,uom_id,item_weight,profit_category_id,prd_department_id,tax_id,tax_exemption,tax_group_id,tax_id_home_service,tax_id_table_service,tax_id_take_away_service,fixed_price,whls_price,is_whls_price_pc,item_cost,tax_calculation_method,taxation_based_on,is_require_weighing,display_order,best_before,is_hot_item_1,hot_item_1_display_order,is_hot_item_2,hot_item_2_display_order,is_hot_item_3,hot_item_3_display_order,fg_color,bg_color,attrib1_name,attrib1_options,attrib2_name,attrib2_options,attrib3_name,attrib3_options,attrib4_name,attrib4_options,attrib5_name,attrib5_options,tag1,tag2,tag3,tag4,tag5,choice_ids,created_by,created_at,updated_by,updated_at,is_deleted,is_system,item_thumb,sys_sale_flag) values ("101000140","101000140",null,"CNR",null,"0",null,"0","1 Bottle Red Wine Grover Shiraz",null,"101000107","1","0","1 Bottle Red Wine Grover Shiraz","1",null,null,null,"0",null,"24","1.00000",null,null,"1","0","1",null,null,null,"1450.00000","0.00000","0","0.00000","0","0","0","0",null,"0",null,"0",null,"0",null,"#FFFFFF","#1c420f",null,null,null,null,null,null,null,null,null,null,null,null,null,null,null,null,"0","2020-01-24 10:21:59.0",null,null,"0","0",null,"1");
DELETE FROM sale_item_ext WHERE id=101000140;
insert into sale_item_ext(id,kitchen_id,is_deleted,last_sync_at) values ("101000140","101000102","0","2020-01-23 23:51:59.0");
DELETE FROM stock_items WHERE id=101000141;
insert into stock_items(id,code,name,description,supplier_product_code,stock_item_attributes,stock_item_location,stock_item_category_id,prd_department_id,part_no,market_valuation_method,movement_method,uom_id,item_weight,qty_on_hand,unit_price,optimum_level,reorder_level,reorder_qty,preferred_supplier_id,last_purchase_unit_price,last_purchase_supplier_id,tax_id,tax_calculation_method,is_service_item,is_valid,is_manufactured,is_sellable,is_semi_finished,is_finished,sales_margin,is_sales_margin_percent,tax_percentage,qty_manufactured,top_consumption_rank,created_by,created_at,updated_by,updated_at,is_system,is_deleted) values ("101000141","CAW","1 Bottle White Wine Grover Blanc",null,null,"",null,null,null,null,"0",null,"43","1.00000",null,"1450.00000",null,null,null,null,null,null,"1","0","0","1","0","1","0","0","0","0","0.00",null,"0","0","2020-01-24 10:21:59.0",null,null,"0","0");
DELETE FROM sale_items WHERE id=101000141;
insert into sale_items(id,stock_item_id,stock_item_code,code,hsn_code,is_group_item,group_item_id,is_combo_item,name,description,sub_class_id,is_valid,is_manufactured,alternative_name,is_printable_to_kitchen,name_to_print,alternative_name_to_print,barcode,is_open,qty_on_hand,uom_id,item_weight,profit_category_id,prd_department_id,tax_id,tax_exemption,tax_group_id,tax_id_home_service,tax_id_table_service,tax_id_take_away_service,fixed_price,whls_price,is_whls_price_pc,item_cost,tax_calculation_method,taxation_based_on,is_require_weighing,display_order,best_before,is_hot_item_1,hot_item_1_display_order,is_hot_item_2,hot_item_2_display_order,is_hot_item_3,hot_item_3_display_order,fg_color,bg_color,attrib1_name,attrib1_options,attrib2_name,attrib2_options,attrib3_name,attrib3_options,attrib4_name,attrib4_options,attrib5_name,attrib5_options,tag1,tag2,tag3,tag4,tag5,choice_ids,created_by,created_at,updated_by,updated_at,is_deleted,is_system,item_thumb,sys_sale_flag) values ("101000141","101000141",null,"CAW",null,"0",null,"0","1 Bottle White Wine Grover Blanc",null,"101000107","1","0","1 Bottle White Wine","1",null,null,null,"0",null,"43","1.00000",null,null,"1","0","1",null,null,null,"1450.00000","0.00000","0","0.00000","0","0","0","0",null,"0",null,"0",null,"0",null,"#FFFFFF","#155e68",null,null,null,null,null,null,null,null,null,null,null,null,null,null,null,null,"0","2020-01-24 10:21:59.0",null,null,"0","0",null,"1");
DELETE FROM sale_item_ext WHERE id=101000141;
insert into sale_item_ext(id,kitchen_id,is_deleted,last_sync_at) values ("101000141","101000102","0","2020-01-23 23:51:59.0");
DELETE FROM stock_items WHERE id=101000142;
insert into stock_items(id,code,name,description,supplier_product_code,stock_item_attributes,stock_item_location,stock_item_category_id,prd_department_id,part_no,market_valuation_method,movement_method,uom_id,item_weight,qty_on_hand,unit_price,optimum_level,reorder_level,reorder_qty,preferred_supplier_id,last_purchase_unit_price,last_purchase_supplier_id,tax_id,tax_calculation_method,is_service_item,is_valid,is_manufactured,is_sellable,is_semi_finished,is_finished,sales_margin,is_sales_margin_percent,tax_percentage,qty_manufactured,top_consumption_rank,created_by,created_at,updated_by,updated_at,is_system,is_deleted) values ("101000142","SZ","Sula Rose Wine",null,null,"",null,null,null,null,"0",null,"43","1.00000",null,"1450.00000",null,null,null,null,null,null,"1","0","0","1","0","1","0","0","0","0","0.00",null,"0","0","2020-01-24 10:21:59.0",null,null,"0","0");
DELETE FROM sale_items WHERE id=101000142;
insert into sale_items(id,stock_item_id,stock_item_code,code,hsn_code,is_group_item,group_item_id,is_combo_item,name,description,sub_class_id,is_valid,is_manufactured,alternative_name,is_printable_to_kitchen,name_to_print,alternative_name_to_print,barcode,is_open,qty_on_hand,uom_id,item_weight,profit_category_id,prd_department_id,tax_id,tax_exemption,tax_group_id,tax_id_home_service,tax_id_table_service,tax_id_take_away_service,fixed_price,whls_price,is_whls_price_pc,item_cost,tax_calculation_method,taxation_based_on,is_require_weighing,display_order,best_before,is_hot_item_1,hot_item_1_display_order,is_hot_item_2,hot_item_2_display_order,is_hot_item_3,hot_item_3_display_order,fg_color,bg_color,attrib1_name,attrib1_options,attrib2_name,attrib2_options,attrib3_name,attrib3_options,attrib4_name,attrib4_options,attrib5_name,attrib5_options,tag1,tag2,tag3,tag4,tag5,choice_ids,created_by,created_at,updated_by,updated_at,is_deleted,is_system,item_thumb,sys_sale_flag) values ("101000142","101000142",null,"SZ",null,"0",null,"0","Sula Rose Wine",null,"101000107","1","0","Sula Rose Wine","1",null,null,null,"0",null,"43","1.00000",null,null,"1","0","1",null,null,null,"1450.00000","0.00000","0","0.00000","0","0","0","0",null,"0",null,"0",null,"0",null,"#FFFFFF","#1d4240",null,null,null,null,null,null,null,null,null,null,null,null,null,null,null,null,"0","2020-01-24 10:21:59.0",null,null,"0","0",null,"1");
DELETE FROM sale_item_ext WHERE id=101000142;
insert into sale_item_ext(id,kitchen_id,is_deleted,last_sync_at) values ("101000142","101000102","0","2020-01-23 23:51:59.0");
DELETE FROM stock_items WHERE id=101000143;
insert into stock_items(id,code,name,description,supplier_product_code,stock_item_attributes,stock_item_location,stock_item_category_id,prd_department_id,part_no,market_valuation_method,movement_method,uom_id,item_weight,qty_on_hand,unit_price,optimum_level,reorder_level,reorder_qty,preferred_supplier_id,last_purchase_unit_price,last_purchase_supplier_id,tax_id,tax_calculation_method,is_service_item,is_valid,is_manufactured,is_sellable,is_semi_finished,is_finished,sales_margin,is_sales_margin_percent,tax_percentage,qty_manufactured,top_consumption_rank,created_by,created_at,updated_by,updated_at,is_system,is_deleted) values ("101000143","SVVC","Sula Chenin Blanc",null,null,"",null,null,null,null,"0",null,"43","1.00000",null,"2000.00000",null,null,null,null,null,null,"1","0","0","1","0","1","0","0","0","0","0.00",null,"0","0","2020-01-24 10:21:59.0",null,null,"0","0");
DELETE FROM sale_items WHERE id=101000143;
insert into sale_items(id,stock_item_id,stock_item_code,code,hsn_code,is_group_item,group_item_id,is_combo_item,name,description,sub_class_id,is_valid,is_manufactured,alternative_name,is_printable_to_kitchen,name_to_print,alternative_name_to_print,barcode,is_open,qty_on_hand,uom_id,item_weight,profit_category_id,prd_department_id,tax_id,tax_exemption,tax_group_id,tax_id_home_service,tax_id_table_service,tax_id_take_away_service,fixed_price,whls_price,is_whls_price_pc,item_cost,tax_calculation_method,taxation_based_on,is_require_weighing,display_order,best_before,is_hot_item_1,hot_item_1_display_order,is_hot_item_2,hot_item_2_display_order,is_hot_item_3,hot_item_3_display_order,fg_color,bg_color,attrib1_name,attrib1_options,attrib2_name,attrib2_options,attrib3_name,attrib3_options,attrib4_name,attrib4_options,attrib5_name,attrib5_options,tag1,tag2,tag3,tag4,tag5,choice_ids,created_by,created_at,updated_by,updated_at,is_deleted,is_system,item_thumb,sys_sale_flag) values ("101000143","101000143",null,"SVVC",null,"0",null,"0","Sula Chenin Blanc",null,"101000107","1","0","Sula Chenin Blanc","1",null,null,null,"0",null,"43","1.00000",null,null,"1","0","1",null,null,null,"2000.00000","0.00000","0","0.00000","0","0","0","0",null,"0",null,"0",null,"0",null,"#FFFFFF","#133372",null,null,null,null,null,null,null,null,null,null,null,null,null,null,null,null,"0","2020-01-24 10:21:59.0",null,null,"0","0",null,"1");
DELETE FROM sale_item_ext WHERE id=101000143;
insert into sale_item_ext(id,kitchen_id,is_deleted,last_sync_at) values ("101000143","101000102","0","2020-01-23 23:51:59.0");
DELETE FROM stock_items WHERE id=101000144;
insert into stock_items(id,code,name,description,supplier_product_code,stock_item_attributes,stock_item_location,stock_item_category_id,prd_department_id,part_no,market_valuation_method,movement_method,uom_id,item_weight,qty_on_hand,unit_price,optimum_level,reorder_level,reorder_qty,preferred_supplier_id,last_purchase_unit_price,last_purchase_supplier_id,tax_id,tax_calculation_method,is_service_item,is_valid,is_manufactured,is_sellable,is_semi_finished,is_finished,sales_margin,is_sales_margin_percent,tax_percentage,qty_manufactured,top_consumption_rank,created_by,created_at,updated_by,updated_at,is_system,is_deleted) values ("101000144","SCB","Sula Chenin Blanc(1 Glass 180ml)3*60= 180ml",null,null,"",null,null,null,null,"0",null,"43","1.00000",null,"570.00000",null,null,null,null,null,null,"1","0","0","1","0","1","0","0","0","0","0.00",null,"0","0","2020-01-24 10:21:59.0",null,null,"0","0");
DELETE FROM sale_items WHERE id=101000144;
insert into sale_items(id,stock_item_id,stock_item_code,code,hsn_code,is_group_item,group_item_id,is_combo_item,name,description,sub_class_id,is_valid,is_manufactured,alternative_name,is_printable_to_kitchen,name_to_print,alternative_name_to_print,barcode,is_open,qty_on_hand,uom_id,item_weight,profit_category_id,prd_department_id,tax_id,tax_exemption,tax_group_id,tax_id_home_service,tax_id_table_service,tax_id_take_away_service,fixed_price,whls_price,is_whls_price_pc,item_cost,tax_calculation_method,taxation_based_on,is_require_weighing,display_order,best_before,is_hot_item_1,hot_item_1_display_order,is_hot_item_2,hot_item_2_display_order,is_hot_item_3,hot_item_3_display_order,fg_color,bg_color,attrib1_name,attrib1_options,attrib2_name,attrib2_options,attrib3_name,attrib3_options,attrib4_name,attrib4_options,attrib5_name,attrib5_options,tag1,tag2,tag3,tag4,tag5,choice_ids,created_by,created_at,updated_by,updated_at,is_deleted,is_system,item_thumb,sys_sale_flag) values ("101000144","101000144",null,"SCB",null,"0",null,"0","Sula Chenin Blanc(1 Glass 180ml)3*60= 180ml",null,"101000107","1","0","Sula Chenin Blanc(1 Glass 180ml)3*60= 180ml","1",null,null,null,"0",null,"43","1.00000",null,null,"1","0","1",null,null,null,"570.00000","0.00000","0","0.00000","0","0","0","0",null,"0",null,"0",null,"0",null,"#FFFFFF","#0e443b",null,null,null,null,null,null,null,null,null,null,null,null,null,null,null,null,"0","2020-01-24 10:21:59.0",null,null,"0","0",null,"1");
DELETE FROM sale_item_ext WHERE id=101000144;
insert into sale_item_ext(id,kitchen_id,is_deleted,last_sync_at) values ("101000144","101000102","0","2020-01-23 23:51:59.0");
DELETE FROM stock_items WHERE id=101000145;
insert into stock_items(id,code,name,description,supplier_product_code,stock_item_attributes,stock_item_location,stock_item_category_id,prd_department_id,part_no,market_valuation_method,movement_method,uom_id,item_weight,qty_on_hand,unit_price,optimum_level,reorder_level,reorder_qty,preferred_supplier_id,last_purchase_unit_price,last_purchase_supplier_id,tax_id,tax_calculation_method,is_service_item,is_valid,is_manufactured,is_sellable,is_semi_finished,is_finished,sales_margin,is_sales_margin_percent,tax_percentage,qty_manufactured,top_consumption_rank,created_by,created_at,updated_by,updated_at,is_system,is_deleted) values ("101000145","SRRW","Sula Reisling Blanc",null,null,"",null,null,null,null,"0",null,"43","1.00000",null,"3000.00000",null,null,null,null,null,null,"1","0","0","1","0","1","0","0","0","0","0.00",null,"0","0","2020-01-24 10:21:59.0",null,null,"0","0");
DELETE FROM sale_items WHERE id=101000145;
insert into sale_items(id,stock_item_id,stock_item_code,code,hsn_code,is_group_item,group_item_id,is_combo_item,name,description,sub_class_id,is_valid,is_manufactured,alternative_name,is_printable_to_kitchen,name_to_print,alternative_name_to_print,barcode,is_open,qty_on_hand,uom_id,item_weight,profit_category_id,prd_department_id,tax_id,tax_exemption,tax_group_id,tax_id_home_service,tax_id_table_service,tax_id_take_away_service,fixed_price,whls_price,is_whls_price_pc,item_cost,tax_calculation_method,taxation_based_on,is_require_weighing,display_order,best_before,is_hot_item_1,hot_item_1_display_order,is_hot_item_2,hot_item_2_display_order,is_hot_item_3,hot_item_3_display_order,fg_color,bg_color,attrib1_name,attrib1_options,attrib2_name,attrib2_options,attrib3_name,attrib3_options,attrib4_name,attrib4_options,attrib5_name,attrib5_options,tag1,tag2,tag3,tag4,tag5,choice_ids,created_by,created_at,updated_by,updated_at,is_deleted,is_system,item_thumb,sys_sale_flag) values ("101000145","101000145",null,"SRRW",null,"0",null,"0","Sula Reisling Blanc",null,"101000107","1","0","Sula Reisling Blanc","1",null,null,null,"0",null,"43","1.00000",null,null,"1","0","1",null,null,null,"3000.00000","0.00000","0","0.00000","0","0","0","0",null,"0",null,"0",null,"0",null,"#FFFFFF","#1c6166",null,null,null,null,null,null,null,null,null,null,null,null,null,null,null,null,"0","2020-01-24 10:21:59.0",null,null,"0","0",null,"1");
DELETE FROM sale_item_ext WHERE id=101000145;
insert into sale_item_ext(id,kitchen_id,is_deleted,last_sync_at) values ("101000145","101000102","0","2020-01-23 23:51:59.0");
DELETE FROM stock_items WHERE id=101000146;
insert into stock_items(id,code,name,description,supplier_product_code,stock_item_attributes,stock_item_location,stock_item_category_id,prd_department_id,part_no,market_valuation_method,movement_method,uom_id,item_weight,qty_on_hand,unit_price,optimum_level,reorder_level,reorder_qty,preferred_supplier_id,last_purchase_unit_price,last_purchase_supplier_id,tax_id,tax_calculation_method,is_service_item,is_valid,is_manufactured,is_sellable,is_semi_finished,is_finished,sales_margin,is_sales_margin_percent,tax_percentage,qty_manufactured,top_consumption_rank,created_by,created_at,updated_by,updated_at,is_system,is_deleted) values ("101000146","SDDW","Sula Dindori Shiraz",null,null,"",null,null,null,null,"0",null,"43","1.00000",null,"3250.00000",null,null,null,null,null,null,"1","0","0","1","0","1","0","0","0","0","0.00",null,"0","0","2020-01-24 10:21:59.0",null,null,"0","0");
DELETE FROM sale_items WHERE id=101000146;
insert into sale_items(id,stock_item_id,stock_item_code,code,hsn_code,is_group_item,group_item_id,is_combo_item,name,description,sub_class_id,is_valid,is_manufactured,alternative_name,is_printable_to_kitchen,name_to_print,alternative_name_to_print,barcode,is_open,qty_on_hand,uom_id,item_weight,profit_category_id,prd_department_id,tax_id,tax_exemption,tax_group_id,tax_id_home_service,tax_id_table_service,tax_id_take_away_service,fixed_price,whls_price,is_whls_price_pc,item_cost,tax_calculation_method,taxation_based_on,is_require_weighing,display_order,best_before,is_hot_item_1,hot_item_1_display_order,is_hot_item_2,hot_item_2_display_order,is_hot_item_3,hot_item_3_display_order,fg_color,bg_color,attrib1_name,attrib1_options,attrib2_name,attrib2_options,attrib3_name,attrib3_options,attrib4_name,attrib4_options,attrib5_name,attrib5_options,tag1,tag2,tag3,tag4,tag5,choice_ids,created_by,created_at,updated_by,updated_at,is_deleted,is_system,item_thumb,sys_sale_flag) values ("101000146","101000146",null,"SDDW",null,"0",null,"0","Sula Dindori Shiraz",null,"101000107","1","0","Sula Dindori Shiraz","1",null,null,null,"0",null,"43","1.00000",null,null,"1","0","1",null,null,null,"3250.00000","0.00000","0","0.00000","0","0","0","0",null,"0",null,"0",null,"0",null,"#FFFFFF","#08470b",null,null,null,null,null,null,null,null,null,null,null,null,null,null,null,null,"0","2020-01-24 10:21:59.0",null,null,"0","0",null,"1");
DELETE FROM sale_item_ext WHERE id=101000146;
insert into sale_item_ext(id,kitchen_id,is_deleted,last_sync_at) values ("101000146","101000102","0","2020-01-23 23:51:59.0");
DELETE FROM stock_items WHERE id=101000147;
insert into stock_items(id,code,name,description,supplier_product_code,stock_item_attributes,stock_item_location,stock_item_category_id,prd_department_id,part_no,market_valuation_method,movement_method,uom_id,item_weight,qty_on_hand,unit_price,optimum_level,reorder_level,reorder_qty,preferred_supplier_id,last_purchase_unit_price,last_purchase_supplier_id,tax_id,tax_calculation_method,is_service_item,is_valid,is_manufactured,is_sellable,is_semi_finished,is_finished,sales_margin,is_sales_margin_percent,tax_percentage,qty_manufactured,top_consumption_rank,created_by,created_at,updated_by,updated_at,is_system,is_deleted) values ("101000147","GLVR","Grover La Reserve",null,null,"",null,null,null,null,"0",null,"43","1.00000",null,"3250.00000",null,null,null,null,null,null,"1","0","0","1","0","1","0","0","0","0","0.00",null,"0","0","2020-01-24 10:21:59.0",null,null,"0","0");
DELETE FROM sale_items WHERE id=101000147;
insert into sale_items(id,stock_item_id,stock_item_code,code,hsn_code,is_group_item,group_item_id,is_combo_item,name,description,sub_class_id,is_valid,is_manufactured,alternative_name,is_printable_to_kitchen,name_to_print,alternative_name_to_print,barcode,is_open,qty_on_hand,uom_id,item_weight,profit_category_id,prd_department_id,tax_id,tax_exemption,tax_group_id,tax_id_home_service,tax_id_table_service,tax_id_take_away_service,fixed_price,whls_price,is_whls_price_pc,item_cost,tax_calculation_method,taxation_based_on,is_require_weighing,display_order,best_before,is_hot_item_1,hot_item_1_display_order,is_hot_item_2,hot_item_2_display_order,is_hot_item_3,hot_item_3_display_order,fg_color,bg_color,attrib1_name,attrib1_options,attrib2_name,attrib2_options,attrib3_name,attrib3_options,attrib4_name,attrib4_options,attrib5_name,attrib5_options,tag1,tag2,tag3,tag4,tag5,choice_ids,created_by,created_at,updated_by,updated_at,is_deleted,is_system,item_thumb,sys_sale_flag) values ("101000147","101000147",null,"GLVR",null,"0",null,"0","Grover La Reserve",null,"101000107","1","0","Grover La Reserve","1",null,null,null,"0",null,"43","1.00000",null,null,"1","0","1",null,null,null,"3250.00000","0.00000","0","0.00000","0","0","0","0",null,"0",null,"0",null,"0",null,"#FFFFFF","#841953",null,null,null,null,null,null,null,null,null,null,null,null,null,null,null,null,"0","2020-01-24 10:21:59.0",null,null,"0","0",null,"1");
DELETE FROM sale_item_ext WHERE id=101000147;
insert into sale_item_ext(id,kitchen_id,is_deleted,last_sync_at) values ("101000147","101000102","0","2020-01-23 23:51:59.0");
DELETE FROM stock_items WHERE id=101000148;
insert into stock_items(id,code,name,description,supplier_product_code,stock_item_attributes,stock_item_location,stock_item_category_id,prd_department_id,part_no,market_valuation_method,movement_method,uom_id,item_weight,qty_on_hand,unit_price,optimum_level,reorder_level,reorder_qty,preferred_supplier_id,last_purchase_unit_price,last_purchase_supplier_id,tax_id,tax_calculation_method,is_service_item,is_valid,is_manufactured,is_sellable,is_semi_finished,is_finished,sales_margin,is_sales_margin_percent,tax_percentage,qty_manufactured,top_consumption_rank,created_by,created_at,updated_by,updated_at,is_system,is_deleted) values ("101000148","RWW","Raya Wine(White)",null,null,"",null,null,null,null,"0",null,"43","1.00000",null,"1000.00000",null,null,null,null,null,null,"1","0","0","1","0","1","0","0","0","0","0.00",null,"0","0","2020-01-24 10:21:59.0",null,null,"0","0");
DELETE FROM sale_items WHERE id=101000148;
insert into sale_items(id,stock_item_id,stock_item_code,code,hsn_code,is_group_item,group_item_id,is_combo_item,name,description,sub_class_id,is_valid,is_manufactured,alternative_name,is_printable_to_kitchen,name_to_print,alternative_name_to_print,barcode,is_open,qty_on_hand,uom_id,item_weight,profit_category_id,prd_department_id,tax_id,tax_exemption,tax_group_id,tax_id_home_service,tax_id_table_service,tax_id_take_away_service,fixed_price,whls_price,is_whls_price_pc,item_cost,tax_calculation_method,taxation_based_on,is_require_weighing,display_order,best_before,is_hot_item_1,hot_item_1_display_order,is_hot_item_2,hot_item_2_display_order,is_hot_item_3,hot_item_3_display_order,fg_color,bg_color,attrib1_name,attrib1_options,attrib2_name,attrib2_options,attrib3_name,attrib3_options,attrib4_name,attrib4_options,attrib5_name,attrib5_options,tag1,tag2,tag3,tag4,tag5,choice_ids,created_by,created_at,updated_by,updated_at,is_deleted,is_system,item_thumb,sys_sale_flag) values ("101000148","101000148",null,"RWW",null,"0",null,"0","Raya Wine(White)",null,"101000107","1","0","Raya Wine(White)","1",null,null,null,"0",null,"43","1.00000",null,null,"1","0","1",null,null,null,"1000.00000","0.00000","0","0.00000","0","0","0","0",null,"0",null,"0",null,"0",null,"#FFFFFF","#ff005f",null,null,null,null,null,null,null,null,null,null,null,null,null,null,null,null,"0","2020-01-24 10:21:59.0",null,null,"0","0",null,"1");
DELETE FROM sale_item_ext WHERE id=101000148;
insert into sale_item_ext(id,kitchen_id,is_deleted,last_sync_at) values ("101000148","101000102","0","2020-01-23 23:51:59.0");
DELETE FROM stock_items WHERE id=101000149;
insert into stock_items(id,code,name,description,supplier_product_code,stock_item_attributes,stock_item_location,stock_item_category_id,prd_department_id,part_no,market_valuation_method,movement_method,uom_id,item_weight,qty_on_hand,unit_price,optimum_level,reorder_level,reorder_qty,preferred_supplier_id,last_purchase_unit_price,last_purchase_supplier_id,tax_id,tax_calculation_method,is_service_item,is_valid,is_manufactured,is_sellable,is_semi_finished,is_finished,sales_margin,is_sales_margin_percent,tax_percentage,qty_manufactured,top_consumption_rank,created_by,created_at,updated_by,updated_at,is_system,is_deleted) values ("101000149","RA","Raya Wine(Red/White) 180ml",null,null,"",null,null,null,null,"0",null,"43","1.00000",null,"330.00000",null,null,null,null,null,null,"1","0","0","1","0","1","0","0","0","0","0.00",null,"0","0","2020-01-24 10:21:59.0",null,null,"0","0");
DELETE FROM sale_items WHERE id=101000149;
insert into sale_items(id,stock_item_id,stock_item_code,code,hsn_code,is_group_item,group_item_id,is_combo_item,name,description,sub_class_id,is_valid,is_manufactured,alternative_name,is_printable_to_kitchen,name_to_print,alternative_name_to_print,barcode,is_open,qty_on_hand,uom_id,item_weight,profit_category_id,prd_department_id,tax_id,tax_exemption,tax_group_id,tax_id_home_service,tax_id_table_service,tax_id_take_away_service,fixed_price,whls_price,is_whls_price_pc,item_cost,tax_calculation_method,taxation_based_on,is_require_weighing,display_order,best_before,is_hot_item_1,hot_item_1_display_order,is_hot_item_2,hot_item_2_display_order,is_hot_item_3,hot_item_3_display_order,fg_color,bg_color,attrib1_name,attrib1_options,attrib2_name,attrib2_options,attrib3_name,attrib3_options,attrib4_name,attrib4_options,attrib5_name,attrib5_options,tag1,tag2,tag3,tag4,tag5,choice_ids,created_by,created_at,updated_by,updated_at,is_deleted,is_system,item_thumb,sys_sale_flag) values ("101000149","101000149",null,"RA",null,"0",null,"0","Raya Wine(Red/White) 180ml",null,"101000107","1","0","Raya Wine(Red/White) 180ml","1",null,null,null,"0",null,"43","1.00000",null,null,"1","0","1",null,null,null,"330.00000","0.00000","0","0.00000","0","0","0","0",null,"0",null,"0",null,"0",null,"#FFFFFF","#2337ed",null,null,null,null,null,null,null,null,null,null,null,null,null,null,null,null,"0","2020-01-24 10:21:59.0",null,null,"0","0",null,"1");
DELETE FROM sale_item_ext WHERE id=101000149;
insert into sale_item_ext(id,kitchen_id,is_deleted,last_sync_at) values ("101000149","101000102","0","2020-01-23 23:51:59.0");
DELETE FROM stock_items WHERE id=101000150;
insert into stock_items(id,code,name,description,supplier_product_code,stock_item_attributes,stock_item_location,stock_item_category_id,prd_department_id,part_no,market_valuation_method,movement_method,uom_id,item_weight,qty_on_hand,unit_price,optimum_level,reorder_level,reorder_qty,preferred_supplier_id,last_purchase_unit_price,last_purchase_supplier_id,tax_id,tax_calculation_method,is_service_item,is_valid,is_manufactured,is_sellable,is_semi_finished,is_finished,sales_margin,is_sales_margin_percent,tax_percentage,qty_manufactured,top_consumption_rank,created_by,created_at,updated_by,updated_at,is_system,is_deleted) values ("101000150","SW","Sula White Bottle",null,null,"",null,null,null,null,"0",null,"43","1.00000",null,"1450.00000",null,null,null,null,null,null,"1","0","0","1","0","1","0","0","0","0","0.00",null,"0","0","2020-01-24 10:21:59.0",null,null,"0","0");
DELETE FROM sale_items WHERE id=101000150;
insert into sale_items(id,stock_item_id,stock_item_code,code,hsn_code,is_group_item,group_item_id,is_combo_item,name,description,sub_class_id,is_valid,is_manufactured,alternative_name,is_printable_to_kitchen,name_to_print,alternative_name_to_print,barcode,is_open,qty_on_hand,uom_id,item_weight,profit_category_id,prd_department_id,tax_id,tax_exemption,tax_group_id,tax_id_home_service,tax_id_table_service,tax_id_take_away_service,fixed_price,whls_price,is_whls_price_pc,item_cost,tax_calculation_method,taxation_based_on,is_require_weighing,display_order,best_before,is_hot_item_1,hot_item_1_display_order,is_hot_item_2,hot_item_2_display_order,is_hot_item_3,hot_item_3_display_order,fg_color,bg_color,attrib1_name,attrib1_options,attrib2_name,attrib2_options,attrib3_name,attrib3_options,attrib4_name,attrib4_options,attrib5_name,attrib5_options,tag1,tag2,tag3,tag4,tag5,choice_ids,created_by,created_at,updated_by,updated_at,is_deleted,is_system,item_thumb,sys_sale_flag) values ("101000150","101000150",null,"SW",null,"0",null,"0","Sula White Bottle",null,"101000107","1","0","Sula White Bottle","1",null,null,null,"0",null,"43","1.00000",null,null,"1","0","1",null,null,null,"1450.00000","0.00000","0","0.00000","0","0","0","0",null,"0",null,"0",null,"0",null,"#FFFFFF","#e815ed",null,null,null,null,null,null,null,null,null,null,null,null,null,null,null,null,"0","2020-01-24 10:21:59.0",null,null,"0","0",null,"1");
DELETE FROM sale_item_ext WHERE id=101000150;
insert into sale_item_ext(id,kitchen_id,is_deleted,last_sync_at) values ("101000150","101000102","0","2020-01-23 23:51:59.0");
DELETE FROM stock_items WHERE id=101000151;
insert into stock_items(id,code,name,description,supplier_product_code,stock_item_attributes,stock_item_location,stock_item_category_id,prd_department_id,part_no,market_valuation_method,movement_method,uom_id,item_weight,qty_on_hand,unit_price,optimum_level,reorder_level,reorder_qty,preferred_supplier_id,last_purchase_unit_price,last_purchase_supplier_id,tax_id,tax_calculation_method,is_service_item,is_valid,is_manufactured,is_sellable,is_semi_finished,is_finished,sales_margin,is_sales_margin_percent,tax_percentage,qty_manufactured,top_consumption_rank,created_by,created_at,updated_by,updated_at,is_system,is_deleted) values ("101000151","SUL","1 Glass * Sula White 3*60 = 180 ml",null,null,"",null,null,null,null,"0",null,"43","1.00000",null,"390.00000",null,null,null,null,null,null,"1","0","0","1","0","1","0","0","0","0","0.00",null,"0","0","2020-01-24 10:21:59.0",null,null,"0","0");
DELETE FROM sale_items WHERE id=101000151;
insert into sale_items(id,stock_item_id,stock_item_code,code,hsn_code,is_group_item,group_item_id,is_combo_item,name,description,sub_class_id,is_valid,is_manufactured,alternative_name,is_printable_to_kitchen,name_to_print,alternative_name_to_print,barcode,is_open,qty_on_hand,uom_id,item_weight,profit_category_id,prd_department_id,tax_id,tax_exemption,tax_group_id,tax_id_home_service,tax_id_table_service,tax_id_take_away_service,fixed_price,whls_price,is_whls_price_pc,item_cost,tax_calculation_method,taxation_based_on,is_require_weighing,display_order,best_before,is_hot_item_1,hot_item_1_display_order,is_hot_item_2,hot_item_2_display_order,is_hot_item_3,hot_item_3_display_order,fg_color,bg_color,attrib1_name,attrib1_options,attrib2_name,attrib2_options,attrib3_name,attrib3_options,attrib4_name,attrib4_options,attrib5_name,attrib5_options,tag1,tag2,tag3,tag4,tag5,choice_ids,created_by,created_at,updated_by,updated_at,is_deleted,is_system,item_thumb,sys_sale_flag) values ("101000151","101000151",null,"SUL",null,"0",null,"0","1 Glass * Sula White 3*60 = 180 ml",null,"101000107","1","0","1 Glass * Sula White 3*60 = 180 ml","1",null,null,null,"0",null,"43","1.00000",null,null,"1","0","1",null,null,null,"390.00000","0.00000","0","0.00000","0","0","0","0",null,"0",null,"0",null,"0",null,"#FFFFFF","#3926ad",null,null,null,null,null,null,null,null,null,null,null,null,null,null,null,null,"0","2020-01-24 10:21:59.0",null,null,"0","0",null,"1");
DELETE FROM sale_item_ext WHERE id=101000151;
insert into sale_item_ext(id,kitchen_id,is_deleted,last_sync_at) values ("101000151","101000102","0","2020-01-23 23:51:59.0");
DELETE FROM stock_items WHERE id=101000152;
insert into stock_items(id,code,name,description,supplier_product_code,stock_item_attributes,stock_item_location,stock_item_category_id,prd_department_id,part_no,market_valuation_method,movement_method,uom_id,item_weight,qty_on_hand,unit_price,optimum_level,reorder_level,reorder_qty,preferred_supplier_id,last_purchase_unit_price,last_purchase_supplier_id,tax_id,tax_calculation_method,is_service_item,is_valid,is_manufactured,is_sellable,is_semi_finished,is_finished,sales_margin,is_sales_margin_percent,tax_percentage,qty_manufactured,top_consumption_rank,created_by,created_at,updated_by,updated_at,is_system,is_deleted) values ("101000152","SVS","Sula Vineyards Shiraz(1 Glass 180 ml) 3*60= 180ml",null,null,"",null,null,null,null,"0",null,"43","1.00000",null,"570.00000",null,null,null,null,null,null,"1","0","0","1","0","1","0","0","0","0","0.00",null,"0","0","2020-01-24 10:21:59.0",null,null,"0","0");
DELETE FROM sale_items WHERE id=101000152;
insert into sale_items(id,stock_item_id,stock_item_code,code,hsn_code,is_group_item,group_item_id,is_combo_item,name,description,sub_class_id,is_valid,is_manufactured,alternative_name,is_printable_to_kitchen,name_to_print,alternative_name_to_print,barcode,is_open,qty_on_hand,uom_id,item_weight,profit_category_id,prd_department_id,tax_id,tax_exemption,tax_group_id,tax_id_home_service,tax_id_table_service,tax_id_take_away_service,fixed_price,whls_price,is_whls_price_pc,item_cost,tax_calculation_method,taxation_based_on,is_require_weighing,display_order,best_before,is_hot_item_1,hot_item_1_display_order,is_hot_item_2,hot_item_2_display_order,is_hot_item_3,hot_item_3_display_order,fg_color,bg_color,attrib1_name,attrib1_options,attrib2_name,attrib2_options,attrib3_name,attrib3_options,attrib4_name,attrib4_options,attrib5_name,attrib5_options,tag1,tag2,tag3,tag4,tag5,choice_ids,created_by,created_at,updated_by,updated_at,is_deleted,is_system,item_thumb,sys_sale_flag) values ("101000152","101000152",null,"SVS",null,"0",null,"0","Sula Vineyards Shiraz(1 Glass 180 ml) 3*60= 180ml",null,"101000107","1","0","Sula Vineyards Shiraz(1 Glass 180 ml) 3*60= 180ml","1",null,null,null,"0",null,"43","1.00000",null,null,"1","0","1",null,null,null,"570.00000","0.00000","0","0.00000","0","0","0","0",null,"0",null,"0",null,"0",null,"#FFFFFF","#126350",null,null,null,null,null,null,null,null,null,null,null,null,null,null,null,null,"0","2020-01-24 10:21:59.0",null,null,"0","0",null,"1");
DELETE FROM sale_item_ext WHERE id=101000152;
insert into sale_item_ext(id,kitchen_id,is_deleted,last_sync_at) values ("101000152","101000102","0","2020-01-23 23:51:59.0");
DELETE FROM stock_items WHERE id=101000153;
insert into stock_items(id,code,name,description,supplier_product_code,stock_item_attributes,stock_item_location,stock_item_category_id,prd_department_id,part_no,market_valuation_method,movement_method,uom_id,item_weight,qty_on_hand,unit_price,optimum_level,reorder_level,reorder_qty,preferred_supplier_id,last_purchase_unit_price,last_purchase_supplier_id,tax_id,tax_calculation_method,is_service_item,is_valid,is_manufactured,is_sellable,is_semi_finished,is_finished,sales_margin,is_sales_margin_percent,tax_percentage,qty_manufactured,top_consumption_rank,created_by,created_at,updated_by,updated_at,is_system,is_deleted) values ("101000153","SSECO","Sula Secco",null,null,"",null,null,null,null,"0",null,"43","1.00000",null,"2120.00000",null,null,null,null,null,null,"1","0","0","1","0","1","0","0","0","0","0.00",null,"0","0","2020-01-24 10:21:59.0",null,null,"0","0");
DELETE FROM sale_items WHERE id=101000153;
insert into sale_items(id,stock_item_id,stock_item_code,code,hsn_code,is_group_item,group_item_id,is_combo_item,name,description,sub_class_id,is_valid,is_manufactured,alternative_name,is_printable_to_kitchen,name_to_print,alternative_name_to_print,barcode,is_open,qty_on_hand,uom_id,item_weight,profit_category_id,prd_department_id,tax_id,tax_exemption,tax_group_id,tax_id_home_service,tax_id_table_service,tax_id_take_away_service,fixed_price,whls_price,is_whls_price_pc,item_cost,tax_calculation_method,taxation_based_on,is_require_weighing,display_order,best_before,is_hot_item_1,hot_item_1_display_order,is_hot_item_2,hot_item_2_display_order,is_hot_item_3,hot_item_3_display_order,fg_color,bg_color,attrib1_name,attrib1_options,attrib2_name,attrib2_options,attrib3_name,attrib3_options,attrib4_name,attrib4_options,attrib5_name,attrib5_options,tag1,tag2,tag3,tag4,tag5,choice_ids,created_by,created_at,updated_by,updated_at,is_deleted,is_system,item_thumb,sys_sale_flag) values ("101000153","101000153",null,"SSECO",null,"0",null,"0","Sula Secco",null,"101000108","1","0","Sula Secco","1",null,null,null,"0",null,"43","1.00000",null,null,"1","0","1",null,null,null,"2120.00000","0.00000","0","0.00000","0","0","0","0",null,"0",null,"0",null,"0",null,"#FFFFFF","#352808",null,null,null,null,null,null,null,null,null,null,null,null,null,null,null,null,"0","2020-01-24 10:21:59.0",null,null,"0","0",null,"1");
DELETE FROM sale_item_ext WHERE id=101000153;
insert into sale_item_ext(id,kitchen_id,is_deleted,last_sync_at) values ("101000153","101000102","0","2020-01-23 23:51:59.0");
DELETE FROM stock_items WHERE id=101000154;
insert into stock_items(id,code,name,description,supplier_product_code,stock_item_attributes,stock_item_location,stock_item_category_id,prd_department_id,part_no,market_valuation_method,movement_method,uom_id,item_weight,qty_on_hand,unit_price,optimum_level,reorder_level,reorder_qty,preferred_supplier_id,last_purchase_unit_price,last_purchase_supplier_id,tax_id,tax_calculation_method,is_service_item,is_valid,is_manufactured,is_sellable,is_semi_finished,is_finished,sales_margin,is_sales_margin_percent,tax_percentage,qty_manufactured,top_consumption_rank,created_by,created_at,updated_by,updated_at,is_system,is_deleted) values ("101000154","GBC","Grover Zampa Brut",null,null,"",null,null,null,null,"0",null,"43","1.00000",null,"3250.00000",null,null,null,null,null,null,"1","0","0","1","0","1","0","0","0","0","0.00",null,"0","0","2020-01-24 10:21:59.0",null,null,"0","0");
DELETE FROM sale_items WHERE id=101000154;
insert into sale_items(id,stock_item_id,stock_item_code,code,hsn_code,is_group_item,group_item_id,is_combo_item,name,description,sub_class_id,is_valid,is_manufactured,alternative_name,is_printable_to_kitchen,name_to_print,alternative_name_to_print,barcode,is_open,qty_on_hand,uom_id,item_weight,profit_category_id,prd_department_id,tax_id,tax_exemption,tax_group_id,tax_id_home_service,tax_id_table_service,tax_id_take_away_service,fixed_price,whls_price,is_whls_price_pc,item_cost,tax_calculation_method,taxation_based_on,is_require_weighing,display_order,best_before,is_hot_item_1,hot_item_1_display_order,is_hot_item_2,hot_item_2_display_order,is_hot_item_3,hot_item_3_display_order,fg_color,bg_color,attrib1_name,attrib1_options,attrib2_name,attrib2_options,attrib3_name,attrib3_options,attrib4_name,attrib4_options,attrib5_name,attrib5_options,tag1,tag2,tag3,tag4,tag5,choice_ids,created_by,created_at,updated_by,updated_at,is_deleted,is_system,item_thumb,sys_sale_flag) values ("101000154","101000154",null,"GBC",null,"0",null,"0","Grover Zampa Brut",null,"101000108","1","0","Grover Zampa Brut","1",null,null,null,"0",null,"43","1.00000",null,null,"1","0","1",null,null,null,"3250.00000","0.00000","0","0.00000","0","0","0","0",null,"0",null,"0",null,"0",null,"#FFFFFF","#175f93",null,null,null,null,null,null,null,null,null,null,null,null,null,null,null,null,"0","2020-01-24 10:21:59.0",null,null,"0","0",null,"1");
DELETE FROM sale_item_ext WHERE id=101000154;
insert into sale_item_ext(id,kitchen_id,is_deleted,last_sync_at) values ("101000154","101000102","0","2020-01-23 23:51:59.0");
DELETE FROM stock_items WHERE id=101000155;
insert into stock_items(id,code,name,description,supplier_product_code,stock_item_attributes,stock_item_location,stock_item_category_id,prd_department_id,part_no,market_valuation_method,movement_method,uom_id,item_weight,qty_on_hand,unit_price,optimum_level,reorder_level,reorder_qty,preferred_supplier_id,last_purchase_unit_price,last_purchase_supplier_id,tax_id,tax_calculation_method,is_service_item,is_valid,is_manufactured,is_sellable,is_semi_finished,is_finished,sales_margin,is_sales_margin_percent,tax_percentage,qty_manufactured,top_consumption_rank,created_by,created_at,updated_by,updated_at,is_system,is_deleted) values ("101000155","SBM","Sula Brut",null,null,"",null,null,null,null,"0",null,"43","1.00000",null,"3250.00000",null,null,null,null,null,null,"1","0","0","1","0","1","0","0","0","0","0.00",null,"0","0","2020-01-24 10:21:59.0",null,null,"0","0");
DELETE FROM sale_items WHERE id=101000155;
insert into sale_items(id,stock_item_id,stock_item_code,code,hsn_code,is_group_item,group_item_id,is_combo_item,name,description,sub_class_id,is_valid,is_manufactured,alternative_name,is_printable_to_kitchen,name_to_print,alternative_name_to_print,barcode,is_open,qty_on_hand,uom_id,item_weight,profit_category_id,prd_department_id,tax_id,tax_exemption,tax_group_id,tax_id_home_service,tax_id_table_service,tax_id_take_away_service,fixed_price,whls_price,is_whls_price_pc,item_cost,tax_calculation_method,taxation_based_on,is_require_weighing,display_order,best_before,is_hot_item_1,hot_item_1_display_order,is_hot_item_2,hot_item_2_display_order,is_hot_item_3,hot_item_3_display_order,fg_color,bg_color,attrib1_name,attrib1_options,attrib2_name,attrib2_options,attrib3_name,attrib3_options,attrib4_name,attrib4_options,attrib5_name,attrib5_options,tag1,tag2,tag3,tag4,tag5,choice_ids,created_by,created_at,updated_by,updated_at,is_deleted,is_system,item_thumb,sys_sale_flag) values ("101000155","101000155",null,"SBM",null,"0",null,"0","Sula Brut",null,"101000107","1","0","Sula Brut","1",null,null,null,"0",null,"43","1.00000",null,null,"1","0","1",null,null,null,"3250.00000","0.00000","0","0.00000","0","0","0","0",null,"0",null,"0",null,"0",null,"#FFFFFF","#1c420f",null,null,null,null,null,null,null,null,null,null,null,null,null,null,null,null,"0","2020-01-24 10:21:59.0",null,null,"0","0",null,"1");
DELETE FROM sale_item_ext WHERE id=101000155;
insert into sale_item_ext(id,kitchen_id,is_deleted,last_sync_at) values ("101000155","101000101","0","2020-01-23 23:51:59.0");
DELETE FROM stock_items WHERE id=101000156;
insert into stock_items(id,code,name,description,supplier_product_code,stock_item_attributes,stock_item_location,stock_item_category_id,prd_department_id,part_no,market_valuation_method,movement_method,uom_id,item_weight,qty_on_hand,unit_price,optimum_level,reorder_level,reorder_qty,preferred_supplier_id,last_purchase_unit_price,last_purchase_supplier_id,tax_id,tax_calculation_method,is_service_item,is_valid,is_manufactured,is_sellable,is_semi_finished,is_finished,sales_margin,is_sales_margin_percent,tax_percentage,qty_manufactured,top_consumption_rank,created_by,created_at,updated_by,updated_at,is_system,is_deleted) values ("101000156","112","Sweet Corn Soup (Chicken,Prawns,Mushroom,Veg)",null,null,"",null,null,null,null,"0",null,"43","1.00000",null,"120.00000",null,null,null,null,null,null,"101000101","1","0","1","0","1","0","0","0","0","0.00",null,"0","0","2020-01-24 10:21:59.0",null,null,"0","0");
DELETE FROM sale_items WHERE id=101000156;
insert into sale_items(id,stock_item_id,stock_item_code,code,hsn_code,is_group_item,group_item_id,is_combo_item,name,description,sub_class_id,is_valid,is_manufactured,alternative_name,is_printable_to_kitchen,name_to_print,alternative_name_to_print,barcode,is_open,qty_on_hand,uom_id,item_weight,profit_category_id,prd_department_id,tax_id,tax_exemption,tax_group_id,tax_id_home_service,tax_id_table_service,tax_id_take_away_service,fixed_price,whls_price,is_whls_price_pc,item_cost,tax_calculation_method,taxation_based_on,is_require_weighing,display_order,best_before,is_hot_item_1,hot_item_1_display_order,is_hot_item_2,hot_item_2_display_order,is_hot_item_3,hot_item_3_display_order,fg_color,bg_color,attrib1_name,attrib1_options,attrib2_name,attrib2_options,attrib3_name,attrib3_options,attrib4_name,attrib4_options,attrib5_name,attrib5_options,tag1,tag2,tag3,tag4,tag5,choice_ids,created_by,created_at,updated_by,updated_at,is_deleted,is_system,item_thumb,sys_sale_flag) values ("101000156","101000156",null,"112",null,"0",null,"0","Sweet Corn Soup (Chicken,Prawns,Mushroom,Veg)",null,"101000109","1","0","Sweet Corn Soup (Chicken,Prawns,Mushroom,Veg)","1",null,null,null,"0",null,"43","1.00000",null,null,"101000101","0","101000101",null,null,null,"120.00000","0.00000","0","0.00000","1","0","0","0",null,"0",null,"0",null,"0",null,"#FFFFFF","#155e68",null,null,null,null,null,null,null,null,null,null,null,null,null,null,null,null,"0","2020-01-24 10:21:59.0",null,null,"0","0",null,"1");
DELETE FROM sale_item_ext WHERE id=101000156;
insert into sale_item_ext(id,kitchen_id,is_deleted,last_sync_at) values ("101000156","101000101","0","2020-01-23 23:51:59.0");
DELETE FROM stock_items WHERE id=101000157;
insert into stock_items(id,code,name,description,supplier_product_code,stock_item_attributes,stock_item_location,stock_item_category_id,prd_department_id,part_no,market_valuation_method,movement_method,uom_id,item_weight,qty_on_hand,unit_price,optimum_level,reorder_level,reorder_qty,preferred_supplier_id,last_purchase_unit_price,last_purchase_supplier_id,tax_id,tax_calculation_method,is_service_item,is_valid,is_manufactured,is_sellable,is_semi_finished,is_finished,sales_margin,is_sales_margin_percent,tax_percentage,qty_manufactured,top_consumption_rank,created_by,created_at,updated_by,updated_at,is_system,is_deleted) values ("101000157","113","Hot N Sour Soup(Chicken,Prawns,Mushroom,Veg)",null,null,"",null,null,null,null,"0",null,"43","1.00000",null,"120.00000",null,null,null,null,null,null,"101000101","1","0","1","0","1","0","0","0","0","0.00",null,"0","0","2020-01-24 10:21:59.0",null,null,"0","0");
DELETE FROM sale_items WHERE id=101000157;
insert into sale_items(id,stock_item_id,stock_item_code,code,hsn_code,is_group_item,group_item_id,is_combo_item,name,description,sub_class_id,is_valid,is_manufactured,alternative_name,is_printable_to_kitchen,name_to_print,alternative_name_to_print,barcode,is_open,qty_on_hand,uom_id,item_weight,profit_category_id,prd_department_id,tax_id,tax_exemption,tax_group_id,tax_id_home_service,tax_id_table_service,tax_id_take_away_service,fixed_price,whls_price,is_whls_price_pc,item_cost,tax_calculation_method,taxation_based_on,is_require_weighing,display_order,best_before,is_hot_item_1,hot_item_1_display_order,is_hot_item_2,hot_item_2_display_order,is_hot_item_3,hot_item_3_display_order,fg_color,bg_color,attrib1_name,attrib1_options,attrib2_name,attrib2_options,attrib3_name,attrib3_options,attrib4_name,attrib4_options,attrib5_name,attrib5_options,tag1,tag2,tag3,tag4,tag5,choice_ids,created_by,created_at,updated_by,updated_at,is_deleted,is_system,item_thumb,sys_sale_flag) values ("101000157","101000157",null,"113",null,"0",null,"0","Hot N Sour Soup(Chicken,Prawns,Mushroom,Veg)",null,"101000109","1","0","Hot N Sour Soup(Chicken,Prawns,Mushroom,Veg)","1",null,null,null,"0",null,"43","1.00000",null,null,"101000101","0","101000101",null,null,null,"120.00000","0.00000","0","0.00000","1","0","0","0",null,"0",null,"0",null,"0",null,"#FFFFFF","#1d4240",null,null,null,null,null,null,null,null,null,null,null,null,null,null,null,null,"0","2020-01-24 10:21:59.0",null,null,"0","0",null,"1");
DELETE FROM sale_item_ext WHERE id=101000157;
insert into sale_item_ext(id,kitchen_id,is_deleted,last_sync_at) values ("101000157","101000101","0","2020-01-23 23:51:59.0");
DELETE FROM stock_items WHERE id=101000158;
insert into stock_items(id,code,name,description,supplier_product_code,stock_item_attributes,stock_item_location,stock_item_category_id,prd_department_id,part_no,market_valuation_method,movement_method,uom_id,item_weight,qty_on_hand,unit_price,optimum_level,reorder_level,reorder_qty,preferred_supplier_id,last_purchase_unit_price,last_purchase_supplier_id,tax_id,tax_calculation_method,is_service_item,is_valid,is_manufactured,is_sellable,is_semi_finished,is_finished,sales_margin,is_sales_margin_percent,tax_percentage,qty_manufactured,top_consumption_rank,created_by,created_at,updated_by,updated_at,is_system,is_deleted) values ("101000158","71","Clear Soup(Chicken,Prawns,Mushroom,Veg)",null,null,"",null,null,null,null,"0",null,"43","1.00000",null,"120.00000",null,null,null,null,null,null,"101000101","1","0","1","0","1","0","0","0","0","0.00",null,"0","0","2020-01-24 10:21:59.0",null,null,"0","0");
DELETE FROM sale_items WHERE id=101000158;
insert into sale_items(id,stock_item_id,stock_item_code,code,hsn_code,is_group_item,group_item_id,is_combo_item,name,description,sub_class_id,is_valid,is_manufactured,alternative_name,is_printable_to_kitchen,name_to_print,alternative_name_to_print,barcode,is_open,qty_on_hand,uom_id,item_weight,profit_category_id,prd_department_id,tax_id,tax_exemption,tax_group_id,tax_id_home_service,tax_id_table_service,tax_id_take_away_service,fixed_price,whls_price,is_whls_price_pc,item_cost,tax_calculation_method,taxation_based_on,is_require_weighing,display_order,best_before,is_hot_item_1,hot_item_1_display_order,is_hot_item_2,hot_item_2_display_order,is_hot_item_3,hot_item_3_display_order,fg_color,bg_color,attrib1_name,attrib1_options,attrib2_name,attrib2_options,attrib3_name,attrib3_options,attrib4_name,attrib4_options,attrib5_name,attrib5_options,tag1,tag2,tag3,tag4,tag5,choice_ids,created_by,created_at,updated_by,updated_at,is_deleted,is_system,item_thumb,sys_sale_flag) values ("101000158","101000158",null,"71",null,"0",null,"0","Clear Soup(Chicken,Prawns,Mushroom,Veg)",null,"101000109","1","0","Clear Soup(Chicken,Prawns,Mushroom,Veg)","1",null,null,null,"0",null,"43","1.00000",null,null,"101000101","0","101000101",null,null,null,"120.00000","0.00000","0","0.00000","1","0","0","0",null,"0",null,"0",null,"0",null,"#FFFFFF","#133372",null,null,null,null,null,null,null,null,null,null,null,null,null,null,null,null,"0","2020-01-24 10:21:59.0",null,null,"0","0",null,"1");
DELETE FROM sale_item_ext WHERE id=101000158;
insert into sale_item_ext(id,kitchen_id,is_deleted,last_sync_at) values ("101000158","101000101","0","2020-01-23 23:52:00.0");
DELETE FROM stock_items WHERE id=101000159;
insert into stock_items(id,code,name,description,supplier_product_code,stock_item_attributes,stock_item_location,stock_item_category_id,prd_department_id,part_no,market_valuation_method,movement_method,uom_id,item_weight,qty_on_hand,unit_price,optimum_level,reorder_level,reorder_qty,preferred_supplier_id,last_purchase_unit_price,last_purchase_supplier_id,tax_id,tax_calculation_method,is_service_item,is_valid,is_manufactured,is_sellable,is_semi_finished,is_finished,sales_margin,is_sales_margin_percent,tax_percentage,qty_manufactured,top_consumption_rank,created_by,created_at,updated_by,updated_at,is_system,is_deleted) values ("101000159","72","Seagull Special Soup(Chicken,Prawns,Mushroom,Veg)",null,null,"",null,null,null,null,"0",null,"43","1.00000",null,"130.00000",null,null,null,null,null,null,"101000101","1","0","1","0","1","0","0","0","0","0.00",null,"0","0","2020-01-24 10:22:00.0",null,null,"0","0");
DELETE FROM sale_items WHERE id=101000159;
insert into sale_items(id,stock_item_id,stock_item_code,code,hsn_code,is_group_item,group_item_id,is_combo_item,name,description,sub_class_id,is_valid,is_manufactured,alternative_name,is_printable_to_kitchen,name_to_print,alternative_name_to_print,barcode,is_open,qty_on_hand,uom_id,item_weight,profit_category_id,prd_department_id,tax_id,tax_exemption,tax_group_id,tax_id_home_service,tax_id_table_service,tax_id_take_away_service,fixed_price,whls_price,is_whls_price_pc,item_cost,tax_calculation_method,taxation_based_on,is_require_weighing,display_order,best_before,is_hot_item_1,hot_item_1_display_order,is_hot_item_2,hot_item_2_display_order,is_hot_item_3,hot_item_3_display_order,fg_color,bg_color,attrib1_name,attrib1_options,attrib2_name,attrib2_options,attrib3_name,attrib3_options,attrib4_name,attrib4_options,attrib5_name,attrib5_options,tag1,tag2,tag3,tag4,tag5,choice_ids,created_by,created_at,updated_by,updated_at,is_deleted,is_system,item_thumb,sys_sale_flag) values ("101000159","101000159",null,"72",null,"0",null,"0","Seagull Special Soup(Chicken,Prawns,Mushroom,Veg)",null,"101000109","1","0","Seagull Special Soup(Chicken,Prawns,Mushroom,Veg)","1",null,null,null,"0",null,"43","1.00000",null,null,"101000101","0","101000101",null,null,null,"130.00000","0.00000","0","0.00000","1","0","0","0",null,"0",null,"0",null,"0",null,"#FFFFFF","#0e443b",null,null,null,null,null,null,null,null,null,null,null,null,null,null,null,null,"0","2020-01-24 10:22:00.0",null,null,"0","0",null,"1");
DELETE FROM sale_item_ext WHERE id=101000159;
insert into sale_item_ext(id,kitchen_id,is_deleted,last_sync_at) values ("101000159","101000101","0","2020-01-23 23:52:00.0");
DELETE FROM stock_items WHERE id=101000160;
insert into stock_items(id,code,name,description,supplier_product_code,stock_item_attributes,stock_item_location,stock_item_category_id,prd_department_id,part_no,market_valuation_method,movement_method,uom_id,item_weight,qty_on_hand,unit_price,optimum_level,reorder_level,reorder_qty,preferred_supplier_id,last_purchase_unit_price,last_purchase_supplier_id,tax_id,tax_calculation_method,is_service_item,is_valid,is_manufactured,is_sellable,is_semi_finished,is_finished,sales_margin,is_sales_margin_percent,tax_percentage,qty_manufactured,top_consumption_rank,created_by,created_at,updated_by,updated_at,is_system,is_deleted) values ("101000160","67","Crispy Fried Vegeteable",null,null,"",null,null,null,null,"0",null,"43","1.00000",null,"170.00000",null,null,null,null,null,null,"101000101","1","0","1","0","1","0","0","0","0","0.00",null,"0","0","2020-01-24 10:22:00.0",null,null,"0","0");
DELETE FROM sale_items WHERE id=101000160;
insert into sale_items(id,stock_item_id,stock_item_code,code,hsn_code,is_group_item,group_item_id,is_combo_item,name,description,sub_class_id,is_valid,is_manufactured,alternative_name,is_printable_to_kitchen,name_to_print,alternative_name_to_print,barcode,is_open,qty_on_hand,uom_id,item_weight,profit_category_id,prd_department_id,tax_id,tax_exemption,tax_group_id,tax_id_home_service,tax_id_table_service,tax_id_take_away_service,fixed_price,whls_price,is_whls_price_pc,item_cost,tax_calculation_method,taxation_based_on,is_require_weighing,display_order,best_before,is_hot_item_1,hot_item_1_display_order,is_hot_item_2,hot_item_2_display_order,is_hot_item_3,hot_item_3_display_order,fg_color,bg_color,attrib1_name,attrib1_options,attrib2_name,attrib2_options,attrib3_name,attrib3_options,attrib4_name,attrib4_options,attrib5_name,attrib5_options,tag1,tag2,tag3,tag4,tag5,choice_ids,created_by,created_at,updated_by,updated_at,is_deleted,is_system,item_thumb,sys_sale_flag) values ("101000160","101000160",null,"67",null,"0",null,"0","Crispy Fried Vegeteable",null,"101000110","1","0","Crispy Fried Vegeteable","1",null,null,null,"0",null,"43","1.00000",null,null,"101000101","0","101000101",null,null,null,"170.00000","0.00000","0","0.00000","1","0","0","0",null,"0",null,"0",null,"0",null,"#FFFFFF","#1c6166",null,null,null,null,null,null,null,null,null,null,null,null,null,null,null,null,"0","2020-01-24 10:22:00.0",null,null,"0","0",null,"1");
DELETE FROM sale_item_ext WHERE id=101000160;
insert into sale_item_ext(id,kitchen_id,is_deleted,last_sync_at) values ("101000160","101000101","0","2020-01-23 23:52:00.0");
DELETE FROM stock_items WHERE id=101000161;
insert into stock_items(id,code,name,description,supplier_product_code,stock_item_attributes,stock_item_location,stock_item_category_id,prd_department_id,part_no,market_valuation_method,movement_method,uom_id,item_weight,qty_on_hand,unit_price,optimum_level,reorder_level,reorder_qty,preferred_supplier_id,last_purchase_unit_price,last_purchase_supplier_id,tax_id,tax_calculation_method,is_service_item,is_valid,is_manufactured,is_sellable,is_semi_finished,is_finished,sales_margin,is_sales_margin_percent,tax_percentage,qty_manufactured,top_consumption_rank,created_by,created_at,updated_by,updated_at,is_system,is_deleted) values ("101000161","101","Onion Pakkoda",null,null,"",null,null,null,null,"0",null,"43","1.00000",null,"150.00000",null,null,null,null,null,null,"101000101","1","0","1","0","1","0","0","0","0","0.00",null,"0","0","2020-01-24 10:22:00.0",null,null,"0","0");
DELETE FROM sale_items WHERE id=101000161;
insert into sale_items(id,stock_item_id,stock_item_code,code,hsn_code,is_group_item,group_item_id,is_combo_item,name,description,sub_class_id,is_valid,is_manufactured,alternative_name,is_printable_to_kitchen,name_to_print,alternative_name_to_print,barcode,is_open,qty_on_hand,uom_id,item_weight,profit_category_id,prd_department_id,tax_id,tax_exemption,tax_group_id,tax_id_home_service,tax_id_table_service,tax_id_take_away_service,fixed_price,whls_price,is_whls_price_pc,item_cost,tax_calculation_method,taxation_based_on,is_require_weighing,display_order,best_before,is_hot_item_1,hot_item_1_display_order,is_hot_item_2,hot_item_2_display_order,is_hot_item_3,hot_item_3_display_order,fg_color,bg_color,attrib1_name,attrib1_options,attrib2_name,attrib2_options,attrib3_name,attrib3_options,attrib4_name,attrib4_options,attrib5_name,attrib5_options,tag1,tag2,tag3,tag4,tag5,choice_ids,created_by,created_at,updated_by,updated_at,is_deleted,is_system,item_thumb,sys_sale_flag) values ("101000161","101000161",null,"101",null,"0",null,"0","Onion Pakkoda",null,"101000110","1","0","Onion Pakkoda","1",null,null,null,"0",null,"43","1.00000",null,null,"101000101","0","101000101",null,null,null,"150.00000","0.00000","0","0.00000","1","0","0","0",null,"0",null,"0",null,"0",null,"#FFFFFF","#08470b",null,null,null,null,null,null,null,null,null,null,null,null,null,null,null,null,"0","2020-01-24 10:22:00.0",null,null,"0","0",null,"1");
DELETE FROM sale_item_ext WHERE id=101000161;
insert into sale_item_ext(id,kitchen_id,is_deleted,last_sync_at) values ("101000161","101000101","0","2020-01-23 23:52:00.0");
DELETE FROM stock_items WHERE id=101000162;
insert into stock_items(id,code,name,description,supplier_product_code,stock_item_attributes,stock_item_location,stock_item_category_id,prd_department_id,part_no,market_valuation_method,movement_method,uom_id,item_weight,qty_on_hand,unit_price,optimum_level,reorder_level,reorder_qty,preferred_supplier_id,last_purchase_unit_price,last_purchase_supplier_id,tax_id,tax_calculation_method,is_service_item,is_valid,is_manufactured,is_sellable,is_semi_finished,is_finished,sales_margin,is_sales_margin_percent,tax_percentage,qty_manufactured,top_consumption_rank,created_by,created_at,updated_by,updated_at,is_system,is_deleted) values ("101000162","PK","Paneer Pakkoda",null,null,"",null,null,null,null,"0",null,"43","1.00000",null,"170.00000",null,null,null,null,null,null,"101000101","1","0","1","0","1","0","0","0","0","0.00",null,"0","0","2020-01-24 10:22:00.0",null,null,"0","0");
DELETE FROM sale_items WHERE id=101000162;
insert into sale_items(id,stock_item_id,stock_item_code,code,hsn_code,is_group_item,group_item_id,is_combo_item,name,description,sub_class_id,is_valid,is_manufactured,alternative_name,is_printable_to_kitchen,name_to_print,alternative_name_to_print,barcode,is_open,qty_on_hand,uom_id,item_weight,profit_category_id,prd_department_id,tax_id,tax_exemption,tax_group_id,tax_id_home_service,tax_id_table_service,tax_id_take_away_service,fixed_price,whls_price,is_whls_price_pc,item_cost,tax_calculation_method,taxation_based_on,is_require_weighing,display_order,best_before,is_hot_item_1,hot_item_1_display_order,is_hot_item_2,hot_item_2_display_order,is_hot_item_3,hot_item_3_display_order,fg_color,bg_color,attrib1_name,attrib1_options,attrib2_name,attrib2_options,attrib3_name,attrib3_options,attrib4_name,attrib4_options,attrib5_name,attrib5_options,tag1,tag2,tag3,tag4,tag5,choice_ids,created_by,created_at,updated_by,updated_at,is_deleted,is_system,item_thumb,sys_sale_flag) values ("101000162","101000162",null,"PK",null,"0",null,"0","Paneer Pakkoda",null,"101000110","1","0","Paneer Pakkoda","1",null,null,null,"0",null,"43","1.00000",null,null,"101000101","0","101000101",null,null,null,"170.00000","0.00000","0","0.00000","1","0","0","0",null,"0",null,"0",null,"0",null,"#FFFFFF","#841953",null,null,null,null,null,null,null,null,null,null,null,null,null,null,null,null,"0","2020-01-24 10:22:00.0",null,null,"0","0",null,"1");
DELETE FROM sale_item_ext WHERE id=101000162;
insert into sale_item_ext(id,kitchen_id,is_deleted,last_sync_at) values ("101000162","101000101","0","2020-01-23 23:52:00.0");
DELETE FROM stock_items WHERE id=101000163;
insert into stock_items(id,code,name,description,supplier_product_code,stock_item_attributes,stock_item_location,stock_item_category_id,prd_department_id,part_no,market_valuation_method,movement_method,uom_id,item_weight,qty_on_hand,unit_price,optimum_level,reorder_level,reorder_qty,preferred_supplier_id,last_purchase_unit_price,last_purchase_supplier_id,tax_id,tax_calculation_method,is_service_item,is_valid,is_manufactured,is_sellable,is_semi_finished,is_finished,sales_margin,is_sales_margin_percent,tax_percentage,qty_manufactured,top_consumption_rank,created_by,created_at,updated_by,updated_at,is_system,is_deleted) values ("101000163","60","Mushroom Pepper Fry",null,null,"",null,null,null,null,"0",null,"43","1.00000",null,"200.00000",null,null,null,null,null,null,"101000101","1","0","1","0","1","0","0","0","0","0.00",null,"0","0","2020-01-24 10:22:00.0",null,null,"0","0");
DELETE FROM sale_items WHERE id=101000163;
insert into sale_items(id,stock_item_id,stock_item_code,code,hsn_code,is_group_item,group_item_id,is_combo_item,name,description,sub_class_id,is_valid,is_manufactured,alternative_name,is_printable_to_kitchen,name_to_print,alternative_name_to_print,barcode,is_open,qty_on_hand,uom_id,item_weight,profit_category_id,prd_department_id,tax_id,tax_exemption,tax_group_id,tax_id_home_service,tax_id_table_service,tax_id_take_away_service,fixed_price,whls_price,is_whls_price_pc,item_cost,tax_calculation_method,taxation_based_on,is_require_weighing,display_order,best_before,is_hot_item_1,hot_item_1_display_order,is_hot_item_2,hot_item_2_display_order,is_hot_item_3,hot_item_3_display_order,fg_color,bg_color,attrib1_name,attrib1_options,attrib2_name,attrib2_options,attrib3_name,attrib3_options,attrib4_name,attrib4_options,attrib5_name,attrib5_options,tag1,tag2,tag3,tag4,tag5,choice_ids,created_by,created_at,updated_by,updated_at,is_deleted,is_system,item_thumb,sys_sale_flag) values ("101000163","101000163",null,"60",null,"0",null,"0","Mushroom Pepper Fry",null,"101000110","1","0","Mushroom Pepper Fry","1",null,null,null,"0",null,"43","1.00000",null,null,"101000101","0","101000101",null,null,null,"200.00000","0.00000","0","0.00000","1","0","0","0",null,"0",null,"0",null,"0",null,"#FFFFFF","#ff005f",null,null,null,null,null,null,null,null,null,null,null,null,null,null,null,null,"0","2020-01-24 10:22:00.0",null,null,"0","0",null,"1");
DELETE FROM sale_item_ext WHERE id=101000163;
insert into sale_item_ext(id,kitchen_id,is_deleted,last_sync_at) values ("101000163","101000101","0","2020-01-23 23:52:00.0");
DELETE FROM stock_items WHERE id=101000164;
insert into stock_items(id,code,name,description,supplier_product_code,stock_item_attributes,stock_item_location,stock_item_category_id,prd_department_id,part_no,market_valuation_method,movement_method,uom_id,item_weight,qty_on_hand,unit_price,optimum_level,reorder_level,reorder_qty,preferred_supplier_id,last_purchase_unit_price,last_purchase_supplier_id,tax_id,tax_calculation_method,is_service_item,is_valid,is_manufactured,is_sellable,is_semi_finished,is_finished,sales_margin,is_sales_margin_percent,tax_percentage,qty_manufactured,top_consumption_rank,created_by,created_at,updated_by,updated_at,is_system,is_deleted) values ("101000164","140","Finger Chips",null,null,"",null,null,null,null,"0",null,"43","1.00000",null,"120.00000",null,null,null,null,null,null,"101000101","1","0","1","0","1","0","0","0","0","0.00",null,"0","0","2020-01-24 10:22:00.0",null,null,"0","0");
DELETE FROM sale_items WHERE id=101000164;
insert into sale_items(id,stock_item_id,stock_item_code,code,hsn_code,is_group_item,group_item_id,is_combo_item,name,description,sub_class_id,is_valid,is_manufactured,alternative_name,is_printable_to_kitchen,name_to_print,alternative_name_to_print,barcode,is_open,qty_on_hand,uom_id,item_weight,profit_category_id,prd_department_id,tax_id,tax_exemption,tax_group_id,tax_id_home_service,tax_id_table_service,tax_id_take_away_service,fixed_price,whls_price,is_whls_price_pc,item_cost,tax_calculation_method,taxation_based_on,is_require_weighing,display_order,best_before,is_hot_item_1,hot_item_1_display_order,is_hot_item_2,hot_item_2_display_order,is_hot_item_3,hot_item_3_display_order,fg_color,bg_color,attrib1_name,attrib1_options,attrib2_name,attrib2_options,attrib3_name,attrib3_options,attrib4_name,attrib4_options,attrib5_name,attrib5_options,tag1,tag2,tag3,tag4,tag5,choice_ids,created_by,created_at,updated_by,updated_at,is_deleted,is_system,item_thumb,sys_sale_flag) values ("101000164","101000164",null,"140",null,"0",null,"0","Finger Chips",null,"101000110","1","0","Finger Chips","1",null,null,null,"0",null,"43","1.00000",null,null,"101000101","0","101000101",null,null,null,"120.00000","0.00000","0","0.00000","1","0","0","0",null,"0",null,"0",null,"0",null,"#FFFFFF","#2337ed",null,null,null,null,null,null,null,null,null,null,null,null,null,null,null,null,"0","2020-01-24 10:22:00.0",null,null,"0","0",null,"1");
DELETE FROM sale_item_ext WHERE id=101000164;
insert into sale_item_ext(id,kitchen_id,is_deleted,last_sync_at) values ("101000164","101000101","0","2020-01-23 23:52:00.0");
DELETE FROM stock_items WHERE id=101000165;
insert into stock_items(id,code,name,description,supplier_product_code,stock_item_attributes,stock_item_location,stock_item_category_id,prd_department_id,part_no,market_valuation_method,movement_method,uom_id,item_weight,qty_on_hand,unit_price,optimum_level,reorder_level,reorder_qty,preferred_supplier_id,last_purchase_unit_price,last_purchase_supplier_id,tax_id,tax_calculation_method,is_service_item,is_valid,is_manufactured,is_sellable,is_semi_finished,is_finished,sales_margin,is_sales_margin_percent,tax_percentage,qty_manufactured,top_consumption_rank,created_by,created_at,updated_by,updated_at,is_system,is_deleted) values ("101000165","1000","Chicken 65 (With Bone)",null,null,"",null,null,null,null,"0",null,"43","1.00000",null,"300.00000",null,null,null,null,null,null,"101000101","1","0","1","0","1","0","0","0","0","0.00",null,"0","0","2020-01-24 10:22:00.0",null,null,"0","0");
DELETE FROM sale_items WHERE id=101000165;
insert into sale_items(id,stock_item_id,stock_item_code,code,hsn_code,is_group_item,group_item_id,is_combo_item,name,description,sub_class_id,is_valid,is_manufactured,alternative_name,is_printable_to_kitchen,name_to_print,alternative_name_to_print,barcode,is_open,qty_on_hand,uom_id,item_weight,profit_category_id,prd_department_id,tax_id,tax_exemption,tax_group_id,tax_id_home_service,tax_id_table_service,tax_id_take_away_service,fixed_price,whls_price,is_whls_price_pc,item_cost,tax_calculation_method,taxation_based_on,is_require_weighing,display_order,best_before,is_hot_item_1,hot_item_1_display_order,is_hot_item_2,hot_item_2_display_order,is_hot_item_3,hot_item_3_display_order,fg_color,bg_color,attrib1_name,attrib1_options,attrib2_name,attrib2_options,attrib3_name,attrib3_options,attrib4_name,attrib4_options,attrib5_name,attrib5_options,tag1,tag2,tag3,tag4,tag5,choice_ids,created_by,created_at,updated_by,updated_at,is_deleted,is_system,item_thumb,sys_sale_flag) values ("101000165","101000165",null,"1000",null,"0",null,"0","Chicken 65 (With Bone)",null,"101000111","1","0","Chicken 65 (With Bone)","1",null,null,null,"0",null,"43","1.00000",null,null,"101000101","0","101000101",null,null,null,"300.00000","0.00000","0","0.00000","1","0","0","0",null,"0",null,"0",null,"0",null,"#FFFFFF","#e815ed",null,null,null,null,null,null,null,null,null,null,null,null,null,null,null,null,"0","2020-01-24 10:22:00.0",null,null,"0","0",null,"1");
DELETE FROM sale_item_ext WHERE id=101000165;
insert into sale_item_ext(id,kitchen_id,is_deleted,last_sync_at) values ("101000165","101000101","0","2020-01-23 23:52:00.0");
DELETE FROM stock_items WHERE id=101000166;
insert into stock_items(id,code,name,description,supplier_product_code,stock_item_attributes,stock_item_location,stock_item_category_id,prd_department_id,part_no,market_valuation_method,movement_method,uom_id,item_weight,qty_on_hand,unit_price,optimum_level,reorder_level,reorder_qty,preferred_supplier_id,last_purchase_unit_price,last_purchase_supplier_id,tax_id,tax_calculation_method,is_service_item,is_valid,is_manufactured,is_sellable,is_semi_finished,is_finished,sales_margin,is_sales_margin_percent,tax_percentage,qty_manufactured,top_consumption_rank,created_by,created_at,updated_by,updated_at,is_system,is_deleted) values ("101000166","104","Chicken 65 ( Bone Less)",null,null,"",null,null,null,null,"0",null,"43","1.00000",null,"350.00000",null,null,null,null,null,null,"101000101","1","0","1","0","1","0","0","0","0","0.00",null,"0","0","2020-01-24 10:22:00.0",null,null,"0","0");
DELETE FROM sale_items WHERE id=101000166;
insert into sale_items(id,stock_item_id,stock_item_code,code,hsn_code,is_group_item,group_item_id,is_combo_item,name,description,sub_class_id,is_valid,is_manufactured,alternative_name,is_printable_to_kitchen,name_to_print,alternative_name_to_print,barcode,is_open,qty_on_hand,uom_id,item_weight,profit_category_id,prd_department_id,tax_id,tax_exemption,tax_group_id,tax_id_home_service,tax_id_table_service,tax_id_take_away_service,fixed_price,whls_price,is_whls_price_pc,item_cost,tax_calculation_method,taxation_based_on,is_require_weighing,display_order,best_before,is_hot_item_1,hot_item_1_display_order,is_hot_item_2,hot_item_2_display_order,is_hot_item_3,hot_item_3_display_order,fg_color,bg_color,attrib1_name,attrib1_options,attrib2_name,attrib2_options,attrib3_name,attrib3_options,attrib4_name,attrib4_options,attrib5_name,attrib5_options,tag1,tag2,tag3,tag4,tag5,choice_ids,created_by,created_at,updated_by,updated_at,is_deleted,is_system,item_thumb,sys_sale_flag) values ("101000166","101000166",null,"104",null,"0",null,"0","Chicken 65 ( Bone Less)",null,"101000111","1","0","Chicken 65 ( Bone Less)","1",null,null,null,"0",null,"43","1.00000",null,null,"101000101","0","101000101",null,null,null,"350.00000","0.00000","0","0.00000","1","0","0","0",null,"0",null,"0",null,"0",null,"#FFFFFF","#3926ad",null,null,null,null,null,null,null,null,null,null,null,null,null,null,null,null,"0","2020-01-24 10:22:00.0",null,null,"0","0",null,"1");
DELETE FROM sale_item_ext WHERE id=101000166;
insert into sale_item_ext(id,kitchen_id,is_deleted,last_sync_at) values ("101000166","101000101","0","2020-01-23 23:52:00.0");
DELETE FROM stock_items WHERE id=101000167;
insert into stock_items(id,code,name,description,supplier_product_code,stock_item_attributes,stock_item_location,stock_item_category_id,prd_department_id,part_no,market_valuation_method,movement_method,uom_id,item_weight,qty_on_hand,unit_price,optimum_level,reorder_level,reorder_qty,preferred_supplier_id,last_purchase_unit_price,last_purchase_supplier_id,tax_id,tax_calculation_method,is_service_item,is_valid,is_manufactured,is_sellable,is_semi_finished,is_finished,sales_margin,is_sales_margin_percent,tax_percentage,qty_manufactured,top_consumption_rank,created_by,created_at,updated_by,updated_at,is_system,is_deleted) values ("101000167","HO","Honey Glazed Chicked",null,null,"",null,null,null,null,"0",null,"43","1.00000",null,"250.00000",null,null,null,null,null,null,"101000101","1","0","1","0","1","0","0","0","0","0.00",null,"0","0","2020-01-24 10:22:00.0",null,null,"0","0");
DELETE FROM sale_items WHERE id=101000167;
insert into sale_items(id,stock_item_id,stock_item_code,code,hsn_code,is_group_item,group_item_id,is_combo_item,name,description,sub_class_id,is_valid,is_manufactured,alternative_name,is_printable_to_kitchen,name_to_print,alternative_name_to_print,barcode,is_open,qty_on_hand,uom_id,item_weight,profit_category_id,prd_department_id,tax_id,tax_exemption,tax_group_id,tax_id_home_service,tax_id_table_service,tax_id_take_away_service,fixed_price,whls_price,is_whls_price_pc,item_cost,tax_calculation_method,taxation_based_on,is_require_weighing,display_order,best_before,is_hot_item_1,hot_item_1_display_order,is_hot_item_2,hot_item_2_display_order,is_hot_item_3,hot_item_3_display_order,fg_color,bg_color,attrib1_name,attrib1_options,attrib2_name,attrib2_options,attrib3_name,attrib3_options,attrib4_name,attrib4_options,attrib5_name,attrib5_options,tag1,tag2,tag3,tag4,tag5,choice_ids,created_by,created_at,updated_by,updated_at,is_deleted,is_system,item_thumb,sys_sale_flag) values ("101000167","101000167",null,"HO",null,"0",null,"0","Honey Glazed Chicked",null,"101000111","1","0","Honey Glazed Chicked","1",null,null,null,"0",null,"43","1.00000",null,null,"101000101","0","101000101",null,null,null,"250.00000","0.00000","0","0.00000","1","0","0","0",null,"0",null,"0",null,"0",null,"#FFFFFF","#114734",null,null,null,null,null,null,null,null,null,null,null,null,null,null,null,null,"0","2020-01-24 10:22:00.0",null,null,"0","0",null,"1");
DELETE FROM sale_item_ext WHERE id=101000167;
insert into sale_item_ext(id,kitchen_id,is_deleted,last_sync_at) values ("101000167","101000101","0","2020-01-23 23:52:00.0");
DELETE FROM stock_items WHERE id=101000168;
insert into stock_items(id,code,name,description,supplier_product_code,stock_item_attributes,stock_item_location,stock_item_category_id,prd_department_id,part_no,market_valuation_method,movement_method,uom_id,item_weight,qty_on_hand,unit_price,optimum_level,reorder_level,reorder_qty,preferred_supplier_id,last_purchase_unit_price,last_purchase_supplier_id,tax_id,tax_calculation_method,is_service_item,is_valid,is_manufactured,is_sellable,is_semi_finished,is_finished,sales_margin,is_sales_margin_percent,tax_percentage,qty_manufactured,top_consumption_rank,created_by,created_at,updated_by,updated_at,is_system,is_deleted) values ("101000168","DR","Dragon Chicken ",null,null,"",null,null,null,null,"0",null,"43","1.00000",null,"250.00000",null,null,null,null,null,null,"101000101","1","0","1","0","1","0","0","0","0","0.00",null,"0","0","2020-01-24 10:22:00.0",null,null,"0","0");
DELETE FROM sale_items WHERE id=101000168;
insert into sale_items(id,stock_item_id,stock_item_code,code,hsn_code,is_group_item,group_item_id,is_combo_item,name,description,sub_class_id,is_valid,is_manufactured,alternative_name,is_printable_to_kitchen,name_to_print,alternative_name_to_print,barcode,is_open,qty_on_hand,uom_id,item_weight,profit_category_id,prd_department_id,tax_id,tax_exemption,tax_group_id,tax_id_home_service,tax_id_table_service,tax_id_take_away_service,fixed_price,whls_price,is_whls_price_pc,item_cost,tax_calculation_method,taxation_based_on,is_require_weighing,display_order,best_before,is_hot_item_1,hot_item_1_display_order,is_hot_item_2,hot_item_2_display_order,is_hot_item_3,hot_item_3_display_order,fg_color,bg_color,attrib1_name,attrib1_options,attrib2_name,attrib2_options,attrib3_name,attrib3_options,attrib4_name,attrib4_options,attrib5_name,attrib5_options,tag1,tag2,tag3,tag4,tag5,choice_ids,created_by,created_at,updated_by,updated_at,is_deleted,is_system,item_thumb,sys_sale_flag) values ("101000168","101000168",null,"DR",null,"0",null,"0","Dragon Chicken ",null,"101000111","1","0","Dragon Chicken ","1",null,null,null,"0",null,"43","1.00000",null,null,"101000101","0","101000101",null,null,null,"250.00000","0.00000","0","0.00000","1","0","0","0",null,"0",null,"0",null,"0",null,"#FFFFFF","#126350",null,null,null,null,null,null,null,null,null,null,null,null,null,null,null,null,"0","2020-01-24 10:22:00.0",null,null,"0","0",null,"1");
DELETE FROM sale_item_ext WHERE id=101000168;
insert into sale_item_ext(id,kitchen_id,is_deleted,last_sync_at) values ("101000168","101000101","0","2020-01-23 23:52:00.0");
DELETE FROM stock_items WHERE id=101000169;
insert into stock_items(id,code,name,description,supplier_product_code,stock_item_attributes,stock_item_location,stock_item_category_id,prd_department_id,part_no,market_valuation_method,movement_method,uom_id,item_weight,qty_on_hand,unit_price,optimum_level,reorder_level,reorder_qty,preferred_supplier_id,last_purchase_unit_price,last_purchase_supplier_id,tax_id,tax_calculation_method,is_service_item,is_valid,is_manufactured,is_sellable,is_semi_finished,is_finished,sales_margin,is_sales_margin_percent,tax_percentage,qty_manufactured,top_consumption_rank,created_by,created_at,updated_by,updated_at,is_system,is_deleted) values ("101000169","CA","Catholic Chicken(Spicy)",null,null,"",null,null,null,null,"0",null,"43","1.00000",null,"250.00000",null,null,null,null,null,null,"101000101","1","0","1","0","1","0","0","0","0","0.00",null,"0","0","2020-01-24 10:22:00.0",null,null,"0","0");
DELETE FROM sale_items WHERE id=101000169;
insert into sale_items(id,stock_item_id,stock_item_code,code,hsn_code,is_group_item,group_item_id,is_combo_item,name,description,sub_class_id,is_valid,is_manufactured,alternative_name,is_printable_to_kitchen,name_to_print,alternative_name_to_print,barcode,is_open,qty_on_hand,uom_id,item_weight,profit_category_id,prd_department_id,tax_id,tax_exemption,tax_group_id,tax_id_home_service,tax_id_table_service,tax_id_take_away_service,fixed_price,whls_price,is_whls_price_pc,item_cost,tax_calculation_method,taxation_based_on,is_require_weighing,display_order,best_before,is_hot_item_1,hot_item_1_display_order,is_hot_item_2,hot_item_2_display_order,is_hot_item_3,hot_item_3_display_order,fg_color,bg_color,attrib1_name,attrib1_options,attrib2_name,attrib2_options,attrib3_name,attrib3_options,attrib4_name,attrib4_options,attrib5_name,attrib5_options,tag1,tag2,tag3,tag4,tag5,choice_ids,created_by,created_at,updated_by,updated_at,is_deleted,is_system,item_thumb,sys_sale_flag) values ("101000169","101000169",null,"CA",null,"0",null,"0","Catholic Chicken(Spicy)",null,"101000111","1","0","Catholic Chicken(Spicy)","1",null,null,null,"0",null,"43","1.00000",null,null,"101000101","0","101000101",null,null,null,"250.00000","0.00000","0","0.00000","1","0","0","0",null,"0",null,"0",null,"0",null,"#FFFFFF","#352808",null,null,null,null,null,null,null,null,null,null,null,null,null,null,null,null,"0","2020-01-24 10:22:00.0",null,null,"0","0",null,"1");
DELETE FROM sale_item_ext WHERE id=101000169;
insert into sale_item_ext(id,kitchen_id,is_deleted,last_sync_at) values ("101000169","101000101","0","2020-01-23 23:52:00.0");
DELETE FROM stock_items WHERE id=101000170;
insert into stock_items(id,code,name,description,supplier_product_code,stock_item_attributes,stock_item_location,stock_item_category_id,prd_department_id,part_no,market_valuation_method,movement_method,uom_id,item_weight,qty_on_hand,unit_price,optimum_level,reorder_level,reorder_qty,preferred_supplier_id,last_purchase_unit_price,last_purchase_supplier_id,tax_id,tax_calculation_method,is_service_item,is_valid,is_manufactured,is_sellable,is_semi_finished,is_finished,sales_margin,is_sales_margin_percent,tax_percentage,qty_manufactured,top_consumption_rank,created_by,created_at,updated_by,updated_at,is_system,is_deleted) values ("101000170","31","Chicken Leg Fry",null,null,"",null,null,null,null,"0",null,"43","1.00000",null,"270.00000",null,null,null,null,null,null,"101000101","1","0","1","0","1","0","0","0","0","0.00",null,"0","0","2020-01-24 10:22:00.0",null,null,"0","0");
DELETE FROM sale_items WHERE id=101000170;
insert into sale_items(id,stock_item_id,stock_item_code,code,hsn_code,is_group_item,group_item_id,is_combo_item,name,description,sub_class_id,is_valid,is_manufactured,alternative_name,is_printable_to_kitchen,name_to_print,alternative_name_to_print,barcode,is_open,qty_on_hand,uom_id,item_weight,profit_category_id,prd_department_id,tax_id,tax_exemption,tax_group_id,tax_id_home_service,tax_id_table_service,tax_id_take_away_service,fixed_price,whls_price,is_whls_price_pc,item_cost,tax_calculation_method,taxation_based_on,is_require_weighing,display_order,best_before,is_hot_item_1,hot_item_1_display_order,is_hot_item_2,hot_item_2_display_order,is_hot_item_3,hot_item_3_display_order,fg_color,bg_color,attrib1_name,attrib1_options,attrib2_name,attrib2_options,attrib3_name,attrib3_options,attrib4_name,attrib4_options,attrib5_name,attrib5_options,tag1,tag2,tag3,tag4,tag5,choice_ids,created_by,created_at,updated_by,updated_at,is_deleted,is_system,item_thumb,sys_sale_flag) values ("101000170","101000170",null,"31",null,"0",null,"0","Chicken Leg Fry",null,"101000111","1","0","Chicken Leg Fry","1",null,null,null,"0",null,"43","1.00000",null,null,"101000101","0","101000101",null,null,null,"270.00000","0.00000","0","0.00000","1","0","0","0",null,"0",null,"0",null,"0",null,"#FFFFFF","#175f93",null,null,null,null,null,null,null,null,null,null,null,null,null,null,null,null,"0","2020-01-24 10:22:00.0",null,null,"0","0",null,"1");
DELETE FROM sale_item_ext WHERE id=101000170;
insert into sale_item_ext(id,kitchen_id,is_deleted,last_sync_at) values ("101000170","101000101","0","2020-01-23 23:52:00.0");
DELETE FROM stock_items WHERE id=101000171;
insert into stock_items(id,code,name,description,supplier_product_code,stock_item_attributes,stock_item_location,stock_item_category_id,prd_department_id,part_no,market_valuation_method,movement_method,uom_id,item_weight,qty_on_hand,unit_price,optimum_level,reorder_level,reorder_qty,preferred_supplier_id,last_purchase_unit_price,last_purchase_supplier_id,tax_id,tax_calculation_method,is_service_item,is_valid,is_manufactured,is_sellable,is_semi_finished,is_finished,sales_margin,is_sales_margin_percent,tax_percentage,qty_manufactured,top_consumption_rank,created_by,created_at,updated_by,updated_at,is_system,is_deleted) values ("101000171","CGF","Chicken Garlic Fry(With Bone)",null,null,"",null,null,null,null,"0",null,"43","1.00000",null,"300.00000",null,null,null,null,null,null,"101000101","1","0","1","0","1","0","0","0","0","0.00",null,"0","0","2020-01-24 10:22:00.0",null,null,"0","0");
DELETE FROM sale_items WHERE id=101000171;
insert into sale_items(id,stock_item_id,stock_item_code,code,hsn_code,is_group_item,group_item_id,is_combo_item,name,description,sub_class_id,is_valid,is_manufactured,alternative_name,is_printable_to_kitchen,name_to_print,alternative_name_to_print,barcode,is_open,qty_on_hand,uom_id,item_weight,profit_category_id,prd_department_id,tax_id,tax_exemption,tax_group_id,tax_id_home_service,tax_id_table_service,tax_id_take_away_service,fixed_price,whls_price,is_whls_price_pc,item_cost,tax_calculation_method,taxation_based_on,is_require_weighing,display_order,best_before,is_hot_item_1,hot_item_1_display_order,is_hot_item_2,hot_item_2_display_order,is_hot_item_3,hot_item_3_display_order,fg_color,bg_color,attrib1_name,attrib1_options,attrib2_name,attrib2_options,attrib3_name,attrib3_options,attrib4_name,attrib4_options,attrib5_name,attrib5_options,tag1,tag2,tag3,tag4,tag5,choice_ids,created_by,created_at,updated_by,updated_at,is_deleted,is_system,item_thumb,sys_sale_flag) values ("101000171","101000171",null,"CGF",null,"0",null,"0","Chicken Garlic Fry(With Bone)",null,"101000111","1","0","Chicken Garlic Fry(With Bone)","1",null,null,null,"0",null,"43","1.00000",null,null,"101000101","0","101000101",null,null,null,"300.00000","0.00000","0","0.00000","1","0","0","0",null,"0",null,"0",null,"0",null,"#FFFFFF","#1c420f",null,null,null,null,null,null,null,null,null,null,null,null,null,null,null,null,"0","2020-01-24 10:22:00.0",null,null,"0","0",null,"1");
DELETE FROM sale_item_ext WHERE id=101000171;
insert into sale_item_ext(id,kitchen_id,is_deleted,last_sync_at) values ("101000171","101000101","0","2020-01-23 23:52:00.0");
DELETE FROM stock_items WHERE id=101000172;
insert into stock_items(id,code,name,description,supplier_product_code,stock_item_attributes,stock_item_location,stock_item_category_id,prd_department_id,part_no,market_valuation_method,movement_method,uom_id,item_weight,qty_on_hand,unit_price,optimum_level,reorder_level,reorder_qty,preferred_supplier_id,last_purchase_unit_price,last_purchase_supplier_id,tax_id,tax_calculation_method,is_service_item,is_valid,is_manufactured,is_sellable,is_semi_finished,is_finished,sales_margin,is_sales_margin_percent,tax_percentage,qty_manufactured,top_consumption_rank,created_by,created_at,updated_by,updated_at,is_system,is_deleted) values ("101000172","33","Chiken Garlic Fry(bone less)",null,null,"",null,null,null,null,"0",null,"43","1.00000",null,"350.00000",null,null,null,null,null,null,"101000101","1","0","1","0","1","0","0","0","0","0.00",null,"0","0","2020-01-24 10:22:00.0",null,null,"0","0");
DELETE FROM sale_items WHERE id=101000172;
insert into sale_items(id,stock_item_id,stock_item_code,code,hsn_code,is_group_item,group_item_id,is_combo_item,name,description,sub_class_id,is_valid,is_manufactured,alternative_name,is_printable_to_kitchen,name_to_print,alternative_name_to_print,barcode,is_open,qty_on_hand,uom_id,item_weight,profit_category_id,prd_department_id,tax_id,tax_exemption,tax_group_id,tax_id_home_service,tax_id_table_service,tax_id_take_away_service,fixed_price,whls_price,is_whls_price_pc,item_cost,tax_calculation_method,taxation_based_on,is_require_weighing,display_order,best_before,is_hot_item_1,hot_item_1_display_order,is_hot_item_2,hot_item_2_display_order,is_hot_item_3,hot_item_3_display_order,fg_color,bg_color,attrib1_name,attrib1_options,attrib2_name,attrib2_options,attrib3_name,attrib3_options,attrib4_name,attrib4_options,attrib5_name,attrib5_options,tag1,tag2,tag3,tag4,tag5,choice_ids,created_by,created_at,updated_by,updated_at,is_deleted,is_system,item_thumb,sys_sale_flag) values ("101000172","101000172",null,"33",null,"0",null,"0","Chiken Garlic Fry(bone less)",null,"101000111","1","0","Chiken Garlic Fry(bone less)","1",null,null,null,"0",null,"43","1.00000",null,null,"101000101","0","101000101",null,null,null,"350.00000","0.00000","0","0.00000","1","0","0","0",null,"0",null,"0",null,"0",null,"#FFFFFF","#155e68",null,null,null,null,null,null,null,null,null,null,null,null,null,null,null,null,"0","2020-01-24 10:22:00.0",null,null,"0","0",null,"1");
DELETE FROM sale_item_ext WHERE id=101000172;
insert into sale_item_ext(id,kitchen_id,is_deleted,last_sync_at) values ("101000172","101000101","0","2020-01-23 23:52:00.0");
DELETE FROM stock_items WHERE id=101000173;
insert into stock_items(id,code,name,description,supplier_product_code,stock_item_attributes,stock_item_location,stock_item_category_id,prd_department_id,part_no,market_valuation_method,movement_method,uom_id,item_weight,qty_on_hand,unit_price,optimum_level,reorder_level,reorder_qty,preferred_supplier_id,last_purchase_unit_price,last_purchase_supplier_id,tax_id,tax_calculation_method,is_service_item,is_valid,is_manufactured,is_sellable,is_semi_finished,is_finished,sales_margin,is_sales_margin_percent,tax_percentage,qty_manufactured,top_consumption_rank,created_by,created_at,updated_by,updated_at,is_system,is_deleted) values ("101000173","1001","Chicken Pepper Fry(with bone)",null,null,"",null,null,null,null,"0",null,"43","1.00000",null,"300.00000",null,null,null,null,null,null,"101000101","1","0","1","0","1","0","0","0","0","0.00",null,"0","0","2020-01-24 10:22:00.0",null,null,"0","0");
DELETE FROM sale_items WHERE id=101000173;
insert into sale_items(id,stock_item_id,stock_item_code,code,hsn_code,is_group_item,group_item_id,is_combo_item,name,description,sub_class_id,is_valid,is_manufactured,alternative_name,is_printable_to_kitchen,name_to_print,alternative_name_to_print,barcode,is_open,qty_on_hand,uom_id,item_weight,profit_category_id,prd_department_id,tax_id,tax_exemption,tax_group_id,tax_id_home_service,tax_id_table_service,tax_id_take_away_service,fixed_price,whls_price,is_whls_price_pc,item_cost,tax_calculation_method,taxation_based_on,is_require_weighing,display_order,best_before,is_hot_item_1,hot_item_1_display_order,is_hot_item_2,hot_item_2_display_order,is_hot_item_3,hot_item_3_display_order,fg_color,bg_color,attrib1_name,attrib1_options,attrib2_name,attrib2_options,attrib3_name,attrib3_options,attrib4_name,attrib4_options,attrib5_name,attrib5_options,tag1,tag2,tag3,tag4,tag5,choice_ids,created_by,created_at,updated_by,updated_at,is_deleted,is_system,item_thumb,sys_sale_flag) values ("101000173","101000173",null,"1001",null,"0",null,"0","Chicken Pepper Fry(with bone)",null,"101000111","1","0","Chicken Pepper Fry(with bone)","1",null,null,null,"0",null,"43","1.00000",null,null,"101000101","0","101000101",null,null,null,"300.00000","0.00000","0","0.00000","1","0","0","0",null,"0",null,"0",null,"0",null,"#FFFFFF","#1d4240",null,null,null,null,null,null,null,null,null,null,null,null,null,null,null,null,"0","2020-01-24 10:22:00.0",null,null,"0","0",null,"1");
DELETE FROM sale_item_ext WHERE id=101000173;
insert into sale_item_ext(id,kitchen_id,is_deleted,last_sync_at) values ("101000173","101000101","0","2020-01-23 23:52:00.0");
DELETE FROM stock_items WHERE id=101000174;
insert into stock_items(id,code,name,description,supplier_product_code,stock_item_attributes,stock_item_location,stock_item_category_id,prd_department_id,part_no,market_valuation_method,movement_method,uom_id,item_weight,qty_on_hand,unit_price,optimum_level,reorder_level,reorder_qty,preferred_supplier_id,last_purchase_unit_price,last_purchase_supplier_id,tax_id,tax_calculation_method,is_service_item,is_valid,is_manufactured,is_sellable,is_semi_finished,is_finished,sales_margin,is_sales_margin_percent,tax_percentage,qty_manufactured,top_consumption_rank,created_by,created_at,updated_by,updated_at,is_system,is_deleted) values ("101000174","CPF","Chicken Pepper Fry(bone less)",null,null,"",null,null,null,null,"0",null,"43","1.00000",null,"350.00000",null,null,null,null,null,null,"101000101","1","0","1","0","1","0","0","0","0","0.00",null,"0","0","2020-01-24 10:22:00.0",null,null,"0","0");
DELETE FROM sale_items WHERE id=101000174;
insert into sale_items(id,stock_item_id,stock_item_code,code,hsn_code,is_group_item,group_item_id,is_combo_item,name,description,sub_class_id,is_valid,is_manufactured,alternative_name,is_printable_to_kitchen,name_to_print,alternative_name_to_print,barcode,is_open,qty_on_hand,uom_id,item_weight,profit_category_id,prd_department_id,tax_id,tax_exemption,tax_group_id,tax_id_home_service,tax_id_table_service,tax_id_take_away_service,fixed_price,whls_price,is_whls_price_pc,item_cost,tax_calculation_method,taxation_based_on,is_require_weighing,display_order,best_before,is_hot_item_1,hot_item_1_display_order,is_hot_item_2,hot_item_2_display_order,is_hot_item_3,hot_item_3_display_order,fg_color,bg_color,attrib1_name,attrib1_options,attrib2_name,attrib2_options,attrib3_name,attrib3_options,attrib4_name,attrib4_options,attrib5_name,attrib5_options,tag1,tag2,tag3,tag4,tag5,choice_ids,created_by,created_at,updated_by,updated_at,is_deleted,is_system,item_thumb,sys_sale_flag) values ("101000174","101000174",null,"CPF",null,"0",null,"0","Chicken Pepper Fry(bone less)",null,"101000111","1","0","Chicken Pepper Fry(bone less)","1",null,null,null,"0",null,"43","1.00000",null,null,"101000101","0","101000101",null,null,null,"350.00000","0.00000","0","0.00000","1","0","0","0",null,"0",null,"0",null,"0",null,"#FFFFFF","#133372",null,null,null,null,null,null,null,null,null,null,null,null,null,null,null,null,"0","2020-01-24 10:22:00.0",null,null,"0","0",null,"1");
DELETE FROM sale_item_ext WHERE id=101000174;
insert into sale_item_ext(id,kitchen_id,is_deleted,last_sync_at) values ("101000174","101000101","0","2020-01-23 23:52:00.0");
DELETE FROM stock_items WHERE id=101000175;
insert into stock_items(id,code,name,description,supplier_product_code,stock_item_attributes,stock_item_location,stock_item_category_id,prd_department_id,part_no,market_valuation_method,movement_method,uom_id,item_weight,qty_on_hand,unit_price,optimum_level,reorder_level,reorder_qty,preferred_supplier_id,last_purchase_unit_price,last_purchase_supplier_id,tax_id,tax_calculation_method,is_service_item,is_valid,is_manufactured,is_sellable,is_semi_finished,is_finished,sales_margin,is_sales_margin_percent,tax_percentage,qty_manufactured,top_consumption_rank,created_by,created_at,updated_by,updated_at,is_system,is_deleted) values ("101000175","36","Beef Coconut Fry",null,null,"",null,null,null,null,"0",null,"43","1.00000",null,"220.00000",null,null,null,null,null,null,"101000101","1","0","1","0","1","0","0","0","0","0.00",null,"0","0","2020-01-24 10:22:00.0",null,null,"0","0");
DELETE FROM sale_items WHERE id=101000175;
insert into sale_items(id,stock_item_id,stock_item_code,code,hsn_code,is_group_item,group_item_id,is_combo_item,name,description,sub_class_id,is_valid,is_manufactured,alternative_name,is_printable_to_kitchen,name_to_print,alternative_name_to_print,barcode,is_open,qty_on_hand,uom_id,item_weight,profit_category_id,prd_department_id,tax_id,tax_exemption,tax_group_id,tax_id_home_service,tax_id_table_service,tax_id_take_away_service,fixed_price,whls_price,is_whls_price_pc,item_cost,tax_calculation_method,taxation_based_on,is_require_weighing,display_order,best_before,is_hot_item_1,hot_item_1_display_order,is_hot_item_2,hot_item_2_display_order,is_hot_item_3,hot_item_3_display_order,fg_color,bg_color,attrib1_name,attrib1_options,attrib2_name,attrib2_options,attrib3_name,attrib3_options,attrib4_name,attrib4_options,attrib5_name,attrib5_options,tag1,tag2,tag3,tag4,tag5,choice_ids,created_by,created_at,updated_by,updated_at,is_deleted,is_system,item_thumb,sys_sale_flag) values ("101000175","101000175",null,"36",null,"0",null,"0","Beef Coconut Fry",null,"101000111","1","0","Beef Coconut Fry","1",null,null,null,"0",null,"43","1.00000",null,null,"101000101","0","101000101",null,null,null,"220.00000","0.00000","0","0.00000","1","0","0","0",null,"0",null,"0",null,"0",null,"#FFFFFF","#0e443b",null,null,null,null,null,null,null,null,null,null,null,null,null,null,null,null,"0","2020-01-24 10:22:00.0",null,null,"0","0",null,"1");
DELETE FROM sale_item_ext WHERE id=101000175;
insert into sale_item_ext(id,kitchen_id,is_deleted,last_sync_at) values ("101000175","101000101","0","2020-01-23 23:52:00.0");
DELETE FROM stock_items WHERE id=101000176;
insert into stock_items(id,code,name,description,supplier_product_code,stock_item_attributes,stock_item_location,stock_item_category_id,prd_department_id,part_no,market_valuation_method,movement_method,uom_id,item_weight,qty_on_hand,unit_price,optimum_level,reorder_level,reorder_qty,preferred_supplier_id,last_purchase_unit_price,last_purchase_supplier_id,tax_id,tax_calculation_method,is_service_item,is_valid,is_manufactured,is_sellable,is_semi_finished,is_finished,sales_margin,is_sales_margin_percent,tax_percentage,qty_manufactured,top_consumption_rank,created_by,created_at,updated_by,updated_at,is_system,is_deleted) values ("101000176","BPF","Beef Pepper Fry",null,null,"",null,null,null,null,"0",null,"43","1.00000",null,"220.00000",null,null,null,null,null,null,"101000101","1","0","1","0","1","0","0","0","0","0.00",null,"0","0","2020-01-24 10:22:00.0",null,null,"0","0");
DELETE FROM sale_items WHERE id=101000176;
insert into sale_items(id,stock_item_id,stock_item_code,code,hsn_code,is_group_item,group_item_id,is_combo_item,name,description,sub_class_id,is_valid,is_manufactured,alternative_name,is_printable_to_kitchen,name_to_print,alternative_name_to_print,barcode,is_open,qty_on_hand,uom_id,item_weight,profit_category_id,prd_department_id,tax_id,tax_exemption,tax_group_id,tax_id_home_service,tax_id_table_service,tax_id_take_away_service,fixed_price,whls_price,is_whls_price_pc,item_cost,tax_calculation_method,taxation_based_on,is_require_weighing,display_order,best_before,is_hot_item_1,hot_item_1_display_order,is_hot_item_2,hot_item_2_display_order,is_hot_item_3,hot_item_3_display_order,fg_color,bg_color,attrib1_name,attrib1_options,attrib2_name,attrib2_options,attrib3_name,attrib3_options,attrib4_name,attrib4_options,attrib5_name,attrib5_options,tag1,tag2,tag3,tag4,tag5,choice_ids,created_by,created_at,updated_by,updated_at,is_deleted,is_system,item_thumb,sys_sale_flag) values ("101000176","101000176",null,"BPF",null,"0",null,"0","Beef Pepper Fry",null,"101000111","1","0","Beef Pepper Fry","1",null,null,null,"0",null,"43","1.00000",null,null,"101000101","0","101000101",null,null,null,"220.00000","0.00000","0","0.00000","1","0","0","0",null,"0",null,"0",null,"0",null,"#FFFFFF","#1c6166",null,null,null,null,null,null,null,null,null,null,null,null,null,null,null,null,"0","2020-01-24 10:22:00.0",null,null,"0","0",null,"1");
DELETE FROM sale_item_ext WHERE id=101000176;
insert into sale_item_ext(id,kitchen_id,is_deleted,last_sync_at) values ("101000176","101000101","0","2020-01-23 23:52:00.0");
DELETE FROM stock_items WHERE id=101000177;
insert into stock_items(id,code,name,description,supplier_product_code,stock_item_attributes,stock_item_location,stock_item_category_id,prd_department_id,part_no,market_valuation_method,movement_method,uom_id,item_weight,qty_on_hand,unit_price,optimum_level,reorder_level,reorder_qty,preferred_supplier_id,last_purchase_unit_price,last_purchase_supplier_id,tax_id,tax_calculation_method,is_service_item,is_valid,is_manufactured,is_sellable,is_semi_finished,is_finished,sales_margin,is_sales_margin_percent,tax_percentage,qty_manufactured,top_consumption_rank,created_by,created_at,updated_by,updated_at,is_system,is_deleted) values ("101000177","68","Beef 25",null,null,"",null,null,null,null,"0",null,"43","1.00000",null,"220.00000",null,null,null,null,null,null,"101000101","1","0","1","0","1","0","0","0","0","0.00",null,"0","0","2020-01-24 10:22:00.0",null,null,"0","0");
DELETE FROM sale_items WHERE id=101000177;
insert into sale_items(id,stock_item_id,stock_item_code,code,hsn_code,is_group_item,group_item_id,is_combo_item,name,description,sub_class_id,is_valid,is_manufactured,alternative_name,is_printable_to_kitchen,name_to_print,alternative_name_to_print,barcode,is_open,qty_on_hand,uom_id,item_weight,profit_category_id,prd_department_id,tax_id,tax_exemption,tax_group_id,tax_id_home_service,tax_id_table_service,tax_id_take_away_service,fixed_price,whls_price,is_whls_price_pc,item_cost,tax_calculation_method,taxation_based_on,is_require_weighing,display_order,best_before,is_hot_item_1,hot_item_1_display_order,is_hot_item_2,hot_item_2_display_order,is_hot_item_3,hot_item_3_display_order,fg_color,bg_color,attrib1_name,attrib1_options,attrib2_name,attrib2_options,attrib3_name,attrib3_options,attrib4_name,attrib4_options,attrib5_name,attrib5_options,tag1,tag2,tag3,tag4,tag5,choice_ids,created_by,created_at,updated_by,updated_at,is_deleted,is_system,item_thumb,sys_sale_flag) values ("101000177","101000177",null,"68",null,"0",null,"0","Beef 25",null,"101000111","1","0","Beef 25","1",null,null,null,"0",null,"43","1.00000",null,null,"101000101","0","101000101",null,null,null,"220.00000","0.00000","0","0.00000","1","0","0","0",null,"0",null,"0",null,"0",null,"#FFFFFF","#08470b",null,null,null,null,null,null,null,null,null,null,null,null,null,null,null,null,"0","2020-01-24 10:22:00.0",null,null,"0","0",null,"1");
DELETE FROM sale_item_ext WHERE id=101000177;
insert into sale_item_ext(id,kitchen_id,is_deleted,last_sync_at) values ("101000177","101000101","0","2020-01-23 23:52:00.0");
DELETE FROM stock_items WHERE id=101000178;
insert into stock_items(id,code,name,description,supplier_product_code,stock_item_attributes,stock_item_location,stock_item_category_id,prd_department_id,part_no,market_valuation_method,movement_method,uom_id,item_weight,qty_on_hand,unit_price,optimum_level,reorder_level,reorder_qty,preferred_supplier_id,last_purchase_unit_price,last_purchase_supplier_id,tax_id,tax_calculation_method,is_service_item,is_valid,is_manufactured,is_sellable,is_semi_finished,is_finished,sales_margin,is_sales_margin_percent,tax_percentage,qty_manufactured,top_consumption_rank,created_by,created_at,updated_by,updated_at,is_system,is_deleted) values ("101000178","12","Prawns Coconut Fry",null,null,"",null,null,null,null,"0",null,"43","1.00000",null,"300.00000",null,null,null,null,null,null,"101000101","1","0","1","0","1","0","0","0","0","0.00",null,"0","0","2020-01-24 10:22:00.0",null,null,"0","0");
DELETE FROM sale_items WHERE id=101000178;
insert into sale_items(id,stock_item_id,stock_item_code,code,hsn_code,is_group_item,group_item_id,is_combo_item,name,description,sub_class_id,is_valid,is_manufactured,alternative_name,is_printable_to_kitchen,name_to_print,alternative_name_to_print,barcode,is_open,qty_on_hand,uom_id,item_weight,profit_category_id,prd_department_id,tax_id,tax_exemption,tax_group_id,tax_id_home_service,tax_id_table_service,tax_id_take_away_service,fixed_price,whls_price,is_whls_price_pc,item_cost,tax_calculation_method,taxation_based_on,is_require_weighing,display_order,best_before,is_hot_item_1,hot_item_1_display_order,is_hot_item_2,hot_item_2_display_order,is_hot_item_3,hot_item_3_display_order,fg_color,bg_color,attrib1_name,attrib1_options,attrib2_name,attrib2_options,attrib3_name,attrib3_options,attrib4_name,attrib4_options,attrib5_name,attrib5_options,tag1,tag2,tag3,tag4,tag5,choice_ids,created_by,created_at,updated_by,updated_at,is_deleted,is_system,item_thumb,sys_sale_flag) values ("101000178","101000178",null,"12",null,"0",null,"0","Prawns Coconut Fry",null,"101000111","1","0","Prawns Coconut Fry","1",null,null,null,"0",null,"43","1.00000",null,null,"101000101","0","101000101",null,null,null,"300.00000","0.00000","0","0.00000","1","0","0","0",null,"0",null,"0",null,"0",null,"#FFFFFF","#841953",null,null,null,null,null,null,null,null,null,null,null,null,null,null,null,null,"0","2020-01-24 10:22:00.0",null,null,"0","0",null,"1");
DELETE FROM sale_item_ext WHERE id=101000178;
insert into sale_item_ext(id,kitchen_id,is_deleted,last_sync_at) values ("101000178","101000101","0","2020-01-23 23:52:00.0");
DELETE FROM stock_items WHERE id=101000179;
insert into stock_items(id,code,name,description,supplier_product_code,stock_item_attributes,stock_item_location,stock_item_category_id,prd_department_id,part_no,market_valuation_method,movement_method,uom_id,item_weight,qty_on_hand,unit_price,optimum_level,reorder_level,reorder_qty,preferred_supplier_id,last_purchase_unit_price,last_purchase_supplier_id,tax_id,tax_calculation_method,is_service_item,is_valid,is_manufactured,is_sellable,is_semi_finished,is_finished,sales_margin,is_sales_margin_percent,tax_percentage,qty_manufactured,top_consumption_rank,created_by,created_at,updated_by,updated_at,is_system,is_deleted) values ("101000179","58","Chinese Fried Prawns",null,null,"",null,null,null,null,"0",null,"43","1.00000",null,"300.00000",null,null,null,null,null,null,"101000101","1","0","1","0","1","0","0","0","0","0.00",null,"0","0","2020-01-24 10:22:00.0",null,null,"0","0");
DELETE FROM sale_items WHERE id=101000179;
insert into sale_items(id,stock_item_id,stock_item_code,code,hsn_code,is_group_item,group_item_id,is_combo_item,name,description,sub_class_id,is_valid,is_manufactured,alternative_name,is_printable_to_kitchen,name_to_print,alternative_name_to_print,barcode,is_open,qty_on_hand,uom_id,item_weight,profit_category_id,prd_department_id,tax_id,tax_exemption,tax_group_id,tax_id_home_service,tax_id_table_service,tax_id_take_away_service,fixed_price,whls_price,is_whls_price_pc,item_cost,tax_calculation_method,taxation_based_on,is_require_weighing,display_order,best_before,is_hot_item_1,hot_item_1_display_order,is_hot_item_2,hot_item_2_display_order,is_hot_item_3,hot_item_3_display_order,fg_color,bg_color,attrib1_name,attrib1_options,attrib2_name,attrib2_options,attrib3_name,attrib3_options,attrib4_name,attrib4_options,attrib5_name,attrib5_options,tag1,tag2,tag3,tag4,tag5,choice_ids,created_by,created_at,updated_by,updated_at,is_deleted,is_system,item_thumb,sys_sale_flag) values ("101000179","101000179",null,"58",null,"0",null,"0","Chinese Fried Prawns",null,"101000111","1","0","Chinese Fried Prawns","1",null,null,null,"0",null,"43","1.00000",null,null,"101000101","0","101000101",null,null,null,"300.00000","0.00000","0","0.00000","1","0","0","0",null,"0",null,"0",null,"0",null,"#FFFFFF","#ff005f",null,null,null,null,null,null,null,null,null,null,null,null,null,null,null,null,"0","2020-01-24 10:22:00.0",null,null,"0","0",null,"1");
DELETE FROM sale_item_ext WHERE id=101000179;
insert into sale_item_ext(id,kitchen_id,is_deleted,last_sync_at) values ("101000179","101000101","0","2020-01-23 23:52:00.0");
DELETE FROM stock_items WHERE id=101000180;
insert into stock_items(id,code,name,description,supplier_product_code,stock_item_attributes,stock_item_location,stock_item_category_id,prd_department_id,part_no,market_valuation_method,movement_method,uom_id,item_weight,qty_on_hand,unit_price,optimum_level,reorder_level,reorder_qty,preferred_supplier_id,last_purchase_unit_price,last_purchase_supplier_id,tax_id,tax_calculation_method,is_service_item,is_valid,is_manufactured,is_sellable,is_semi_finished,is_finished,sales_margin,is_sales_margin_percent,tax_percentage,qty_manufactured,top_consumption_rank,created_by,created_at,updated_by,updated_at,is_system,is_deleted) values ("101000180","170","Squid Rings",null,null,"",null,null,null,null,"0",null,"43","1.00000",null,"250.00000",null,null,null,null,null,null,"101000101","1","0","1","0","1","0","0","0","0","0.00",null,"0","0","2020-01-24 10:22:00.0",null,null,"0","0");
DELETE FROM sale_items WHERE id=101000180;
insert into sale_items(id,stock_item_id,stock_item_code,code,hsn_code,is_group_item,group_item_id,is_combo_item,name,description,sub_class_id,is_valid,is_manufactured,alternative_name,is_printable_to_kitchen,name_to_print,alternative_name_to_print,barcode,is_open,qty_on_hand,uom_id,item_weight,profit_category_id,prd_department_id,tax_id,tax_exemption,tax_group_id,tax_id_home_service,tax_id_table_service,tax_id_take_away_service,fixed_price,whls_price,is_whls_price_pc,item_cost,tax_calculation_method,taxation_based_on,is_require_weighing,display_order,best_before,is_hot_item_1,hot_item_1_display_order,is_hot_item_2,hot_item_2_display_order,is_hot_item_3,hot_item_3_display_order,fg_color,bg_color,attrib1_name,attrib1_options,attrib2_name,attrib2_options,attrib3_name,attrib3_options,attrib4_name,attrib4_options,attrib5_name,attrib5_options,tag1,tag2,tag3,tag4,tag5,choice_ids,created_by,created_at,updated_by,updated_at,is_deleted,is_system,item_thumb,sys_sale_flag) values ("101000180","101000180",null,"170",null,"0",null,"0","Squid Rings",null,"101000111","1","0","Squid Rings","1",null,null,null,"0",null,"43","1.00000",null,null,"101000101","0","101000101",null,null,null,"250.00000","0.00000","0","0.00000","1","0","0","0",null,"0",null,"0",null,"0",null,"#FFFFFF","#2337ed",null,null,null,null,null,null,null,null,null,null,null,null,null,null,null,null,"0","2020-01-24 10:22:00.0",null,null,"0","0",null,"1");
DELETE FROM sale_item_ext WHERE id=101000180;
insert into sale_item_ext(id,kitchen_id,is_deleted,last_sync_at) values ("101000180","101000101","0","2020-01-23 23:52:00.0");
DELETE FROM stock_items WHERE id=101000181;
insert into stock_items(id,code,name,description,supplier_product_code,stock_item_attributes,stock_item_location,stock_item_category_id,prd_department_id,part_no,market_valuation_method,movement_method,uom_id,item_weight,qty_on_hand,unit_price,optimum_level,reorder_level,reorder_qty,preferred_supplier_id,last_purchase_unit_price,last_purchase_supplier_id,tax_id,tax_calculation_method,is_service_item,is_valid,is_manufactured,is_sellable,is_semi_finished,is_finished,sales_margin,is_sales_margin_percent,tax_percentage,qty_manufactured,top_consumption_rank,created_by,created_at,updated_by,updated_at,is_system,is_deleted) values ("101000181","17","Grilled Crab",null,null,"",null,null,null,null,"0",null,"43","1.00000",null,"320.00000",null,null,null,null,null,null,"101000101","1","0","1","0","1","0","0","0","0","0.00",null,"0","0","2020-01-24 10:22:00.0",null,null,"0","0");
DELETE FROM sale_items WHERE id=101000181;
insert into sale_items(id,stock_item_id,stock_item_code,code,hsn_code,is_group_item,group_item_id,is_combo_item,name,description,sub_class_id,is_valid,is_manufactured,alternative_name,is_printable_to_kitchen,name_to_print,alternative_name_to_print,barcode,is_open,qty_on_hand,uom_id,item_weight,profit_category_id,prd_department_id,tax_id,tax_exemption,tax_group_id,tax_id_home_service,tax_id_table_service,tax_id_take_away_service,fixed_price,whls_price,is_whls_price_pc,item_cost,tax_calculation_method,taxation_based_on,is_require_weighing,display_order,best_before,is_hot_item_1,hot_item_1_display_order,is_hot_item_2,hot_item_2_display_order,is_hot_item_3,hot_item_3_display_order,fg_color,bg_color,attrib1_name,attrib1_options,attrib2_name,attrib2_options,attrib3_name,attrib3_options,attrib4_name,attrib4_options,attrib5_name,attrib5_options,tag1,tag2,tag3,tag4,tag5,choice_ids,created_by,created_at,updated_by,updated_at,is_deleted,is_system,item_thumb,sys_sale_flag) values ("101000181","101000181",null,"17",null,"0",null,"0","Grilled Crab",null,"101000111","1","0","Grilled Crab","1",null,null,null,"0",null,"43","1.00000",null,null,"101000101","0","101000101",null,null,null,"320.00000","0.00000","0","0.00000","1","0","0","0",null,"0",null,"0",null,"0",null,"#FFFFFF","#e815ed",null,null,null,null,null,null,null,null,null,null,null,null,null,null,null,null,"0","2020-01-24 10:22:00.0",null,null,"0","0",null,"1");
DELETE FROM sale_item_ext WHERE id=101000181;
insert into sale_item_ext(id,kitchen_id,is_deleted,last_sync_at) values ("101000181","101000101","0","2020-01-23 23:52:00.0");
DELETE FROM stock_items WHERE id=101000182;
insert into stock_items(id,code,name,description,supplier_product_code,stock_item_attributes,stock_item_location,stock_item_category_id,prd_department_id,part_no,market_valuation_method,movement_method,uom_id,item_weight,qty_on_hand,unit_price,optimum_level,reorder_level,reorder_qty,preferred_supplier_id,last_purchase_unit_price,last_purchase_supplier_id,tax_id,tax_calculation_method,is_service_item,is_valid,is_manufactured,is_sellable,is_semi_finished,is_finished,sales_margin,is_sales_margin_percent,tax_percentage,qty_manufactured,top_consumption_rank,created_by,created_at,updated_by,updated_at,is_system,is_deleted) values ("101000182","16","Crab Fry",null,null,"",null,null,null,null,"0",null,"43","1.00000",null,"320.00000",null,null,null,null,null,null,"101000101","1","0","1","0","1","0","0","0","0","0.00",null,"0","0","2020-01-24 10:22:00.0",null,null,"0","0");
DELETE FROM sale_items WHERE id=101000182;
insert into sale_items(id,stock_item_id,stock_item_code,code,hsn_code,is_group_item,group_item_id,is_combo_item,name,description,sub_class_id,is_valid,is_manufactured,alternative_name,is_printable_to_kitchen,name_to_print,alternative_name_to_print,barcode,is_open,qty_on_hand,uom_id,item_weight,profit_category_id,prd_department_id,tax_id,tax_exemption,tax_group_id,tax_id_home_service,tax_id_table_service,tax_id_take_away_service,fixed_price,whls_price,is_whls_price_pc,item_cost,tax_calculation_method,taxation_based_on,is_require_weighing,display_order,best_before,is_hot_item_1,hot_item_1_display_order,is_hot_item_2,hot_item_2_display_order,is_hot_item_3,hot_item_3_display_order,fg_color,bg_color,attrib1_name,attrib1_options,attrib2_name,attrib2_options,attrib3_name,attrib3_options,attrib4_name,attrib4_options,attrib5_name,attrib5_options,tag1,tag2,tag3,tag4,tag5,choice_ids,created_by,created_at,updated_by,updated_at,is_deleted,is_system,item_thumb,sys_sale_flag) values ("101000182","101000182",null,"16",null,"0",null,"0","Crab Fry",null,"101000111","1","0","Crab Fry","1",null,null,null,"0",null,"43","1.00000",null,null,"101000101","0","101000101",null,null,null,"320.00000","0.00000","0","0.00000","1","0","0","0",null,"0",null,"0",null,"0",null,"#FFFFFF","#3926ad",null,null,null,null,null,null,null,null,null,null,null,null,null,null,null,null,"0","2020-01-24 10:22:00.0",null,null,"0","0",null,"1");
DELETE FROM sale_item_ext WHERE id=101000182;
insert into sale_item_ext(id,kitchen_id,is_deleted,last_sync_at) values ("101000182","101000101","0","2020-01-23 23:52:00.0");
DELETE FROM stock_items WHERE id=101000183;
insert into stock_items(id,code,name,description,supplier_product_code,stock_item_attributes,stock_item_location,stock_item_category_id,prd_department_id,part_no,market_valuation_method,movement_method,uom_id,item_weight,qty_on_hand,unit_price,optimum_level,reorder_level,reorder_qty,preferred_supplier_id,last_purchase_unit_price,last_purchase_supplier_id,tax_id,tax_calculation_method,is_service_item,is_valid,is_manufactured,is_sellable,is_semi_finished,is_finished,sales_margin,is_sales_margin_percent,tax_percentage,qty_manufactured,top_consumption_rank,created_by,created_at,updated_by,updated_at,is_system,is_deleted) values ("101000183","20","Tiger Prawns Grilled",null,null,"",null,null,null,null,"0",null,"43","1.00000",null,"600.00000",null,null,null,null,null,null,"101000101","1","0","1","0","1","0","0","0","0","0.00",null,"0","0","2020-01-24 10:22:00.0",null,null,"0","0");
DELETE FROM sale_items WHERE id=101000183;
insert into sale_items(id,stock_item_id,stock_item_code,code,hsn_code,is_group_item,group_item_id,is_combo_item,name,description,sub_class_id,is_valid,is_manufactured,alternative_name,is_printable_to_kitchen,name_to_print,alternative_name_to_print,barcode,is_open,qty_on_hand,uom_id,item_weight,profit_category_id,prd_department_id,tax_id,tax_exemption,tax_group_id,tax_id_home_service,tax_id_table_service,tax_id_take_away_service,fixed_price,whls_price,is_whls_price_pc,item_cost,tax_calculation_method,taxation_based_on,is_require_weighing,display_order,best_before,is_hot_item_1,hot_item_1_display_order,is_hot_item_2,hot_item_2_display_order,is_hot_item_3,hot_item_3_display_order,fg_color,bg_color,attrib1_name,attrib1_options,attrib2_name,attrib2_options,attrib3_name,attrib3_options,attrib4_name,attrib4_options,attrib5_name,attrib5_options,tag1,tag2,tag3,tag4,tag5,choice_ids,created_by,created_at,updated_by,updated_at,is_deleted,is_system,item_thumb,sys_sale_flag) values ("101000183","101000183",null,"20",null,"0",null,"0","Tiger Prawns Grilled",null,"101000111","1","0","Tiger Prawns Grilled","1",null,null,null,"0",null,"43","1.00000",null,null,"101000101","0","101000101",null,null,null,"600.00000","0.00000","0","0.00000","1","0","0","0",null,"0",null,"0",null,"0",null,"#FFFFFF","#114734",null,null,null,null,null,null,null,null,null,null,null,null,null,null,null,null,"0","2020-01-24 10:22:00.0",null,null,"0","0",null,"1");
DELETE FROM sale_item_ext WHERE id=101000183;
insert into sale_item_ext(id,kitchen_id,is_deleted,last_sync_at) values ("101000183","101000101","0","2020-01-23 23:52:00.0");
DELETE FROM stock_items WHERE id=101000184;
insert into stock_items(id,code,name,description,supplier_product_code,stock_item_attributes,stock_item_location,stock_item_category_id,prd_department_id,part_no,market_valuation_method,movement_method,uom_id,item_weight,qty_on_hand,unit_price,optimum_level,reorder_level,reorder_qty,preferred_supplier_id,last_purchase_unit_price,last_purchase_supplier_id,tax_id,tax_calculation_method,is_service_item,is_valid,is_manufactured,is_sellable,is_semi_finished,is_finished,sales_margin,is_sales_margin_percent,tax_percentage,qty_manufactured,top_consumption_rank,created_by,created_at,updated_by,updated_at,is_system,is_deleted) values ("101000184","TPT","Tiger Prawns Thembura",null,null,"",null,null,null,null,"0",null,"43","1.00000",null,"600.00000",null,null,null,null,null,null,"101000101","1","0","1","0","1","0","0","0","0","0.00",null,"0","0","2020-01-24 10:22:00.0",null,null,"0","0");
DELETE FROM sale_items WHERE id=101000184;
insert into sale_items(id,stock_item_id,stock_item_code,code,hsn_code,is_group_item,group_item_id,is_combo_item,name,description,sub_class_id,is_valid,is_manufactured,alternative_name,is_printable_to_kitchen,name_to_print,alternative_name_to_print,barcode,is_open,qty_on_hand,uom_id,item_weight,profit_category_id,prd_department_id,tax_id,tax_exemption,tax_group_id,tax_id_home_service,tax_id_table_service,tax_id_take_away_service,fixed_price,whls_price,is_whls_price_pc,item_cost,tax_calculation_method,taxation_based_on,is_require_weighing,display_order,best_before,is_hot_item_1,hot_item_1_display_order,is_hot_item_2,hot_item_2_display_order,is_hot_item_3,hot_item_3_display_order,fg_color,bg_color,attrib1_name,attrib1_options,attrib2_name,attrib2_options,attrib3_name,attrib3_options,attrib4_name,attrib4_options,attrib5_name,attrib5_options,tag1,tag2,tag3,tag4,tag5,choice_ids,created_by,created_at,updated_by,updated_at,is_deleted,is_system,item_thumb,sys_sale_flag) values ("101000184","101000184",null,"TPT",null,"0",null,"0","Tiger Prawns Thembura",null,"101000111","1","0","Tiger Prawns Thembura","1",null,null,null,"0",null,"43","1.00000",null,null,"101000101","0","101000101",null,null,null,"600.00000","0.00000","0","0.00000","1","0","0","0",null,"0",null,"0",null,"0",null,"#FFFFFF","#126350",null,null,null,null,null,null,null,null,null,null,null,null,null,null,null,null,"0","2020-01-24 10:22:00.0",null,null,"0","0",null,"1");
DELETE FROM sale_item_ext WHERE id=101000184;
insert into sale_item_ext(id,kitchen_id,is_deleted,last_sync_at) values ("101000184","101000101","0","2020-01-23 23:52:00.0");
DELETE FROM stock_items WHERE id=101000185;
insert into stock_items(id,code,name,description,supplier_product_code,stock_item_attributes,stock_item_location,stock_item_category_id,prd_department_id,part_no,market_valuation_method,movement_method,uom_id,item_weight,qty_on_hand,unit_price,optimum_level,reorder_level,reorder_qty,preferred_supplier_id,last_purchase_unit_price,last_purchase_supplier_id,tax_id,tax_calculation_method,is_service_item,is_valid,is_manufactured,is_sellable,is_semi_finished,is_finished,sales_margin,is_sales_margin_percent,tax_percentage,qty_manufactured,top_consumption_rank,created_by,created_at,updated_by,updated_at,is_system,is_deleted) values ("101000185","13","Prawns Ularthiyath",null,null,"",null,null,null,null,"0",null,"43","1.00000",null,"300.00000",null,null,null,null,null,null,"101000101","1","0","1","0","1","0","0","0","0","0.00",null,"0","0","2020-01-24 10:22:01.0",null,null,"0","0");
DELETE FROM sale_items WHERE id=101000185;
insert into sale_items(id,stock_item_id,stock_item_code,code,hsn_code,is_group_item,group_item_id,is_combo_item,name,description,sub_class_id,is_valid,is_manufactured,alternative_name,is_printable_to_kitchen,name_to_print,alternative_name_to_print,barcode,is_open,qty_on_hand,uom_id,item_weight,profit_category_id,prd_department_id,tax_id,tax_exemption,tax_group_id,tax_id_home_service,tax_id_table_service,tax_id_take_away_service,fixed_price,whls_price,is_whls_price_pc,item_cost,tax_calculation_method,taxation_based_on,is_require_weighing,display_order,best_before,is_hot_item_1,hot_item_1_display_order,is_hot_item_2,hot_item_2_display_order,is_hot_item_3,hot_item_3_display_order,fg_color,bg_color,attrib1_name,attrib1_options,attrib2_name,attrib2_options,attrib3_name,attrib3_options,attrib4_name,attrib4_options,attrib5_name,attrib5_options,tag1,tag2,tag3,tag4,tag5,choice_ids,created_by,created_at,updated_by,updated_at,is_deleted,is_system,item_thumb,sys_sale_flag) values ("101000185","101000185",null,"13",null,"0",null,"0","Prawns Ularthiyath",null,"101000111","1","0","Prawns Ularthiyath","1",null,null,null,"0",null,"43","1.00000",null,null,"101000101","0","101000101",null,null,null,"300.00000","0.00000","0","0.00000","1","0","0","0",null,"0",null,"0",null,"0",null,"#FFFFFF","#352808",null,null,null,null,null,null,null,null,null,null,null,null,null,null,null,null,"0","2020-01-24 10:22:01.0",null,null,"0","0",null,"1");
DELETE FROM sale_item_ext WHERE id=101000185;
insert into sale_item_ext(id,kitchen_id,is_deleted,last_sync_at) values ("101000185","101000101","0","2020-01-23 23:52:01.0");
DELETE FROM stock_items WHERE id=101000186;
insert into stock_items(id,code,name,description,supplier_product_code,stock_item_attributes,stock_item_location,stock_item_category_id,prd_department_id,part_no,market_valuation_method,movement_method,uom_id,item_weight,qty_on_hand,unit_price,optimum_level,reorder_level,reorder_qty,preferred_supplier_id,last_purchase_unit_price,last_purchase_supplier_id,tax_id,tax_calculation_method,is_service_item,is_valid,is_manufactured,is_sellable,is_semi_finished,is_finished,sales_margin,is_sales_margin_percent,tax_percentage,qty_manufactured,top_consumption_rank,created_by,created_at,updated_by,updated_at,is_system,is_deleted) values ("101000186","15","Vegetable Salad ",null,null,"",null,null,null,null,"0",null,"43","1.00000",null,"120.00000",null,null,null,null,null,null,"101000101","1","0","1","0","1","0","0","0","0","0.00",null,"0","0","2020-01-24 10:22:01.0",null,null,"0","0");
DELETE FROM sale_items WHERE id=101000186;
insert into sale_items(id,stock_item_id,stock_item_code,code,hsn_code,is_group_item,group_item_id,is_combo_item,name,description,sub_class_id,is_valid,is_manufactured,alternative_name,is_printable_to_kitchen,name_to_print,alternative_name_to_print,barcode,is_open,qty_on_hand,uom_id,item_weight,profit_category_id,prd_department_id,tax_id,tax_exemption,tax_group_id,tax_id_home_service,tax_id_table_service,tax_id_take_away_service,fixed_price,whls_price,is_whls_price_pc,item_cost,tax_calculation_method,taxation_based_on,is_require_weighing,display_order,best_before,is_hot_item_1,hot_item_1_display_order,is_hot_item_2,hot_item_2_display_order,is_hot_item_3,hot_item_3_display_order,fg_color,bg_color,attrib1_name,attrib1_options,attrib2_name,attrib2_options,attrib3_name,attrib3_options,attrib4_name,attrib4_options,attrib5_name,attrib5_options,tag1,tag2,tag3,tag4,tag5,choice_ids,created_by,created_at,updated_by,updated_at,is_deleted,is_system,item_thumb,sys_sale_flag) values ("101000186","101000186",null,"15",null,"0",null,"0","Vegetable Salad ",null,"101000112","1","0","Vegetable Salad ","1",null,null,null,"0",null,"43","1.00000",null,null,"101000101","0","101000101",null,null,null,"120.00000","0.00000","0","0.00000","1","0","0","0",null,"0",null,"0",null,"0",null,"#FFFFFF","#175f93",null,null,null,null,null,null,null,null,null,null,null,null,null,null,null,null,"0","2020-01-24 10:22:01.0",null,null,"0","0",null,"1");
DELETE FROM sale_item_ext WHERE id=101000186;
insert into sale_item_ext(id,kitchen_id,is_deleted,last_sync_at) values ("101000186","101000101","0","2020-01-23 23:52:01.0");
DELETE FROM stock_items WHERE id=101000187;
insert into stock_items(id,code,name,description,supplier_product_code,stock_item_attributes,stock_item_location,stock_item_category_id,prd_department_id,part_no,market_valuation_method,movement_method,uom_id,item_weight,qty_on_hand,unit_price,optimum_level,reorder_level,reorder_qty,preferred_supplier_id,last_purchase_unit_price,last_purchase_supplier_id,tax_id,tax_calculation_method,is_service_item,is_valid,is_manufactured,is_sellable,is_semi_finished,is_finished,sales_margin,is_sales_margin_percent,tax_percentage,qty_manufactured,top_consumption_rank,created_by,created_at,updated_by,updated_at,is_system,is_deleted) values ("101000187","CUC","Cucumber Salad",null,null,"",null,null,null,null,"0",null,"43","1.00000",null,"120.00000",null,null,null,null,null,null,"101000101","1","0","1","0","1","0","0","0","0","0.00",null,"0","0","2020-01-24 10:22:01.0",null,null,"0","0");
DELETE FROM sale_items WHERE id=101000187;
insert into sale_items(id,stock_item_id,stock_item_code,code,hsn_code,is_group_item,group_item_id,is_combo_item,name,description,sub_class_id,is_valid,is_manufactured,alternative_name,is_printable_to_kitchen,name_to_print,alternative_name_to_print,barcode,is_open,qty_on_hand,uom_id,item_weight,profit_category_id,prd_department_id,tax_id,tax_exemption,tax_group_id,tax_id_home_service,tax_id_table_service,tax_id_take_away_service,fixed_price,whls_price,is_whls_price_pc,item_cost,tax_calculation_method,taxation_based_on,is_require_weighing,display_order,best_before,is_hot_item_1,hot_item_1_display_order,is_hot_item_2,hot_item_2_display_order,is_hot_item_3,hot_item_3_display_order,fg_color,bg_color,attrib1_name,attrib1_options,attrib2_name,attrib2_options,attrib3_name,attrib3_options,attrib4_name,attrib4_options,attrib5_name,attrib5_options,tag1,tag2,tag3,tag4,tag5,choice_ids,created_by,created_at,updated_by,updated_at,is_deleted,is_system,item_thumb,sys_sale_flag) values ("101000187","101000187",null,"CUC",null,"0",null,"0","Cucumber Salad",null,"101000112","1","0","Cucumber Salad","1",null,null,null,"0",null,"43","1.00000",null,null,"101000101","0","101000101",null,null,null,"120.00000","0.00000","0","0.00000","1","0","0","0",null,"0",null,"0",null,"0",null,"#FFFFFF","#1c420f",null,null,null,null,null,null,null,null,null,null,null,null,null,null,null,null,"0","2020-01-24 10:22:01.0",null,null,"0","0",null,"1");
DELETE FROM sale_item_ext WHERE id=101000187;
insert into sale_item_ext(id,kitchen_id,is_deleted,last_sync_at) values ("101000187","101000101","0","2020-01-23 23:52:01.0");
DELETE FROM stock_items WHERE id=101000188;
insert into stock_items(id,code,name,description,supplier_product_code,stock_item_attributes,stock_item_location,stock_item_category_id,prd_department_id,part_no,market_valuation_method,movement_method,uom_id,item_weight,qty_on_hand,unit_price,optimum_level,reorder_level,reorder_qty,preferred_supplier_id,last_purchase_unit_price,last_purchase_supplier_id,tax_id,tax_calculation_method,is_service_item,is_valid,is_manufactured,is_sellable,is_semi_finished,is_finished,sales_margin,is_sales_margin_percent,tax_percentage,qty_manufactured,top_consumption_rank,created_by,created_at,updated_by,updated_at,is_system,is_deleted) values ("101000188","MUM","Musurom  Salad(Mayonise)",null,null,"",null,null,null,null,"0",null,"43","1.00000",null,"150.00000",null,null,null,null,null,null,"101000101","1","0","1","0","1","0","0","0","0","0.00",null,"0","0","2020-01-24 10:22:01.0",null,null,"0","0");
DELETE FROM sale_items WHERE id=101000188;
insert into sale_items(id,stock_item_id,stock_item_code,code,hsn_code,is_group_item,group_item_id,is_combo_item,name,description,sub_class_id,is_valid,is_manufactured,alternative_name,is_printable_to_kitchen,name_to_print,alternative_name_to_print,barcode,is_open,qty_on_hand,uom_id,item_weight,profit_category_id,prd_department_id,tax_id,tax_exemption,tax_group_id,tax_id_home_service,tax_id_table_service,tax_id_take_away_service,fixed_price,whls_price,is_whls_price_pc,item_cost,tax_calculation_method,taxation_based_on,is_require_weighing,display_order,best_before,is_hot_item_1,hot_item_1_display_order,is_hot_item_2,hot_item_2_display_order,is_hot_item_3,hot_item_3_display_order,fg_color,bg_color,attrib1_name,attrib1_options,attrib2_name,attrib2_options,attrib3_name,attrib3_options,attrib4_name,attrib4_options,attrib5_name,attrib5_options,tag1,tag2,tag3,tag4,tag5,choice_ids,created_by,created_at,updated_by,updated_at,is_deleted,is_system,item_thumb,sys_sale_flag) values ("101000188","101000188",null,"MUM",null,"0",null,"0","Musurom  Salad(Mayonise)",null,"101000112","1","0","Musurom  Salad(Mayonise)","1",null,null,null,"0",null,"43","1.00000",null,null,"101000101","0","101000101",null,null,null,"150.00000","0.00000","0","0.00000","1","0","0","0",null,"0",null,"0",null,"0",null,"#FFFFFF","#155e68",null,null,null,null,null,null,null,null,null,null,null,null,null,null,null,null,"0","2020-01-24 10:22:01.0",null,null,"0","0",null,"1");
DELETE FROM sale_item_ext WHERE id=101000188;
insert into sale_item_ext(id,kitchen_id,is_deleted,last_sync_at) values ("101000188","101000101","0","2020-01-23 23:52:01.0");
DELETE FROM stock_items WHERE id=101000189;
insert into stock_items(id,code,name,description,supplier_product_code,stock_item_attributes,stock_item_location,stock_item_category_id,prd_department_id,part_no,market_valuation_method,movement_method,uom_id,item_weight,qty_on_hand,unit_price,optimum_level,reorder_level,reorder_qty,preferred_supplier_id,last_purchase_unit_price,last_purchase_supplier_id,tax_id,tax_calculation_method,is_service_item,is_valid,is_manufactured,is_sellable,is_semi_finished,is_finished,sales_margin,is_sales_margin_percent,tax_percentage,qty_manufactured,top_consumption_rank,created_by,created_at,updated_by,updated_at,is_system,is_deleted) values ("101000189","76","Paneer Salad(Mayonise)",null,null,"",null,null,null,null,"0",null,"43","1.00000",null,"150.00000",null,null,null,null,null,null,"101000101","1","0","1","0","1","0","0","0","0","0.00",null,"0","0","2020-01-24 10:22:01.0",null,null,"0","0");
DELETE FROM sale_items WHERE id=101000189;
insert into sale_items(id,stock_item_id,stock_item_code,code,hsn_code,is_group_item,group_item_id,is_combo_item,name,description,sub_class_id,is_valid,is_manufactured,alternative_name,is_printable_to_kitchen,name_to_print,alternative_name_to_print,barcode,is_open,qty_on_hand,uom_id,item_weight,profit_category_id,prd_department_id,tax_id,tax_exemption,tax_group_id,tax_id_home_service,tax_id_table_service,tax_id_take_away_service,fixed_price,whls_price,is_whls_price_pc,item_cost,tax_calculation_method,taxation_based_on,is_require_weighing,display_order,best_before,is_hot_item_1,hot_item_1_display_order,is_hot_item_2,hot_item_2_display_order,is_hot_item_3,hot_item_3_display_order,fg_color,bg_color,attrib1_name,attrib1_options,attrib2_name,attrib2_options,attrib3_name,attrib3_options,attrib4_name,attrib4_options,attrib5_name,attrib5_options,tag1,tag2,tag3,tag4,tag5,choice_ids,created_by,created_at,updated_by,updated_at,is_deleted,is_system,item_thumb,sys_sale_flag) values ("101000189","101000189",null,"76",null,"0",null,"0","Paneer Salad(Mayonise)",null,"101000112","1","0","Paneer Salad(Mayonise)","1",null,null,null,"0",null,"43","1.00000",null,null,"101000101","0","101000101",null,null,null,"150.00000","0.00000","0","0.00000","1","0","0","0",null,"0",null,"0",null,"0",null,"#FFFFFF","#1d4240",null,null,null,null,null,null,null,null,null,null,null,null,null,null,null,null,"0","2020-01-24 10:22:01.0",null,null,"0","0",null,"1");
DELETE FROM sale_item_ext WHERE id=101000189;
insert into sale_item_ext(id,kitchen_id,is_deleted,last_sync_at) values ("101000189","101000101","0","2020-01-23 23:52:01.0");
DELETE FROM stock_items WHERE id=101000190;
insert into stock_items(id,code,name,description,supplier_product_code,stock_item_attributes,stock_item_location,stock_item_category_id,prd_department_id,part_no,market_valuation_method,movement_method,uom_id,item_weight,qty_on_hand,unit_price,optimum_level,reorder_level,reorder_qty,preferred_supplier_id,last_purchase_unit_price,last_purchase_supplier_id,tax_id,tax_calculation_method,is_service_item,is_valid,is_manufactured,is_sellable,is_semi_finished,is_finished,sales_margin,is_sales_margin_percent,tax_percentage,qty_manufactured,top_consumption_rank,created_by,created_at,updated_by,updated_at,is_system,is_deleted) values ("101000190","75","Chiken Salad(Mayonise)",null,null,"",null,null,null,null,"0",null,"43","1.00000",null,"170.00000",null,null,null,null,null,null,"101000101","1","0","1","0","1","0","0","0","0","0.00",null,"0","0","2020-01-24 10:22:01.0",null,null,"0","0");
DELETE FROM sale_items WHERE id=101000190;
insert into sale_items(id,stock_item_id,stock_item_code,code,hsn_code,is_group_item,group_item_id,is_combo_item,name,description,sub_class_id,is_valid,is_manufactured,alternative_name,is_printable_to_kitchen,name_to_print,alternative_name_to_print,barcode,is_open,qty_on_hand,uom_id,item_weight,profit_category_id,prd_department_id,tax_id,tax_exemption,tax_group_id,tax_id_home_service,tax_id_table_service,tax_id_take_away_service,fixed_price,whls_price,is_whls_price_pc,item_cost,tax_calculation_method,taxation_based_on,is_require_weighing,display_order,best_before,is_hot_item_1,hot_item_1_display_order,is_hot_item_2,hot_item_2_display_order,is_hot_item_3,hot_item_3_display_order,fg_color,bg_color,attrib1_name,attrib1_options,attrib2_name,attrib2_options,attrib3_name,attrib3_options,attrib4_name,attrib4_options,attrib5_name,attrib5_options,tag1,tag2,tag3,tag4,tag5,choice_ids,created_by,created_at,updated_by,updated_at,is_deleted,is_system,item_thumb,sys_sale_flag) values ("101000190","101000190",null,"75",null,"0",null,"0","Chiken Salad(Mayonise)",null,"101000112","1","0","Chiken Salad(Mayonise)","1",null,null,null,"0",null,"43","1.00000",null,null,"101000101","0","101000101",null,null,null,"170.00000","0.00000","0","0.00000","1","0","0","0",null,"0",null,"0",null,"0",null,"#FFFFFF","#133372",null,null,null,null,null,null,null,null,null,null,null,null,null,null,null,null,"0","2020-01-24 10:22:01.0",null,null,"0","0",null,"1");
DELETE FROM sale_item_ext WHERE id=101000190;
insert into sale_item_ext(id,kitchen_id,is_deleted,last_sync_at) values ("101000190","101000101","0","2020-01-23 23:52:01.0");
DELETE FROM stock_items WHERE id=101000191;
insert into stock_items(id,code,name,description,supplier_product_code,stock_item_attributes,stock_item_location,stock_item_category_id,prd_department_id,part_no,market_valuation_method,movement_method,uom_id,item_weight,qty_on_hand,unit_price,optimum_level,reorder_level,reorder_qty,preferred_supplier_id,last_purchase_unit_price,last_purchase_supplier_id,tax_id,tax_calculation_method,is_service_item,is_valid,is_manufactured,is_sellable,is_semi_finished,is_finished,sales_margin,is_sales_margin_percent,tax_percentage,qty_manufactured,top_consumption_rank,created_by,created_at,updated_by,updated_at,is_system,is_deleted) values ("101000191","74","Prawns Salad(Mayonise)",null,null,"",null,null,null,null,"0",null,"43","1.00000",null,"200.00000",null,null,null,null,null,null,"101000101","1","0","1","0","1","0","0","0","0","0.00",null,"0","0","2020-01-24 10:22:01.0",null,null,"0","0");
DELETE FROM sale_items WHERE id=101000191;
insert into sale_items(id,stock_item_id,stock_item_code,code,hsn_code,is_group_item,group_item_id,is_combo_item,name,description,sub_class_id,is_valid,is_manufactured,alternative_name,is_printable_to_kitchen,name_to_print,alternative_name_to_print,barcode,is_open,qty_on_hand,uom_id,item_weight,profit_category_id,prd_department_id,tax_id,tax_exemption,tax_group_id,tax_id_home_service,tax_id_table_service,tax_id_take_away_service,fixed_price,whls_price,is_whls_price_pc,item_cost,tax_calculation_method,taxation_based_on,is_require_weighing,display_order,best_before,is_hot_item_1,hot_item_1_display_order,is_hot_item_2,hot_item_2_display_order,is_hot_item_3,hot_item_3_display_order,fg_color,bg_color,attrib1_name,attrib1_options,attrib2_name,attrib2_options,attrib3_name,attrib3_options,attrib4_name,attrib4_options,attrib5_name,attrib5_options,tag1,tag2,tag3,tag4,tag5,choice_ids,created_by,created_at,updated_by,updated_at,is_deleted,is_system,item_thumb,sys_sale_flag) values ("101000191","101000191",null,"74",null,"0",null,"0","Prawns Salad(Mayonise)",null,"101000112","1","0","Prawns Salad(Mayonise)","1",null,null,null,"0",null,"43","1.00000",null,null,"101000101","0","101000101",null,null,null,"200.00000","0.00000","0","0.00000","1","0","0","0",null,"0",null,"0",null,"0",null,"#FFFFFF","#0e443b",null,null,null,null,null,null,null,null,null,null,null,null,null,null,null,null,"0","2020-01-24 10:22:01.0",null,null,"0","0",null,"1");
DELETE FROM sale_item_ext WHERE id=101000191;
insert into sale_item_ext(id,kitchen_id,is_deleted,last_sync_at) values ("101000191","101000101","0","2020-01-23 23:52:01.0");
DELETE FROM stock_items WHERE id=101000192;
insert into stock_items(id,code,name,description,supplier_product_code,stock_item_attributes,stock_item_location,stock_item_category_id,prd_department_id,part_no,market_valuation_method,movement_method,uom_id,item_weight,qty_on_hand,unit_price,optimum_level,reorder_level,reorder_qty,preferred_supplier_id,last_purchase_unit_price,last_purchase_supplier_id,tax_id,tax_calculation_method,is_service_item,is_valid,is_manufactured,is_sellable,is_semi_finished,is_finished,sales_margin,is_sales_margin_percent,tax_percentage,qty_manufactured,top_consumption_rank,created_by,created_at,updated_by,updated_at,is_system,is_deleted) values ("101000192","77","Seagull Special Salad (Mayonise)",null,null,"",null,null,null,null,"0",null,"43","1.00000",null,"200.00000",null,null,null,null,null,null,"101000101","1","0","1","0","1","0","0","0","0","0.00",null,"0","0","2020-01-24 10:22:01.0",null,null,"0","0");
DELETE FROM sale_items WHERE id=101000192;
insert into sale_items(id,stock_item_id,stock_item_code,code,hsn_code,is_group_item,group_item_id,is_combo_item,name,description,sub_class_id,is_valid,is_manufactured,alternative_name,is_printable_to_kitchen,name_to_print,alternative_name_to_print,barcode,is_open,qty_on_hand,uom_id,item_weight,profit_category_id,prd_department_id,tax_id,tax_exemption,tax_group_id,tax_id_home_service,tax_id_table_service,tax_id_take_away_service,fixed_price,whls_price,is_whls_price_pc,item_cost,tax_calculation_method,taxation_based_on,is_require_weighing,display_order,best_before,is_hot_item_1,hot_item_1_display_order,is_hot_item_2,hot_item_2_display_order,is_hot_item_3,hot_item_3_display_order,fg_color,bg_color,attrib1_name,attrib1_options,attrib2_name,attrib2_options,attrib3_name,attrib3_options,attrib4_name,attrib4_options,attrib5_name,attrib5_options,tag1,tag2,tag3,tag4,tag5,choice_ids,created_by,created_at,updated_by,updated_at,is_deleted,is_system,item_thumb,sys_sale_flag) values ("101000192","101000192",null,"77",null,"0",null,"0","Seagull Special Salad (Mayonise)",null,"101000112","1","0","Seagull Special Salad (Mayonise)","1",null,null,null,"0",null,"43","1.00000",null,null,"101000101","0","101000101",null,null,null,"200.00000","0.00000","0","0.00000","1","0","0","0",null,"0",null,"0",null,"0",null,"#FFFFFF","#1c6166",null,null,null,null,null,null,null,null,null,null,null,null,null,null,null,null,"0","2020-01-24 10:22:01.0",null,null,"0","0",null,"1");
DELETE FROM sale_item_ext WHERE id=101000192;
insert into sale_item_ext(id,kitchen_id,is_deleted,last_sync_at) values ("101000192","101000101","0","2020-01-23 23:52:01.0");
DELETE FROM stock_items WHERE id=101000193;
insert into stock_items(id,code,name,description,supplier_product_code,stock_item_attributes,stock_item_location,stock_item_category_id,prd_department_id,part_no,market_valuation_method,movement_method,uom_id,item_weight,qty_on_hand,unit_price,optimum_level,reorder_level,reorder_qty,preferred_supplier_id,last_purchase_unit_price,last_purchase_supplier_id,tax_id,tax_calculation_method,is_service_item,is_valid,is_manufactured,is_sellable,is_semi_finished,is_finished,sales_margin,is_sales_margin_percent,tax_percentage,qty_manufactured,top_consumption_rank,created_by,created_at,updated_by,updated_at,is_system,is_deleted) values ("101000193","2","Chapathy",null,null,"",null,null,null,null,"0",null,"43","1.00000",null,"20.00000",null,null,null,null,null,null,"101000101","1","0","1","0","1","0","0","0","0","0.00",null,"0","0","2020-01-24 10:22:01.0",null,null,"0","0");
DELETE FROM sale_items WHERE id=101000193;
insert into sale_items(id,stock_item_id,stock_item_code,code,hsn_code,is_group_item,group_item_id,is_combo_item,name,description,sub_class_id,is_valid,is_manufactured,alternative_name,is_printable_to_kitchen,name_to_print,alternative_name_to_print,barcode,is_open,qty_on_hand,uom_id,item_weight,profit_category_id,prd_department_id,tax_id,tax_exemption,tax_group_id,tax_id_home_service,tax_id_table_service,tax_id_take_away_service,fixed_price,whls_price,is_whls_price_pc,item_cost,tax_calculation_method,taxation_based_on,is_require_weighing,display_order,best_before,is_hot_item_1,hot_item_1_display_order,is_hot_item_2,hot_item_2_display_order,is_hot_item_3,hot_item_3_display_order,fg_color,bg_color,attrib1_name,attrib1_options,attrib2_name,attrib2_options,attrib3_name,attrib3_options,attrib4_name,attrib4_options,attrib5_name,attrib5_options,tag1,tag2,tag3,tag4,tag5,choice_ids,created_by,created_at,updated_by,updated_at,is_deleted,is_system,item_thumb,sys_sale_flag) values ("101000193","101000193",null,"2",null,"0",null,"0","Chapathy",null,"101000113","1","0","Chapathy","1",null,null,null,"0",null,"43","1.00000",null,null,"101000101","0","101000101",null,null,null,"20.00000","0.00000","0","0.00000","1","0","0","0",null,"0",null,"0",null,"0",null,"#FFFFFF","#08470b",null,null,null,null,null,null,null,null,null,null,null,null,null,null,null,null,"0","2020-01-24 10:22:01.0",null,null,"0","0",null,"1");
DELETE FROM sale_item_ext WHERE id=101000193;
insert into sale_item_ext(id,kitchen_id,is_deleted,last_sync_at) values ("101000193","101000101","0","2020-01-23 23:52:01.0");
DELETE FROM stock_items WHERE id=101000194;
insert into stock_items(id,code,name,description,supplier_product_code,stock_item_attributes,stock_item_location,stock_item_category_id,prd_department_id,part_no,market_valuation_method,movement_method,uom_id,item_weight,qty_on_hand,unit_price,optimum_level,reorder_level,reorder_qty,preferred_supplier_id,last_purchase_unit_price,last_purchase_supplier_id,tax_id,tax_calculation_method,is_service_item,is_valid,is_manufactured,is_sellable,is_semi_finished,is_finished,sales_margin,is_sales_margin_percent,tax_percentage,qty_manufactured,top_consumption_rank,created_by,created_at,updated_by,updated_at,is_system,is_deleted) values ("101000194","3","Kerala Porotta",null,null,"",null,null,null,null,"0",null,"43","1.00000",null,"30.00000",null,null,null,null,null,null,"101000101","1","0","1","0","1","0","0","0","0","0.00",null,"0","0","2020-01-24 10:22:01.0",null,null,"0","0");
DELETE FROM sale_items WHERE id=101000194;
insert into sale_items(id,stock_item_id,stock_item_code,code,hsn_code,is_group_item,group_item_id,is_combo_item,name,description,sub_class_id,is_valid,is_manufactured,alternative_name,is_printable_to_kitchen,name_to_print,alternative_name_to_print,barcode,is_open,qty_on_hand,uom_id,item_weight,profit_category_id,prd_department_id,tax_id,tax_exemption,tax_group_id,tax_id_home_service,tax_id_table_service,tax_id_take_away_service,fixed_price,whls_price,is_whls_price_pc,item_cost,tax_calculation_method,taxation_based_on,is_require_weighing,display_order,best_before,is_hot_item_1,hot_item_1_display_order,is_hot_item_2,hot_item_2_display_order,is_hot_item_3,hot_item_3_display_order,fg_color,bg_color,attrib1_name,attrib1_options,attrib2_name,attrib2_options,attrib3_name,attrib3_options,attrib4_name,attrib4_options,attrib5_name,attrib5_options,tag1,tag2,tag3,tag4,tag5,choice_ids,created_by,created_at,updated_by,updated_at,is_deleted,is_system,item_thumb,sys_sale_flag) values ("101000194","101000194",null,"3",null,"0",null,"0","Kerala Porotta",null,"101000113","1","0","Kerala Porotta","1",null,null,null,"0",null,"43","1.00000",null,null,"101000101","0","101000101",null,null,null,"30.00000","0.00000","0","0.00000","1","0","0","0",null,"0",null,"0",null,"0",null,"#FFFFFF","#841953",null,null,null,null,null,null,null,null,null,null,null,null,null,null,null,null,"0","2020-01-24 10:22:01.0",null,null,"0","0",null,"1");
DELETE FROM sale_item_ext WHERE id=101000194;
insert into sale_item_ext(id,kitchen_id,is_deleted,last_sync_at) values ("101000194","101000101","0","2020-01-23 23:52:01.0");
DELETE FROM stock_items WHERE id=101000195;
insert into stock_items(id,code,name,description,supplier_product_code,stock_item_attributes,stock_item_location,stock_item_category_id,prd_department_id,part_no,market_valuation_method,movement_method,uom_id,item_weight,qty_on_hand,unit_price,optimum_level,reorder_level,reorder_qty,preferred_supplier_id,last_purchase_unit_price,last_purchase_supplier_id,tax_id,tax_calculation_method,is_service_item,is_valid,is_manufactured,is_sellable,is_semi_finished,is_finished,sales_margin,is_sales_margin_percent,tax_percentage,qty_manufactured,top_consumption_rank,created_by,created_at,updated_by,updated_at,is_system,is_deleted) values ("101000195","GP","Garlic Porotta",null,null,"",null,null,null,null,"0",null,"43","1.00000",null,"50.00000",null,null,null,null,null,null,"101000101","1","0","1","0","1","0","0","0","0","0.00",null,"0","0","2020-01-24 10:22:01.0",null,null,"0","0");
DELETE FROM sale_items WHERE id=101000195;
insert into sale_items(id,stock_item_id,stock_item_code,code,hsn_code,is_group_item,group_item_id,is_combo_item,name,description,sub_class_id,is_valid,is_manufactured,alternative_name,is_printable_to_kitchen,name_to_print,alternative_name_to_print,barcode,is_open,qty_on_hand,uom_id,item_weight,profit_category_id,prd_department_id,tax_id,tax_exemption,tax_group_id,tax_id_home_service,tax_id_table_service,tax_id_take_away_service,fixed_price,whls_price,is_whls_price_pc,item_cost,tax_calculation_method,taxation_based_on,is_require_weighing,display_order,best_before,is_hot_item_1,hot_item_1_display_order,is_hot_item_2,hot_item_2_display_order,is_hot_item_3,hot_item_3_display_order,fg_color,bg_color,attrib1_name,attrib1_options,attrib2_name,attrib2_options,attrib3_name,attrib3_options,attrib4_name,attrib4_options,attrib5_name,attrib5_options,tag1,tag2,tag3,tag4,tag5,choice_ids,created_by,created_at,updated_by,updated_at,is_deleted,is_system,item_thumb,sys_sale_flag) values ("101000195","101000195",null,"GP",null,"0",null,"0","Garlic Porotta",null,"101000113","1","0","Garlic Porotta","1",null,null,null,"0",null,"43","1.00000",null,null,"101000101","0","101000101",null,null,null,"50.00000","0.00000","0","0.00000","1","0","0","0",null,"0",null,"0",null,"0",null,"#FFFFFF","#ff005f",null,null,null,null,null,null,null,null,null,null,null,null,null,null,null,null,"0","2020-01-24 10:22:01.0",null,null,"0","0",null,"1");
DELETE FROM sale_item_ext WHERE id=101000195;
insert into sale_item_ext(id,kitchen_id,is_deleted,last_sync_at) values ("101000195","101000101","0","2020-01-23 23:52:01.0");
DELETE FROM stock_items WHERE id=101000196;
insert into stock_items(id,code,name,description,supplier_product_code,stock_item_attributes,stock_item_location,stock_item_category_id,prd_department_id,part_no,market_valuation_method,movement_method,uom_id,item_weight,qty_on_hand,unit_price,optimum_level,reorder_level,reorder_qty,preferred_supplier_id,last_purchase_unit_price,last_purchase_supplier_id,tax_id,tax_calculation_method,is_service_item,is_valid,is_manufactured,is_sellable,is_semi_finished,is_finished,sales_margin,is_sales_margin_percent,tax_percentage,qty_manufactured,top_consumption_rank,created_by,created_at,updated_by,updated_at,is_system,is_deleted) values ("101000196","5","Ginger Porotta",null,null,"",null,null,null,null,"0",null,"43","1.00000",null,"50.00000",null,null,null,null,null,null,"101000101","1","0","1","0","1","0","0","0","0","0.00",null,"0","0","2020-01-24 10:22:01.0",null,null,"0","0");
DELETE FROM sale_items WHERE id=101000196;
insert into sale_items(id,stock_item_id,stock_item_code,code,hsn_code,is_group_item,group_item_id,is_combo_item,name,description,sub_class_id,is_valid,is_manufactured,alternative_name,is_printable_to_kitchen,name_to_print,alternative_name_to_print,barcode,is_open,qty_on_hand,uom_id,item_weight,profit_category_id,prd_department_id,tax_id,tax_exemption,tax_group_id,tax_id_home_service,tax_id_table_service,tax_id_take_away_service,fixed_price,whls_price,is_whls_price_pc,item_cost,tax_calculation_method,taxation_based_on,is_require_weighing,display_order,best_before,is_hot_item_1,hot_item_1_display_order,is_hot_item_2,hot_item_2_display_order,is_hot_item_3,hot_item_3_display_order,fg_color,bg_color,attrib1_name,attrib1_options,attrib2_name,attrib2_options,attrib3_name,attrib3_options,attrib4_name,attrib4_options,attrib5_name,attrib5_options,tag1,tag2,tag3,tag4,tag5,choice_ids,created_by,created_at,updated_by,updated_at,is_deleted,is_system,item_thumb,sys_sale_flag) values ("101000196","101000196",null,"5",null,"0",null,"0","Ginger Porotta",null,"101000113","1","0","Ginger Porotta","1",null,null,null,"0",null,"43","1.00000",null,null,"101000101","0","101000101",null,null,null,"50.00000","0.00000","0","0.00000","1","0","0","0",null,"0",null,"0",null,"0",null,"#FFFFFF","#2337ed",null,null,null,null,null,null,null,null,null,null,null,null,null,null,null,null,"0","2020-01-24 10:22:01.0",null,null,"0","0",null,"1");
DELETE FROM sale_item_ext WHERE id=101000196;
insert into sale_item_ext(id,kitchen_id,is_deleted,last_sync_at) values ("101000196","101000101","0","2020-01-23 23:52:01.0");
DELETE FROM stock_items WHERE id=101000197;
insert into stock_items(id,code,name,description,supplier_product_code,stock_item_attributes,stock_item_location,stock_item_category_id,prd_department_id,part_no,market_valuation_method,movement_method,uom_id,item_weight,qty_on_hand,unit_price,optimum_level,reorder_level,reorder_qty,preferred_supplier_id,last_purchase_unit_price,last_purchase_supplier_id,tax_id,tax_calculation_method,is_service_item,is_valid,is_manufactured,is_sellable,is_semi_finished,is_finished,sales_margin,is_sales_margin_percent,tax_percentage,qty_manufactured,top_consumption_rank,created_by,created_at,updated_by,updated_at,is_system,is_deleted) values ("101000197","1","Cheese Porotta",null,null,"",null,null,null,null,"0",null,"43","1.00000",null,"50.00000",null,null,null,null,null,null,"101000101","1","0","1","0","1","0","0","0","0","0.00",null,"0","0","2020-01-24 10:22:01.0",null,null,"0","0");
DELETE FROM sale_items WHERE id=101000197;
insert into sale_items(id,stock_item_id,stock_item_code,code,hsn_code,is_group_item,group_item_id,is_combo_item,name,description,sub_class_id,is_valid,is_manufactured,alternative_name,is_printable_to_kitchen,name_to_print,alternative_name_to_print,barcode,is_open,qty_on_hand,uom_id,item_weight,profit_category_id,prd_department_id,tax_id,tax_exemption,tax_group_id,tax_id_home_service,tax_id_table_service,tax_id_take_away_service,fixed_price,whls_price,is_whls_price_pc,item_cost,tax_calculation_method,taxation_based_on,is_require_weighing,display_order,best_before,is_hot_item_1,hot_item_1_display_order,is_hot_item_2,hot_item_2_display_order,is_hot_item_3,hot_item_3_display_order,fg_color,bg_color,attrib1_name,attrib1_options,attrib2_name,attrib2_options,attrib3_name,attrib3_options,attrib4_name,attrib4_options,attrib5_name,attrib5_options,tag1,tag2,tag3,tag4,tag5,choice_ids,created_by,created_at,updated_by,updated_at,is_deleted,is_system,item_thumb,sys_sale_flag) values ("101000197","101000197",null,"1",null,"0",null,"0","Cheese Porotta",null,"101000113","1","0","Cheese Porotta","1",null,null,null,"0",null,"43","1.00000",null,null,"101000101","0","101000101",null,null,null,"50.00000","0.00000","0","0.00000","1","0","0","0",null,"0",null,"0",null,"0",null,"#FFFFFF","#e815ed",null,null,null,null,null,null,null,null,null,null,null,null,null,null,null,null,"0","2020-01-24 10:22:01.0",null,null,"0","0",null,"1");
DELETE FROM sale_item_ext WHERE id=101000197;
insert into sale_item_ext(id,kitchen_id,is_deleted,last_sync_at) values ("101000197","101000101","0","2020-01-23 23:52:01.0");
DELETE FROM stock_items WHERE id=101000198;
insert into stock_items(id,code,name,description,supplier_product_code,stock_item_attributes,stock_item_location,stock_item_category_id,prd_department_id,part_no,market_valuation_method,movement_method,uom_id,item_weight,qty_on_hand,unit_price,optimum_level,reorder_level,reorder_qty,preferred_supplier_id,last_purchase_unit_price,last_purchase_supplier_id,tax_id,tax_calculation_method,is_service_item,is_valid,is_manufactured,is_sellable,is_semi_finished,is_finished,sales_margin,is_sales_margin_percent,tax_percentage,qty_manufactured,top_consumption_rank,created_by,created_at,updated_by,updated_at,is_system,is_deleted) values ("101000198","4","Butter Porotta",null,null,"",null,null,null,null,"0",null,"43","1.00000",null,"50.00000",null,null,null,null,null,null,"101000101","1","0","1","0","1","0","0","0","0","0.00",null,"0","0","2020-01-24 10:22:01.0",null,null,"0","0");
DELETE FROM sale_items WHERE id=101000198;
insert into sale_items(id,stock_item_id,stock_item_code,code,hsn_code,is_group_item,group_item_id,is_combo_item,name,description,sub_class_id,is_valid,is_manufactured,alternative_name,is_printable_to_kitchen,name_to_print,alternative_name_to_print,barcode,is_open,qty_on_hand,uom_id,item_weight,profit_category_id,prd_department_id,tax_id,tax_exemption,tax_group_id,tax_id_home_service,tax_id_table_service,tax_id_take_away_service,fixed_price,whls_price,is_whls_price_pc,item_cost,tax_calculation_method,taxation_based_on,is_require_weighing,display_order,best_before,is_hot_item_1,hot_item_1_display_order,is_hot_item_2,hot_item_2_display_order,is_hot_item_3,hot_item_3_display_order,fg_color,bg_color,attrib1_name,attrib1_options,attrib2_name,attrib2_options,attrib3_name,attrib3_options,attrib4_name,attrib4_options,attrib5_name,attrib5_options,tag1,tag2,tag3,tag4,tag5,choice_ids,created_by,created_at,updated_by,updated_at,is_deleted,is_system,item_thumb,sys_sale_flag) values ("101000198","101000198",null,"4",null,"0",null,"0","Butter Porotta",null,"101000113","1","0","Butter Porotta","1",null,null,null,"0",null,"43","1.00000",null,null,"101000101","0","101000101",null,null,null,"50.00000","0.00000","0","0.00000","1","0","0","0",null,"0",null,"0",null,"0",null,"#FFFFFF","#3926ad",null,null,null,null,null,null,null,null,null,null,null,null,null,null,null,null,"0","2020-01-24 10:22:01.0",null,null,"0","0",null,"1");
DELETE FROM sale_item_ext WHERE id=101000198;
insert into sale_item_ext(id,kitchen_id,is_deleted,last_sync_at) values ("101000198","101000101","0","2020-01-23 23:52:01.0");
DELETE FROM stock_items WHERE id=101000199;
insert into stock_items(id,code,name,description,supplier_product_code,stock_item_attributes,stock_item_location,stock_item_category_id,prd_department_id,part_no,market_valuation_method,movement_method,uom_id,item_weight,qty_on_hand,unit_price,optimum_level,reorder_level,reorder_qty,preferred_supplier_id,last_purchase_unit_price,last_purchase_supplier_id,tax_id,tax_calculation_method,is_service_item,is_valid,is_manufactured,is_sellable,is_semi_finished,is_finished,sales_margin,is_sales_margin_percent,tax_percentage,qty_manufactured,top_consumption_rank,created_by,created_at,updated_by,updated_at,is_system,is_deleted) values ("101000199","87","Plane Rice",null,null,"",null,null,null,null,"0",null,"43","1.00000",null,"80.00000",null,null,null,null,null,null,"101000101","1","0","1","0","1","0","0","0","0","0.00",null,"0","0","2020-01-24 10:22:01.0",null,null,"0","0");
DELETE FROM sale_items WHERE id=101000199;
insert into sale_items(id,stock_item_id,stock_item_code,code,hsn_code,is_group_item,group_item_id,is_combo_item,name,description,sub_class_id,is_valid,is_manufactured,alternative_name,is_printable_to_kitchen,name_to_print,alternative_name_to_print,barcode,is_open,qty_on_hand,uom_id,item_weight,profit_category_id,prd_department_id,tax_id,tax_exemption,tax_group_id,tax_id_home_service,tax_id_table_service,tax_id_take_away_service,fixed_price,whls_price,is_whls_price_pc,item_cost,tax_calculation_method,taxation_based_on,is_require_weighing,display_order,best_before,is_hot_item_1,hot_item_1_display_order,is_hot_item_2,hot_item_2_display_order,is_hot_item_3,hot_item_3_display_order,fg_color,bg_color,attrib1_name,attrib1_options,attrib2_name,attrib2_options,attrib3_name,attrib3_options,attrib4_name,attrib4_options,attrib5_name,attrib5_options,tag1,tag2,tag3,tag4,tag5,choice_ids,created_by,created_at,updated_by,updated_at,is_deleted,is_system,item_thumb,sys_sale_flag) values ("101000199","101000199",null,"87",null,"0",null,"0","Plane Rice",null,"101000114","1","0","Plane Rice","1",null,null,null,"0",null,"43","1.00000",null,null,"101000101","0","101000101",null,null,null,"80.00000","0.00000","0","0.00000","1","0","0","0",null,"0",null,"0",null,"0",null,"#FFFFFF","#114734",null,null,null,null,null,null,null,null,null,null,null,null,null,null,null,null,"0","2020-01-24 10:22:01.0",null,null,"0","0",null,"1");
DELETE FROM sale_item_ext WHERE id=101000199;
insert into sale_item_ext(id,kitchen_id,is_deleted,last_sync_at) values ("101000199","101000101","0","2020-01-23 23:52:01.0");
DELETE FROM stock_items WHERE id=101000200;
insert into stock_items(id,code,name,description,supplier_product_code,stock_item_attributes,stock_item_location,stock_item_category_id,prd_department_id,part_no,market_valuation_method,movement_method,uom_id,item_weight,qty_on_hand,unit_price,optimum_level,reorder_level,reorder_qty,preferred_supplier_id,last_purchase_unit_price,last_purchase_supplier_id,tax_id,tax_calculation_method,is_service_item,is_valid,is_manufactured,is_sellable,is_semi_finished,is_finished,sales_margin,is_sales_margin_percent,tax_percentage,qty_manufactured,top_consumption_rank,created_by,created_at,updated_by,updated_at,is_system,is_deleted) values ("101000200","86","Kerala Rice ",null,null,"",null,null,null,null,"0",null,"43","1.00000",null,"70.00000",null,null,null,null,null,null,"101000101","1","0","1","0","1","0","0","0","0","0.00",null,"0","0","2020-01-24 10:22:01.0",null,null,"0","0");
DELETE FROM sale_items WHERE id=101000200;
insert into sale_items(id,stock_item_id,stock_item_code,code,hsn_code,is_group_item,group_item_id,is_combo_item,name,description,sub_class_id,is_valid,is_manufactured,alternative_name,is_printable_to_kitchen,name_to_print,alternative_name_to_print,barcode,is_open,qty_on_hand,uom_id,item_weight,profit_category_id,prd_department_id,tax_id,tax_exemption,tax_group_id,tax_id_home_service,tax_id_table_service,tax_id_take_away_service,fixed_price,whls_price,is_whls_price_pc,item_cost,tax_calculation_method,taxation_based_on,is_require_weighing,display_order,best_before,is_hot_item_1,hot_item_1_display_order,is_hot_item_2,hot_item_2_display_order,is_hot_item_3,hot_item_3_display_order,fg_color,bg_color,attrib1_name,attrib1_options,attrib2_name,attrib2_options,attrib3_name,attrib3_options,attrib4_name,attrib4_options,attrib5_name,attrib5_options,tag1,tag2,tag3,tag4,tag5,choice_ids,created_by,created_at,updated_by,updated_at,is_deleted,is_system,item_thumb,sys_sale_flag) values ("101000200","101000200",null,"86",null,"0",null,"0","Kerala Rice ",null,"101000114","1","0","Kerala Rice ","1",null,null,null,"0",null,"43","1.00000",null,null,"101000101","0","101000101",null,null,null,"70.00000","0.00000","0","0.00000","1","0","0","0",null,"0",null,"0",null,"0",null,"#FFFFFF","#126350",null,null,null,null,null,null,null,null,null,null,null,null,null,null,null,null,"0","2020-01-24 10:22:01.0",null,null,"0","0",null,"1");
DELETE FROM sale_item_ext WHERE id=101000200;
insert into sale_item_ext(id,kitchen_id,is_deleted,last_sync_at) values ("101000200","101000101","0","2020-01-23 23:52:01.0");
DELETE FROM stock_items WHERE id=101000201;
insert into stock_items(id,code,name,description,supplier_product_code,stock_item_attributes,stock_item_location,stock_item_category_id,prd_department_id,part_no,market_valuation_method,movement_method,uom_id,item_weight,qty_on_hand,unit_price,optimum_level,reorder_level,reorder_qty,preferred_supplier_id,last_purchase_unit_price,last_purchase_supplier_id,tax_id,tax_calculation_method,is_service_item,is_valid,is_manufactured,is_sellable,is_semi_finished,is_finished,sales_margin,is_sales_margin_percent,tax_percentage,qty_manufactured,top_consumption_rank,created_by,created_at,updated_by,updated_at,is_system,is_deleted) values ("101000201","GR","Ghee Rice ",null,null,"",null,null,null,null,"0",null,"43","1.00000",null,"140.00000",null,null,null,null,null,null,"101000101","1","0","1","0","1","0","0","0","0","0.00",null,"0","0","2020-01-24 10:22:01.0",null,null,"0","0");
DELETE FROM sale_items WHERE id=101000201;
insert into sale_items(id,stock_item_id,stock_item_code,code,hsn_code,is_group_item,group_item_id,is_combo_item,name,description,sub_class_id,is_valid,is_manufactured,alternative_name,is_printable_to_kitchen,name_to_print,alternative_name_to_print,barcode,is_open,qty_on_hand,uom_id,item_weight,profit_category_id,prd_department_id,tax_id,tax_exemption,tax_group_id,tax_id_home_service,tax_id_table_service,tax_id_take_away_service,fixed_price,whls_price,is_whls_price_pc,item_cost,tax_calculation_method,taxation_based_on,is_require_weighing,display_order,best_before,is_hot_item_1,hot_item_1_display_order,is_hot_item_2,hot_item_2_display_order,is_hot_item_3,hot_item_3_display_order,fg_color,bg_color,attrib1_name,attrib1_options,attrib2_name,attrib2_options,attrib3_name,attrib3_options,attrib4_name,attrib4_options,attrib5_name,attrib5_options,tag1,tag2,tag3,tag4,tag5,choice_ids,created_by,created_at,updated_by,updated_at,is_deleted,is_system,item_thumb,sys_sale_flag) values ("101000201","101000201",null,"GR",null,"0",null,"0","Ghee Rice ",null,"101000114","1","0","Ghee Rice ","1",null,null,null,"0",null,"43","1.00000",null,null,"101000101","0","101000101",null,null,null,"140.00000","0.00000","0","0.00000","1","0","0","0",null,"0",null,"0",null,"0",null,"#FFFFFF","#352808",null,null,null,null,null,null,null,null,null,null,null,null,null,null,null,null,"0","2020-01-24 10:22:01.0",null,null,"0","0",null,"1");
DELETE FROM sale_item_ext WHERE id=101000201;
insert into sale_item_ext(id,kitchen_id,is_deleted,last_sync_at) values ("101000201","101000101","0","2020-01-23 23:52:01.0");
DELETE FROM stock_items WHERE id=101000202;
insert into stock_items(id,code,name,description,supplier_product_code,stock_item_attributes,stock_item_location,stock_item_category_id,prd_department_id,part_no,market_valuation_method,movement_method,uom_id,item_weight,qty_on_hand,unit_price,optimum_level,reorder_level,reorder_qty,preferred_supplier_id,last_purchase_unit_price,last_purchase_supplier_id,tax_id,tax_calculation_method,is_service_item,is_valid,is_manufactured,is_sellable,is_semi_finished,is_finished,sales_margin,is_sales_margin_percent,tax_percentage,qty_manufactured,top_consumption_rank,created_by,created_at,updated_by,updated_at,is_system,is_deleted) values ("101000202","84","Lemon Rice",null,null,"",null,null,null,null,"0",null,"43","1.00000",null,"140.00000",null,null,null,null,null,null,"101000101","1","0","1","0","1","0","0","0","0","0.00",null,"0","0","2020-01-24 10:22:01.0",null,null,"0","0");
DELETE FROM sale_items WHERE id=101000202;
insert into sale_items(id,stock_item_id,stock_item_code,code,hsn_code,is_group_item,group_item_id,is_combo_item,name,description,sub_class_id,is_valid,is_manufactured,alternative_name,is_printable_to_kitchen,name_to_print,alternative_name_to_print,barcode,is_open,qty_on_hand,uom_id,item_weight,profit_category_id,prd_department_id,tax_id,tax_exemption,tax_group_id,tax_id_home_service,tax_id_table_service,tax_id_take_away_service,fixed_price,whls_price,is_whls_price_pc,item_cost,tax_calculation_method,taxation_based_on,is_require_weighing,display_order,best_before,is_hot_item_1,hot_item_1_display_order,is_hot_item_2,hot_item_2_display_order,is_hot_item_3,hot_item_3_display_order,fg_color,bg_color,attrib1_name,attrib1_options,attrib2_name,attrib2_options,attrib3_name,attrib3_options,attrib4_name,attrib4_options,attrib5_name,attrib5_options,tag1,tag2,tag3,tag4,tag5,choice_ids,created_by,created_at,updated_by,updated_at,is_deleted,is_system,item_thumb,sys_sale_flag) values ("101000202","101000202",null,"84",null,"0",null,"0","Lemon Rice",null,"101000114","1","0","Lemon Rice","1",null,null,null,"0",null,"43","1.00000",null,null,"101000101","0","101000101",null,null,null,"140.00000","0.00000","0","0.00000","1","0","0","0",null,"0",null,"0",null,"0",null,"#FFFFFF","#175f93",null,null,null,null,null,null,null,null,null,null,null,null,null,null,null,null,"0","2020-01-24 10:22:01.0",null,null,"0","0",null,"1");
DELETE FROM sale_item_ext WHERE id=101000202;
insert into sale_item_ext(id,kitchen_id,is_deleted,last_sync_at) values ("101000202","101000101","0","2020-01-23 23:52:01.0");
DELETE FROM stock_items WHERE id=101000203;
insert into stock_items(id,code,name,description,supplier_product_code,stock_item_attributes,stock_item_location,stock_item_category_id,prd_department_id,part_no,market_valuation_method,movement_method,uom_id,item_weight,qty_on_hand,unit_price,optimum_level,reorder_level,reorder_qty,preferred_supplier_id,last_purchase_unit_price,last_purchase_supplier_id,tax_id,tax_calculation_method,is_service_item,is_valid,is_manufactured,is_sellable,is_semi_finished,is_finished,sales_margin,is_sales_margin_percent,tax_percentage,qty_manufactured,top_consumption_rank,created_by,created_at,updated_by,updated_at,is_system,is_deleted) values ("101000203","JR","Jeera Rice",null,null,"",null,null,null,null,"0",null,"43","1.00000",null,"140.00000",null,null,null,null,null,null,"101000101","1","0","1","0","1","0","0","0","0","0.00",null,"0","0","2020-01-24 10:22:01.0",null,null,"0","0");
DELETE FROM sale_items WHERE id=101000203;
insert into sale_items(id,stock_item_id,stock_item_code,code,hsn_code,is_group_item,group_item_id,is_combo_item,name,description,sub_class_id,is_valid,is_manufactured,alternative_name,is_printable_to_kitchen,name_to_print,alternative_name_to_print,barcode,is_open,qty_on_hand,uom_id,item_weight,profit_category_id,prd_department_id,tax_id,tax_exemption,tax_group_id,tax_id_home_service,tax_id_table_service,tax_id_take_away_service,fixed_price,whls_price,is_whls_price_pc,item_cost,tax_calculation_method,taxation_based_on,is_require_weighing,display_order,best_before,is_hot_item_1,hot_item_1_display_order,is_hot_item_2,hot_item_2_display_order,is_hot_item_3,hot_item_3_display_order,fg_color,bg_color,attrib1_name,attrib1_options,attrib2_name,attrib2_options,attrib3_name,attrib3_options,attrib4_name,attrib4_options,attrib5_name,attrib5_options,tag1,tag2,tag3,tag4,tag5,choice_ids,created_by,created_at,updated_by,updated_at,is_deleted,is_system,item_thumb,sys_sale_flag) values ("101000203","101000203",null,"JR",null,"0",null,"0","Jeera Rice",null,"101000114","1","0","Jeera Rice","1",null,null,null,"0",null,"43","1.00000",null,null,"101000101","0","101000101",null,null,null,"140.00000","0.00000","0","0.00000","1","0","0","0",null,"0",null,"0",null,"0",null,"#FFFFFF","#1c420f",null,null,null,null,null,null,null,null,null,null,null,null,null,null,null,null,"0","2020-01-24 10:22:01.0",null,null,"0","0",null,"1");
DELETE FROM sale_item_ext WHERE id=101000203;
insert into sale_item_ext(id,kitchen_id,is_deleted,last_sync_at) values ("101000203","101000101","0","2020-01-23 23:52:01.0");
DELETE FROM stock_items WHERE id=101000204;
insert into stock_items(id,code,name,description,supplier_product_code,stock_item_attributes,stock_item_location,stock_item_category_id,prd_department_id,part_no,market_valuation_method,movement_method,uom_id,item_weight,qty_on_hand,unit_price,optimum_level,reorder_level,reorder_qty,preferred_supplier_id,last_purchase_unit_price,last_purchase_supplier_id,tax_id,tax_calculation_method,is_service_item,is_valid,is_manufactured,is_sellable,is_semi_finished,is_finished,sales_margin,is_sales_margin_percent,tax_percentage,qty_manufactured,top_consumption_rank,created_by,created_at,updated_by,updated_at,is_system,is_deleted) values ("101000204","83","Cashew Rice ",null,null,"",null,null,null,null,"0",null,"43","1.00000",null,"170.00000",null,null,null,null,null,null,"101000101","1","0","1","0","1","0","0","0","0","0.00",null,"0","0","2020-01-24 10:22:01.0",null,null,"0","0");
DELETE FROM sale_items WHERE id=101000204;
insert into sale_items(id,stock_item_id,stock_item_code,code,hsn_code,is_group_item,group_item_id,is_combo_item,name,description,sub_class_id,is_valid,is_manufactured,alternative_name,is_printable_to_kitchen,name_to_print,alternative_name_to_print,barcode,is_open,qty_on_hand,uom_id,item_weight,profit_category_id,prd_department_id,tax_id,tax_exemption,tax_group_id,tax_id_home_service,tax_id_table_service,tax_id_take_away_service,fixed_price,whls_price,is_whls_price_pc,item_cost,tax_calculation_method,taxation_based_on,is_require_weighing,display_order,best_before,is_hot_item_1,hot_item_1_display_order,is_hot_item_2,hot_item_2_display_order,is_hot_item_3,hot_item_3_display_order,fg_color,bg_color,attrib1_name,attrib1_options,attrib2_name,attrib2_options,attrib3_name,attrib3_options,attrib4_name,attrib4_options,attrib5_name,attrib5_options,tag1,tag2,tag3,tag4,tag5,choice_ids,created_by,created_at,updated_by,updated_at,is_deleted,is_system,item_thumb,sys_sale_flag) values ("101000204","101000204",null,"83",null,"0",null,"0","Cashew Rice ",null,"101000114","1","0","Cashew Rice ","1",null,null,null,"0",null,"43","1.00000",null,null,"101000101","0","101000101",null,null,null,"170.00000","0.00000","0","0.00000","1","0","0","0",null,"0",null,"0",null,"0",null,"#FFFFFF","#155e68",null,null,null,null,null,null,null,null,null,null,null,null,null,null,null,null,"0","2020-01-24 10:22:01.0",null,null,"0","0",null,"1");
DELETE FROM sale_item_ext WHERE id=101000204;
insert into sale_item_ext(id,kitchen_id,is_deleted,last_sync_at) values ("101000204","101000101","0","2020-01-23 23:52:01.0");
DELETE FROM stock_items WHERE id=101000205;
insert into stock_items(id,code,name,description,supplier_product_code,stock_item_attributes,stock_item_location,stock_item_category_id,prd_department_id,part_no,market_valuation_method,movement_method,uom_id,item_weight,qty_on_hand,unit_price,optimum_level,reorder_level,reorder_qty,preferred_supplier_id,last_purchase_unit_price,last_purchase_supplier_id,tax_id,tax_calculation_method,is_service_item,is_valid,is_manufactured,is_sellable,is_semi_finished,is_finished,sales_margin,is_sales_margin_percent,tax_percentage,qty_manufactured,top_consumption_rank,created_by,created_at,updated_by,updated_at,is_system,is_deleted) values ("101000205","85","Vegetable Pulavo",null,null,"",null,null,null,null,"0",null,"43","1.00000",null,"150.00000",null,null,null,null,null,null,"101000101","1","0","1","0","1","0","0","0","0","0.00",null,"0","0","2020-01-24 10:22:01.0",null,null,"0","0");
DELETE FROM sale_items WHERE id=101000205;
insert into sale_items(id,stock_item_id,stock_item_code,code,hsn_code,is_group_item,group_item_id,is_combo_item,name,description,sub_class_id,is_valid,is_manufactured,alternative_name,is_printable_to_kitchen,name_to_print,alternative_name_to_print,barcode,is_open,qty_on_hand,uom_id,item_weight,profit_category_id,prd_department_id,tax_id,tax_exemption,tax_group_id,tax_id_home_service,tax_id_table_service,tax_id_take_away_service,fixed_price,whls_price,is_whls_price_pc,item_cost,tax_calculation_method,taxation_based_on,is_require_weighing,display_order,best_before,is_hot_item_1,hot_item_1_display_order,is_hot_item_2,hot_item_2_display_order,is_hot_item_3,hot_item_3_display_order,fg_color,bg_color,attrib1_name,attrib1_options,attrib2_name,attrib2_options,attrib3_name,attrib3_options,attrib4_name,attrib4_options,attrib5_name,attrib5_options,tag1,tag2,tag3,tag4,tag5,choice_ids,created_by,created_at,updated_by,updated_at,is_deleted,is_system,item_thumb,sys_sale_flag) values ("101000205","101000205",null,"85",null,"0",null,"0","Vegetable Pulavo",null,"101000114","1","0","Vegetable Pulavo","1",null,null,null,"0",null,"43","1.00000",null,null,"101000101","0","101000101",null,null,null,"150.00000","0.00000","0","0.00000","1","0","0","0",null,"0",null,"0",null,"0",null,"#FFFFFF","#1d4240",null,null,null,null,null,null,null,null,null,null,null,null,null,null,null,null,"0","2020-01-24 10:22:01.0",null,null,"0","0",null,"1");
DELETE FROM sale_item_ext WHERE id=101000205;
insert into sale_item_ext(id,kitchen_id,is_deleted,last_sync_at) values ("101000205","101000101","0","2020-01-23 23:52:01.0");
DELETE FROM stock_items WHERE id=101000206;
insert into stock_items(id,code,name,description,supplier_product_code,stock_item_attributes,stock_item_location,stock_item_category_id,prd_department_id,part_no,market_valuation_method,movement_method,uom_id,item_weight,qty_on_hand,unit_price,optimum_level,reorder_level,reorder_qty,preferred_supplier_id,last_purchase_unit_price,last_purchase_supplier_id,tax_id,tax_calculation_method,is_service_item,is_valid,is_manufactured,is_sellable,is_semi_finished,is_finished,sales_margin,is_sales_margin_percent,tax_percentage,qty_manufactured,top_consumption_rank,created_by,created_at,updated_by,updated_at,is_system,is_deleted) values ("101000206","CPL","Chicken Pulavo",null,null,"",null,null,null,null,"0",null,"43","1.00000",null,"170.00000",null,null,null,null,null,null,"101000101","1","0","1","0","1","0","0","0","0","0.00",null,"0","0","2020-01-24 10:22:01.0",null,null,"0","0");
DELETE FROM sale_items WHERE id=101000206;
insert into sale_items(id,stock_item_id,stock_item_code,code,hsn_code,is_group_item,group_item_id,is_combo_item,name,description,sub_class_id,is_valid,is_manufactured,alternative_name,is_printable_to_kitchen,name_to_print,alternative_name_to_print,barcode,is_open,qty_on_hand,uom_id,item_weight,profit_category_id,prd_department_id,tax_id,tax_exemption,tax_group_id,tax_id_home_service,tax_id_table_service,tax_id_take_away_service,fixed_price,whls_price,is_whls_price_pc,item_cost,tax_calculation_method,taxation_based_on,is_require_weighing,display_order,best_before,is_hot_item_1,hot_item_1_display_order,is_hot_item_2,hot_item_2_display_order,is_hot_item_3,hot_item_3_display_order,fg_color,bg_color,attrib1_name,attrib1_options,attrib2_name,attrib2_options,attrib3_name,attrib3_options,attrib4_name,attrib4_options,attrib5_name,attrib5_options,tag1,tag2,tag3,tag4,tag5,choice_ids,created_by,created_at,updated_by,updated_at,is_deleted,is_system,item_thumb,sys_sale_flag) values ("101000206","101000206",null,"CPL",null,"0",null,"0","Chicken Pulavo",null,"101000114","1","0","Chicken Pulavo","1",null,null,null,"0",null,"43","1.00000",null,null,"101000101","0","101000101",null,null,null,"170.00000","0.00000","0","0.00000","1","0","0","0",null,"0",null,"0",null,"0",null,"#FFFFFF","#133372",null,null,null,null,null,null,null,null,null,null,null,null,null,null,null,null,"0","2020-01-24 10:22:01.0",null,null,"0","0",null,"1");
DELETE FROM sale_item_ext WHERE id=101000206;
insert into sale_item_ext(id,kitchen_id,is_deleted,last_sync_at) values ("101000206","101000101","0","2020-01-23 23:52:01.0");
DELETE FROM stock_items WHERE id=101000207;
insert into stock_items(id,code,name,description,supplier_product_code,stock_item_attributes,stock_item_location,stock_item_category_id,prd_department_id,part_no,market_valuation_method,movement_method,uom_id,item_weight,qty_on_hand,unit_price,optimum_level,reorder_level,reorder_qty,preferred_supplier_id,last_purchase_unit_price,last_purchase_supplier_id,tax_id,tax_calculation_method,is_service_item,is_valid,is_manufactured,is_sellable,is_semi_finished,is_finished,sales_margin,is_sales_margin_percent,tax_percentage,qty_manufactured,top_consumption_rank,created_by,created_at,updated_by,updated_at,is_system,is_deleted) values ("101000207","PRP","Prawns Pulavo",null,null,"",null,null,null,null,"0",null,"43","1.00000",null,"200.00000",null,null,null,null,null,null,"101000101","1","0","1","0","1","0","0","0","0","0.00",null,"0","0","2020-01-24 10:22:01.0",null,null,"0","0");
DELETE FROM sale_items WHERE id=101000207;
insert into sale_items(id,stock_item_id,stock_item_code,code,hsn_code,is_group_item,group_item_id,is_combo_item,name,description,sub_class_id,is_valid,is_manufactured,alternative_name,is_printable_to_kitchen,name_to_print,alternative_name_to_print,barcode,is_open,qty_on_hand,uom_id,item_weight,profit_category_id,prd_department_id,tax_id,tax_exemption,tax_group_id,tax_id_home_service,tax_id_table_service,tax_id_take_away_service,fixed_price,whls_price,is_whls_price_pc,item_cost,tax_calculation_method,taxation_based_on,is_require_weighing,display_order,best_before,is_hot_item_1,hot_item_1_display_order,is_hot_item_2,hot_item_2_display_order,is_hot_item_3,hot_item_3_display_order,fg_color,bg_color,attrib1_name,attrib1_options,attrib2_name,attrib2_options,attrib3_name,attrib3_options,attrib4_name,attrib4_options,attrib5_name,attrib5_options,tag1,tag2,tag3,tag4,tag5,choice_ids,created_by,created_at,updated_by,updated_at,is_deleted,is_system,item_thumb,sys_sale_flag) values ("101000207","101000207",null,"PRP",null,"0",null,"0","Prawns Pulavo",null,"101000114","1","0","Prawns Pulavo","1",null,null,null,"0",null,"43","1.00000",null,null,"101000101","0","101000101",null,null,null,"200.00000","0.00000","0","0.00000","1","0","0","0",null,"0",null,"0",null,"0",null,"#FFFFFF","#0e443b",null,null,null,null,null,null,null,null,null,null,null,null,null,null,null,null,"0","2020-01-24 10:22:01.0",null,null,"0","0",null,"1");
DELETE FROM sale_item_ext WHERE id=101000207;
insert into sale_item_ext(id,kitchen_id,is_deleted,last_sync_at) values ("101000207","101000101","0","2020-01-23 23:52:01.0");
DELETE FROM stock_items WHERE id=101000208;
insert into stock_items(id,code,name,description,supplier_product_code,stock_item_attributes,stock_item_location,stock_item_category_id,prd_department_id,part_no,market_valuation_method,movement_method,uom_id,item_weight,qty_on_hand,unit_price,optimum_level,reorder_level,reorder_qty,preferred_supplier_id,last_purchase_unit_price,last_purchase_supplier_id,tax_id,tax_calculation_method,is_service_item,is_valid,is_manufactured,is_sellable,is_semi_finished,is_finished,sales_margin,is_sales_margin_percent,tax_percentage,qty_manufactured,top_consumption_rank,created_by,created_at,updated_by,updated_at,is_system,is_deleted) values ("101000208","78","Vegetable Fried Rice",null,null,"",null,null,null,null,"0",null,"43","1.00000",null,"160.00000",null,null,null,null,null,null,"101000101","1","0","1","0","1","0","0","0","0","0.00",null,"0","0","2020-01-24 10:22:01.0",null,null,"0","0");
DELETE FROM sale_items WHERE id=101000208;
insert into sale_items(id,stock_item_id,stock_item_code,code,hsn_code,is_group_item,group_item_id,is_combo_item,name,description,sub_class_id,is_valid,is_manufactured,alternative_name,is_printable_to_kitchen,name_to_print,alternative_name_to_print,barcode,is_open,qty_on_hand,uom_id,item_weight,profit_category_id,prd_department_id,tax_id,tax_exemption,tax_group_id,tax_id_home_service,tax_id_table_service,tax_id_take_away_service,fixed_price,whls_price,is_whls_price_pc,item_cost,tax_calculation_method,taxation_based_on,is_require_weighing,display_order,best_before,is_hot_item_1,hot_item_1_display_order,is_hot_item_2,hot_item_2_display_order,is_hot_item_3,hot_item_3_display_order,fg_color,bg_color,attrib1_name,attrib1_options,attrib2_name,attrib2_options,attrib3_name,attrib3_options,attrib4_name,attrib4_options,attrib5_name,attrib5_options,tag1,tag2,tag3,tag4,tag5,choice_ids,created_by,created_at,updated_by,updated_at,is_deleted,is_system,item_thumb,sys_sale_flag) values ("101000208","101000208",null,"78",null,"0",null,"0","Vegetable Fried Rice",null,"101000114","1","0","Vegetable Fried Rice","1",null,null,null,"0",null,"43","1.00000",null,null,"101000101","0","101000101",null,null,null,"160.00000","0.00000","0","0.00000","1","0","0","0",null,"0",null,"0",null,"0",null,"#FFFFFF","#1c6166",null,null,null,null,null,null,null,null,null,null,null,null,null,null,null,null,"0","2020-01-24 10:22:01.0",null,null,"0","0",null,"1");
DELETE FROM sale_item_ext WHERE id=101000208;
insert into sale_item_ext(id,kitchen_id,is_deleted,last_sync_at) values ("101000208","101000101","0","2020-01-23 23:52:01.0");
DELETE FROM stock_items WHERE id=101000209;
insert into stock_items(id,code,name,description,supplier_product_code,stock_item_attributes,stock_item_location,stock_item_category_id,prd_department_id,part_no,market_valuation_method,movement_method,uom_id,item_weight,qty_on_hand,unit_price,optimum_level,reorder_level,reorder_qty,preferred_supplier_id,last_purchase_unit_price,last_purchase_supplier_id,tax_id,tax_calculation_method,is_service_item,is_valid,is_manufactured,is_sellable,is_semi_finished,is_finished,sales_margin,is_sales_margin_percent,tax_percentage,qty_manufactured,top_consumption_rank,created_by,created_at,updated_by,updated_at,is_system,is_deleted) values ("101000209","81","Chicken Fried Rice",null,null,"",null,null,null,null,"0",null,"43","1.00000",null,"180.00000",null,null,null,null,null,null,"101000101","1","0","1","0","1","0","0","0","0","0.00",null,"0","0","2020-01-24 10:22:01.0",null,null,"0","0");
DELETE FROM sale_items WHERE id=101000209;
insert into sale_items(id,stock_item_id,stock_item_code,code,hsn_code,is_group_item,group_item_id,is_combo_item,name,description,sub_class_id,is_valid,is_manufactured,alternative_name,is_printable_to_kitchen,name_to_print,alternative_name_to_print,barcode,is_open,qty_on_hand,uom_id,item_weight,profit_category_id,prd_department_id,tax_id,tax_exemption,tax_group_id,tax_id_home_service,tax_id_table_service,tax_id_take_away_service,fixed_price,whls_price,is_whls_price_pc,item_cost,tax_calculation_method,taxation_based_on,is_require_weighing,display_order,best_before,is_hot_item_1,hot_item_1_display_order,is_hot_item_2,hot_item_2_display_order,is_hot_item_3,hot_item_3_display_order,fg_color,bg_color,attrib1_name,attrib1_options,attrib2_name,attrib2_options,attrib3_name,attrib3_options,attrib4_name,attrib4_options,attrib5_name,attrib5_options,tag1,tag2,tag3,tag4,tag5,choice_ids,created_by,created_at,updated_by,updated_at,is_deleted,is_system,item_thumb,sys_sale_flag) values ("101000209","101000209",null,"81",null,"0",null,"0","Chicken Fried Rice",null,"101000114","1","0","Chicken Fried Rice","1",null,null,null,"0",null,"43","1.00000",null,null,"101000101","0","101000101",null,null,null,"180.00000","0.00000","0","0.00000","1","0","0","0",null,"0",null,"0",null,"0",null,"#FFFFFF","#08470b",null,null,null,null,null,null,null,null,null,null,null,null,null,null,null,null,"0","2020-01-24 10:22:01.0",null,null,"0","0",null,"1");
DELETE FROM sale_item_ext WHERE id=101000209;
insert into sale_item_ext(id,kitchen_id,is_deleted,last_sync_at) values ("101000209","101000101","0","2020-01-23 23:52:01.0");
DELETE FROM stock_items WHERE id=101000210;
insert into stock_items(id,code,name,description,supplier_product_code,stock_item_attributes,stock_item_location,stock_item_category_id,prd_department_id,part_no,market_valuation_method,movement_method,uom_id,item_weight,qty_on_hand,unit_price,optimum_level,reorder_level,reorder_qty,preferred_supplier_id,last_purchase_unit_price,last_purchase_supplier_id,tax_id,tax_calculation_method,is_service_item,is_valid,is_manufactured,is_sellable,is_semi_finished,is_finished,sales_margin,is_sales_margin_percent,tax_percentage,qty_manufactured,top_consumption_rank,created_by,created_at,updated_by,updated_at,is_system,is_deleted) values ("101000210","79","Egg Fried Rice",null,null,"",null,null,null,null,"0",null,"43","1.00000",null,"170.00000",null,null,null,null,null,null,"101000101","1","0","1","0","1","0","0","0","0","0.00",null,"0","0","2020-01-24 10:22:01.0",null,null,"0","0");
DELETE FROM sale_items WHERE id=101000210;
insert into sale_items(id,stock_item_id,stock_item_code,code,hsn_code,is_group_item,group_item_id,is_combo_item,name,description,sub_class_id,is_valid,is_manufactured,alternative_name,is_printable_to_kitchen,name_to_print,alternative_name_to_print,barcode,is_open,qty_on_hand,uom_id,item_weight,profit_category_id,prd_department_id,tax_id,tax_exemption,tax_group_id,tax_id_home_service,tax_id_table_service,tax_id_take_away_service,fixed_price,whls_price,is_whls_price_pc,item_cost,tax_calculation_method,taxation_based_on,is_require_weighing,display_order,best_before,is_hot_item_1,hot_item_1_display_order,is_hot_item_2,hot_item_2_display_order,is_hot_item_3,hot_item_3_display_order,fg_color,bg_color,attrib1_name,attrib1_options,attrib2_name,attrib2_options,attrib3_name,attrib3_options,attrib4_name,attrib4_options,attrib5_name,attrib5_options,tag1,tag2,tag3,tag4,tag5,choice_ids,created_by,created_at,updated_by,updated_at,is_deleted,is_system,item_thumb,sys_sale_flag) values ("101000210","101000210",null,"79",null,"0",null,"0","Egg Fried Rice",null,"101000114","1","0","Egg Fried Rice","1",null,null,null,"0",null,"43","1.00000",null,null,"101000101","0","101000101",null,null,null,"170.00000","0.00000","0","0.00000","1","0","0","0",null,"0",null,"0",null,"0",null,"#FFFFFF","#841953",null,null,null,null,null,null,null,null,null,null,null,null,null,null,null,null,"0","2020-01-24 10:22:01.0",null,null,"0","0",null,"1");
DELETE FROM sale_item_ext WHERE id=101000210;
insert into sale_item_ext(id,kitchen_id,is_deleted,last_sync_at) values ("101000210","101000101","0","2020-01-23 23:52:01.0");
DELETE FROM stock_items WHERE id=101000211;
insert into stock_items(id,code,name,description,supplier_product_code,stock_item_attributes,stock_item_location,stock_item_category_id,prd_department_id,part_no,market_valuation_method,movement_method,uom_id,item_weight,qty_on_hand,unit_price,optimum_level,reorder_level,reorder_qty,preferred_supplier_id,last_purchase_unit_price,last_purchase_supplier_id,tax_id,tax_calculation_method,is_service_item,is_valid,is_manufactured,is_sellable,is_semi_finished,is_finished,sales_margin,is_sales_margin_percent,tax_percentage,qty_manufactured,top_consumption_rank,created_by,created_at,updated_by,updated_at,is_system,is_deleted) values ("101000211","80","Prawns Fried Rice",null,null,"",null,null,null,null,"0",null,"43","1.00000",null,"200.00000",null,null,null,null,null,null,"101000101","1","0","1","0","1","0","0","0","0","0.00",null,"0","0","2020-01-24 10:22:01.0",null,null,"0","0");
DELETE FROM sale_items WHERE id=101000211;
insert into sale_items(id,stock_item_id,stock_item_code,code,hsn_code,is_group_item,group_item_id,is_combo_item,name,description,sub_class_id,is_valid,is_manufactured,alternative_name,is_printable_to_kitchen,name_to_print,alternative_name_to_print,barcode,is_open,qty_on_hand,uom_id,item_weight,profit_category_id,prd_department_id,tax_id,tax_exemption,tax_group_id,tax_id_home_service,tax_id_table_service,tax_id_take_away_service,fixed_price,whls_price,is_whls_price_pc,item_cost,tax_calculation_method,taxation_based_on,is_require_weighing,display_order,best_before,is_hot_item_1,hot_item_1_display_order,is_hot_item_2,hot_item_2_display_order,is_hot_item_3,hot_item_3_display_order,fg_color,bg_color,attrib1_name,attrib1_options,attrib2_name,attrib2_options,attrib3_name,attrib3_options,attrib4_name,attrib4_options,attrib5_name,attrib5_options,tag1,tag2,tag3,tag4,tag5,choice_ids,created_by,created_at,updated_by,updated_at,is_deleted,is_system,item_thumb,sys_sale_flag) values ("101000211","101000211",null,"80",null,"0",null,"0","Prawns Fried Rice",null,"101000114","1","0","Prawns Fried Rice","1",null,null,null,"0",null,"43","1.00000",null,null,"101000101","0","101000101",null,null,null,"200.00000","0.00000","0","0.00000","1","0","0","0",null,"0",null,"0",null,"0",null,"#FFFFFF","#ff005f",null,null,null,null,null,null,null,null,null,null,null,null,null,null,null,null,"0","2020-01-24 10:22:01.0",null,null,"0","0",null,"1");
DELETE FROM sale_item_ext WHERE id=101000211;
insert into sale_item_ext(id,kitchen_id,is_deleted,last_sync_at) values ("101000211","101000101","0","2020-01-23 23:52:01.0");
DELETE FROM stock_items WHERE id=101000212;
insert into stock_items(id,code,name,description,supplier_product_code,stock_item_attributes,stock_item_location,stock_item_category_id,prd_department_id,part_no,market_valuation_method,movement_method,uom_id,item_weight,qty_on_hand,unit_price,optimum_level,reorder_level,reorder_qty,preferred_supplier_id,last_purchase_unit_price,last_purchase_supplier_id,tax_id,tax_calculation_method,is_service_item,is_valid,is_manufactured,is_sellable,is_semi_finished,is_finished,sales_margin,is_sales_margin_percent,tax_percentage,qty_manufactured,top_consumption_rank,created_by,created_at,updated_by,updated_at,is_system,is_deleted) values ("101000212","MX","Mixed Fried Rice",null,null,"",null,null,null,null,"0",null,"43","1.00000",null,"200.00000",null,null,null,null,null,null,"101000101","1","0","1","0","1","0","0","0","0","0.00",null,"0","0","2020-01-24 10:22:01.0",null,null,"0","0");
DELETE FROM sale_items WHERE id=101000212;
insert into sale_items(id,stock_item_id,stock_item_code,code,hsn_code,is_group_item,group_item_id,is_combo_item,name,description,sub_class_id,is_valid,is_manufactured,alternative_name,is_printable_to_kitchen,name_to_print,alternative_name_to_print,barcode,is_open,qty_on_hand,uom_id,item_weight,profit_category_id,prd_department_id,tax_id,tax_exemption,tax_group_id,tax_id_home_service,tax_id_table_service,tax_id_take_away_service,fixed_price,whls_price,is_whls_price_pc,item_cost,tax_calculation_method,taxation_based_on,is_require_weighing,display_order,best_before,is_hot_item_1,hot_item_1_display_order,is_hot_item_2,hot_item_2_display_order,is_hot_item_3,hot_item_3_display_order,fg_color,bg_color,attrib1_name,attrib1_options,attrib2_name,attrib2_options,attrib3_name,attrib3_options,attrib4_name,attrib4_options,attrib5_name,attrib5_options,tag1,tag2,tag3,tag4,tag5,choice_ids,created_by,created_at,updated_by,updated_at,is_deleted,is_system,item_thumb,sys_sale_flag) values ("101000212","101000212",null,"MX",null,"0",null,"0","Mixed Fried Rice",null,"101000114","1","0","Mixed Fried Rice","1",null,null,null,"0",null,"43","1.00000",null,null,"101000101","0","101000101",null,null,null,"200.00000","0.00000","0","0.00000","1","0","0","0",null,"0",null,"0",null,"0",null,"#FFFFFF","#2337ed",null,null,null,null,null,null,null,null,null,null,null,null,null,null,null,null,"0","2020-01-24 10:22:01.0",null,null,"0","0",null,"1");
DELETE FROM sale_item_ext WHERE id=101000212;
insert into sale_item_ext(id,kitchen_id,is_deleted,last_sync_at) values ("101000212","101000101","0","2020-01-23 23:52:01.0");
DELETE FROM stock_items WHERE id=101000213;
insert into stock_items(id,code,name,description,supplier_product_code,stock_item_attributes,stock_item_location,stock_item_category_id,prd_department_id,part_no,market_valuation_method,movement_method,uom_id,item_weight,qty_on_hand,unit_price,optimum_level,reorder_level,reorder_qty,preferred_supplier_id,last_purchase_unit_price,last_purchase_supplier_id,tax_id,tax_calculation_method,is_service_item,is_valid,is_manufactured,is_sellable,is_semi_finished,is_finished,sales_margin,is_sales_margin_percent,tax_percentage,qty_manufactured,top_consumption_rank,created_by,created_at,updated_by,updated_at,is_system,is_deleted) values ("101000213","88","Vegetable Noodles",null,null,"",null,null,null,null,"0",null,"43","1.00000",null,"160.00000",null,null,null,null,null,null,"101000101","1","0","1","0","1","0","0","0","0","0.00",null,"0","0","2020-01-24 10:22:01.0",null,null,"0","0");
DELETE FROM sale_items WHERE id=101000213;
insert into sale_items(id,stock_item_id,stock_item_code,code,hsn_code,is_group_item,group_item_id,is_combo_item,name,description,sub_class_id,is_valid,is_manufactured,alternative_name,is_printable_to_kitchen,name_to_print,alternative_name_to_print,barcode,is_open,qty_on_hand,uom_id,item_weight,profit_category_id,prd_department_id,tax_id,tax_exemption,tax_group_id,tax_id_home_service,tax_id_table_service,tax_id_take_away_service,fixed_price,whls_price,is_whls_price_pc,item_cost,tax_calculation_method,taxation_based_on,is_require_weighing,display_order,best_before,is_hot_item_1,hot_item_1_display_order,is_hot_item_2,hot_item_2_display_order,is_hot_item_3,hot_item_3_display_order,fg_color,bg_color,attrib1_name,attrib1_options,attrib2_name,attrib2_options,attrib3_name,attrib3_options,attrib4_name,attrib4_options,attrib5_name,attrib5_options,tag1,tag2,tag3,tag4,tag5,choice_ids,created_by,created_at,updated_by,updated_at,is_deleted,is_system,item_thumb,sys_sale_flag) values ("101000213","101000213",null,"88",null,"0",null,"0","Vegetable Noodles",null,"101000114","1","0","Vegetable Noodles","1",null,null,null,"0",null,"43","1.00000",null,null,"101000101","0","101000101",null,null,null,"160.00000","0.00000","0","0.00000","1","0","0","0",null,"0",null,"0",null,"0",null,"#FFFFFF","#e815ed",null,null,null,null,null,null,null,null,null,null,null,null,null,null,null,null,"0","2020-01-24 10:22:01.0",null,null,"0","0",null,"1");
DELETE FROM sale_item_ext WHERE id=101000213;
insert into sale_item_ext(id,kitchen_id,is_deleted,last_sync_at) values ("101000213","101000101","0","2020-01-23 23:52:01.0");
DELETE FROM stock_items WHERE id=101000214;
insert into stock_items(id,code,name,description,supplier_product_code,stock_item_attributes,stock_item_location,stock_item_category_id,prd_department_id,part_no,market_valuation_method,movement_method,uom_id,item_weight,qty_on_hand,unit_price,optimum_level,reorder_level,reorder_qty,preferred_supplier_id,last_purchase_unit_price,last_purchase_supplier_id,tax_id,tax_calculation_method,is_service_item,is_valid,is_manufactured,is_sellable,is_semi_finished,is_finished,sales_margin,is_sales_margin_percent,tax_percentage,qty_manufactured,top_consumption_rank,created_by,created_at,updated_by,updated_at,is_system,is_deleted) values ("101000214","90","Egg Noodles",null,null,"",null,null,null,null,"0",null,"43","1.00000",null,"170.00000",null,null,null,null,null,null,"101000101","1","0","1","0","1","0","0","0","0","0.00",null,"0","0","2020-01-24 10:22:01.0",null,null,"0","0");
DELETE FROM sale_items WHERE id=101000214;
insert into sale_items(id,stock_item_id,stock_item_code,code,hsn_code,is_group_item,group_item_id,is_combo_item,name,description,sub_class_id,is_valid,is_manufactured,alternative_name,is_printable_to_kitchen,name_to_print,alternative_name_to_print,barcode,is_open,qty_on_hand,uom_id,item_weight,profit_category_id,prd_department_id,tax_id,tax_exemption,tax_group_id,tax_id_home_service,tax_id_table_service,tax_id_take_away_service,fixed_price,whls_price,is_whls_price_pc,item_cost,tax_calculation_method,taxation_based_on,is_require_weighing,display_order,best_before,is_hot_item_1,hot_item_1_display_order,is_hot_item_2,hot_item_2_display_order,is_hot_item_3,hot_item_3_display_order,fg_color,bg_color,attrib1_name,attrib1_options,attrib2_name,attrib2_options,attrib3_name,attrib3_options,attrib4_name,attrib4_options,attrib5_name,attrib5_options,tag1,tag2,tag3,tag4,tag5,choice_ids,created_by,created_at,updated_by,updated_at,is_deleted,is_system,item_thumb,sys_sale_flag) values ("101000214","101000214",null,"90",null,"0",null,"0","Egg Noodles",null,"101000114","1","0","Egg Noodles","1",null,null,null,"0",null,"43","1.00000",null,null,"101000101","0","101000101",null,null,null,"170.00000","0.00000","0","0.00000","1","0","0","0",null,"0",null,"0",null,"0",null,"#FFFFFF","#3926ad",null,null,null,null,null,null,null,null,null,null,null,null,null,null,null,null,"0","2020-01-24 10:22:01.0",null,null,"0","0",null,"1");
DELETE FROM sale_item_ext WHERE id=101000214;
insert into sale_item_ext(id,kitchen_id,is_deleted,last_sync_at) values ("101000214","101000101","0","2020-01-23 23:52:01.0");
DELETE FROM stock_items WHERE id=101000215;
insert into stock_items(id,code,name,description,supplier_product_code,stock_item_attributes,stock_item_location,stock_item_category_id,prd_department_id,part_no,market_valuation_method,movement_method,uom_id,item_weight,qty_on_hand,unit_price,optimum_level,reorder_level,reorder_qty,preferred_supplier_id,last_purchase_unit_price,last_purchase_supplier_id,tax_id,tax_calculation_method,is_service_item,is_valid,is_manufactured,is_sellable,is_semi_finished,is_finished,sales_margin,is_sales_margin_percent,tax_percentage,qty_manufactured,top_consumption_rank,created_by,created_at,updated_by,updated_at,is_system,is_deleted) values ("101000215","89","Chicken Noodles",null,null,"",null,null,null,null,"0",null,"43","1.00000",null,"180.00000",null,null,null,null,null,null,"101000101","1","0","1","0","1","0","0","0","0","0.00",null,"0","0","2020-01-24 10:22:01.0",null,null,"0","0");
DELETE FROM sale_items WHERE id=101000215;
insert into sale_items(id,stock_item_id,stock_item_code,code,hsn_code,is_group_item,group_item_id,is_combo_item,name,description,sub_class_id,is_valid,is_manufactured,alternative_name,is_printable_to_kitchen,name_to_print,alternative_name_to_print,barcode,is_open,qty_on_hand,uom_id,item_weight,profit_category_id,prd_department_id,tax_id,tax_exemption,tax_group_id,tax_id_home_service,tax_id_table_service,tax_id_take_away_service,fixed_price,whls_price,is_whls_price_pc,item_cost,tax_calculation_method,taxation_based_on,is_require_weighing,display_order,best_before,is_hot_item_1,hot_item_1_display_order,is_hot_item_2,hot_item_2_display_order,is_hot_item_3,hot_item_3_display_order,fg_color,bg_color,attrib1_name,attrib1_options,attrib2_name,attrib2_options,attrib3_name,attrib3_options,attrib4_name,attrib4_options,attrib5_name,attrib5_options,tag1,tag2,tag3,tag4,tag5,choice_ids,created_by,created_at,updated_by,updated_at,is_deleted,is_system,item_thumb,sys_sale_flag) values ("101000215","101000215",null,"89",null,"0",null,"0","Chicken Noodles",null,"101000114","1","0","Chicken Noodles","1",null,null,null,"0",null,"43","1.00000",null,null,"101000101","0","101000101",null,null,null,"180.00000","0.00000","0","0.00000","1","0","0","0",null,"0",null,"0",null,"0",null,"#FFFFFF","#114734",null,null,null,null,null,null,null,null,null,null,null,null,null,null,null,null,"0","2020-01-24 10:22:01.0",null,null,"0","0",null,"1");
DELETE FROM sale_item_ext WHERE id=101000215;
insert into sale_item_ext(id,kitchen_id,is_deleted,last_sync_at) values ("101000215","101000101","0","2020-01-23 23:52:01.0");
DELETE FROM stock_items WHERE id=101000216;
insert into stock_items(id,code,name,description,supplier_product_code,stock_item_attributes,stock_item_location,stock_item_category_id,prd_department_id,part_no,market_valuation_method,movement_method,uom_id,item_weight,qty_on_hand,unit_price,optimum_level,reorder_level,reorder_qty,preferred_supplier_id,last_purchase_unit_price,last_purchase_supplier_id,tax_id,tax_calculation_method,is_service_item,is_valid,is_manufactured,is_sellable,is_semi_finished,is_finished,sales_margin,is_sales_margin_percent,tax_percentage,qty_manufactured,top_consumption_rank,created_by,created_at,updated_by,updated_at,is_system,is_deleted) values ("101000216","91","Prawns Noodles",null,null,"",null,null,null,null,"0",null,"43","1.00000",null,"200.00000",null,null,null,null,null,null,"101000101","1","0","1","0","1","0","0","0","0","0.00",null,"0","0","2020-01-24 10:22:01.0",null,null,"0","0");
DELETE FROM sale_items WHERE id=101000216;
insert into sale_items(id,stock_item_id,stock_item_code,code,hsn_code,is_group_item,group_item_id,is_combo_item,name,description,sub_class_id,is_valid,is_manufactured,alternative_name,is_printable_to_kitchen,name_to_print,alternative_name_to_print,barcode,is_open,qty_on_hand,uom_id,item_weight,profit_category_id,prd_department_id,tax_id,tax_exemption,tax_group_id,tax_id_home_service,tax_id_table_service,tax_id_take_away_service,fixed_price,whls_price,is_whls_price_pc,item_cost,tax_calculation_method,taxation_based_on,is_require_weighing,display_order,best_before,is_hot_item_1,hot_item_1_display_order,is_hot_item_2,hot_item_2_display_order,is_hot_item_3,hot_item_3_display_order,fg_color,bg_color,attrib1_name,attrib1_options,attrib2_name,attrib2_options,attrib3_name,attrib3_options,attrib4_name,attrib4_options,attrib5_name,attrib5_options,tag1,tag2,tag3,tag4,tag5,choice_ids,created_by,created_at,updated_by,updated_at,is_deleted,is_system,item_thumb,sys_sale_flag) values ("101000216","101000216",null,"91",null,"0",null,"0","Prawns Noodles",null,"101000114","1","0","Prawns Noodles","1",null,null,null,"0",null,"43","1.00000",null,null,"101000101","0","101000101",null,null,null,"200.00000","0.00000","0","0.00000","1","0","0","0",null,"0",null,"0",null,"0",null,"#FFFFFF","#126350",null,null,null,null,null,null,null,null,null,null,null,null,null,null,null,null,"0","2020-01-24 10:22:01.0",null,null,"0","0",null,"1");
DELETE FROM sale_item_ext WHERE id=101000216;
insert into sale_item_ext(id,kitchen_id,is_deleted,last_sync_at) values ("101000216","101000101","0","2020-01-23 23:52:01.0");
DELETE FROM stock_items WHERE id=101000217;
insert into stock_items(id,code,name,description,supplier_product_code,stock_item_attributes,stock_item_location,stock_item_category_id,prd_department_id,part_no,market_valuation_method,movement_method,uom_id,item_weight,qty_on_hand,unit_price,optimum_level,reorder_level,reorder_qty,preferred_supplier_id,last_purchase_unit_price,last_purchase_supplier_id,tax_id,tax_calculation_method,is_service_item,is_valid,is_manufactured,is_sellable,is_semi_finished,is_finished,sales_margin,is_sales_margin_percent,tax_percentage,qty_manufactured,top_consumption_rank,created_by,created_at,updated_by,updated_at,is_system,is_deleted) values ("101000217","MN","Mixed Noodles",null,null,"",null,null,null,null,"0",null,"43","1.00000",null,"200.00000",null,null,null,null,null,null,"101000101","1","0","1","0","1","0","0","0","0","0.00",null,"0","0","2020-01-24 10:22:01.0",null,null,"0","0");
DELETE FROM sale_items WHERE id=101000217;
insert into sale_items(id,stock_item_id,stock_item_code,code,hsn_code,is_group_item,group_item_id,is_combo_item,name,description,sub_class_id,is_valid,is_manufactured,alternative_name,is_printable_to_kitchen,name_to_print,alternative_name_to_print,barcode,is_open,qty_on_hand,uom_id,item_weight,profit_category_id,prd_department_id,tax_id,tax_exemption,tax_group_id,tax_id_home_service,tax_id_table_service,tax_id_take_away_service,fixed_price,whls_price,is_whls_price_pc,item_cost,tax_calculation_method,taxation_based_on,is_require_weighing,display_order,best_before,is_hot_item_1,hot_item_1_display_order,is_hot_item_2,hot_item_2_display_order,is_hot_item_3,hot_item_3_display_order,fg_color,bg_color,attrib1_name,attrib1_options,attrib2_name,attrib2_options,attrib3_name,attrib3_options,attrib4_name,attrib4_options,attrib5_name,attrib5_options,tag1,tag2,tag3,tag4,tag5,choice_ids,created_by,created_at,updated_by,updated_at,is_deleted,is_system,item_thumb,sys_sale_flag) values ("101000217","101000217",null,"MN",null,"0",null,"0","Mixed Noodles",null,"101000114","1","0","Mixed Noodles","1",null,null,null,"0",null,"43","1.00000",null,null,"101000101","0","101000101",null,null,null,"200.00000","0.00000","0","0.00000","1","0","0","0",null,"0",null,"0",null,"0",null,"#FFFFFF","#352808",null,null,null,null,null,null,null,null,null,null,null,null,null,null,null,null,"0","2020-01-24 10:22:01.0",null,null,"0","0",null,"1");
DELETE FROM sale_item_ext WHERE id=101000217;
insert into sale_item_ext(id,kitchen_id,is_deleted,last_sync_at) values ("101000217","101000101","0","2020-01-23 23:52:01.0");
DELETE FROM stock_items WHERE id=101000218;
insert into stock_items(id,code,name,description,supplier_product_code,stock_item_attributes,stock_item_location,stock_item_category_id,prd_department_id,part_no,market_valuation_method,movement_method,uom_id,item_weight,qty_on_hand,unit_price,optimum_level,reorder_level,reorder_qty,preferred_supplier_id,last_purchase_unit_price,last_purchase_supplier_id,tax_id,tax_calculation_method,is_service_item,is_valid,is_manufactured,is_sellable,is_semi_finished,is_finished,sales_margin,is_sales_margin_percent,tax_percentage,qty_manufactured,top_consumption_rank,created_by,created_at,updated_by,updated_at,is_system,is_deleted) values ("101000218","DL","Dal Fry",null,null,"",null,null,null,null,"0",null,"43","1.00000",null,"150.00000",null,null,null,null,null,null,"101000101","1","0","1","0","1","0","0","0","0","0.00",null,"0","0","2020-01-24 10:22:01.0",null,null,"0","0");
DELETE FROM sale_items WHERE id=101000218;
insert into sale_items(id,stock_item_id,stock_item_code,code,hsn_code,is_group_item,group_item_id,is_combo_item,name,description,sub_class_id,is_valid,is_manufactured,alternative_name,is_printable_to_kitchen,name_to_print,alternative_name_to_print,barcode,is_open,qty_on_hand,uom_id,item_weight,profit_category_id,prd_department_id,tax_id,tax_exemption,tax_group_id,tax_id_home_service,tax_id_table_service,tax_id_take_away_service,fixed_price,whls_price,is_whls_price_pc,item_cost,tax_calculation_method,taxation_based_on,is_require_weighing,display_order,best_before,is_hot_item_1,hot_item_1_display_order,is_hot_item_2,hot_item_2_display_order,is_hot_item_3,hot_item_3_display_order,fg_color,bg_color,attrib1_name,attrib1_options,attrib2_name,attrib2_options,attrib3_name,attrib3_options,attrib4_name,attrib4_options,attrib5_name,attrib5_options,tag1,tag2,tag3,tag4,tag5,choice_ids,created_by,created_at,updated_by,updated_at,is_deleted,is_system,item_thumb,sys_sale_flag) values ("101000218","101000218",null,"DL",null,"0",null,"0","Dal Fry",null,"101000115","1","0","Dal Fry","1",null,null,null,"0",null,"43","1.00000",null,null,"101000101","0","101000101",null,null,null,"150.00000","0.00000","0","0.00000","1","0","0","0",null,"0",null,"0",null,"0",null,"#FFFFFF","#175f93",null,null,null,null,null,null,null,null,null,null,null,null,null,null,null,null,"0","2020-01-24 10:22:01.0",null,null,"0","0",null,"1");
DELETE FROM sale_item_ext WHERE id=101000218;
insert into sale_item_ext(id,kitchen_id,is_deleted,last_sync_at) values ("101000218","101000101","0","2020-01-23 23:52:01.0");
DELETE FROM stock_items WHERE id=101000219;
insert into stock_items(id,code,name,description,supplier_product_code,stock_item_attributes,stock_item_location,stock_item_category_id,prd_department_id,part_no,market_valuation_method,movement_method,uom_id,item_weight,qty_on_hand,unit_price,optimum_level,reorder_level,reorder_qty,preferred_supplier_id,last_purchase_unit_price,last_purchase_supplier_id,tax_id,tax_calculation_method,is_service_item,is_valid,is_manufactured,is_sellable,is_semi_finished,is_finished,sales_margin,is_sales_margin_percent,tax_percentage,qty_manufactured,top_consumption_rank,created_by,created_at,updated_by,updated_at,is_system,is_deleted) values ("101000219","TMF","Tomato Fry",null,null,"",null,null,null,null,"0",null,"43","1.00000",null,"150.00000",null,null,null,null,null,null,"101000101","1","0","1","0","1","0","0","0","0","0.00",null,"0","0","2020-01-24 10:22:01.0",null,null,"0","0");
DELETE FROM sale_items WHERE id=101000219;
insert into sale_items(id,stock_item_id,stock_item_code,code,hsn_code,is_group_item,group_item_id,is_combo_item,name,description,sub_class_id,is_valid,is_manufactured,alternative_name,is_printable_to_kitchen,name_to_print,alternative_name_to_print,barcode,is_open,qty_on_hand,uom_id,item_weight,profit_category_id,prd_department_id,tax_id,tax_exemption,tax_group_id,tax_id_home_service,tax_id_table_service,tax_id_take_away_service,fixed_price,whls_price,is_whls_price_pc,item_cost,tax_calculation_method,taxation_based_on,is_require_weighing,display_order,best_before,is_hot_item_1,hot_item_1_display_order,is_hot_item_2,hot_item_2_display_order,is_hot_item_3,hot_item_3_display_order,fg_color,bg_color,attrib1_name,attrib1_options,attrib2_name,attrib2_options,attrib3_name,attrib3_options,attrib4_name,attrib4_options,attrib5_name,attrib5_options,tag1,tag2,tag3,tag4,tag5,choice_ids,created_by,created_at,updated_by,updated_at,is_deleted,is_system,item_thumb,sys_sale_flag) values ("101000219","101000219",null,"TMF",null,"0",null,"0","Tomato Fry",null,"101000115","1","0","Tomato Fry","1",null,null,null,"0",null,"43","1.00000",null,null,"101000101","0","101000101",null,null,null,"150.00000","0.00000","0","0.00000","1","0","0","0",null,"0",null,"0",null,"0",null,"#FFFFFF","#1c420f",null,null,null,null,null,null,null,null,null,null,null,null,null,null,null,null,"0","2020-01-24 10:22:01.0",null,null,"0","0",null,"1");
DELETE FROM sale_item_ext WHERE id=101000219;
insert into sale_item_ext(id,kitchen_id,is_deleted,last_sync_at) values ("101000219","101000101","0","2020-01-23 23:52:01.0");
DELETE FROM stock_items WHERE id=101000220;
insert into stock_items(id,code,name,description,supplier_product_code,stock_item_attributes,stock_item_location,stock_item_category_id,prd_department_id,part_no,market_valuation_method,movement_method,uom_id,item_weight,qty_on_hand,unit_price,optimum_level,reorder_level,reorder_qty,preferred_supplier_id,last_purchase_unit_price,last_purchase_supplier_id,tax_id,tax_calculation_method,is_service_item,is_valid,is_manufactured,is_sellable,is_semi_finished,is_finished,sales_margin,is_sales_margin_percent,tax_percentage,qty_manufactured,top_consumption_rank,created_by,created_at,updated_by,updated_at,is_system,is_deleted) values ("101000220","VK","Vegetable Kurma",null,null,"",null,null,null,null,"0",null,"43","1.00000",null,"180.00000",null,null,null,null,null,null,"101000101","1","0","1","0","1","0","0","0","0","0.00",null,"0","0","2020-01-24 10:22:01.0",null,null,"0","0");
DELETE FROM sale_items WHERE id=101000220;
insert into sale_items(id,stock_item_id,stock_item_code,code,hsn_code,is_group_item,group_item_id,is_combo_item,name,description,sub_class_id,is_valid,is_manufactured,alternative_name,is_printable_to_kitchen,name_to_print,alternative_name_to_print,barcode,is_open,qty_on_hand,uom_id,item_weight,profit_category_id,prd_department_id,tax_id,tax_exemption,tax_group_id,tax_id_home_service,tax_id_table_service,tax_id_take_away_service,fixed_price,whls_price,is_whls_price_pc,item_cost,tax_calculation_method,taxation_based_on,is_require_weighing,display_order,best_before,is_hot_item_1,hot_item_1_display_order,is_hot_item_2,hot_item_2_display_order,is_hot_item_3,hot_item_3_display_order,fg_color,bg_color,attrib1_name,attrib1_options,attrib2_name,attrib2_options,attrib3_name,attrib3_options,attrib4_name,attrib4_options,attrib5_name,attrib5_options,tag1,tag2,tag3,tag4,tag5,choice_ids,created_by,created_at,updated_by,updated_at,is_deleted,is_system,item_thumb,sys_sale_flag) values ("101000220","101000220",null,"VK",null,"0",null,"0","Vegetable Kurma",null,"101000115","1","0","Vegetable Kurma","1",null,null,null,"0",null,"43","1.00000",null,null,"101000101","0","101000101",null,null,null,"180.00000","0.00000","0","0.00000","1","0","0","0",null,"0",null,"0",null,"0",null,"#FFFFFF","#155e68",null,null,null,null,null,null,null,null,null,null,null,null,null,null,null,null,"0","2020-01-24 10:22:01.0",null,null,"0","0",null,"1");
DELETE FROM sale_item_ext WHERE id=101000220;
insert into sale_item_ext(id,kitchen_id,is_deleted,last_sync_at) values ("101000220","101000101","0","2020-01-23 23:52:01.0");
DELETE FROM stock_items WHERE id=101000221;
insert into stock_items(id,code,name,description,supplier_product_code,stock_item_attributes,stock_item_location,stock_item_category_id,prd_department_id,part_no,market_valuation_method,movement_method,uom_id,item_weight,qty_on_hand,unit_price,optimum_level,reorder_level,reorder_qty,preferred_supplier_id,last_purchase_unit_price,last_purchase_supplier_id,tax_id,tax_calculation_method,is_service_item,is_valid,is_manufactured,is_sellable,is_semi_finished,is_finished,sales_margin,is_sales_margin_percent,tax_percentage,qty_manufactured,top_consumption_rank,created_by,created_at,updated_by,updated_at,is_system,is_deleted) values ("101000221","MU","Mushroom Masala",null,null,"",null,null,null,null,"0",null,"43","1.00000",null,"200.00000",null,null,null,null,null,null,"101000101","1","0","1","0","1","0","0","0","0","0.00",null,"0","0","2020-01-24 10:22:01.0",null,null,"0","0");
DELETE FROM sale_items WHERE id=101000221;
insert into sale_items(id,stock_item_id,stock_item_code,code,hsn_code,is_group_item,group_item_id,is_combo_item,name,description,sub_class_id,is_valid,is_manufactured,alternative_name,is_printable_to_kitchen,name_to_print,alternative_name_to_print,barcode,is_open,qty_on_hand,uom_id,item_weight,profit_category_id,prd_department_id,tax_id,tax_exemption,tax_group_id,tax_id_home_service,tax_id_table_service,tax_id_take_away_service,fixed_price,whls_price,is_whls_price_pc,item_cost,tax_calculation_method,taxation_based_on,is_require_weighing,display_order,best_before,is_hot_item_1,hot_item_1_display_order,is_hot_item_2,hot_item_2_display_order,is_hot_item_3,hot_item_3_display_order,fg_color,bg_color,attrib1_name,attrib1_options,attrib2_name,attrib2_options,attrib3_name,attrib3_options,attrib4_name,attrib4_options,attrib5_name,attrib5_options,tag1,tag2,tag3,tag4,tag5,choice_ids,created_by,created_at,updated_by,updated_at,is_deleted,is_system,item_thumb,sys_sale_flag) values ("101000221","101000221",null,"MU",null,"0",null,"0","Mushroom Masala",null,"101000115","1","0","Mushroom Masala","1",null,null,null,"0",null,"43","1.00000",null,null,"101000101","0","101000101",null,null,null,"200.00000","0.00000","0","0.00000","1","0","0","0",null,"0",null,"0",null,"0",null,"#FFFFFF","#1d4240",null,null,null,null,null,null,null,null,null,null,null,null,null,null,null,null,"0","2020-01-24 10:22:01.0",null,null,"0","0",null,"1");
DELETE FROM sale_item_ext WHERE id=101000221;
insert into sale_item_ext(id,kitchen_id,is_deleted,last_sync_at) values ("101000221","101000101","0","2020-01-23 23:52:01.0");
DELETE FROM stock_items WHERE id=101000222;
insert into stock_items(id,code,name,description,supplier_product_code,stock_item_attributes,stock_item_location,stock_item_category_id,prd_department_id,part_no,market_valuation_method,movement_method,uom_id,item_weight,qty_on_hand,unit_price,optimum_level,reorder_level,reorder_qty,preferred_supplier_id,last_purchase_unit_price,last_purchase_supplier_id,tax_id,tax_calculation_method,is_service_item,is_valid,is_manufactured,is_sellable,is_semi_finished,is_finished,sales_margin,is_sales_margin_percent,tax_percentage,qty_manufactured,top_consumption_rank,created_by,created_at,updated_by,updated_at,is_system,is_deleted) values ("101000222","PNM","Paneer  Masala",null,null,"",null,null,null,null,"0",null,"43","1.00000",null,"200.00000",null,null,null,null,null,null,"101000101","1","0","1","0","1","0","0","0","0","0.00",null,"0","0","2020-01-24 10:22:01.0",null,null,"0","0");
DELETE FROM sale_items WHERE id=101000222;
insert into sale_items(id,stock_item_id,stock_item_code,code,hsn_code,is_group_item,group_item_id,is_combo_item,name,description,sub_class_id,is_valid,is_manufactured,alternative_name,is_printable_to_kitchen,name_to_print,alternative_name_to_print,barcode,is_open,qty_on_hand,uom_id,item_weight,profit_category_id,prd_department_id,tax_id,tax_exemption,tax_group_id,tax_id_home_service,tax_id_table_service,tax_id_take_away_service,fixed_price,whls_price,is_whls_price_pc,item_cost,tax_calculation_method,taxation_based_on,is_require_weighing,display_order,best_before,is_hot_item_1,hot_item_1_display_order,is_hot_item_2,hot_item_2_display_order,is_hot_item_3,hot_item_3_display_order,fg_color,bg_color,attrib1_name,attrib1_options,attrib2_name,attrib2_options,attrib3_name,attrib3_options,attrib4_name,attrib4_options,attrib5_name,attrib5_options,tag1,tag2,tag3,tag4,tag5,choice_ids,created_by,created_at,updated_by,updated_at,is_deleted,is_system,item_thumb,sys_sale_flag) values ("101000222","101000222",null,"PNM",null,"0",null,"0","Paneer  Masala",null,"101000115","1","0","Paneer  Masala","1",null,null,null,"0",null,"43","1.00000",null,null,"101000101","0","101000101",null,null,null,"200.00000","0.00000","0","0.00000","1","0","0","0",null,"0",null,"0",null,"0",null,"#FFFFFF","#133372",null,null,null,null,null,null,null,null,null,null,null,null,null,null,null,null,"0","2020-01-24 10:22:01.0",null,null,"0","0",null,"1");
DELETE FROM sale_item_ext WHERE id=101000222;
insert into sale_item_ext(id,kitchen_id,is_deleted,last_sync_at) values ("101000222","101000101","0","2020-01-23 23:52:01.0");
DELETE FROM stock_items WHERE id=101000223;
insert into stock_items(id,code,name,description,supplier_product_code,stock_item_attributes,stock_item_location,stock_item_category_id,prd_department_id,part_no,market_valuation_method,movement_method,uom_id,item_weight,qty_on_hand,unit_price,optimum_level,reorder_level,reorder_qty,preferred_supplier_id,last_purchase_unit_price,last_purchase_supplier_id,tax_id,tax_calculation_method,is_service_item,is_valid,is_manufactured,is_sellable,is_semi_finished,is_finished,sales_margin,is_sales_margin_percent,tax_percentage,qty_manufactured,top_consumption_rank,created_by,created_at,updated_by,updated_at,is_system,is_deleted) values ("101000223","222","Paneer Butter Masala",null,null,"",null,null,null,null,"0",null,"43","1.00000",null,"200.00000",null,null,null,null,null,null,"101000101","1","0","1","0","1","0","0","0","0","0.00",null,"0","0","2020-01-24 10:22:02.0",null,null,"0","0");
DELETE FROM sale_items WHERE id=101000223;
insert into sale_items(id,stock_item_id,stock_item_code,code,hsn_code,is_group_item,group_item_id,is_combo_item,name,description,sub_class_id,is_valid,is_manufactured,alternative_name,is_printable_to_kitchen,name_to_print,alternative_name_to_print,barcode,is_open,qty_on_hand,uom_id,item_weight,profit_category_id,prd_department_id,tax_id,tax_exemption,tax_group_id,tax_id_home_service,tax_id_table_service,tax_id_take_away_service,fixed_price,whls_price,is_whls_price_pc,item_cost,tax_calculation_method,taxation_based_on,is_require_weighing,display_order,best_before,is_hot_item_1,hot_item_1_display_order,is_hot_item_2,hot_item_2_display_order,is_hot_item_3,hot_item_3_display_order,fg_color,bg_color,attrib1_name,attrib1_options,attrib2_name,attrib2_options,attrib3_name,attrib3_options,attrib4_name,attrib4_options,attrib5_name,attrib5_options,tag1,tag2,tag3,tag4,tag5,choice_ids,created_by,created_at,updated_by,updated_at,is_deleted,is_system,item_thumb,sys_sale_flag) values ("101000223","101000223",null,"222",null,"0",null,"0","Paneer Butter Masala",null,"101000115","1","0","Paneer Butter Masala","1",null,null,null,"0",null,"43","1.00000",null,null,"101000101","0","101000101",null,null,null,"200.00000","0.00000","0","0.00000","1","0","0","0",null,"0",null,"0",null,"0",null,"#FFFFFF","#0e443b",null,null,null,null,null,null,null,null,null,null,null,null,null,null,null,null,"0","2020-01-24 10:22:02.0",null,null,"0","0",null,"1");
DELETE FROM sale_item_ext WHERE id=101000223;
insert into sale_item_ext(id,kitchen_id,is_deleted,last_sync_at) values ("101000223","101000101","0","2020-01-23 23:52:02.0");
DELETE FROM stock_items WHERE id=101000224;
insert into stock_items(id,code,name,description,supplier_product_code,stock_item_attributes,stock_item_location,stock_item_category_id,prd_department_id,part_no,market_valuation_method,movement_method,uom_id,item_weight,qty_on_hand,unit_price,optimum_level,reorder_level,reorder_qty,preferred_supplier_id,last_purchase_unit_price,last_purchase_supplier_id,tax_id,tax_calculation_method,is_service_item,is_valid,is_manufactured,is_sellable,is_semi_finished,is_finished,sales_margin,is_sales_margin_percent,tax_percentage,qty_manufactured,top_consumption_rank,created_by,created_at,updated_by,updated_at,is_system,is_deleted) values ("101000224","300","Chilly Gobi",null,null,"",null,null,null,null,"0",null,"43","1.00000",null,"180.00000",null,null,null,null,null,null,"101000101","1","0","1","0","1","0","0","0","0","0.00",null,"0","0","2020-01-24 10:22:02.0",null,null,"0","0");
DELETE FROM sale_items WHERE id=101000224;
insert into sale_items(id,stock_item_id,stock_item_code,code,hsn_code,is_group_item,group_item_id,is_combo_item,name,description,sub_class_id,is_valid,is_manufactured,alternative_name,is_printable_to_kitchen,name_to_print,alternative_name_to_print,barcode,is_open,qty_on_hand,uom_id,item_weight,profit_category_id,prd_department_id,tax_id,tax_exemption,tax_group_id,tax_id_home_service,tax_id_table_service,tax_id_take_away_service,fixed_price,whls_price,is_whls_price_pc,item_cost,tax_calculation_method,taxation_based_on,is_require_weighing,display_order,best_before,is_hot_item_1,hot_item_1_display_order,is_hot_item_2,hot_item_2_display_order,is_hot_item_3,hot_item_3_display_order,fg_color,bg_color,attrib1_name,attrib1_options,attrib2_name,attrib2_options,attrib3_name,attrib3_options,attrib4_name,attrib4_options,attrib5_name,attrib5_options,tag1,tag2,tag3,tag4,tag5,choice_ids,created_by,created_at,updated_by,updated_at,is_deleted,is_system,item_thumb,sys_sale_flag) values ("101000224","101000224",null,"300",null,"0",null,"0","Chilly Gobi",null,"101000115","1","0","Chilly Gobi","1",null,null,null,"0",null,"43","1.00000",null,null,"101000101","0","101000101",null,null,null,"180.00000","0.00000","0","0.00000","1","0","0","0",null,"0",null,"0",null,"0",null,"#FFFFFF","#1c6166",null,null,null,null,null,null,null,null,null,null,null,null,null,null,null,null,"0","2020-01-24 10:22:02.0",null,null,"0","0",null,"1");
DELETE FROM sale_item_ext WHERE id=101000224;
insert into sale_item_ext(id,kitchen_id,is_deleted,last_sync_at) values ("101000224","101000101","0","2020-01-23 23:52:02.0");
DELETE FROM stock_items WHERE id=101000225;
insert into stock_items(id,code,name,description,supplier_product_code,stock_item_attributes,stock_item_location,stock_item_category_id,prd_department_id,part_no,market_valuation_method,movement_method,uom_id,item_weight,qty_on_hand,unit_price,optimum_level,reorder_level,reorder_qty,preferred_supplier_id,last_purchase_unit_price,last_purchase_supplier_id,tax_id,tax_calculation_method,is_service_item,is_valid,is_manufactured,is_sellable,is_semi_finished,is_finished,sales_margin,is_sales_margin_percent,tax_percentage,qty_manufactured,top_consumption_rank,created_by,created_at,updated_by,updated_at,is_system,is_deleted) values ("101000225","GM","Gobi Manchurian",null,null,"",null,null,null,null,"0",null,"43","1.00000",null,"180.00000",null,null,null,null,null,null,"101000101","1","0","1","0","1","0","0","0","0","0.00",null,"0","0","2020-01-24 10:22:02.0",null,null,"0","0");
DELETE FROM sale_items WHERE id=101000225;
insert into sale_items(id,stock_item_id,stock_item_code,code,hsn_code,is_group_item,group_item_id,is_combo_item,name,description,sub_class_id,is_valid,is_manufactured,alternative_name,is_printable_to_kitchen,name_to_print,alternative_name_to_print,barcode,is_open,qty_on_hand,uom_id,item_weight,profit_category_id,prd_department_id,tax_id,tax_exemption,tax_group_id,tax_id_home_service,tax_id_table_service,tax_id_take_away_service,fixed_price,whls_price,is_whls_price_pc,item_cost,tax_calculation_method,taxation_based_on,is_require_weighing,display_order,best_before,is_hot_item_1,hot_item_1_display_order,is_hot_item_2,hot_item_2_display_order,is_hot_item_3,hot_item_3_display_order,fg_color,bg_color,attrib1_name,attrib1_options,attrib2_name,attrib2_options,attrib3_name,attrib3_options,attrib4_name,attrib4_options,attrib5_name,attrib5_options,tag1,tag2,tag3,tag4,tag5,choice_ids,created_by,created_at,updated_by,updated_at,is_deleted,is_system,item_thumb,sys_sale_flag) values ("101000225","101000225",null,"GM",null,"0",null,"0","Gobi Manchurian",null,"101000115","1","0","Gobi Manchurian","1",null,null,null,"0",null,"43","1.00000",null,null,"101000101","0","101000101",null,null,null,"180.00000","0.00000","0","0.00000","1","0","0","0",null,"0",null,"0",null,"0",null,"#FFFFFF","#08470b",null,null,null,null,null,null,null,null,null,null,null,null,null,null,null,null,"0","2020-01-24 10:22:02.0",null,null,"0","0",null,"1");
DELETE FROM sale_item_ext WHERE id=101000225;
insert into sale_item_ext(id,kitchen_id,is_deleted,last_sync_at) values ("101000225","101000101","0","2020-01-23 23:52:02.0");
DELETE FROM stock_items WHERE id=101000226;
insert into stock_items(id,code,name,description,supplier_product_code,stock_item_attributes,stock_item_location,stock_item_category_id,prd_department_id,part_no,market_valuation_method,movement_method,uom_id,item_weight,qty_on_hand,unit_price,optimum_level,reorder_level,reorder_qty,preferred_supplier_id,last_purchase_unit_price,last_purchase_supplier_id,tax_id,tax_calculation_method,is_service_item,is_valid,is_manufactured,is_sellable,is_semi_finished,is_finished,sales_margin,is_sales_margin_percent,tax_percentage,qty_manufactured,top_consumption_rank,created_by,created_at,updated_by,updated_at,is_system,is_deleted) values ("101000226","121","Chilly Paneer",null,null,"",null,null,null,null,"0",null,"43","1.00000",null,"200.00000",null,null,null,null,null,null,"101000101","1","0","1","0","1","0","0","0","0","0.00",null,"0","0","2020-01-24 10:22:02.0",null,null,"0","0");
DELETE FROM sale_items WHERE id=101000226;
insert into sale_items(id,stock_item_id,stock_item_code,code,hsn_code,is_group_item,group_item_id,is_combo_item,name,description,sub_class_id,is_valid,is_manufactured,alternative_name,is_printable_to_kitchen,name_to_print,alternative_name_to_print,barcode,is_open,qty_on_hand,uom_id,item_weight,profit_category_id,prd_department_id,tax_id,tax_exemption,tax_group_id,tax_id_home_service,tax_id_table_service,tax_id_take_away_service,fixed_price,whls_price,is_whls_price_pc,item_cost,tax_calculation_method,taxation_based_on,is_require_weighing,display_order,best_before,is_hot_item_1,hot_item_1_display_order,is_hot_item_2,hot_item_2_display_order,is_hot_item_3,hot_item_3_display_order,fg_color,bg_color,attrib1_name,attrib1_options,attrib2_name,attrib2_options,attrib3_name,attrib3_options,attrib4_name,attrib4_options,attrib5_name,attrib5_options,tag1,tag2,tag3,tag4,tag5,choice_ids,created_by,created_at,updated_by,updated_at,is_deleted,is_system,item_thumb,sys_sale_flag) values ("101000226","101000226",null,"121",null,"0",null,"0","Chilly Paneer",null,"101000115","1","0","Chilly Paneer","1",null,null,null,"0",null,"43","1.00000",null,null,"101000101","0","101000101",null,null,null,"200.00000","0.00000","0","0.00000","1","0","0","0",null,"0",null,"0",null,"0",null,"#FFFFFF","#841953",null,null,null,null,null,null,null,null,null,null,null,null,null,null,null,null,"0","2020-01-24 10:22:02.0",null,null,"0","0",null,"1");
DELETE FROM sale_item_ext WHERE id=101000226;
insert into sale_item_ext(id,kitchen_id,is_deleted,last_sync_at) values ("101000226","101000101","0","2020-01-23 23:52:02.0");
DELETE FROM stock_items WHERE id=101000227;
insert into stock_items(id,code,name,description,supplier_product_code,stock_item_attributes,stock_item_location,stock_item_category_id,prd_department_id,part_no,market_valuation_method,movement_method,uom_id,item_weight,qty_on_hand,unit_price,optimum_level,reorder_level,reorder_qty,preferred_supplier_id,last_purchase_unit_price,last_purchase_supplier_id,tax_id,tax_calculation_method,is_service_item,is_valid,is_manufactured,is_sellable,is_semi_finished,is_finished,sales_margin,is_sales_margin_percent,tax_percentage,qty_manufactured,top_consumption_rank,created_by,created_at,updated_by,updated_at,is_system,is_deleted) values ("101000227","CHM","Chilly Mushroom",null,null,"",null,null,null,null,"0",null,"43","1.00000",null,"200.00000",null,null,null,null,null,null,"101000101","1","0","1","0","1","0","0","0","0","0.00",null,"0","0","2020-01-24 10:22:02.0",null,null,"0","0");
DELETE FROM sale_items WHERE id=101000227;
insert into sale_items(id,stock_item_id,stock_item_code,code,hsn_code,is_group_item,group_item_id,is_combo_item,name,description,sub_class_id,is_valid,is_manufactured,alternative_name,is_printable_to_kitchen,name_to_print,alternative_name_to_print,barcode,is_open,qty_on_hand,uom_id,item_weight,profit_category_id,prd_department_id,tax_id,tax_exemption,tax_group_id,tax_id_home_service,tax_id_table_service,tax_id_take_away_service,fixed_price,whls_price,is_whls_price_pc,item_cost,tax_calculation_method,taxation_based_on,is_require_weighing,display_order,best_before,is_hot_item_1,hot_item_1_display_order,is_hot_item_2,hot_item_2_display_order,is_hot_item_3,hot_item_3_display_order,fg_color,bg_color,attrib1_name,attrib1_options,attrib2_name,attrib2_options,attrib3_name,attrib3_options,attrib4_name,attrib4_options,attrib5_name,attrib5_options,tag1,tag2,tag3,tag4,tag5,choice_ids,created_by,created_at,updated_by,updated_at,is_deleted,is_system,item_thumb,sys_sale_flag) values ("101000227","101000227",null,"CHM",null,"0",null,"0","Chilly Mushroom",null,"101000115","1","0","Chilly Mushroom","1",null,null,null,"0",null,"43","1.00000",null,null,"101000101","0","101000101",null,null,null,"200.00000","0.00000","0","0.00000","1","0","0","0",null,"0",null,"0",null,"0",null,"#FFFFFF","#ff005f",null,null,null,null,null,null,null,null,null,null,null,null,null,null,null,null,"0","2020-01-24 10:22:02.0",null,null,"0","0",null,"1");
DELETE FROM sale_item_ext WHERE id=101000227;
insert into sale_item_ext(id,kitchen_id,is_deleted,last_sync_at) values ("101000227","101000101","0","2020-01-23 23:52:02.0");
DELETE FROM stock_items WHERE id=101000228;
insert into stock_items(id,code,name,description,supplier_product_code,stock_item_attributes,stock_item_location,stock_item_category_id,prd_department_id,part_no,market_valuation_method,movement_method,uom_id,item_weight,qty_on_hand,unit_price,optimum_level,reorder_level,reorder_qty,preferred_supplier_id,last_purchase_unit_price,last_purchase_supplier_id,tax_id,tax_calculation_method,is_service_item,is_valid,is_manufactured,is_sellable,is_semi_finished,is_finished,sales_margin,is_sales_margin_percent,tax_percentage,qty_manufactured,top_consumption_rank,created_by,created_at,updated_by,updated_at,is_system,is_deleted) values ("101000228","PNR","Kadai Paneer",null,null,"",null,null,null,null,"0",null,"43","1.00000",null,"250.00000",null,null,null,null,null,null,"101000101","1","0","1","0","1","0","0","0","0","0.00",null,"0","0","2020-01-24 10:22:02.0",null,null,"0","0");
DELETE FROM sale_items WHERE id=101000228;
insert into sale_items(id,stock_item_id,stock_item_code,code,hsn_code,is_group_item,group_item_id,is_combo_item,name,description,sub_class_id,is_valid,is_manufactured,alternative_name,is_printable_to_kitchen,name_to_print,alternative_name_to_print,barcode,is_open,qty_on_hand,uom_id,item_weight,profit_category_id,prd_department_id,tax_id,tax_exemption,tax_group_id,tax_id_home_service,tax_id_table_service,tax_id_take_away_service,fixed_price,whls_price,is_whls_price_pc,item_cost,tax_calculation_method,taxation_based_on,is_require_weighing,display_order,best_before,is_hot_item_1,hot_item_1_display_order,is_hot_item_2,hot_item_2_display_order,is_hot_item_3,hot_item_3_display_order,fg_color,bg_color,attrib1_name,attrib1_options,attrib2_name,attrib2_options,attrib3_name,attrib3_options,attrib4_name,attrib4_options,attrib5_name,attrib5_options,tag1,tag2,tag3,tag4,tag5,choice_ids,created_by,created_at,updated_by,updated_at,is_deleted,is_system,item_thumb,sys_sale_flag) values ("101000228","101000228",null,"PNR",null,"0",null,"0","Kadai Paneer",null,"101000115","1","0","Kadai Paneer","1",null,null,null,"0",null,"43","1.00000",null,null,"101000101","0","101000101",null,null,null,"250.00000","0.00000","0","0.00000","1","0","0","0",null,"0",null,"0",null,"0",null,"#FFFFFF","#2337ed",null,null,null,null,null,null,null,null,null,null,null,null,null,null,null,null,"0","2020-01-24 10:22:02.0",null,null,"0","0",null,"1");
