DELETE FROM sale_item_ext WHERE id=101000228;
insert into sale_item_ext(id,kitchen_id,is_deleted,last_sync_at) values ("101000228","101000101","0","2020-01-23 23:52:02.0");
DELETE FROM stock_items WHERE id=101000229;
insert into stock_items(id,code,name,description,supplier_product_code,stock_item_attributes,stock_item_location,stock_item_category_id,prd_department_id,part_no,market_valuation_method,movement_method,uom_id,item_weight,qty_on_hand,unit_price,optimum_level,reorder_level,reorder_qty,preferred_supplier_id,last_purchase_unit_price,last_purchase_supplier_id,tax_id,tax_calculation_method,is_service_item,is_valid,is_manufactured,is_sellable,is_semi_finished,is_finished,sales_margin,is_sales_margin_percent,tax_percentage,qty_manufactured,top_consumption_rank,created_by,created_at,updated_by,updated_at,is_system,is_deleted) values ("101000229","PPR","Palak Paneer",null,null,"",null,null,null,null,"0",null,"43","1.00000",null,"250.00000",null,null,null,null,null,null,"101000101","1","0","1","0","1","0","0","0","0","0.00",null,"0","0","2020-01-24 10:22:02.0",null,null,"0","0");
DELETE FROM sale_items WHERE id=101000229;
insert into sale_items(id,stock_item_id,stock_item_code,code,hsn_code,is_group_item,group_item_id,is_combo_item,name,description,sub_class_id,is_valid,is_manufactured,alternative_name,is_printable_to_kitchen,name_to_print,alternative_name_to_print,barcode,is_open,qty_on_hand,uom_id,item_weight,profit_category_id,prd_department_id,tax_id,tax_exemption,tax_group_id,tax_id_home_service,tax_id_table_service,tax_id_take_away_service,fixed_price,whls_price,is_whls_price_pc,item_cost,tax_calculation_method,taxation_based_on,is_require_weighing,display_order,best_before,is_hot_item_1,hot_item_1_display_order,is_hot_item_2,hot_item_2_display_order,is_hot_item_3,hot_item_3_display_order,fg_color,bg_color,attrib1_name,attrib1_options,attrib2_name,attrib2_options,attrib3_name,attrib3_options,attrib4_name,attrib4_options,attrib5_name,attrib5_options,tag1,tag2,tag3,tag4,tag5,choice_ids,created_by,created_at,updated_by,updated_at,is_deleted,is_system,item_thumb,sys_sale_flag) values ("101000229","101000229",null,"PPR",null,"0",null,"0","Palak Paneer",null,"101000115","1","0","Palak Paneer","1",null,null,null,"0",null,"43","1.00000",null,null,"101000101","0","101000101",null,null,null,"250.00000","0.00000","0","0.00000","1","0","0","0",null,"0",null,"0",null,"0",null,"#FFFFFF","#e815ed",null,null,null,null,null,null,null,null,null,null,null,null,null,null,null,null,"0","2020-01-24 10:22:02.0",null,null,"0","0",null,"1");
DELETE FROM sale_item_ext WHERE id=101000229;
insert into sale_item_ext(id,kitchen_id,is_deleted,last_sync_at) values ("101000229","101000101","0","2020-01-23 23:52:02.0");
DELETE FROM stock_items WHERE id=101000230;
insert into stock_items(id,code,name,description,supplier_product_code,stock_item_attributes,stock_item_location,stock_item_category_id,prd_department_id,part_no,market_valuation_method,movement_method,uom_id,item_weight,qty_on_hand,unit_price,optimum_level,reorder_level,reorder_qty,preferred_supplier_id,last_purchase_unit_price,last_purchase_supplier_id,tax_id,tax_calculation_method,is_service_item,is_valid,is_manufactured,is_sellable,is_semi_finished,is_finished,sales_margin,is_sales_margin_percent,tax_percentage,qty_manufactured,top_consumption_rank,created_by,created_at,updated_by,updated_at,is_system,is_deleted) values ("101000230","DPR","Dal Palak",null,null,"",null,null,null,null,"0",null,"43","1.00000",null,"200.00000",null,null,null,null,null,null,"101000101","1","0","1","0","1","0","0","0","0","0.00",null,"0","0","2020-01-24 10:22:02.0",null,null,"0","0");
DELETE FROM sale_items WHERE id=101000230;
insert into sale_items(id,stock_item_id,stock_item_code,code,hsn_code,is_group_item,group_item_id,is_combo_item,name,description,sub_class_id,is_valid,is_manufactured,alternative_name,is_printable_to_kitchen,name_to_print,alternative_name_to_print,barcode,is_open,qty_on_hand,uom_id,item_weight,profit_category_id,prd_department_id,tax_id,tax_exemption,tax_group_id,tax_id_home_service,tax_id_table_service,tax_id_take_away_service,fixed_price,whls_price,is_whls_price_pc,item_cost,tax_calculation_method,taxation_based_on,is_require_weighing,display_order,best_before,is_hot_item_1,hot_item_1_display_order,is_hot_item_2,hot_item_2_display_order,is_hot_item_3,hot_item_3_display_order,fg_color,bg_color,attrib1_name,attrib1_options,attrib2_name,attrib2_options,attrib3_name,attrib3_options,attrib4_name,attrib4_options,attrib5_name,attrib5_options,tag1,tag2,tag3,tag4,tag5,choice_ids,created_by,created_at,updated_by,updated_at,is_deleted,is_system,item_thumb,sys_sale_flag) values ("101000230","101000230",null,"DPR",null,"0",null,"0","Dal Palak",null,"101000115","1","0","Dal Palak","1",null,null,null,"0",null,"43","1.00000",null,null,"101000101","0","101000101",null,null,null,"200.00000","0.00000","0","0.00000","1","0","0","0",null,"0",null,"0",null,"0",null,"#FFFFFF","#3926ad",null,null,null,null,null,null,null,null,null,null,null,null,null,null,null,null,"0","2020-01-24 10:22:02.0",null,null,"0","0",null,"1");
DELETE FROM sale_item_ext WHERE id=101000230;
insert into sale_item_ext(id,kitchen_id,is_deleted,last_sync_at) values ("101000230","101000101","0","2020-01-23 23:52:02.0");
DELETE FROM stock_items WHERE id=101000231;
insert into stock_items(id,code,name,description,supplier_product_code,stock_item_attributes,stock_item_location,stock_item_category_id,prd_department_id,part_no,market_valuation_method,movement_method,uom_id,item_weight,qty_on_hand,unit_price,optimum_level,reorder_level,reorder_qty,preferred_supplier_id,last_purchase_unit_price,last_purchase_supplier_id,tax_id,tax_calculation_method,is_service_item,is_valid,is_manufactured,is_sellable,is_semi_finished,is_finished,sales_margin,is_sales_margin_percent,tax_percentage,qty_manufactured,top_consumption_rank,created_by,created_at,updated_by,updated_at,is_system,is_deleted) values ("101000231","125","Kozhi Varutharacha Curry (with bone)",null,null,"",null,null,null,null,"0",null,"43","1.00000",null,"250.00000",null,null,null,null,null,null,"101000101","1","0","1","0","1","0","0","0","0","0.00",null,"0","0","2020-01-24 10:22:02.0",null,null,"0","0");
DELETE FROM sale_items WHERE id=101000231;
insert into sale_items(id,stock_item_id,stock_item_code,code,hsn_code,is_group_item,group_item_id,is_combo_item,name,description,sub_class_id,is_valid,is_manufactured,alternative_name,is_printable_to_kitchen,name_to_print,alternative_name_to_print,barcode,is_open,qty_on_hand,uom_id,item_weight,profit_category_id,prd_department_id,tax_id,tax_exemption,tax_group_id,tax_id_home_service,tax_id_table_service,tax_id_take_away_service,fixed_price,whls_price,is_whls_price_pc,item_cost,tax_calculation_method,taxation_based_on,is_require_weighing,display_order,best_before,is_hot_item_1,hot_item_1_display_order,is_hot_item_2,hot_item_2_display_order,is_hot_item_3,hot_item_3_display_order,fg_color,bg_color,attrib1_name,attrib1_options,attrib2_name,attrib2_options,attrib3_name,attrib3_options,attrib4_name,attrib4_options,attrib5_name,attrib5_options,tag1,tag2,tag3,tag4,tag5,choice_ids,created_by,created_at,updated_by,updated_at,is_deleted,is_system,item_thumb,sys_sale_flag) values ("101000231","101000231",null,"125",null,"0",null,"0","Kozhi Varutharacha Curry (with bone)",null,"101000116","1","0","Kozhi Varutharacha Curry (with bone)","1",null,null,null,"0",null,"43","1.00000",null,null,"101000101","0","101000101",null,null,null,"250.00000","0.00000","0","0.00000","1","0","0","0",null,"0",null,"0",null,"0",null,"#FFFFFF","#114734",null,null,null,null,null,null,null,null,null,null,null,null,null,null,null,null,"0","2020-01-24 10:22:02.0",null,null,"0","0",null,"1");
DELETE FROM sale_item_ext WHERE id=101000231;
insert into sale_item_ext(id,kitchen_id,is_deleted,last_sync_at) values ("101000231","101000101","0","2020-01-23 23:52:02.0");
DELETE FROM stock_items WHERE id=101000232;
insert into stock_items(id,code,name,description,supplier_product_code,stock_item_attributes,stock_item_location,stock_item_category_id,prd_department_id,part_no,market_valuation_method,movement_method,uom_id,item_weight,qty_on_hand,unit_price,optimum_level,reorder_level,reorder_qty,preferred_supplier_id,last_purchase_unit_price,last_purchase_supplier_id,tax_id,tax_calculation_method,is_service_item,is_valid,is_manufactured,is_sellable,is_semi_finished,is_finished,sales_margin,is_sales_margin_percent,tax_percentage,qty_manufactured,top_consumption_rank,created_by,created_at,updated_by,updated_at,is_system,is_deleted) values ("101000232","25","Kozhi Varutharacha Curry (bone less)",null,null,"",null,null,null,null,"0",null,"43","1.00000",null,"300.00000",null,null,null,null,null,null,"101000101","1","0","1","0","1","0","0","0","0","0.00",null,"0","0","2020-01-24 10:22:02.0",null,null,"0","0");
DELETE FROM sale_items WHERE id=101000232;
insert into sale_items(id,stock_item_id,stock_item_code,code,hsn_code,is_group_item,group_item_id,is_combo_item,name,description,sub_class_id,is_valid,is_manufactured,alternative_name,is_printable_to_kitchen,name_to_print,alternative_name_to_print,barcode,is_open,qty_on_hand,uom_id,item_weight,profit_category_id,prd_department_id,tax_id,tax_exemption,tax_group_id,tax_id_home_service,tax_id_table_service,tax_id_take_away_service,fixed_price,whls_price,is_whls_price_pc,item_cost,tax_calculation_method,taxation_based_on,is_require_weighing,display_order,best_before,is_hot_item_1,hot_item_1_display_order,is_hot_item_2,hot_item_2_display_order,is_hot_item_3,hot_item_3_display_order,fg_color,bg_color,attrib1_name,attrib1_options,attrib2_name,attrib2_options,attrib3_name,attrib3_options,attrib4_name,attrib4_options,attrib5_name,attrib5_options,tag1,tag2,tag3,tag4,tag5,choice_ids,created_by,created_at,updated_by,updated_at,is_deleted,is_system,item_thumb,sys_sale_flag) values ("101000232","101000232",null,"25",null,"0",null,"0","Kozhi Varutharacha Curry (bone less)",null,"101000116","1","0","Kozhi Varutharacha Curry (bone less)","1",null,null,null,"0",null,"43","1.00000",null,null,"101000101","0","101000101",null,null,null,"300.00000","0.00000","0","0.00000","1","0","0","0",null,"0",null,"0",null,"0",null,"#FFFFFF","#126350",null,null,null,null,null,null,null,null,null,null,null,null,null,null,null,null,"0","2020-01-24 10:22:02.0",null,null,"0","0",null,"1");
DELETE FROM sale_item_ext WHERE id=101000232;
insert into sale_item_ext(id,kitchen_id,is_deleted,last_sync_at) values ("101000232","101000101","0","2020-01-23 23:52:02.0");
DELETE FROM stock_items WHERE id=101000233;
insert into stock_items(id,code,name,description,supplier_product_code,stock_item_attributes,stock_item_location,stock_item_category_id,prd_department_id,part_no,market_valuation_method,movement_method,uom_id,item_weight,qty_on_hand,unit_price,optimum_level,reorder_level,reorder_qty,preferred_supplier_id,last_purchase_unit_price,last_purchase_supplier_id,tax_id,tax_calculation_method,is_service_item,is_valid,is_manufactured,is_sellable,is_semi_finished,is_finished,sales_margin,is_sales_margin_percent,tax_percentage,qty_manufactured,top_consumption_rank,created_by,created_at,updated_by,updated_at,is_system,is_deleted) values ("101000233","110","Chicken Piralan (with bones)",null,null,"",null,null,null,null,"0",null,"43","1.00000",null,"260.00000",null,null,null,null,null,null,"101000101","1","0","1","0","1","0","0","0","0","0.00",null,"0","0","2020-01-24 10:22:02.0",null,null,"0","0");
DELETE FROM sale_items WHERE id=101000233;
insert into sale_items(id,stock_item_id,stock_item_code,code,hsn_code,is_group_item,group_item_id,is_combo_item,name,description,sub_class_id,is_valid,is_manufactured,alternative_name,is_printable_to_kitchen,name_to_print,alternative_name_to_print,barcode,is_open,qty_on_hand,uom_id,item_weight,profit_category_id,prd_department_id,tax_id,tax_exemption,tax_group_id,tax_id_home_service,tax_id_table_service,tax_id_take_away_service,fixed_price,whls_price,is_whls_price_pc,item_cost,tax_calculation_method,taxation_based_on,is_require_weighing,display_order,best_before,is_hot_item_1,hot_item_1_display_order,is_hot_item_2,hot_item_2_display_order,is_hot_item_3,hot_item_3_display_order,fg_color,bg_color,attrib1_name,attrib1_options,attrib2_name,attrib2_options,attrib3_name,attrib3_options,attrib4_name,attrib4_options,attrib5_name,attrib5_options,tag1,tag2,tag3,tag4,tag5,choice_ids,created_by,created_at,updated_by,updated_at,is_deleted,is_system,item_thumb,sys_sale_flag) values ("101000233","101000233",null,"110",null,"0",null,"0","Chicken Piralan (with bones)",null,"101000118","1","0","Chicken Piralan (with bones)","1",null,null,null,"0",null,"43","1.00000",null,null,"101000101","0","101000101",null,null,null,"260.00000","0.00000","0","0.00000","1","0","0","0",null,"0",null,"0",null,"0",null,"#FFFFFF","#114734",null,null,null,null,null,null,null,null,null,null,null,null,null,null,null,null,"0","2020-01-24 10:22:03.0",null,null,"0","0",null,"1");
DELETE FROM sale_item_ext WHERE id=101000233;
insert into sale_item_ext(id,kitchen_id,is_deleted,last_sync_at) values ("101000233","101000101","0","2020-01-23 23:52:03.0");
DELETE FROM stock_items WHERE id=101000234;
insert into stock_items(id,code,name,description,supplier_product_code,stock_item_attributes,stock_item_location,stock_item_category_id,prd_department_id,part_no,market_valuation_method,movement_method,uom_id,item_weight,qty_on_hand,unit_price,optimum_level,reorder_level,reorder_qty,preferred_supplier_id,last_purchase_unit_price,last_purchase_supplier_id,tax_id,tax_calculation_method,is_service_item,is_valid,is_manufactured,is_sellable,is_semi_finished,is_finished,sales_margin,is_sales_margin_percent,tax_percentage,qty_manufactured,top_consumption_rank,created_by,created_at,updated_by,updated_at,is_system,is_deleted) values ("101000234","KDCH","Kadai Chicken (bone less)",null,null,"",null,null,null,null,"0",null,"43","1.00000",null,"350.00000",null,null,null,null,null,null,"101000101","1","0","1","0","1","0","0","0","0","0.00",null,"0","0","2020-01-24 10:22:03.0",null,null,"0","0");
DELETE FROM sale_items WHERE id=101000234;
insert into sale_items(id,stock_item_id,stock_item_code,code,hsn_code,is_group_item,group_item_id,is_combo_item,name,description,sub_class_id,is_valid,is_manufactured,alternative_name,is_printable_to_kitchen,name_to_print,alternative_name_to_print,barcode,is_open,qty_on_hand,uom_id,item_weight,profit_category_id,prd_department_id,tax_id,tax_exemption,tax_group_id,tax_id_home_service,tax_id_table_service,tax_id_take_away_service,fixed_price,whls_price,is_whls_price_pc,item_cost,tax_calculation_method,taxation_based_on,is_require_weighing,display_order,best_before,is_hot_item_1,hot_item_1_display_order,is_hot_item_2,hot_item_2_display_order,is_hot_item_3,hot_item_3_display_order,fg_color,bg_color,attrib1_name,attrib1_options,attrib2_name,attrib2_options,attrib3_name,attrib3_options,attrib4_name,attrib4_options,attrib5_name,attrib5_options,tag1,tag2,tag3,tag4,tag5,choice_ids,created_by,created_at,updated_by,updated_at,is_deleted,is_system,item_thumb,sys_sale_flag) values ("101000234","101000234",null,"KDCH",null,"0",null,"0","Kadai Chicken (bone less)",null,"101000116","1","0","Kadai Chicken (bone less)","1",null,null,null,"0",null,"43","1.00000",null,null,"101000101","0","101000101",null,null,null,"350.00000","0.00000","0","0.00000","1","0","0","0",null,"0",null,"0",null,"0",null,"#FFFFFF","#175f93",null,null,null,null,null,null,null,null,null,null,null,null,null,null,null,null,"0","2020-01-24 10:22:03.0",null,null,"0","0",null,"1");
DELETE FROM sale_item_ext WHERE id=101000234;
insert into sale_item_ext(id,kitchen_id,is_deleted,last_sync_at) values ("101000234","101000101","0","2020-01-23 23:52:03.0");
DELETE FROM stock_items WHERE id=101000235;
insert into stock_items(id,code,name,description,supplier_product_code,stock_item_attributes,stock_item_location,stock_item_category_id,prd_department_id,part_no,market_valuation_method,movement_method,uom_id,item_weight,qty_on_hand,unit_price,optimum_level,reorder_level,reorder_qty,preferred_supplier_id,last_purchase_unit_price,last_purchase_supplier_id,tax_id,tax_calculation_method,is_service_item,is_valid,is_manufactured,is_sellable,is_semi_finished,is_finished,sales_margin,is_sales_margin_percent,tax_percentage,qty_manufactured,top_consumption_rank,created_by,created_at,updated_by,updated_at,is_system,is_deleted) values ("101000235","129","Butter Chicken (with bone)",null,null,"",null,null,null,null,"0",null,"43","1.00000",null,"250.00000",null,null,null,null,null,null,"101000101","1","0","1","0","1","0","0","0","0","0.00",null,"0","0","2020-01-24 10:22:03.0",null,null,"0","0");
DELETE FROM sale_items WHERE id=101000235;
insert into sale_items(id,stock_item_id,stock_item_code,code,hsn_code,is_group_item,group_item_id,is_combo_item,name,description,sub_class_id,is_valid,is_manufactured,alternative_name,is_printable_to_kitchen,name_to_print,alternative_name_to_print,barcode,is_open,qty_on_hand,uom_id,item_weight,profit_category_id,prd_department_id,tax_id,tax_exemption,tax_group_id,tax_id_home_service,tax_id_table_service,tax_id_take_away_service,fixed_price,whls_price,is_whls_price_pc,item_cost,tax_calculation_method,taxation_based_on,is_require_weighing,display_order,best_before,is_hot_item_1,hot_item_1_display_order,is_hot_item_2,hot_item_2_display_order,is_hot_item_3,hot_item_3_display_order,fg_color,bg_color,attrib1_name,attrib1_options,attrib2_name,attrib2_options,attrib3_name,attrib3_options,attrib4_name,attrib4_options,attrib5_name,attrib5_options,tag1,tag2,tag3,tag4,tag5,choice_ids,created_by,created_at,updated_by,updated_at,is_deleted,is_system,item_thumb,sys_sale_flag) values ("101000235","101000235",null,"129",null,"0",null,"0","Butter Chicken (with bone)",null,"101000116","1","0","Butter Chicken (with bone)","1",null,null,null,"0",null,"43","1.00000",null,null,"101000101","0","101000101",null,null,null,"250.00000","0.00000","0","0.00000","1","0","0","0",null,"0",null,"0",null,"0",null,"#FFFFFF","#1c420f",null,null,null,null,null,null,null,null,null,null,null,null,null,null,null,null,"0","2020-01-24 10:22:03.0",null,null,"0","0",null,"1");
DELETE FROM sale_item_ext WHERE id=101000235;
insert into sale_item_ext(id,kitchen_id,is_deleted,last_sync_at) values ("101000235","101000101","0","2020-01-23 23:52:03.0");
DELETE FROM stock_items WHERE id=101000236;
insert into stock_items(id,code,name,description,supplier_product_code,stock_item_attributes,stock_item_location,stock_item_category_id,prd_department_id,part_no,market_valuation_method,movement_method,uom_id,item_weight,qty_on_hand,unit_price,optimum_level,reorder_level,reorder_qty,preferred_supplier_id,last_purchase_unit_price,last_purchase_supplier_id,tax_id,tax_calculation_method,is_service_item,is_valid,is_manufactured,is_sellable,is_semi_finished,is_finished,sales_margin,is_sales_margin_percent,tax_percentage,qty_manufactured,top_consumption_rank,created_by,created_at,updated_by,updated_at,is_system,is_deleted) values ("101000236","29","Butter Chicken (bone less)",null,null,"",null,null,null,null,"0",null,"43","1.00000",null,"300.00000",null,null,null,null,null,null,"101000101","1","0","1","0","1","0","0","0","0","0.00",null,"0","0","2020-01-24 10:22:03.0",null,null,"0","0");
DELETE FROM sale_items WHERE id=101000236;
insert into sale_items(id,stock_item_id,stock_item_code,code,hsn_code,is_group_item,group_item_id,is_combo_item,name,description,sub_class_id,is_valid,is_manufactured,alternative_name,is_printable_to_kitchen,name_to_print,alternative_name_to_print,barcode,is_open,qty_on_hand,uom_id,item_weight,profit_category_id,prd_department_id,tax_id,tax_exemption,tax_group_id,tax_id_home_service,tax_id_table_service,tax_id_take_away_service,fixed_price,whls_price,is_whls_price_pc,item_cost,tax_calculation_method,taxation_based_on,is_require_weighing,display_order,best_before,is_hot_item_1,hot_item_1_display_order,is_hot_item_2,hot_item_2_display_order,is_hot_item_3,hot_item_3_display_order,fg_color,bg_color,attrib1_name,attrib1_options,attrib2_name,attrib2_options,attrib3_name,attrib3_options,attrib4_name,attrib4_options,attrib5_name,attrib5_options,tag1,tag2,tag3,tag4,tag5,choice_ids,created_by,created_at,updated_by,updated_at,is_deleted,is_system,item_thumb,sys_sale_flag) values ("101000236","101000236",null,"29",null,"0",null,"0","Butter Chicken (bone less)",null,"101000116","1","0","Butter Chicken (bone less)","1",null,null,null,"0",null,"43","1.00000",null,null,"101000101","0","101000101",null,null,null,"300.00000","0.00000","0","0.00000","1","0","0","0",null,"0",null,"0",null,"0",null,"#FFFFFF","#155e68",null,null,null,null,null,null,null,null,null,null,null,null,null,null,null,null,"0","2020-01-24 10:22:03.0",null,null,"0","0",null,"1");
DELETE FROM sale_item_ext WHERE id=101000236;
insert into sale_item_ext(id,kitchen_id,is_deleted,last_sync_at) values ("101000236","101000101","0","2020-01-23 23:52:03.0");
DELETE FROM stock_items WHERE id=101000237;
insert into stock_items(id,code,name,description,supplier_product_code,stock_item_attributes,stock_item_location,stock_item_category_id,prd_department_id,part_no,market_valuation_method,movement_method,uom_id,item_weight,qty_on_hand,unit_price,optimum_level,reorder_level,reorder_qty,preferred_supplier_id,last_purchase_unit_price,last_purchase_supplier_id,tax_id,tax_calculation_method,is_service_item,is_valid,is_manufactured,is_sellable,is_semi_finished,is_finished,sales_margin,is_sales_margin_percent,tax_percentage,qty_manufactured,top_consumption_rank,created_by,created_at,updated_by,updated_at,is_system,is_deleted) values ("101000237","2000","Chilli Chicken (with bone)",null,null,"",null,null,null,null,"0",null,"43","1.00000",null,"240.00000",null,null,null,null,null,null,"101000101","1","0","1","0","1","0","0","0","0","0.00",null,"0","0","2020-01-24 10:22:03.0",null,null,"0","0");
DELETE FROM sale_items WHERE id=101000237;
insert into sale_items(id,stock_item_id,stock_item_code,code,hsn_code,is_group_item,group_item_id,is_combo_item,name,description,sub_class_id,is_valid,is_manufactured,alternative_name,is_printable_to_kitchen,name_to_print,alternative_name_to_print,barcode,is_open,qty_on_hand,uom_id,item_weight,profit_category_id,prd_department_id,tax_id,tax_exemption,tax_group_id,tax_id_home_service,tax_id_table_service,tax_id_take_away_service,fixed_price,whls_price,is_whls_price_pc,item_cost,tax_calculation_method,taxation_based_on,is_require_weighing,display_order,best_before,is_hot_item_1,hot_item_1_display_order,is_hot_item_2,hot_item_2_display_order,is_hot_item_3,hot_item_3_display_order,fg_color,bg_color,attrib1_name,attrib1_options,attrib2_name,attrib2_options,attrib3_name,attrib3_options,attrib4_name,attrib4_options,attrib5_name,attrib5_options,tag1,tag2,tag3,tag4,tag5,choice_ids,created_by,created_at,updated_by,updated_at,is_deleted,is_system,item_thumb,sys_sale_flag) values ("101000237","101000237",null,"2000",null,"0",null,"0","Chilli Chicken (with bone)",null,"101000116","1","0","Chilli Chicken (with bone)","1",null,null,null,"0",null,"43","1.00000",null,null,"101000101","0","101000101",null,null,null,"240.00000","0.00000","0","0.00000","1","0","0","0",null,"0",null,"0",null,"0",null,"#FFFFFF","#1d4240",null,null,null,null,null,null,null,null,null,null,null,null,null,null,null,null,"0","2020-01-24 10:22:03.0",null,null,"0","0",null,"1");
DELETE FROM sale_item_ext WHERE id=101000237;
insert into sale_item_ext(id,kitchen_id,is_deleted,last_sync_at) values ("101000237","101000101","0","2020-01-23 23:52:03.0");
DELETE FROM stock_items WHERE id=101000238;
insert into stock_items(id,code,name,description,supplier_product_code,stock_item_attributes,stock_item_location,stock_item_category_id,prd_department_id,part_no,market_valuation_method,movement_method,uom_id,item_weight,qty_on_hand,unit_price,optimum_level,reorder_level,reorder_qty,preferred_supplier_id,last_purchase_unit_price,last_purchase_supplier_id,tax_id,tax_calculation_method,is_service_item,is_valid,is_manufactured,is_sellable,is_semi_finished,is_finished,sales_margin,is_sales_margin_percent,tax_percentage,qty_manufactured,top_consumption_rank,created_by,created_at,updated_by,updated_at,is_system,is_deleted) values ("101000238","46","Chilli Chicken (boneless)",null,null,"",null,null,null,null,"0",null,"43","1.00000",null,"300.00000",null,null,null,null,null,null,"101000101","1","0","1","0","1","0","0","0","0","0.00",null,"0","0","2020-01-24 10:22:03.0",null,null,"0","0");
DELETE FROM sale_items WHERE id=101000238;
insert into sale_items(id,stock_item_id,stock_item_code,code,hsn_code,is_group_item,group_item_id,is_combo_item,name,description,sub_class_id,is_valid,is_manufactured,alternative_name,is_printable_to_kitchen,name_to_print,alternative_name_to_print,barcode,is_open,qty_on_hand,uom_id,item_weight,profit_category_id,prd_department_id,tax_id,tax_exemption,tax_group_id,tax_id_home_service,tax_id_table_service,tax_id_take_away_service,fixed_price,whls_price,is_whls_price_pc,item_cost,tax_calculation_method,taxation_based_on,is_require_weighing,display_order,best_before,is_hot_item_1,hot_item_1_display_order,is_hot_item_2,hot_item_2_display_order,is_hot_item_3,hot_item_3_display_order,fg_color,bg_color,attrib1_name,attrib1_options,attrib2_name,attrib2_options,attrib3_name,attrib3_options,attrib4_name,attrib4_options,attrib5_name,attrib5_options,tag1,tag2,tag3,tag4,tag5,choice_ids,created_by,created_at,updated_by,updated_at,is_deleted,is_system,item_thumb,sys_sale_flag) values ("101000238","101000238",null,"46",null,"0",null,"0","Chilli Chicken (boneless)",null,"101000116","1","0","Chilli Chicken (boneless)","1",null,null,null,"0",null,"43","1.00000",null,null,"101000101","0","101000101",null,null,null,"300.00000","0.00000","0","0.00000","1","0","0","0",null,"0",null,"0",null,"0",null,"#FFFFFF","#133372",null,null,null,null,null,null,null,null,null,null,null,null,null,null,null,null,"0","2020-01-24 10:22:03.0",null,null,"0","0",null,"1");
DELETE FROM sale_item_ext WHERE id=101000238;
insert into sale_item_ext(id,kitchen_id,is_deleted,last_sync_at) values ("101000238","101000101","0","2020-01-23 23:52:03.0");
DELETE FROM stock_items WHERE id=101000239;
insert into stock_items(id,code,name,description,supplier_product_code,stock_item_attributes,stock_item_location,stock_item_category_id,prd_department_id,part_no,market_valuation_method,movement_method,uom_id,item_weight,qty_on_hand,unit_price,optimum_level,reorder_level,reorder_qty,preferred_supplier_id,last_purchase_unit_price,last_purchase_supplier_id,tax_id,tax_calculation_method,is_service_item,is_valid,is_manufactured,is_sellable,is_semi_finished,is_finished,sales_margin,is_sales_margin_percent,tax_percentage,qty_manufactured,top_consumption_rank,created_by,created_at,updated_by,updated_at,is_system,is_deleted) values ("101000239","1303","Garlic Chicken (with bone)",null,null,"",null,null,null,null,"0",null,"43","1.00000",null,"240.00000",null,null,null,null,null,null,"101000101","1","0","1","0","1","0","0","0","0","0.00",null,"0","0","2020-01-24 10:22:03.0",null,null,"0","0");
DELETE FROM sale_items WHERE id=101000239;
insert into sale_items(id,stock_item_id,stock_item_code,code,hsn_code,is_group_item,group_item_id,is_combo_item,name,description,sub_class_id,is_valid,is_manufactured,alternative_name,is_printable_to_kitchen,name_to_print,alternative_name_to_print,barcode,is_open,qty_on_hand,uom_id,item_weight,profit_category_id,prd_department_id,tax_id,tax_exemption,tax_group_id,tax_id_home_service,tax_id_table_service,tax_id_take_away_service,fixed_price,whls_price,is_whls_price_pc,item_cost,tax_calculation_method,taxation_based_on,is_require_weighing,display_order,best_before,is_hot_item_1,hot_item_1_display_order,is_hot_item_2,hot_item_2_display_order,is_hot_item_3,hot_item_3_display_order,fg_color,bg_color,attrib1_name,attrib1_options,attrib2_name,attrib2_options,attrib3_name,attrib3_options,attrib4_name,attrib4_options,attrib5_name,attrib5_options,tag1,tag2,tag3,tag4,tag5,choice_ids,created_by,created_at,updated_by,updated_at,is_deleted,is_system,item_thumb,sys_sale_flag) values ("101000239","101000239",null,"1303",null,"0",null,"0","Garlic Chicken (with bone)",null,"101000116","1","0","Garlic Chicken (with bone)","1",null,null,null,"0",null,"43","1.00000",null,null,"101000101","0","101000101",null,null,null,"240.00000","0.00000","0","0.00000","1","0","0","0",null,"0",null,"0",null,"0",null,"#FFFFFF","#0e443b",null,null,null,null,null,null,null,null,null,null,null,null,null,null,null,null,"0","2020-01-24 10:22:03.0",null,null,"0","0",null,"1");
DELETE FROM sale_item_ext WHERE id=101000239;
insert into sale_item_ext(id,kitchen_id,is_deleted,last_sync_at) values ("101000239","101000101","0","2020-01-23 23:52:03.0");
DELETE FROM stock_items WHERE id=101000240;
insert into stock_items(id,code,name,description,supplier_product_code,stock_item_attributes,stock_item_location,stock_item_category_id,prd_department_id,part_no,market_valuation_method,movement_method,uom_id,item_weight,qty_on_hand,unit_price,optimum_level,reorder_level,reorder_qty,preferred_supplier_id,last_purchase_unit_price,last_purchase_supplier_id,tax_id,tax_calculation_method,is_service_item,is_valid,is_manufactured,is_sellable,is_semi_finished,is_finished,sales_margin,is_sales_margin_percent,tax_percentage,qty_manufactured,top_consumption_rank,created_by,created_at,updated_by,updated_at,is_system,is_deleted) values ("101000240","304","Garlic Chicken (bone less)",null,null,"",null,null,null,null,"0",null,"43","1.00000",null,"300.00000",null,null,null,null,null,null,"101000101","1","0","1","0","1","0","0","0","0","0.00",null,"0","0","2020-01-24 10:22:03.0",null,null,"0","0");
DELETE FROM sale_items WHERE id=101000240;
insert into sale_items(id,stock_item_id,stock_item_code,code,hsn_code,is_group_item,group_item_id,is_combo_item,name,description,sub_class_id,is_valid,is_manufactured,alternative_name,is_printable_to_kitchen,name_to_print,alternative_name_to_print,barcode,is_open,qty_on_hand,uom_id,item_weight,profit_category_id,prd_department_id,tax_id,tax_exemption,tax_group_id,tax_id_home_service,tax_id_table_service,tax_id_take_away_service,fixed_price,whls_price,is_whls_price_pc,item_cost,tax_calculation_method,taxation_based_on,is_require_weighing,display_order,best_before,is_hot_item_1,hot_item_1_display_order,is_hot_item_2,hot_item_2_display_order,is_hot_item_3,hot_item_3_display_order,fg_color,bg_color,attrib1_name,attrib1_options,attrib2_name,attrib2_options,attrib3_name,attrib3_options,attrib4_name,attrib4_options,attrib5_name,attrib5_options,tag1,tag2,tag3,tag4,tag5,choice_ids,created_by,created_at,updated_by,updated_at,is_deleted,is_system,item_thumb,sys_sale_flag) values ("101000240","101000240",null,"304",null,"0",null,"0","Garlic Chicken (bone less)",null,"101000116","1","0","Garlic Chicken (bone less)","1",null,null,null,"0",null,"43","1.00000",null,null,"101000101","0","101000101",null,null,null,"300.00000","0.00000","0","0.00000","1","0","0","0",null,"0",null,"0",null,"0",null,"#FFFFFF","#1c6166",null,null,null,null,null,null,null,null,null,null,null,null,null,null,null,null,"0","2020-01-24 10:22:03.0",null,null,"0","0",null,"1");
DELETE FROM sale_item_ext WHERE id=101000240;
insert into sale_item_ext(id,kitchen_id,is_deleted,last_sync_at) values ("101000240","101000101","0","2020-01-23 23:52:03.0");
DELETE FROM stock_items WHERE id=101000241;
insert into stock_items(id,code,name,description,supplier_product_code,stock_item_attributes,stock_item_location,stock_item_category_id,prd_department_id,part_no,market_valuation_method,movement_method,uom_id,item_weight,qty_on_hand,unit_price,optimum_level,reorder_level,reorder_qty,preferred_supplier_id,last_purchase_unit_price,last_purchase_supplier_id,tax_id,tax_calculation_method,is_service_item,is_valid,is_manufactured,is_sellable,is_semi_finished,is_finished,sales_margin,is_sales_margin_percent,tax_percentage,qty_manufactured,top_consumption_rank,created_by,created_at,updated_by,updated_at,is_system,is_deleted) values ("101000241","1505","Ginger Chicken (with bone)",null,null,"",null,null,null,null,"0",null,"43","1.00000",null,"240.00000",null,null,null,null,null,null,"101000101","1","0","1","0","1","0","0","0","0","0.00",null,"0","0","2020-01-24 10:22:03.0",null,null,"0","0");
DELETE FROM sale_items WHERE id=101000241;
insert into sale_items(id,stock_item_id,stock_item_code,code,hsn_code,is_group_item,group_item_id,is_combo_item,name,description,sub_class_id,is_valid,is_manufactured,alternative_name,is_printable_to_kitchen,name_to_print,alternative_name_to_print,barcode,is_open,qty_on_hand,uom_id,item_weight,profit_category_id,prd_department_id,tax_id,tax_exemption,tax_group_id,tax_id_home_service,tax_id_table_service,tax_id_take_away_service,fixed_price,whls_price,is_whls_price_pc,item_cost,tax_calculation_method,taxation_based_on,is_require_weighing,display_order,best_before,is_hot_item_1,hot_item_1_display_order,is_hot_item_2,hot_item_2_display_order,is_hot_item_3,hot_item_3_display_order,fg_color,bg_color,attrib1_name,attrib1_options,attrib2_name,attrib2_options,attrib3_name,attrib3_options,attrib4_name,attrib4_options,attrib5_name,attrib5_options,tag1,tag2,tag3,tag4,tag5,choice_ids,created_by,created_at,updated_by,updated_at,is_deleted,is_system,item_thumb,sys_sale_flag) values ("101000241","101000241",null,"1505",null,"0",null,"0","Ginger Chicken (with bone)",null,"101000116","1","0","Ginger Chicken (with bone)","1",null,null,null,"0",null,"43","1.00000",null,null,"101000101","0","101000101",null,null,null,"240.00000","0.00000","0","0.00000","1","0","0","0",null,"0",null,"0",null,"0",null,"#FFFFFF","#08470b",null,null,null,null,null,null,null,null,null,null,null,null,null,null,null,null,"0","2020-01-24 10:22:03.0",null,null,"0","0",null,"1");
DELETE FROM sale_item_ext WHERE id=101000241;
insert into sale_item_ext(id,kitchen_id,is_deleted,last_sync_at) values ("101000241","101000101","0","2020-01-23 23:52:03.0");
DELETE FROM stock_items WHERE id=101000242;
insert into stock_items(id,code,name,description,supplier_product_code,stock_item_attributes,stock_item_location,stock_item_category_id,prd_department_id,part_no,market_valuation_method,movement_method,uom_id,item_weight,qty_on_hand,unit_price,optimum_level,reorder_level,reorder_qty,preferred_supplier_id,last_purchase_unit_price,last_purchase_supplier_id,tax_id,tax_calculation_method,is_service_item,is_valid,is_manufactured,is_sellable,is_semi_finished,is_finished,sales_margin,is_sales_margin_percent,tax_percentage,qty_manufactured,top_consumption_rank,created_by,created_at,updated_by,updated_at,is_system,is_deleted) values ("101000242","305","Ginger Chicken (bone less)",null,null,"",null,null,null,null,"0",null,"43","1.00000",null,"300.00000",null,null,null,null,null,null,"101000101","1","0","1","0","1","0","0","0","0","0.00",null,"0","0","2020-01-24 10:22:03.0",null,null,"0","0");
DELETE FROM sale_items WHERE id=101000242;
insert into sale_items(id,stock_item_id,stock_item_code,code,hsn_code,is_group_item,group_item_id,is_combo_item,name,description,sub_class_id,is_valid,is_manufactured,alternative_name,is_printable_to_kitchen,name_to_print,alternative_name_to_print,barcode,is_open,qty_on_hand,uom_id,item_weight,profit_category_id,prd_department_id,tax_id,tax_exemption,tax_group_id,tax_id_home_service,tax_id_table_service,tax_id_take_away_service,fixed_price,whls_price,is_whls_price_pc,item_cost,tax_calculation_method,taxation_based_on,is_require_weighing,display_order,best_before,is_hot_item_1,hot_item_1_display_order,is_hot_item_2,hot_item_2_display_order,is_hot_item_3,hot_item_3_display_order,fg_color,bg_color,attrib1_name,attrib1_options,attrib2_name,attrib2_options,attrib3_name,attrib3_options,attrib4_name,attrib4_options,attrib5_name,attrib5_options,tag1,tag2,tag3,tag4,tag5,choice_ids,created_by,created_at,updated_by,updated_at,is_deleted,is_system,item_thumb,sys_sale_flag) values ("101000242","101000242",null,"305",null,"0",null,"0","Ginger Chicken (bone less)",null,"101000116","1","0","Ginger Chicken (bone less)","1",null,null,null,"0",null,"43","1.00000",null,null,"101000101","0","101000101",null,null,null,"300.00000","0.00000","0","0.00000","1","0","0","0",null,"0",null,"0",null,"0",null,"#FFFFFF","#841953",null,null,null,null,null,null,null,null,null,null,null,null,null,null,null,null,"0","2020-01-24 10:22:03.0",null,null,"0","0",null,"1");
DELETE FROM sale_item_ext WHERE id=101000242;
insert into sale_item_ext(id,kitchen_id,is_deleted,last_sync_at) values ("101000242","101000101","0","2020-01-23 23:52:03.0");
DELETE FROM stock_items WHERE id=101000243;
insert into stock_items(id,code,name,description,supplier_product_code,stock_item_attributes,stock_item_location,stock_item_category_id,prd_department_id,part_no,market_valuation_method,movement_method,uom_id,item_weight,qty_on_hand,unit_price,optimum_level,reorder_level,reorder_qty,preferred_supplier_id,last_purchase_unit_price,last_purchase_supplier_id,tax_id,tax_calculation_method,is_service_item,is_valid,is_manufactured,is_sellable,is_semi_finished,is_finished,sales_margin,is_sales_margin_percent,tax_percentage,qty_manufactured,top_consumption_rank,created_by,created_at,updated_by,updated_at,is_system,is_deleted) values ("101000243","CSCP","Chefs Special chicken peralan",null,null,"",null,null,null,null,"0",null,"43","1.00000",null,"800.00000",null,null,null,null,null,null,"101000101","1","0","1","0","1","0","0","0","0","0.00",null,"0","0","2020-01-24 10:22:03.0",null,null,"0","0");
DELETE FROM sale_items WHERE id=101000243;
insert into sale_items(id,stock_item_id,stock_item_code,code,hsn_code,is_group_item,group_item_id,is_combo_item,name,description,sub_class_id,is_valid,is_manufactured,alternative_name,is_printable_to_kitchen,name_to_print,alternative_name_to_print,barcode,is_open,qty_on_hand,uom_id,item_weight,profit_category_id,prd_department_id,tax_id,tax_exemption,tax_group_id,tax_id_home_service,tax_id_table_service,tax_id_take_away_service,fixed_price,whls_price,is_whls_price_pc,item_cost,tax_calculation_method,taxation_based_on,is_require_weighing,display_order,best_before,is_hot_item_1,hot_item_1_display_order,is_hot_item_2,hot_item_2_display_order,is_hot_item_3,hot_item_3_display_order,fg_color,bg_color,attrib1_name,attrib1_options,attrib2_name,attrib2_options,attrib3_name,attrib3_options,attrib4_name,attrib4_options,attrib5_name,attrib5_options,tag1,tag2,tag3,tag4,tag5,choice_ids,created_by,created_at,updated_by,updated_at,is_deleted,is_system,item_thumb,sys_sale_flag) values ("101000243","101000243",null,"CSCP",null,"0",null,"0","Chefs Special chicken peralan",null,"101000116","1","0","Chef s Special chicken peralan","1",null,null,null,"0",null,"43","1.00000",null,null,"101000101","0","101000101",null,null,null,"800.00000","0.00000","0","0.00000","1","0","0","0",null,"0",null,"0",null,"0",null,"#FFFFFF","#ff005f",null,null,null,null,null,null,null,null,null,null,null,null,null,null,null,null,"0","2020-01-24 10:22:03.0",null,null,"0","0",null,"1");
DELETE FROM sale_item_ext WHERE id=101000243;
insert into sale_item_ext(id,kitchen_id,is_deleted,last_sync_at) values ("101000243","101000101","0","2020-01-23 23:52:03.0");
DELETE FROM stock_items WHERE id=101000244;
insert into stock_items(id,code,name,description,supplier_product_code,stock_item_attributes,stock_item_location,stock_item_category_id,prd_department_id,part_no,market_valuation_method,movement_method,uom_id,item_weight,qty_on_hand,unit_price,optimum_level,reorder_level,reorder_qty,preferred_supplier_id,last_purchase_unit_price,last_purchase_supplier_id,tax_id,tax_calculation_method,is_service_item,is_valid,is_manufactured,is_sellable,is_semi_finished,is_finished,sales_margin,is_sales_margin_percent,tax_percentage,qty_manufactured,top_consumption_rank,created_by,created_at,updated_by,updated_at,is_system,is_deleted) values ("101000244","BEC","Beef Curry",null,null,"",null,null,null,null,"0",null,"43","1.00000",null,"220.00000",null,null,null,null,null,null,"101000101","1","0","1","0","1","0","0","0","0","0.00",null,"0","0","2020-01-24 10:22:04.0",null,null,"0","0");
DELETE FROM sale_items WHERE id=101000244;
insert into sale_items(id,stock_item_id,stock_item_code,code,hsn_code,is_group_item,group_item_id,is_combo_item,name,description,sub_class_id,is_valid,is_manufactured,alternative_name,is_printable_to_kitchen,name_to_print,alternative_name_to_print,barcode,is_open,qty_on_hand,uom_id,item_weight,profit_category_id,prd_department_id,tax_id,tax_exemption,tax_group_id,tax_id_home_service,tax_id_table_service,tax_id_take_away_service,fixed_price,whls_price,is_whls_price_pc,item_cost,tax_calculation_method,taxation_based_on,is_require_weighing,display_order,best_before,is_hot_item_1,hot_item_1_display_order,is_hot_item_2,hot_item_2_display_order,is_hot_item_3,hot_item_3_display_order,fg_color,bg_color,attrib1_name,attrib1_options,attrib2_name,attrib2_options,attrib3_name,attrib3_options,attrib4_name,attrib4_options,attrib5_name,attrib5_options,tag1,tag2,tag3,tag4,tag5,choice_ids,created_by,created_at,updated_by,updated_at,is_deleted,is_system,item_thumb,sys_sale_flag) values ("101000244","101000244",null,"BEC",null,"0",null,"0","Beef Curry",null,"101000116","1","0","Beef Curry","1",null,null,null,"0",null,"43","1.00000",null,null,"101000101","0","101000101",null,null,null,"220.00000","0.00000","0","0.00000","1","0","0","0",null,"0",null,"0",null,"0",null,"#FFFFFF","#2337ed",null,null,null,null,null,null,null,null,null,null,null,null,null,null,null,null,"0","2020-01-24 10:22:04.0",null,null,"0","0",null,"1");
DELETE FROM sale_item_ext WHERE id=101000244;
insert into sale_item_ext(id,kitchen_id,is_deleted,last_sync_at) values ("101000244","101000101","0","2020-01-23 23:52:04.0");
DELETE FROM stock_items WHERE id=101000245;
insert into stock_items(id,code,name,description,supplier_product_code,stock_item_attributes,stock_item_location,stock_item_category_id,prd_department_id,part_no,market_valuation_method,movement_method,uom_id,item_weight,qty_on_hand,unit_price,optimum_level,reorder_level,reorder_qty,preferred_supplier_id,last_purchase_unit_price,last_purchase_supplier_id,tax_id,tax_calculation_method,is_service_item,is_valid,is_manufactured,is_sellable,is_semi_finished,is_finished,sales_margin,is_sales_margin_percent,tax_percentage,qty_manufactured,top_consumption_rank,created_by,created_at,updated_by,updated_at,is_system,is_deleted) values ("101000245","CB","Chilly Beef",null,null,"",null,null,null,null,"0",null,"43","1.00000",null,"230.00000",null,null,null,null,null,null,"101000101","1","0","1","0","1","0","0","0","0","0.00",null,"0","0","2020-01-24 10:22:04.0",null,null,"0","0");
DELETE FROM sale_items WHERE id=101000245;
insert into sale_items(id,stock_item_id,stock_item_code,code,hsn_code,is_group_item,group_item_id,is_combo_item,name,description,sub_class_id,is_valid,is_manufactured,alternative_name,is_printable_to_kitchen,name_to_print,alternative_name_to_print,barcode,is_open,qty_on_hand,uom_id,item_weight,profit_category_id,prd_department_id,tax_id,tax_exemption,tax_group_id,tax_id_home_service,tax_id_table_service,tax_id_take_away_service,fixed_price,whls_price,is_whls_price_pc,item_cost,tax_calculation_method,taxation_based_on,is_require_weighing,display_order,best_before,is_hot_item_1,hot_item_1_display_order,is_hot_item_2,hot_item_2_display_order,is_hot_item_3,hot_item_3_display_order,fg_color,bg_color,attrib1_name,attrib1_options,attrib2_name,attrib2_options,attrib3_name,attrib3_options,attrib4_name,attrib4_options,attrib5_name,attrib5_options,tag1,tag2,tag3,tag4,tag5,choice_ids,created_by,created_at,updated_by,updated_at,is_deleted,is_system,item_thumb,sys_sale_flag) values ("101000245","101000245",null,"CB",null,"0",null,"0","Chilly Beef",null,"101000116","1","0","Chilly Beef","1",null,null,null,"0",null,"43","1.00000",null,null,"101000101","0","101000101",null,null,null,"230.00000","0.00000","0","0.00000","1","0","0","0",null,"0",null,"0",null,"0",null,"#FFFFFF","#e815ed",null,null,null,null,null,null,null,null,null,null,null,null,null,null,null,null,"0","2020-01-24 10:22:04.0",null,null,"0","0",null,"1");
DELETE FROM sale_item_ext WHERE id=101000245;
insert into sale_item_ext(id,kitchen_id,is_deleted,last_sync_at) values ("101000245","101000101","0","2020-01-23 23:52:04.0");
DELETE FROM stock_items WHERE id=101000246;
insert into stock_items(id,code,name,description,supplier_product_code,stock_item_attributes,stock_item_location,stock_item_category_id,prd_department_id,part_no,market_valuation_method,movement_method,uom_id,item_weight,qty_on_hand,unit_price,optimum_level,reorder_level,reorder_qty,preferred_supplier_id,last_purchase_unit_price,last_purchase_supplier_id,tax_id,tax_calculation_method,is_service_item,is_valid,is_manufactured,is_sellable,is_semi_finished,is_finished,sales_margin,is_sales_margin_percent,tax_percentage,qty_manufactured,top_consumption_rank,created_by,created_at,updated_by,updated_at,is_system,is_deleted) values ("101000246","37","Beef Roast",null,null,"",null,null,null,null,"0",null,"43","1.00000",null,"220.00000",null,null,null,null,null,null,"101000101","1","0","1","0","1","0","0","0","0","0.00",null,"0","0","2020-01-24 10:22:04.0",null,null,"0","0");
DELETE FROM sale_items WHERE id=101000246;
insert into sale_items(id,stock_item_id,stock_item_code,code,hsn_code,is_group_item,group_item_id,is_combo_item,name,description,sub_class_id,is_valid,is_manufactured,alternative_name,is_printable_to_kitchen,name_to_print,alternative_name_to_print,barcode,is_open,qty_on_hand,uom_id,item_weight,profit_category_id,prd_department_id,tax_id,tax_exemption,tax_group_id,tax_id_home_service,tax_id_table_service,tax_id_take_away_service,fixed_price,whls_price,is_whls_price_pc,item_cost,tax_calculation_method,taxation_based_on,is_require_weighing,display_order,best_before,is_hot_item_1,hot_item_1_display_order,is_hot_item_2,hot_item_2_display_order,is_hot_item_3,hot_item_3_display_order,fg_color,bg_color,attrib1_name,attrib1_options,attrib2_name,attrib2_options,attrib3_name,attrib3_options,attrib4_name,attrib4_options,attrib5_name,attrib5_options,tag1,tag2,tag3,tag4,tag5,choice_ids,created_by,created_at,updated_by,updated_at,is_deleted,is_system,item_thumb,sys_sale_flag) values ("101000246","101000246",null,"37",null,"0",null,"0","Beef Roast",null,"101000116","1","0","Beef Roast","1",null,null,null,"0",null,"43","1.00000",null,null,"101000101","0","101000101",null,null,null,"220.00000","0.00000","0","0.00000","1","0","0","0",null,"0",null,"0",null,"0",null,"#FFFFFF","#3926ad",null,null,null,null,null,null,null,null,null,null,null,null,null,null,null,null,"0","2020-01-24 10:22:04.0",null,null,"0","0",null,"1");
DELETE FROM sale_item_ext WHERE id=101000246;
insert into sale_item_ext(id,kitchen_id,is_deleted,last_sync_at) values ("101000246","101000101","0","2020-01-23 23:52:04.0");
DELETE FROM stock_items WHERE id=101000247;
insert into stock_items(id,code,name,description,supplier_product_code,stock_item_attributes,stock_item_location,stock_item_category_id,prd_department_id,part_no,market_valuation_method,movement_method,uom_id,item_weight,qty_on_hand,unit_price,optimum_level,reorder_level,reorder_qty,preferred_supplier_id,last_purchase_unit_price,last_purchase_supplier_id,tax_id,tax_calculation_method,is_service_item,is_valid,is_manufactured,is_sellable,is_semi_finished,is_finished,sales_margin,is_sales_margin_percent,tax_percentage,qty_manufactured,top_consumption_rank,created_by,created_at,updated_by,updated_at,is_system,is_deleted) values ("101000247","BPP","Beef Piralan",null,null,"",null,null,null,null,"0",null,"43","1.00000",null,"240.00000",null,null,null,null,null,null,"101000101","1","0","1","0","1","0","0","0","0","0.00",null,"0","0","2020-01-24 10:22:04.0",null,null,"0","0");
DELETE FROM sale_items WHERE id=101000247;
insert into sale_items(id,stock_item_id,stock_item_code,code,hsn_code,is_group_item,group_item_id,is_combo_item,name,description,sub_class_id,is_valid,is_manufactured,alternative_name,is_printable_to_kitchen,name_to_print,alternative_name_to_print,barcode,is_open,qty_on_hand,uom_id,item_weight,profit_category_id,prd_department_id,tax_id,tax_exemption,tax_group_id,tax_id_home_service,tax_id_table_service,tax_id_take_away_service,fixed_price,whls_price,is_whls_price_pc,item_cost,tax_calculation_method,taxation_based_on,is_require_weighing,display_order,best_before,is_hot_item_1,hot_item_1_display_order,is_hot_item_2,hot_item_2_display_order,is_hot_item_3,hot_item_3_display_order,fg_color,bg_color,attrib1_name,attrib1_options,attrib2_name,attrib2_options,attrib3_name,attrib3_options,attrib4_name,attrib4_options,attrib5_name,attrib5_options,tag1,tag2,tag3,tag4,tag5,choice_ids,created_by,created_at,updated_by,updated_at,is_deleted,is_system,item_thumb,sys_sale_flag) values ("101000247","101000247",null,"BPP",null,"0",null,"0","Beef Piralan",null,"101000116","1","0","Beef Piralan","1",null,null,null,"0",null,"43","1.00000",null,null,"101000101","0","101000101",null,null,null,"240.00000","0.00000","0","0.00000","1","0","0","0",null,"0",null,"0",null,"0",null,"#FFFFFF","#114734",null,null,null,null,null,null,null,null,null,null,null,null,null,null,null,null,"0","2020-01-24 10:22:04.0",null,null,"0","0",null,"1");
DELETE FROM sale_item_ext WHERE id=101000247;
insert into sale_item_ext(id,kitchen_id,is_deleted,last_sync_at) values ("101000247","101000101","0","2020-01-23 23:52:04.0");
DELETE FROM stock_items WHERE id=101000248;
insert into stock_items(id,code,name,description,supplier_product_code,stock_item_attributes,stock_item_location,stock_item_category_id,prd_department_id,part_no,market_valuation_method,movement_method,uom_id,item_weight,qty_on_hand,unit_price,optimum_level,reorder_level,reorder_qty,preferred_supplier_id,last_purchase_unit_price,last_purchase_supplier_id,tax_id,tax_calculation_method,is_service_item,is_valid,is_manufactured,is_sellable,is_semi_finished,is_finished,sales_margin,is_sales_margin_percent,tax_percentage,qty_manufactured,top_consumption_rank,created_by,created_at,updated_by,updated_at,is_system,is_deleted) values ("101000248","10","Fish Fry",null,null,"",null,null,null,null,"0",null,"43","1.00000",null,"0.00000",null,null,null,null,null,null,"101000101","1","0","1","0","1","0","0","0","0","0.00",null,"0","0","2020-01-24 10:22:04.0",null,null,"0","0");
DELETE FROM sale_items WHERE id=101000248;
insert into sale_items(id,stock_item_id,stock_item_code,code,hsn_code,is_group_item,group_item_id,is_combo_item,name,description,sub_class_id,is_valid,is_manufactured,alternative_name,is_printable_to_kitchen,name_to_print,alternative_name_to_print,barcode,is_open,qty_on_hand,uom_id,item_weight,profit_category_id,prd_department_id,tax_id,tax_exemption,tax_group_id,tax_id_home_service,tax_id_table_service,tax_id_take_away_service,fixed_price,whls_price,is_whls_price_pc,item_cost,tax_calculation_method,taxation_based_on,is_require_weighing,display_order,best_before,is_hot_item_1,hot_item_1_display_order,is_hot_item_2,hot_item_2_display_order,is_hot_item_3,hot_item_3_display_order,fg_color,bg_color,attrib1_name,attrib1_options,attrib2_name,attrib2_options,attrib3_name,attrib3_options,attrib4_name,attrib4_options,attrib5_name,attrib5_options,tag1,tag2,tag3,tag4,tag5,choice_ids,created_by,created_at,updated_by,updated_at,is_deleted,is_system,item_thumb,sys_sale_flag) values ("101000248","101000248",null,"10",null,"0",null,"0","Fish Fry",null,"101000117","1","0","Fish Fry","1",null,null,null,"1",null,"43","1.00000",null,null,"101000101","0","101000101",null,null,null,"0.00000","0.00000","0","0.00000","1","0","0","0",null,"0",null,"0",null,"0",null,"#FFFFFF","#126350",null,null,null,null,null,null,null,null,null,null,null,null,null,null,null,null,"0","2020-01-24 10:22:04.0",null,null,"0","0",null,"1");
DELETE FROM sale_item_ext WHERE id=101000248;
insert into sale_item_ext(id,kitchen_id,is_deleted,last_sync_at) values ("101000248","101000101","0","2020-01-23 23:52:04.0");
DELETE FROM stock_items WHERE id=101000249;
insert into stock_items(id,code,name,description,supplier_product_code,stock_item_attributes,stock_item_location,stock_item_category_id,prd_department_id,part_no,market_valuation_method,movement_method,uom_id,item_weight,qty_on_hand,unit_price,optimum_level,reorder_level,reorder_qty,preferred_supplier_id,last_purchase_unit_price,last_purchase_supplier_id,tax_id,tax_calculation_method,is_service_item,is_valid,is_manufactured,is_sellable,is_semi_finished,is_finished,sales_margin,is_sales_margin_percent,tax_percentage,qty_manufactured,top_consumption_rank,created_by,created_at,updated_by,updated_at,is_system,is_deleted) values ("101000249","42","Grilled Fish",null,null,"",null,null,null,null,"0",null,"43","1.00000",null,"0.00000",null,null,null,null,null,null,"101000101","1","0","1","0","1","0","0","0","0","0.00",null,"0","0","2020-01-24 10:22:04.0",null,null,"0","0");
DELETE FROM sale_items WHERE id=101000249;
insert into sale_items(id,stock_item_id,stock_item_code,code,hsn_code,is_group_item,group_item_id,is_combo_item,name,description,sub_class_id,is_valid,is_manufactured,alternative_name,is_printable_to_kitchen,name_to_print,alternative_name_to_print,barcode,is_open,qty_on_hand,uom_id,item_weight,profit_category_id,prd_department_id,tax_id,tax_exemption,tax_group_id,tax_id_home_service,tax_id_table_service,tax_id_take_away_service,fixed_price,whls_price,is_whls_price_pc,item_cost,tax_calculation_method,taxation_based_on,is_require_weighing,display_order,best_before,is_hot_item_1,hot_item_1_display_order,is_hot_item_2,hot_item_2_display_order,is_hot_item_3,hot_item_3_display_order,fg_color,bg_color,attrib1_name,attrib1_options,attrib2_name,attrib2_options,attrib3_name,attrib3_options,attrib4_name,attrib4_options,attrib5_name,attrib5_options,tag1,tag2,tag3,tag4,tag5,choice_ids,created_by,created_at,updated_by,updated_at,is_deleted,is_system,item_thumb,sys_sale_flag) values ("101000249","101000249",null,"42",null,"0",null,"0","Grilled Fish",null,"101000117","1","0","Grilled Fish","1",null,null,null,"1",null,"43","1.00000",null,null,"101000101","0","101000101",null,null,null,"0.00000","0.00000","0","0.00000","1","0","0","0",null,"0",null,"0",null,"0",null,"#FFFFFF","#352808",null,null,null,null,null,null,null,null,null,null,null,null,null,null,null,null,"0","2020-01-24 10:22:04.0",null,null,"0","0",null,"1");
DELETE FROM sale_item_ext WHERE id=101000249;
insert into sale_item_ext(id,kitchen_id,is_deleted,last_sync_at) values ("101000249","101000101","0","2020-01-23 23:52:04.0");
DELETE FROM stock_items WHERE id=101000250;
insert into stock_items(id,code,name,description,supplier_product_code,stock_item_attributes,stock_item_location,stock_item_category_id,prd_department_id,part_no,market_valuation_method,movement_method,uom_id,item_weight,qty_on_hand,unit_price,optimum_level,reorder_level,reorder_qty,preferred_supplier_id,last_purchase_unit_price,last_purchase_supplier_id,tax_id,tax_calculation_method,is_service_item,is_valid,is_manufactured,is_sellable,is_semi_finished,is_finished,sales_margin,is_sales_margin_percent,tax_percentage,qty_manufactured,top_consumption_rank,created_by,created_at,updated_by,updated_at,is_system,is_deleted) values ("101000250","6","Fish Roast",null,null,"",null,null,null,null,"0",null,"43","1.00000",null,"0.00000",null,null,null,null,null,null,"101000101","1","0","1","0","1","0","0","0","0","0.00",null,"0","0","2020-01-24 10:22:04.0",null,null,"0","0");
DELETE FROM sale_items WHERE id=101000250;
insert into sale_items(id,stock_item_id,stock_item_code,code,hsn_code,is_group_item,group_item_id,is_combo_item,name,description,sub_class_id,is_valid,is_manufactured,alternative_name,is_printable_to_kitchen,name_to_print,alternative_name_to_print,barcode,is_open,qty_on_hand,uom_id,item_weight,profit_category_id,prd_department_id,tax_id,tax_exemption,tax_group_id,tax_id_home_service,tax_id_table_service,tax_id_take_away_service,fixed_price,whls_price,is_whls_price_pc,item_cost,tax_calculation_method,taxation_based_on,is_require_weighing,display_order,best_before,is_hot_item_1,hot_item_1_display_order,is_hot_item_2,hot_item_2_display_order,is_hot_item_3,hot_item_3_display_order,fg_color,bg_color,attrib1_name,attrib1_options,attrib2_name,attrib2_options,attrib3_name,attrib3_options,attrib4_name,attrib4_options,attrib5_name,attrib5_options,tag1,tag2,tag3,tag4,tag5,choice_ids,created_by,created_at,updated_by,updated_at,is_deleted,is_system,item_thumb,sys_sale_flag) values ("101000250","101000250",null,"6",null,"0",null,"0","Fish Roast",null,"101000117","1","0","Fish Roast","1",null,null,null,"1",null,"43","1.00000",null,null,"101000101","0","101000101",null,null,null,"0.00000","0.00000","0","0.00000","1","0","0","0",null,"0",null,"0",null,"0",null,"#FFFFFF","#175f93",null,null,null,null,null,null,null,null,null,null,null,null,null,null,null,null,"0","2020-01-24 10:22:04.0",null,null,"0","0",null,"1");
DELETE FROM sale_item_ext WHERE id=101000250;
insert into sale_item_ext(id,kitchen_id,is_deleted,last_sync_at) values ("101000250","101000101","0","2020-01-23 23:52:04.0");
DELETE FROM stock_items WHERE id=101000251;
insert into stock_items(id,code,name,description,supplier_product_code,stock_item_attributes,stock_item_location,stock_item_category_id,prd_department_id,part_no,market_valuation_method,movement_method,uom_id,item_weight,qty_on_hand,unit_price,optimum_level,reorder_level,reorder_qty,preferred_supplier_id,last_purchase_unit_price,last_purchase_supplier_id,tax_id,tax_calculation_method,is_service_item,is_valid,is_manufactured,is_sellable,is_semi_finished,is_finished,sales_margin,is_sales_margin_percent,tax_percentage,qty_manufactured,top_consumption_rank,created_by,created_at,updated_by,updated_at,is_system,is_deleted) values ("101000251","7","Fish Masala",null,null,"",null,null,null,null,"0",null,"43","1.00000",null,"0.00000",null,null,null,null,null,null,"101000101","1","0","1","0","1","0","0","0","0","0.00",null,"0","0","2020-01-24 10:22:04.0",null,null,"0","0");
DELETE FROM sale_items WHERE id=101000251;
insert into sale_items(id,stock_item_id,stock_item_code,code,hsn_code,is_group_item,group_item_id,is_combo_item,name,description,sub_class_id,is_valid,is_manufactured,alternative_name,is_printable_to_kitchen,name_to_print,alternative_name_to_print,barcode,is_open,qty_on_hand,uom_id,item_weight,profit_category_id,prd_department_id,tax_id,tax_exemption,tax_group_id,tax_id_home_service,tax_id_table_service,tax_id_take_away_service,fixed_price,whls_price,is_whls_price_pc,item_cost,tax_calculation_method,taxation_based_on,is_require_weighing,display_order,best_before,is_hot_item_1,hot_item_1_display_order,is_hot_item_2,hot_item_2_display_order,is_hot_item_3,hot_item_3_display_order,fg_color,bg_color,attrib1_name,attrib1_options,attrib2_name,attrib2_options,attrib3_name,attrib3_options,attrib4_name,attrib4_options,attrib5_name,attrib5_options,tag1,tag2,tag3,tag4,tag5,choice_ids,created_by,created_at,updated_by,updated_at,is_deleted,is_system,item_thumb,sys_sale_flag) values ("101000251","101000251",null,"7",null,"0",null,"0","Fish Masala",null,"101000117","1","0","Fish Masala","1",null,null,null,"1",null,"43","1.00000",null,null,"101000101","0","101000101",null,null,null,"0.00000","0.00000","0","0.00000","1","0","0","0",null,"0",null,"0",null,"0",null,"#FFFFFF","#1c420f",null,null,null,null,null,null,null,null,null,null,null,null,null,null,null,null,"0","2020-01-24 10:22:04.0",null,null,"0","0",null,"1");
DELETE FROM sale_item_ext WHERE id=101000251;
insert into sale_item_ext(id,kitchen_id,is_deleted,last_sync_at) values ("101000251","101000101","0","2020-01-23 23:52:04.0");
DELETE FROM stock_items WHERE id=101000252;
insert into stock_items(id,code,name,description,supplier_product_code,stock_item_attributes,stock_item_location,stock_item_category_id,prd_department_id,part_no,market_valuation_method,movement_method,uom_id,item_weight,qty_on_hand,unit_price,optimum_level,reorder_level,reorder_qty,preferred_supplier_id,last_purchase_unit_price,last_purchase_supplier_id,tax_id,tax_calculation_method,is_service_item,is_valid,is_manufactured,is_sellable,is_semi_finished,is_finished,sales_margin,is_sales_margin_percent,tax_percentage,qty_manufactured,top_consumption_rank,created_by,created_at,updated_by,updated_at,is_system,is_deleted) values ("101000252","8","Fish Molee",null,null,"",null,null,null,null,"0",null,"43","1.00000",null,"0.00000",null,null,null,null,null,null,"101000101","1","0","1","0","1","0","0","0","0","0.00",null,"0","0","2020-01-24 10:22:04.0",null,null,"0","0");
DELETE FROM sale_items WHERE id=101000252;
insert into sale_items(id,stock_item_id,stock_item_code,code,hsn_code,is_group_item,group_item_id,is_combo_item,name,description,sub_class_id,is_valid,is_manufactured,alternative_name,is_printable_to_kitchen,name_to_print,alternative_name_to_print,barcode,is_open,qty_on_hand,uom_id,item_weight,profit_category_id,prd_department_id,tax_id,tax_exemption,tax_group_id,tax_id_home_service,tax_id_table_service,tax_id_take_away_service,fixed_price,whls_price,is_whls_price_pc,item_cost,tax_calculation_method,taxation_based_on,is_require_weighing,display_order,best_before,is_hot_item_1,hot_item_1_display_order,is_hot_item_2,hot_item_2_display_order,is_hot_item_3,hot_item_3_display_order,fg_color,bg_color,attrib1_name,attrib1_options,attrib2_name,attrib2_options,attrib3_name,attrib3_options,attrib4_name,attrib4_options,attrib5_name,attrib5_options,tag1,tag2,tag3,tag4,tag5,choice_ids,created_by,created_at,updated_by,updated_at,is_deleted,is_system,item_thumb,sys_sale_flag) values ("101000252","101000252",null,"8",null,"0",null,"0","Fish Molee",null,"101000117","1","0","Fish Molee","1",null,null,null,"1",null,"43","1.00000",null,null,"101000101","0","101000101",null,null,null,"0.00000","0.00000","0","0.00000","1","0","0","0",null,"0",null,"0",null,"0",null,"#FFFFFF","#155e68",null,null,null,null,null,null,null,null,null,null,null,null,null,null,null,null,"0","2020-01-24 10:22:04.0",null,null,"0","0",null,"1");
DELETE FROM sale_item_ext WHERE id=101000252;
insert into sale_item_ext(id,kitchen_id,is_deleted,last_sync_at) values ("101000252","101000101","0","2020-01-23 23:52:04.0");
DELETE FROM stock_items WHERE id=101000253;
insert into stock_items(id,code,name,description,supplier_product_code,stock_item_attributes,stock_item_location,stock_item_category_id,prd_department_id,part_no,market_valuation_method,movement_method,uom_id,item_weight,qty_on_hand,unit_price,optimum_level,reorder_level,reorder_qty,preferred_supplier_id,last_purchase_unit_price,last_purchase_supplier_id,tax_id,tax_calculation_method,is_service_item,is_valid,is_manufactured,is_sellable,is_semi_finished,is_finished,sales_margin,is_sales_margin_percent,tax_percentage,qty_manufactured,top_consumption_rank,created_by,created_at,updated_by,updated_at,is_system,is_deleted) values ("101000253","9","Fish Mappas",null,null,"",null,null,null,null,"0",null,"43","1.00000",null,"0.00000",null,null,null,null,null,null,"101000101","1","0","1","0","1","0","0","0","0","0.00",null,"0","0","2020-01-24 10:22:04.0",null,null,"0","0");
DELETE FROM sale_items WHERE id=101000253;
insert into sale_items(id,stock_item_id,stock_item_code,code,hsn_code,is_group_item,group_item_id,is_combo_item,name,description,sub_class_id,is_valid,is_manufactured,alternative_name,is_printable_to_kitchen,name_to_print,alternative_name_to_print,barcode,is_open,qty_on_hand,uom_id,item_weight,profit_category_id,prd_department_id,tax_id,tax_exemption,tax_group_id,tax_id_home_service,tax_id_table_service,tax_id_take_away_service,fixed_price,whls_price,is_whls_price_pc,item_cost,tax_calculation_method,taxation_based_on,is_require_weighing,display_order,best_before,is_hot_item_1,hot_item_1_display_order,is_hot_item_2,hot_item_2_display_order,is_hot_item_3,hot_item_3_display_order,fg_color,bg_color,attrib1_name,attrib1_options,attrib2_name,attrib2_options,attrib3_name,attrib3_options,attrib4_name,attrib4_options,attrib5_name,attrib5_options,tag1,tag2,tag3,tag4,tag5,choice_ids,created_by,created_at,updated_by,updated_at,is_deleted,is_system,item_thumb,sys_sale_flag) values ("101000253","101000253",null,"9",null,"0",null,"0","Fish Mappas",null,"101000117","1","0","Fish Mappas","1",null,null,null,"1",null,"43","1.00000",null,null,"101000101","0","101000101",null,null,null,"0.00000","0.00000","0","0.00000","1","0","0","0",null,"0",null,"0",null,"0",null,"#FFFFFF","#1d4240",null,null,null,null,null,null,null,null,null,null,null,null,null,null,null,null,"0","2020-01-24 10:22:04.0",null,null,"0","0",null,"1");
DELETE FROM sale_item_ext WHERE id=101000253;
insert into sale_item_ext(id,kitchen_id,is_deleted,last_sync_at) values ("101000253","101000101","0","2020-01-23 23:52:04.0");
DELETE FROM stock_items WHERE id=101000254;
insert into stock_items(id,code,name,description,supplier_product_code,stock_item_attributes,stock_item_location,stock_item_category_id,prd_department_id,part_no,market_valuation_method,movement_method,uom_id,item_weight,qty_on_hand,unit_price,optimum_level,reorder_level,reorder_qty,preferred_supplier_id,last_purchase_unit_price,last_purchase_supplier_id,tax_id,tax_calculation_method,is_service_item,is_valid,is_manufactured,is_sellable,is_semi_finished,is_finished,sales_margin,is_sales_margin_percent,tax_percentage,qty_manufactured,top_consumption_rank,created_by,created_at,updated_by,updated_at,is_system,is_deleted) values ("101000254","41","Fish Pollichathu",null,null,"",null,null,null,null,"0",null,"43","1.00000",null,"0.00000",null,null,null,null,null,null,"101000101","1","0","1","0","1","0","0","0","0","0.00",null,"0","0","2020-01-24 10:22:04.0",null,null,"0","0");
DELETE FROM sale_items WHERE id=101000254;
insert into sale_items(id,stock_item_id,stock_item_code,code,hsn_code,is_group_item,group_item_id,is_combo_item,name,description,sub_class_id,is_valid,is_manufactured,alternative_name,is_printable_to_kitchen,name_to_print,alternative_name_to_print,barcode,is_open,qty_on_hand,uom_id,item_weight,profit_category_id,prd_department_id,tax_id,tax_exemption,tax_group_id,tax_id_home_service,tax_id_table_service,tax_id_take_away_service,fixed_price,whls_price,is_whls_price_pc,item_cost,tax_calculation_method,taxation_based_on,is_require_weighing,display_order,best_before,is_hot_item_1,hot_item_1_display_order,is_hot_item_2,hot_item_2_display_order,is_hot_item_3,hot_item_3_display_order,fg_color,bg_color,attrib1_name,attrib1_options,attrib2_name,attrib2_options,attrib3_name,attrib3_options,attrib4_name,attrib4_options,attrib5_name,attrib5_options,tag1,tag2,tag3,tag4,tag5,choice_ids,created_by,created_at,updated_by,updated_at,is_deleted,is_system,item_thumb,sys_sale_flag) values ("101000254","101000254",null,"41",null,"0",null,"0","Fish Pollichathu",null,"101000117","1","0","Fish Pollichathu","1",null,null,null,"1",null,"43","1.00000",null,null,"101000101","0","101000101",null,null,null,"0.00000","0.00000","0","0.00000","1","0","0","0",null,"0",null,"0",null,"0",null,"#FFFFFF","#133372",null,null,null,null,null,null,null,null,null,null,null,null,null,null,null,null,"0","2020-01-24 10:22:04.0",null,null,"0","0",null,"1");
DELETE FROM sale_item_ext WHERE id=101000254;
insert into sale_item_ext(id,kitchen_id,is_deleted,last_sync_at) values ("101000254","101000101","0","2020-01-23 23:52:04.0");
DELETE FROM stock_items WHERE id=101000255;
insert into stock_items(id,code,name,description,supplier_product_code,stock_item_attributes,stock_item_location,stock_item_category_id,prd_department_id,part_no,market_valuation_method,movement_method,uom_id,item_weight,qty_on_hand,unit_price,optimum_level,reorder_level,reorder_qty,preferred_supplier_id,last_purchase_unit_price,last_purchase_supplier_id,tax_id,tax_calculation_method,is_service_item,is_valid,is_manufactured,is_sellable,is_semi_finished,is_finished,sales_margin,is_sales_margin_percent,tax_percentage,qty_manufactured,top_consumption_rank,created_by,created_at,updated_by,updated_at,is_system,is_deleted) values ("101000255","44","Prawns Chatti Curry",null,null,"",null,null,null,null,"0",null,"43","1.00000",null,"300.00000",null,null,null,null,null,null,"101000101","1","0","1","0","1","0","0","0","0","0.00",null,"0","0","2020-01-24 10:22:04.0",null,null,"0","0");
DELETE FROM sale_items WHERE id=101000255;
insert into sale_items(id,stock_item_id,stock_item_code,code,hsn_code,is_group_item,group_item_id,is_combo_item,name,description,sub_class_id,is_valid,is_manufactured,alternative_name,is_printable_to_kitchen,name_to_print,alternative_name_to_print,barcode,is_open,qty_on_hand,uom_id,item_weight,profit_category_id,prd_department_id,tax_id,tax_exemption,tax_group_id,tax_id_home_service,tax_id_table_service,tax_id_take_away_service,fixed_price,whls_price,is_whls_price_pc,item_cost,tax_calculation_method,taxation_based_on,is_require_weighing,display_order,best_before,is_hot_item_1,hot_item_1_display_order,is_hot_item_2,hot_item_2_display_order,is_hot_item_3,hot_item_3_display_order,fg_color,bg_color,attrib1_name,attrib1_options,attrib2_name,attrib2_options,attrib3_name,attrib3_options,attrib4_name,attrib4_options,attrib5_name,attrib5_options,tag1,tag2,tag3,tag4,tag5,choice_ids,created_by,created_at,updated_by,updated_at,is_deleted,is_system,item_thumb,sys_sale_flag) values ("101000255","101000255",null,"44",null,"0",null,"0","Prawns Chatti Curry",null,"101000117","1","0","Prawns Chatti Curry","1",null,null,null,"1",null,"43","1.00000",null,null,"101000101","0","101000101",null,null,null,"300.00000","0.00000","0","0.00000","1","0","0","0",null,"0",null,"0",null,"0",null,"#FFFFFF","#0e443b",null,null,null,null,null,null,null,null,null,null,null,null,null,null,null,null,"0","2020-01-24 10:22:04.0",null,null,"0","0",null,"1");
DELETE FROM sale_item_ext WHERE id=101000255;
insert into sale_item_ext(id,kitchen_id,is_deleted,last_sync_at) values ("101000255","101000101","0","2020-01-23 23:52:04.0");
DELETE FROM stock_items WHERE id=101000256;
insert into stock_items(id,code,name,description,supplier_product_code,stock_item_attributes,stock_item_location,stock_item_category_id,prd_department_id,part_no,market_valuation_method,movement_method,uom_id,item_weight,qty_on_hand,unit_price,optimum_level,reorder_level,reorder_qty,preferred_supplier_id,last_purchase_unit_price,last_purchase_supplier_id,tax_id,tax_calculation_method,is_service_item,is_valid,is_manufactured,is_sellable,is_semi_finished,is_finished,sales_margin,is_sales_margin_percent,tax_percentage,qty_manufactured,top_consumption_rank,created_by,created_at,updated_by,updated_at,is_system,is_deleted) values ("101000256","11","Prawns Masala",null,null,"",null,null,null,null,"0",null,"43","1.00000",null,"300.00000",null,null,null,null,null,null,"101000101","1","0","1","0","1","0","0","0","0","0.00",null,"0","0","2020-01-24 10:22:04.0",null,null,"0","0");
DELETE FROM sale_items WHERE id=101000256;
insert into sale_items(id,stock_item_id,stock_item_code,code,hsn_code,is_group_item,group_item_id,is_combo_item,name,description,sub_class_id,is_valid,is_manufactured,alternative_name,is_printable_to_kitchen,name_to_print,alternative_name_to_print,barcode,is_open,qty_on_hand,uom_id,item_weight,profit_category_id,prd_department_id,tax_id,tax_exemption,tax_group_id,tax_id_home_service,tax_id_table_service,tax_id_take_away_service,fixed_price,whls_price,is_whls_price_pc,item_cost,tax_calculation_method,taxation_based_on,is_require_weighing,display_order,best_before,is_hot_item_1,hot_item_1_display_order,is_hot_item_2,hot_item_2_display_order,is_hot_item_3,hot_item_3_display_order,fg_color,bg_color,attrib1_name,attrib1_options,attrib2_name,attrib2_options,attrib3_name,attrib3_options,attrib4_name,attrib4_options,attrib5_name,attrib5_options,tag1,tag2,tag3,tag4,tag5,choice_ids,created_by,created_at,updated_by,updated_at,is_deleted,is_system,item_thumb,sys_sale_flag) values ("101000256","101000256",null,"11",null,"0",null,"0","Prawns Masala",null,"101000117","1","0","Prawns Masala","1",null,null,null,"0",null,"43","1.00000",null,null,"101000101","0","101000101",null,null,null,"300.00000","0.00000","0","0.00000","1","0","0","0",null,"0",null,"0",null,"0",null,"#FFFFFF","#1c6166",null,null,null,null,null,null,null,null,null,null,null,null,null,null,null,null,"0","2020-01-24 10:22:04.0",null,null,"0","0",null,"1");
DELETE FROM sale_item_ext WHERE id=101000256;
insert into sale_item_ext(id,kitchen_id,is_deleted,last_sync_at) values ("101000256","101000101","0","2020-01-23 23:52:04.0");
DELETE FROM stock_items WHERE id=101000257;
insert into stock_items(id,code,name,description,supplier_product_code,stock_item_attributes,stock_item_location,stock_item_category_id,prd_department_id,part_no,market_valuation_method,movement_method,uom_id,item_weight,qty_on_hand,unit_price,optimum_level,reorder_level,reorder_qty,preferred_supplier_id,last_purchase_unit_price,last_purchase_supplier_id,tax_id,tax_calculation_method,is_service_item,is_valid,is_manufactured,is_sellable,is_semi_finished,is_finished,sales_margin,is_sales_margin_percent,tax_percentage,qty_manufactured,top_consumption_rank,created_by,created_at,updated_by,updated_at,is_system,is_deleted) values ("101000257","SQ","Squid Rost",null,null,"",null,null,null,null,"0",null,"43","1.00000",null,"250.00000",null,null,null,null,null,null,"101000101","1","0","1","0","1","0","0","0","0","0.00",null,"0","0","2020-01-24 10:22:04.0",null,null,"0","0");
DELETE FROM sale_items WHERE id=101000257;
insert into sale_items(id,stock_item_id,stock_item_code,code,hsn_code,is_group_item,group_item_id,is_combo_item,name,description,sub_class_id,is_valid,is_manufactured,alternative_name,is_printable_to_kitchen,name_to_print,alternative_name_to_print,barcode,is_open,qty_on_hand,uom_id,item_weight,profit_category_id,prd_department_id,tax_id,tax_exemption,tax_group_id,tax_id_home_service,tax_id_table_service,tax_id_take_away_service,fixed_price,whls_price,is_whls_price_pc,item_cost,tax_calculation_method,taxation_based_on,is_require_weighing,display_order,best_before,is_hot_item_1,hot_item_1_display_order,is_hot_item_2,hot_item_2_display_order,is_hot_item_3,hot_item_3_display_order,fg_color,bg_color,attrib1_name,attrib1_options,attrib2_name,attrib2_options,attrib3_name,attrib3_options,attrib4_name,attrib4_options,attrib5_name,attrib5_options,tag1,tag2,tag3,tag4,tag5,choice_ids,created_by,created_at,updated_by,updated_at,is_deleted,is_system,item_thumb,sys_sale_flag) values ("101000257","101000257",null,"SQ",null,"0",null,"0","Squid Rost",null,"101000117","1","0","Squid Rost","1",null,null,null,"0",null,"43","1.00000",null,null,"101000101","0","101000101",null,null,null,"250.00000","0.00000","0","0.00000","1","0","0","0",null,"0",null,"0",null,"0",null,"#FFFFFF","#08470b",null,null,null,null,null,null,null,null,null,null,null,null,null,null,null,null,"0","2020-01-24 10:22:04.0",null,null,"0","0",null,"1");
DELETE FROM sale_item_ext WHERE id=101000257;
insert into sale_item_ext(id,kitchen_id,is_deleted,last_sync_at) values ("101000257","101000101","0","2020-01-23 23:52:04.0");
DELETE FROM stock_items WHERE id=101000258;
insert into stock_items(id,code,name,description,supplier_product_code,stock_item_attributes,stock_item_location,stock_item_category_id,prd_department_id,part_no,market_valuation_method,movement_method,uom_id,item_weight,qty_on_hand,unit_price,optimum_level,reorder_level,reorder_qty,preferred_supplier_id,last_purchase_unit_price,last_purchase_supplier_id,tax_id,tax_calculation_method,is_service_item,is_valid,is_manufactured,is_sellable,is_semi_finished,is_finished,sales_margin,is_sales_margin_percent,tax_percentage,qty_manufactured,top_consumption_rank,created_by,created_at,updated_by,updated_at,is_system,is_deleted) values ("101000258","CRC","Crab Chatti Curry",null,null,"",null,null,null,null,"0",null,"43","1.00000",null,"320.00000",null,null,null,null,null,null,"101000101","1","0","1","0","1","0","0","0","0","0.00",null,"0","0","2020-01-24 10:22:04.0",null,null,"0","0");
DELETE FROM sale_items WHERE id=101000258;
insert into sale_items(id,stock_item_id,stock_item_code,code,hsn_code,is_group_item,group_item_id,is_combo_item,name,description,sub_class_id,is_valid,is_manufactured,alternative_name,is_printable_to_kitchen,name_to_print,alternative_name_to_print,barcode,is_open,qty_on_hand,uom_id,item_weight,profit_category_id,prd_department_id,tax_id,tax_exemption,tax_group_id,tax_id_home_service,tax_id_table_service,tax_id_take_away_service,fixed_price,whls_price,is_whls_price_pc,item_cost,tax_calculation_method,taxation_based_on,is_require_weighing,display_order,best_before,is_hot_item_1,hot_item_1_display_order,is_hot_item_2,hot_item_2_display_order,is_hot_item_3,hot_item_3_display_order,fg_color,bg_color,attrib1_name,attrib1_options,attrib2_name,attrib2_options,attrib3_name,attrib3_options,attrib4_name,attrib4_options,attrib5_name,attrib5_options,tag1,tag2,tag3,tag4,tag5,choice_ids,created_by,created_at,updated_by,updated_at,is_deleted,is_system,item_thumb,sys_sale_flag) values ("101000258","101000258",null,"CRC",null,"0",null,"0","Crab Chatti Curry",null,"101000117","1","0","Crab Chatti Curry","1",null,null,null,"0",null,"43","1.00000",null,null,"101000101","0","101000101",null,null,null,"320.00000","0.00000","0","0.00000","1","0","0","0",null,"0",null,"0",null,"0",null,"#FFFFFF","#841953",null,null,null,null,null,null,null,null,null,null,null,null,null,null,null,null,"0","2020-01-24 10:22:04.0",null,null,"0","0",null,"1");
DELETE FROM sale_item_ext WHERE id=101000258;
insert into sale_item_ext(id,kitchen_id,is_deleted,last_sync_at) values ("101000258","101000101","0","2020-01-23 23:52:04.0");
DELETE FROM stock_items WHERE id=101000259;
insert into stock_items(id,code,name,description,supplier_product_code,stock_item_attributes,stock_item_location,stock_item_category_id,prd_department_id,part_no,market_valuation_method,movement_method,uom_id,item_weight,qty_on_hand,unit_price,optimum_level,reorder_level,reorder_qty,preferred_supplier_id,last_purchase_unit_price,last_purchase_supplier_id,tax_id,tax_calculation_method,is_service_item,is_valid,is_manufactured,is_sellable,is_semi_finished,is_finished,sales_margin,is_sales_margin_percent,tax_percentage,qty_manufactured,top_consumption_rank,created_by,created_at,updated_by,updated_at,is_system,is_deleted) values ("101000259","23","Tiger Prawns Chatti Curry",null,null,"",null,null,null,null,"0",null,"43","1.00000",null,"600.00000",null,null,null,null,null,null,"101000101","1","0","1","0","1","0","0","0","0","0.00",null,"0","0","2020-01-24 10:22:04.0",null,null,"0","0");
DELETE FROM sale_items WHERE id=101000259;
insert into sale_items(id,stock_item_id,stock_item_code,code,hsn_code,is_group_item,group_item_id,is_combo_item,name,description,sub_class_id,is_valid,is_manufactured,alternative_name,is_printable_to_kitchen,name_to_print,alternative_name_to_print,barcode,is_open,qty_on_hand,uom_id,item_weight,profit_category_id,prd_department_id,tax_id,tax_exemption,tax_group_id,tax_id_home_service,tax_id_table_service,tax_id_take_away_service,fixed_price,whls_price,is_whls_price_pc,item_cost,tax_calculation_method,taxation_based_on,is_require_weighing,display_order,best_before,is_hot_item_1,hot_item_1_display_order,is_hot_item_2,hot_item_2_display_order,is_hot_item_3,hot_item_3_display_order,fg_color,bg_color,attrib1_name,attrib1_options,attrib2_name,attrib2_options,attrib3_name,attrib3_options,attrib4_name,attrib4_options,attrib5_name,attrib5_options,tag1,tag2,tag3,tag4,tag5,choice_ids,created_by,created_at,updated_by,updated_at,is_deleted,is_system,item_thumb,sys_sale_flag) values ("101000259","101000259",null,"23",null,"0",null,"0","Tiger Prawns Chatti Curry",null,"101000117","1","0","Tiger Prawns Chatti Curry","1",null,null,null,"0",null,"43","1.00000",null,null,"101000101","0","101000101",null,null,null,"600.00000","0.00000","0","0.00000","1","0","0","0",null,"0",null,"0",null,"0",null,"#FFFFFF","#ff005f",null,null,null,null,null,null,null,null,null,null,null,null,null,null,null,null,"0","2020-01-24 10:22:04.0",null,null,"0","0",null,"1");
DELETE FROM sale_item_ext WHERE id=101000259;
insert into sale_item_ext(id,kitchen_id,is_deleted,last_sync_at) values ("101000259","101000101","0","2020-01-23 23:52:04.0");
DELETE FROM stock_items WHERE id=101000260;
insert into stock_items(id,code,name,description,supplier_product_code,stock_item_attributes,stock_item_location,stock_item_category_id,prd_department_id,part_no,market_valuation_method,movement_method,uom_id,item_weight,qty_on_hand,unit_price,optimum_level,reorder_level,reorder_qty,preferred_supplier_id,last_purchase_unit_price,last_purchase_supplier_id,tax_id,tax_calculation_method,is_service_item,is_valid,is_manufactured,is_sellable,is_semi_finished,is_finished,sales_margin,is_sales_margin_percent,tax_percentage,qty_manufactured,top_consumption_rank,created_by,created_at,updated_by,updated_at,is_system,is_deleted) values ("101000260","22","Tiger Prawns Masala ",null,null,"",null,null,null,null,"0",null,"43","1.00000",null,"600.00000",null,null,null,null,null,null,"101000101","1","0","1","0","1","0","0","0","0","0.00",null,"0","0","2020-01-24 10:22:04.0",null,null,"0","0");
DELETE FROM sale_items WHERE id=101000260;
insert into sale_items(id,stock_item_id,stock_item_code,code,hsn_code,is_group_item,group_item_id,is_combo_item,name,description,sub_class_id,is_valid,is_manufactured,alternative_name,is_printable_to_kitchen,name_to_print,alternative_name_to_print,barcode,is_open,qty_on_hand,uom_id,item_weight,profit_category_id,prd_department_id,tax_id,tax_exemption,tax_group_id,tax_id_home_service,tax_id_table_service,tax_id_take_away_service,fixed_price,whls_price,is_whls_price_pc,item_cost,tax_calculation_method,taxation_based_on,is_require_weighing,display_order,best_before,is_hot_item_1,hot_item_1_display_order,is_hot_item_2,hot_item_2_display_order,is_hot_item_3,hot_item_3_display_order,fg_color,bg_color,attrib1_name,attrib1_options,attrib2_name,attrib2_options,attrib3_name,attrib3_options,attrib4_name,attrib4_options,attrib5_name,attrib5_options,tag1,tag2,tag3,tag4,tag5,choice_ids,created_by,created_at,updated_by,updated_at,is_deleted,is_system,item_thumb,sys_sale_flag) values ("101000260","101000260",null,"22",null,"0",null,"0","Tiger Prawns Masala ",null,"101000117","1","0","Tiger Prawns Masala ","1",null,null,null,"0",null,"43","1.00000",null,null,"101000101","0","101000101",null,null,null,"600.00000","0.00000","0","0.00000","1","0","0","0",null,"0",null,"0",null,"0",null,"#FFFFFF","#2337ed",null,null,null,null,null,null,null,null,null,null,null,null,null,null,null,null,"0","2020-01-24 10:22:04.0",null,null,"0","0",null,"1");
DELETE FROM sale_item_ext WHERE id=101000260;
insert into sale_item_ext(id,kitchen_id,is_deleted,last_sync_at) values ("101000260","101000101","0","2020-01-23 23:52:04.0");
DELETE FROM stock_items WHERE id=101000261;
insert into stock_items(id,code,name,description,supplier_product_code,stock_item_attributes,stock_item_location,stock_item_category_id,prd_department_id,part_no,market_valuation_method,movement_method,uom_id,item_weight,qty_on_hand,unit_price,optimum_level,reorder_level,reorder_qty,preferred_supplier_id,last_purchase_unit_price,last_purchase_supplier_id,tax_id,tax_calculation_method,is_service_item,is_valid,is_manufactured,is_sellable,is_semi_finished,is_finished,sales_margin,is_sales_margin_percent,tax_percentage,qty_manufactured,top_consumption_rank,created_by,created_at,updated_by,updated_at,is_system,is_deleted) values ("101000261","24","Seafood Platter ",null,null,"",null,null,null,null,"0",null,"43","1.00000",null,"0.00000",null,null,null,null,null,null,"101000101","1","0","1","0","1","0","0","0","0","0.00",null,"0","0","2020-01-24 10:22:04.0",null,null,"0","0");
DELETE FROM sale_items WHERE id=101000261;
insert into sale_items(id,stock_item_id,stock_item_code,code,hsn_code,is_group_item,group_item_id,is_combo_item,name,description,sub_class_id,is_valid,is_manufactured,alternative_name,is_printable_to_kitchen,name_to_print,alternative_name_to_print,barcode,is_open,qty_on_hand,uom_id,item_weight,profit_category_id,prd_department_id,tax_id,tax_exemption,tax_group_id,tax_id_home_service,tax_id_table_service,tax_id_take_away_service,fixed_price,whls_price,is_whls_price_pc,item_cost,tax_calculation_method,taxation_based_on,is_require_weighing,display_order,best_before,is_hot_item_1,hot_item_1_display_order,is_hot_item_2,hot_item_2_display_order,is_hot_item_3,hot_item_3_display_order,fg_color,bg_color,attrib1_name,attrib1_options,attrib2_name,attrib2_options,attrib3_name,attrib3_options,attrib4_name,attrib4_options,attrib5_name,attrib5_options,tag1,tag2,tag3,tag4,tag5,choice_ids,created_by,created_at,updated_by,updated_at,is_deleted,is_system,item_thumb,sys_sale_flag) values ("101000261","101000261",null,"24",null,"0",null,"0","Seafood Platter ",null,"101000117","1","0","Seafood Platter ","1",null,null,null,"1",null,"43","1.00000",null,null,"101000101","0","101000101",null,null,null,"0.00000","0.00000","0","0.00000","1","0","0","0",null,"0",null,"0",null,"0",null,"#FFFFFF","#e815ed",null,null,null,null,null,null,null,null,null,null,null,null,null,null,null,null,"0","2020-01-24 10:22:04.0",null,null,"0","0",null,"1");
DELETE FROM sale_item_ext WHERE id=101000261;
insert into sale_item_ext(id,kitchen_id,is_deleted,last_sync_at) values ("101000261","101000101","0","2020-01-23 23:52:04.0");
DELETE FROM stock_items WHERE id=101000262;
insert into stock_items(id,code,name,description,supplier_product_code,stock_item_attributes,stock_item_location,stock_item_category_id,prd_department_id,part_no,market_valuation_method,movement_method,uom_id,item_weight,qty_on_hand,unit_price,optimum_level,reorder_level,reorder_qty,preferred_supplier_id,last_purchase_unit_price,last_purchase_supplier_id,tax_id,tax_calculation_method,is_service_item,is_valid,is_manufactured,is_sellable,is_semi_finished,is_finished,sales_margin,is_sales_margin_percent,tax_percentage,qty_manufactured,top_consumption_rank,created_by,created_at,updated_by,updated_at,is_system,is_deleted) values ("101000262","CH","Chicken Sulthan",null,null,"",null,null,null,null,"0",null,"43","1.00000",null,"300.00000",null,null,null,null,null,null,"101000101","1","0","1","0","1","0","0","0","0","0.00",null,"0","0","2020-01-24 10:22:04.0",null,null,"0","0");
DELETE FROM sale_items WHERE id=101000262;
insert into sale_items(id,stock_item_id,stock_item_code,code,hsn_code,is_group_item,group_item_id,is_combo_item,name,description,sub_class_id,is_valid,is_manufactured,alternative_name,is_printable_to_kitchen,name_to_print,alternative_name_to_print,barcode,is_open,qty_on_hand,uom_id,item_weight,profit_category_id,prd_department_id,tax_id,tax_exemption,tax_group_id,tax_id_home_service,tax_id_table_service,tax_id_take_away_service,fixed_price,whls_price,is_whls_price_pc,item_cost,tax_calculation_method,taxation_based_on,is_require_weighing,display_order,best_before,is_hot_item_1,hot_item_1_display_order,is_hot_item_2,hot_item_2_display_order,is_hot_item_3,hot_item_3_display_order,fg_color,bg_color,attrib1_name,attrib1_options,attrib2_name,attrib2_options,attrib3_name,attrib3_options,attrib4_name,attrib4_options,attrib5_name,attrib5_options,tag1,tag2,tag3,tag4,tag5,choice_ids,created_by,created_at,updated_by,updated_at,is_deleted,is_system,item_thumb,sys_sale_flag) values ("101000262","101000262",null,"CH",null,"0",null,"0","Chicken Sulthan",null,"101000117","1","0","Chicken Sulthan","1",null,null,null,"0",null,"43","1.00000",null,null,"101000101","0","101000101",null,null,null,"300.00000","0.00000","0","0.00000","1","0","0","0",null,"0",null,"0",null,"0",null,"#FFFFFF","#3926ad",null,null,null,null,null,null,null,null,null,null,null,null,null,null,null,null,"0","2020-01-24 10:22:04.0",null,null,"0","0",null,"1");
DELETE FROM sale_item_ext WHERE id=101000262;
insert into sale_item_ext(id,kitchen_id,is_deleted,last_sync_at) values ("101000262","101000101","0","2020-01-23 23:52:04.0");
DELETE FROM stock_items WHERE id=101000263;
insert into stock_items(id,code,name,description,supplier_product_code,stock_item_attributes,stock_item_location,stock_item_category_id,prd_department_id,part_no,market_valuation_method,movement_method,uom_id,item_weight,qty_on_hand,unit_price,optimum_level,reorder_level,reorder_qty,preferred_supplier_id,last_purchase_unit_price,last_purchase_supplier_id,tax_id,tax_calculation_method,is_service_item,is_valid,is_manufactured,is_sellable,is_semi_finished,is_finished,sales_margin,is_sales_margin_percent,tax_percentage,qty_manufactured,top_consumption_rank,created_by,created_at,updated_by,updated_at,is_system,is_deleted) values ("101000263","CPI","Chicken Piralan (bone less)",null,null,"",null,null,null,null,"0",null,"43","1.00000",null,"300.00000",null,null,null,null,null,null,"101000101","1","0","1","0","1","0","0","0","0","0.00",null,"0","0","2020-01-24 10:22:04.0",null,null,"0","0");
DELETE FROM sale_items WHERE id=101000263;
insert into sale_items(id,stock_item_id,stock_item_code,code,hsn_code,is_group_item,group_item_id,is_combo_item,name,description,sub_class_id,is_valid,is_manufactured,alternative_name,is_printable_to_kitchen,name_to_print,alternative_name_to_print,barcode,is_open,qty_on_hand,uom_id,item_weight,profit_category_id,prd_department_id,tax_id,tax_exemption,tax_group_id,tax_id_home_service,tax_id_table_service,tax_id_take_away_service,fixed_price,whls_price,is_whls_price_pc,item_cost,tax_calculation_method,taxation_based_on,is_require_weighing,display_order,best_before,is_hot_item_1,hot_item_1_display_order,is_hot_item_2,hot_item_2_display_order,is_hot_item_3,hot_item_3_display_order,fg_color,bg_color,attrib1_name,attrib1_options,attrib2_name,attrib2_options,attrib3_name,attrib3_options,attrib4_name,attrib4_options,attrib5_name,attrib5_options,tag1,tag2,tag3,tag4,tag5,choice_ids,created_by,created_at,updated_by,updated_at,is_deleted,is_system,item_thumb,sys_sale_flag) values ("101000263","101000263",null,"CPI",null,"0",null,"0","Chicken Piralan (bone less)",null,"101000118","1","0","Chicken Piralan (bone less)","1",null,null,null,"0",null,"43","1.00000",null,null,"101000101","0","101000101",null,null,null,"300.00000","0.00000","0","0.00000","1","0","0","0",null,"0",null,"0",null,"0",null,"#FFFFFF","#126350",null,null,null,null,null,null,null,null,null,null,null,null,null,null,null,null,"0","2020-01-24 10:22:04.0",null,null,"0","0",null,"1");
DELETE FROM sale_item_ext WHERE id=101000263;
insert into sale_item_ext(id,kitchen_id,is_deleted,last_sync_at) values ("101000263","101000101","0","2020-01-23 23:52:04.0");
DELETE FROM sale_items WHERE id=101000270;
insert into sale_items(id,stock_item_id,stock_item_code,code,hsn_code,is_group_item,group_item_id,is_combo_item,name,description,sub_class_id,is_valid,is_manufactured,alternative_name,is_printable_to_kitchen,name_to_print,alternative_name_to_print,barcode,is_open,qty_on_hand,uom_id,item_weight,profit_category_id,prd_department_id,tax_id,tax_exemption,tax_group_id,tax_id_home_service,tax_id_table_service,tax_id_take_away_service,fixed_price,whls_price,is_whls_price_pc,item_cost,tax_calculation_method,taxation_based_on,is_require_weighing,display_order,best_before,is_hot_item_1,hot_item_1_display_order,is_hot_item_2,hot_item_2_display_order,is_hot_item_3,hot_item_3_display_order,fg_color,bg_color,attrib1_name,attrib1_options,attrib2_name,attrib2_options,attrib3_name,attrib3_options,attrib4_name,attrib4_options,attrib5_name,attrib5_options,tag1,tag2,tag3,tag4,tag5,choice_ids,created_by,created_at,updated_by,updated_at,is_deleted,is_system,item_thumb,sys_sale_flag) values ("101000270","101000270",null,"302",null,"0",null,"0","curd",null,"101000115","1","0",null,"1",null,null,null,"0",null,"1","1.00000",null,null,"101000101","0","101000101",null,null,null,"50.00000","0.00000","0","0.00000","1","0","0","0",null,"0",null,"0",null,"0",null,"#FFFFFF","#133372",null,null,null,null,null,null,null,null,null,null,null,null,null,null,null,null,"0","2020-01-24 10:22:05.0",null,null,"0","0",null,"1");
DELETE FROM sale_item_ext WHERE id=101000270;
insert into sale_item_ext(id,kitchen_id,is_deleted,last_sync_at) values ("101000270","101000101","0","2020-01-23 23:52:05.0");
DELETE FROM stock_items WHERE id=101000271;
insert into stock_items(id,code,name,description,supplier_product_code,stock_item_attributes,stock_item_location,stock_item_category_id,prd_department_id,part_no,market_valuation_method,movement_method,uom_id,item_weight,qty_on_hand,unit_price,optimum_level,reorder_level,reorder_qty,preferred_supplier_id,last_purchase_unit_price,last_purchase_supplier_id,tax_id,tax_calculation_method,is_service_item,is_valid,is_manufactured,is_sellable,is_semi_finished,is_finished,sales_margin,is_sales_margin_percent,tax_percentage,qty_manufactured,top_consumption_rank,created_by,created_at,updated_by,updated_at,is_system,is_deleted) values ("101000271","KP","Kerala Pappadam",null,null,"",null,null,null,null,"0",null,"1","1.00000",null,"30.00000",null,null,null,null,null,null,"101000101","1","0","1","0","1","0","0","0","0","0.00",null,"0","0","2020-01-24 10:22:05.0",null,null,"0","0");
DELETE FROM sale_items WHERE id=101000271;
insert into sale_items(id,stock_item_id,stock_item_code,code,hsn_code,is_group_item,group_item_id,is_combo_item,name,description,sub_class_id,is_valid,is_manufactured,alternative_name,is_printable_to_kitchen,name_to_print,alternative_name_to_print,barcode,is_open,qty_on_hand,uom_id,item_weight,profit_category_id,prd_department_id,tax_id,tax_exemption,tax_group_id,tax_id_home_service,tax_id_table_service,tax_id_take_away_service,fixed_price,whls_price,is_whls_price_pc,item_cost,tax_calculation_method,taxation_based_on,is_require_weighing,display_order,best_before,is_hot_item_1,hot_item_1_display_order,is_hot_item_2,hot_item_2_display_order,is_hot_item_3,hot_item_3_display_order,fg_color,bg_color,attrib1_name,attrib1_options,attrib2_name,attrib2_options,attrib3_name,attrib3_options,attrib4_name,attrib4_options,attrib5_name,attrib5_options,tag1,tag2,tag3,tag4,tag5,choice_ids,created_by,created_at,updated_by,updated_at,is_deleted,is_system,item_thumb,sys_sale_flag) values ("101000271","101000271",null,"KP",null,"0",null,"0","Kerala Pappadam",null,"101000115","1","0",null,"1",null,null,null,"0",null,"1","1.00000",null,null,"101000101","0","101000101",null,null,null,"30.00000","0.00000","0","0.00000","1","0","0","0",null,"0",null,"0",null,"0",null,"#FFFFFF","#133372",null,null,null,null,null,null,null,null,null,null,null,null,null,null,null,null,"0","2020-01-24 10:22:05.0",null,null,"0","0",null,"1");
DELETE FROM sale_item_ext WHERE id=101000271;
insert into sale_item_ext(id,kitchen_id,is_deleted,last_sync_at) values ("101000271","101000101","0","2020-01-23 23:52:05.0");
DELETE FROM stock_items WHERE id=101000272;
insert into stock_items(id,code,name,description,supplier_product_code,stock_item_attributes,stock_item_location,stock_item_category_id,prd_department_id,part_no,market_valuation_method,movement_method,uom_id,item_weight,qty_on_hand,unit_price,optimum_level,reorder_level,reorder_qty,preferred_supplier_id,last_purchase_unit_price,last_purchase_supplier_id,tax_id,tax_calculation_method,is_service_item,is_valid,is_manufactured,is_sellable,is_semi_finished,is_finished,sales_margin,is_sales_margin_percent,tax_percentage,qty_manufactured,top_consumption_rank,created_by,created_at,updated_by,updated_at,is_system,is_deleted) values ("101000272","AS1","Amstel (Beer)",null,null,"",null,null,null,null,"0",null,"1","1.00000",null,"250.00000",null,null,null,null,null,null,"1","0","0","0","0","1","0","0","0","0","0.00",null,"0","0","2020-01-24 10:22:05.0",null,null,"0","0");
DELETE FROM sale_items WHERE id=101000272;
insert into sale_items(id,stock_item_id,stock_item_code,code,hsn_code,is_group_item,group_item_id,is_combo_item,name,description,sub_class_id,is_valid,is_manufactured,alternative_name,is_printable_to_kitchen,name_to_print,alternative_name_to_print,barcode,is_open,qty_on_hand,uom_id,item_weight,profit_category_id,prd_department_id,tax_id,tax_exemption,tax_group_id,tax_id_home_service,tax_id_table_service,tax_id_take_away_service,fixed_price,whls_price,is_whls_price_pc,item_cost,tax_calculation_method,taxation_based_on,is_require_weighing,display_order,best_before,is_hot_item_1,hot_item_1_display_order,is_hot_item_2,hot_item_2_display_order,is_hot_item_3,hot_item_3_display_order,fg_color,bg_color,attrib1_name,attrib1_options,attrib2_name,attrib2_options,attrib3_name,attrib3_options,attrib4_name,attrib4_options,attrib5_name,attrib5_options,tag1,tag2,tag3,tag4,tag5,choice_ids,created_by,created_at,updated_by,updated_at,is_deleted,is_system,item_thumb,sys_sale_flag) values ("101000272","101000272",null,"AS1",null,"0",null,"0","Amstel (Beer)",null,"101000106","0","0",null,"1",null,null,null,"0",null,"1","1.00000",null,null,"1","0","1",null,null,null,"250.00000","0.00000","0","0.00000","0","0","0","0",null,"0",null,"0",null,"0",null,"#FFFFFF","#e815ed",null,null,null,null,null,null,null,null,null,null,null,null,null,null,null,null,"0","2020-01-24 10:22:05.0",null,null,"0","0",null,"1");
DELETE FROM sale_item_ext WHERE id=101000272;
insert into sale_item_ext(id,kitchen_id,is_deleted,last_sync_at) values ("101000272","101000102","0","2020-01-23 23:52:05.0");
DELETE FROM stock_items WHERE id=101000273;
insert into stock_items(id,code,name,description,supplier_product_code,stock_item_attributes,stock_item_location,stock_item_category_id,prd_department_id,part_no,market_valuation_method,movement_method,uom_id,item_weight,qty_on_hand,unit_price,optimum_level,reorder_level,reorder_qty,preferred_supplier_id,last_purchase_unit_price,last_purchase_supplier_id,tax_id,tax_calculation_method,is_service_item,is_valid,is_manufactured,is_sellable,is_semi_finished,is_finished,sales_margin,is_sales_margin_percent,tax_percentage,qty_manufactured,top_consumption_rank,created_by,created_at,updated_by,updated_at,is_system,is_deleted) values ("101000273","TO","Storm",null,null,"",null,null,null,null,"0",null,"1","1.00000",null,"250.00000",null,null,null,null,null,null,"1","0","0","1","0","1","0","0","0","0","0.00",null,"0","0","2020-01-24 10:22:05.0",null,null,"0","0");
DELETE FROM sale_items WHERE id=101000273;
insert into sale_items(id,stock_item_id,stock_item_code,code,hsn_code,is_group_item,group_item_id,is_combo_item,name,description,sub_class_id,is_valid,is_manufactured,alternative_name,is_printable_to_kitchen,name_to_print,alternative_name_to_print,barcode,is_open,qty_on_hand,uom_id,item_weight,profit_category_id,prd_department_id,tax_id,tax_exemption,tax_group_id,tax_id_home_service,tax_id_table_service,tax_id_take_away_service,fixed_price,whls_price,is_whls_price_pc,item_cost,tax_calculation_method,taxation_based_on,is_require_weighing,display_order,best_before,is_hot_item_1,hot_item_1_display_order,is_hot_item_2,hot_item_2_display_order,is_hot_item_3,hot_item_3_display_order,fg_color,bg_color,attrib1_name,attrib1_options,attrib2_name,attrib2_options,attrib3_name,attrib3_options,attrib4_name,attrib4_options,attrib5_name,attrib5_options,tag1,tag2,tag3,tag4,tag5,choice_ids,created_by,created_at,updated_by,updated_at,is_deleted,is_system,item_thumb,sys_sale_flag) values ("101000273","101000273",null,"TO",null,"0",null,"0","Storm",null,"101000106","1","0",null,"1",null,null,null,"0",null,"1","1.00000",null,null,"1","0","1",null,null,null,"250.00000","0.00000","0","0.00000","0","0","0","0",null,"0",null,"0",null,"0",null,"#FFFFFF","#e815ed",null,null,null,null,null,null,null,null,null,null,null,null,null,null,null,null,"0","2020-01-24 10:22:05.0",null,null,"0","0",null,"1");
DELETE FROM sale_item_ext WHERE id=101000273;
insert into sale_item_ext(id,kitchen_id,is_deleted,last_sync_at) values ("101000273","101000102","0","2020-01-23 23:52:05.0");
DELETE FROM stock_items WHERE id=101000274;
insert into stock_items(id,code,name,description,supplier_product_code,stock_item_attributes,stock_item_location,stock_item_category_id,prd_department_id,part_no,market_valuation_method,movement_method,uom_id,item_weight,qty_on_hand,unit_price,optimum_level,reorder_level,reorder_qty,preferred_supplier_id,last_purchase_unit_price,last_purchase_supplier_id,tax_id,tax_calculation_method,is_service_item,is_valid,is_manufactured,is_sellable,is_semi_finished,is_finished,sales_margin,is_sales_margin_percent,tax_percentage,qty_manufactured,top_consumption_rank,created_by,created_at,updated_by,updated_at,is_system,is_deleted) values ("101000274","PN","Pepper Nuts",null,null,"",null,null,null,null,"0",null,"1","1.00000",null,"20.00000",null,null,null,null,null,null,"101000101","1","0","1","0","1","0","0","0","0","0.00",null,"0","0","2020-01-24 10:22:05.0",null,null,"0","0");
DELETE FROM sale_items WHERE id=101000274;
insert into sale_items(id,stock_item_id,stock_item_code,code,hsn_code,is_group_item,group_item_id,is_combo_item,name,description,sub_class_id,is_valid,is_manufactured,alternative_name,is_printable_to_kitchen,name_to_print,alternative_name_to_print,barcode,is_open,qty_on_hand,uom_id,item_weight,profit_category_id,prd_department_id,tax_id,tax_exemption,tax_group_id,tax_id_home_service,tax_id_table_service,tax_id_take_away_service,fixed_price,whls_price,is_whls_price_pc,item_cost,tax_calculation_method,taxation_based_on,is_require_weighing,display_order,best_before,is_hot_item_1,hot_item_1_display_order,is_hot_item_2,hot_item_2_display_order,is_hot_item_3,hot_item_3_display_order,fg_color,bg_color,attrib1_name,attrib1_options,attrib2_name,attrib2_options,attrib3_name,attrib3_options,attrib4_name,attrib4_options,attrib5_name,attrib5_options,tag1,tag2,tag3,tag4,tag5,choice_ids,created_by,created_at,updated_by,updated_at,is_deleted,is_system,item_thumb,sys_sale_flag) values ("101000274","101000274",null,"PN",null,"0",null,"0","Pepper Nuts",null,"101000104","1","0",null,"1",null,null,null,"0",null,"1","1.00000",null,null,"101000101","0","101000101",null,null,null,"20.00000","0.00000","0","0.00000","1","0","0","0",null,"0",null,"0",null,"0",null,"#FFFFFF","#ff005f",null,null,null,null,null,null,null,null,null,null,null,null,null,null,null,null,"0","2020-01-24 10:22:05.0",null,null,"0","0",null,"1");
DELETE FROM sale_item_ext WHERE id=101000274;
insert into sale_item_ext(id,kitchen_id,is_deleted,last_sync_at) values ("101000274","101000102","0","2020-01-23 23:52:05.0");
DELETE FROM stock_items WHERE id=101000275;
insert into stock_items(id,code,name,description,supplier_product_code,stock_item_attributes,stock_item_location,stock_item_category_id,prd_department_id,part_no,market_valuation_method,movement_method,uom_id,item_weight,qty_on_hand,unit_price,optimum_level,reorder_level,reorder_qty,preferred_supplier_id,last_purchase_unit_price,last_purchase_supplier_id,tax_id,tax_calculation_method,is_service_item,is_valid,is_manufactured,is_sellable,is_semi_finished,is_finished,sales_margin,is_sales_margin_percent,tax_percentage,qty_manufactured,top_consumption_rank,created_by,created_at,updated_by,updated_at,is_system,is_deleted) values ("101000275","201","Tiger Prawns Kerala  fry",null,null,"",null,null,null,null,"0",null,"1","1.00000",null,"600.00000",null,null,null,null,null,null,"101000101","1","0","1","0","1","0","0","0","0","0.00",null,"0","0","2020-01-24 10:22:05.0",null,null,"0","0");
DELETE FROM sale_items WHERE id=101000275;
insert into sale_items(id,stock_item_id,stock_item_code,code,hsn_code,is_group_item,group_item_id,is_combo_item,name,description,sub_class_id,is_valid,is_manufactured,alternative_name,is_printable_to_kitchen,name_to_print,alternative_name_to_print,barcode,is_open,qty_on_hand,uom_id,item_weight,profit_category_id,prd_department_id,tax_id,tax_exemption,tax_group_id,tax_id_home_service,tax_id_table_service,tax_id_take_away_service,fixed_price,whls_price,is_whls_price_pc,item_cost,tax_calculation_method,taxation_based_on,is_require_weighing,display_order,best_before,is_hot_item_1,hot_item_1_display_order,is_hot_item_2,hot_item_2_display_order,is_hot_item_3,hot_item_3_display_order,fg_color,bg_color,attrib1_name,attrib1_options,attrib2_name,attrib2_options,attrib3_name,attrib3_options,attrib4_name,attrib4_options,attrib5_name,attrib5_options,tag1,tag2,tag3,tag4,tag5,choice_ids,created_by,created_at,updated_by,updated_at,is_deleted,is_system,item_thumb,sys_sale_flag) values ("101000275","101000275",null,"201",null,"0",null,"0","Tiger Prawns Kerala  fry",null,"101000111","1","0",null,"1",null,null,null,"0",null,"1","1.00000",null,null,"101000101","0","101000101",null,null,null,"600.00000","0.00000","0","0.00000","1","0","0","0",null,"0",null,"0",null,"0",null,"#FFFFFF","#175f93",null,null,null,null,null,null,null,null,null,null,null,null,null,null,null,null,"0","2020-01-24 10:22:05.0",null,null,"0","0",null,"1");
DELETE FROM sale_item_ext WHERE id=101000275;
insert into sale_item_ext(id,kitchen_id,is_deleted,last_sync_at) values ("101000275","101000101","0","2020-01-23 23:52:05.0");
DELETE FROM stock_items WHERE id=101000276;
insert into stock_items(id,code,name,description,supplier_product_code,stock_item_attributes,stock_item_location,stock_item_category_id,prd_department_id,part_no,market_valuation_method,movement_method,uom_id,item_weight,qty_on_hand,unit_price,optimum_level,reorder_level,reorder_qty,preferred_supplier_id,last_purchase_unit_price,last_purchase_supplier_id,tax_id,tax_calculation_method,is_service_item,is_valid,is_manufactured,is_sellable,is_semi_finished,is_finished,sales_margin,is_sales_margin_percent,tax_percentage,qty_manufactured,top_consumption_rank,created_by,created_at,updated_by,updated_at,is_system,is_deleted) values ("101000276","KFD","Kingfisher Blue",null,null,"",null,null,null,null,"0",null,"24","1.00000",null,"220.00000",null,null,null,null,null,null,"1","0","0","1","1","1","0","0","0","0","0.00",null,"0","0","2020-01-24 10:22:05.0",null,null,"0","0");
DELETE FROM sale_items WHERE id=101000276;
insert into sale_items(id,stock_item_id,stock_item_code,code,hsn_code,is_group_item,group_item_id,is_combo_item,name,description,sub_class_id,is_valid,is_manufactured,alternative_name,is_printable_to_kitchen,name_to_print,alternative_name_to_print,barcode,is_open,qty_on_hand,uom_id,item_weight,profit_category_id,prd_department_id,tax_id,tax_exemption,tax_group_id,tax_id_home_service,tax_id_table_service,tax_id_take_away_service,fixed_price,whls_price,is_whls_price_pc,item_cost,tax_calculation_method,taxation_based_on,is_require_weighing,display_order,best_before,is_hot_item_1,hot_item_1_display_order,is_hot_item_2,hot_item_2_display_order,is_hot_item_3,hot_item_3_display_order,fg_color,bg_color,attrib1_name,attrib1_options,attrib2_name,attrib2_options,attrib3_name,attrib3_options,attrib4_name,attrib4_options,attrib5_name,attrib5_options,tag1,tag2,tag3,tag4,tag5,choice_ids,created_by,created_at,updated_by,updated_at,is_deleted,is_system,item_thumb,sys_sale_flag) values ("101000276","101000276",null,"KFD",null,"0",null,"0","Kingfisher Blue",null,"101000106","1","1",null,"1",null,null,null,"0",null,"24","1.00000",null,null,"1","0","1",null,null,null,"220.00000","0.00000","0","0.00000","0","0","0","0",null,"0",null,"0",null,"0",null,"#FFFFFF","#e815ed",null,null,null,null,null,null,null,null,null,null,null,null,null,null,null,null,"0","2020-01-24 10:22:05.0",null,null,"0","0",null,"1");
DELETE FROM sale_item_ext WHERE id=101000276;
insert into sale_item_ext(id,kitchen_id,is_deleted,last_sync_at) values ("101000276","101000102","0","2020-01-23 23:52:05.0");
DELETE FROM stock_items WHERE id=101000277;
insert into stock_items(id,code,name,description,supplier_product_code,stock_item_attributes,stock_item_location,stock_item_category_id,prd_department_id,part_no,market_valuation_method,movement_method,uom_id,item_weight,qty_on_hand,unit_price,optimum_level,reorder_level,reorder_qty,preferred_supplier_id,last_purchase_unit_price,last_purchase_supplier_id,tax_id,tax_calculation_method,is_service_item,is_valid,is_manufactured,is_sellable,is_semi_finished,is_finished,sales_margin,is_sales_margin_percent,tax_percentage,qty_manufactured,top_consumption_rank,created_by,created_at,updated_by,updated_at,is_system,is_deleted) values ("101000277","KFBC","Kingfisher Blue Can",null,null,"",null,null,null,null,"0",null,"24","1.00000",null,"180.00000",null,null,null,null,null,null,"1","0","0","1","0","1","0","0","0","0","0.00",null,"0","0","2020-01-24 10:22:05.0",null,null,"0","0");
DELETE FROM sale_items WHERE id=101000277;
insert into sale_items(id,stock_item_id,stock_item_code,code,hsn_code,is_group_item,group_item_id,is_combo_item,name,description,sub_class_id,is_valid,is_manufactured,alternative_name,is_printable_to_kitchen,name_to_print,alternative_name_to_print,barcode,is_open,qty_on_hand,uom_id,item_weight,profit_category_id,prd_department_id,tax_id,tax_exemption,tax_group_id,tax_id_home_service,tax_id_table_service,tax_id_take_away_service,fixed_price,whls_price,is_whls_price_pc,item_cost,tax_calculation_method,taxation_based_on,is_require_weighing,display_order,best_before,is_hot_item_1,hot_item_1_display_order,is_hot_item_2,hot_item_2_display_order,is_hot_item_3,hot_item_3_display_order,fg_color,bg_color,attrib1_name,attrib1_options,attrib2_name,attrib2_options,attrib3_name,attrib3_options,attrib4_name,attrib4_options,attrib5_name,attrib5_options,tag1,tag2,tag3,tag4,tag5,choice_ids,created_by,created_at,updated_by,updated_at,is_deleted,is_system,item_thumb,sys_sale_flag) values ("101000277","101000277",null,"KFBC",null,"0",null,"0","Kingfisher Blue Can",null,"101000106","1","0",null,"1",null,null,null,"0",null,"24","1.00000",null,null,"1","0","1",null,null,null,"180.00000","0.00000","0","0.00000","0","0","0","0",null,"0",null,"0",null,"0",null,"#FFFFFF","#e815ed",null,null,null,null,null,null,null,null,null,null,null,null,null,null,null,null,"0","2020-01-24 10:22:05.0",null,null,"0","0",null,"1");
DELETE FROM sale_item_ext WHERE id=101000277;
insert into sale_item_ext(id,kitchen_id,is_deleted,last_sync_at) values ("101000277","101000102","0","2020-01-23 23:52:05.0");
DELETE FROM stock_items WHERE id=101000278;
insert into stock_items(id,code,name,description,supplier_product_code,stock_item_attributes,stock_item_location,stock_item_category_id,prd_department_id,part_no,market_valuation_method,movement_method,uom_id,item_weight,qty_on_hand,unit_price,optimum_level,reorder_level,reorder_qty,preferred_supplier_id,last_purchase_unit_price,last_purchase_supplier_id,tax_id,tax_calculation_method,is_service_item,is_valid,is_manufactured,is_sellable,is_semi_finished,is_finished,sales_margin,is_sales_margin_percent,tax_percentage,qty_manufactured,top_consumption_rank,created_by,created_at,updated_by,updated_at,is_system,is_deleted) values ("101000278","KFC","Kingfisher Can",null,null,"",null,null,null,null,"0",null,"24","1.00000",null,"180.00000",null,null,null,null,null,null,"1","0","0","1","0","1","0","0","0","0","0.00",null,"0","0","2020-01-24 10:22:05.0",null,null,"0","0");
DELETE FROM sale_items WHERE id=101000278;
insert into sale_items(id,stock_item_id,stock_item_code,code,hsn_code,is_group_item,group_item_id,is_combo_item,name,description,sub_class_id,is_valid,is_manufactured,alternative_name,is_printable_to_kitchen,name_to_print,alternative_name_to_print,barcode,is_open,qty_on_hand,uom_id,item_weight,profit_category_id,prd_department_id,tax_id,tax_exemption,tax_group_id,tax_id_home_service,tax_id_table_service,tax_id_take_away_service,fixed_price,whls_price,is_whls_price_pc,item_cost,tax_calculation_method,taxation_based_on,is_require_weighing,display_order,best_before,is_hot_item_1,hot_item_1_display_order,is_hot_item_2,hot_item_2_display_order,is_hot_item_3,hot_item_3_display_order,fg_color,bg_color,attrib1_name,attrib1_options,attrib2_name,attrib2_options,attrib3_name,attrib3_options,attrib4_name,attrib4_options,attrib5_name,attrib5_options,tag1,tag2,tag3,tag4,tag5,choice_ids,created_by,created_at,updated_by,updated_at,is_deleted,is_system,item_thumb,sys_sale_flag) values ("101000278","101000278",null,"KFC",null,"0",null,"0","Kingfisher Can",null,"101000106","1","0",null,"1",null,null,null,"0",null,"24","1.00000",null,null,"1","0","1",null,null,null,"180.00000","0.00000","0","0.00000","0","0","0","0",null,"0",null,"0",null,"0",null,"#FFFFFF","#e815ed",null,null,null,null,null,null,null,null,null,null,null,null,null,null,null,null,"0","2020-01-24 10:22:05.0",null,null,"0","0",null,"1");
DELETE FROM sale_item_ext WHERE id=101000278;
insert into sale_item_ext(id,kitchen_id,is_deleted,last_sync_at) values ("101000278","101000102","0","2020-01-23 23:52:05.0");
DELETE FROM stock_items WHERE id=101000279;
insert into stock_items(id,code,name,description,supplier_product_code,stock_item_attributes,stock_item_location,stock_item_category_id,prd_department_id,part_no,market_valuation_method,movement_method,uom_id,item_weight,qty_on_hand,unit_price,optimum_level,reorder_level,reorder_qty,preferred_supplier_id,last_purchase_unit_price,last_purchase_supplier_id,tax_id,tax_calculation_method,is_service_item,is_valid,is_manufactured,is_sellable,is_semi_finished,is_finished,sales_margin,is_sales_margin_percent,tax_percentage,qty_manufactured,top_consumption_rank,created_by,created_at,updated_by,updated_at,is_system,is_deleted) values ("101000279","SGCF","Special Grilled Chicken (Leg Piece)",null,null,"",null,null,null,null,"0",null,"27","1.00000",null,"350.00000",null,null,null,null,null,null,"101000101","1","0","1","0","1","0","0","0","0","0.00",null,"0","0","2020-01-24 10:22:05.0",null,null,"0","0");
DELETE FROM sale_items WHERE id=101000279;
insert into sale_items(id,stock_item_id,stock_item_code,code,hsn_code,is_group_item,group_item_id,is_combo_item,name,description,sub_class_id,is_valid,is_manufactured,alternative_name,is_printable_to_kitchen,name_to_print,alternative_name_to_print,barcode,is_open,qty_on_hand,uom_id,item_weight,profit_category_id,prd_department_id,tax_id,tax_exemption,tax_group_id,tax_id_home_service,tax_id_table_service,tax_id_take_away_service,fixed_price,whls_price,is_whls_price_pc,item_cost,tax_calculation_method,taxation_based_on,is_require_weighing,display_order,best_before,is_hot_item_1,hot_item_1_display_order,is_hot_item_2,hot_item_2_display_order,is_hot_item_3,hot_item_3_display_order,fg_color,bg_color,attrib1_name,attrib1_options,attrib2_name,attrib2_options,attrib3_name,attrib3_options,attrib4_name,attrib4_options,attrib5_name,attrib5_options,tag1,tag2,tag3,tag4,tag5,choice_ids,created_by,created_at,updated_by,updated_at,is_deleted,is_system,item_thumb,sys_sale_flag) values ("101000279","101000279",null,"SGCF",null,"0",null,"0","Special Grilled Chicken (Leg Piece)",null,"101000118","1","0",null,"1",null,null,null,"0",null,"27","1.00000",null,null,"101000101","0","101000101",null,null,null,"350.00000","0.00000","0","0.00000","1","0","0","0",null,"0",null,"0",null,"0",null,"#FFFFFF","#08470b",null,null,null,null,null,null,null,null,null,null,null,null,null,null,null,null,"0","2020-01-24 10:22:05.0",null,null,"0","0",null,"1");
DELETE FROM sale_item_ext WHERE id=101000279;
insert into sale_item_ext(id,kitchen_id,is_deleted,last_sync_at) values ("101000279","101000101","0","2020-01-23 23:52:05.0");
DELETE FROM stock_items WHERE id=101000264;
insert into stock_items(id,code,name,description,supplier_product_code,stock_item_attributes,stock_item_location,stock_item_category_id,prd_department_id,part_no,market_valuation_method,movement_method,uom_id,item_weight,qty_on_hand,unit_price,optimum_level,reorder_level,reorder_qty,preferred_supplier_id,last_purchase_unit_price,last_purchase_supplier_id,tax_id,tax_calculation_method,is_service_item,is_valid,is_manufactured,is_sellable,is_semi_finished,is_finished,sales_margin,is_sales_margin_percent,tax_percentage,qty_manufactured,top_consumption_rank,created_by,created_at,updated_by,updated_at,is_system,is_deleted) values ("101000264","SPLF","Spl  Grilled Chicken (Full)",null,null,"",null,null,null,null,"0",null,"43","1.00000",null,"850.00000",null,null,null,null,null,null,"101000101","1","0","1","0","1","0","0","0","0","0.00",null,"0","0","2020-01-24 10:22:04.0",null,null,"0","0");
DELETE FROM sale_items WHERE id=101000264;
insert into sale_items(id,stock_item_id,stock_item_code,code,hsn_code,is_group_item,group_item_id,is_combo_item,name,description,sub_class_id,is_valid,is_manufactured,alternative_name,is_printable_to_kitchen,name_to_print,alternative_name_to_print,barcode,is_open,qty_on_hand,uom_id,item_weight,profit_category_id,prd_department_id,tax_id,tax_exemption,tax_group_id,tax_id_home_service,tax_id_table_service,tax_id_take_away_service,fixed_price,whls_price,is_whls_price_pc,item_cost,tax_calculation_method,taxation_based_on,is_require_weighing,display_order,best_before,is_hot_item_1,hot_item_1_display_order,is_hot_item_2,hot_item_2_display_order,is_hot_item_3,hot_item_3_display_order,fg_color,bg_color,attrib1_name,attrib1_options,attrib2_name,attrib2_options,attrib3_name,attrib3_options,attrib4_name,attrib4_options,attrib5_name,attrib5_options,tag1,tag2,tag3,tag4,tag5,choice_ids,created_by,created_at,updated_by,updated_at,is_deleted,is_system,item_thumb,sys_sale_flag) values ("101000264","101000264",null,"SPLF",null,"0",null,"0","Spl  Grilled Chicken (Full)",null,"101000118","1","0","Spl  Grilled Chicken (Full)","1",null,null,null,"0",null,"43","1.00000",null,null,"101000101","0","101000101",null,null,null,"850.00000","0.00000","0","0.00000","1","0","0","0",null,"0",null,"0",null,"0",null,"#FFFFFF","#352808",null,null,null,null,null,null,null,null,null,null,null,null,null,null,null,null,"0","2020-01-24 10:22:05.0",null,null,"0","0",null,"1");
DELETE FROM sale_item_ext WHERE id=101000264;
insert into sale_item_ext(id,kitchen_id,is_deleted,last_sync_at) values ("101000264","101000101","0","2020-01-23 23:52:05.0");
DELETE FROM stock_items WHERE id=101000265;
insert into stock_items(id,code,name,description,supplier_product_code,stock_item_attributes,stock_item_location,stock_item_category_id,prd_department_id,part_no,market_valuation_method,movement_method,uom_id,item_weight,qty_on_hand,unit_price,optimum_level,reorder_level,reorder_qty,preferred_supplier_id,last_purchase_unit_price,last_purchase_supplier_id,tax_id,tax_calculation_method,is_service_item,is_valid,is_manufactured,is_sellable,is_semi_finished,is_finished,sales_margin,is_sales_margin_percent,tax_percentage,qty_manufactured,top_consumption_rank,created_by,created_at,updated_by,updated_at,is_system,is_deleted) values ("101000265","40","Fish Chatti Curry",null,null,"",null,null,null,null,"0",null,"43","1.00000",null,"0.00000",null,null,null,null,null,null,"101000101","1","0","1","0","1","0","0","0","0","0.00",null,"0","0","2020-01-24 10:22:05.0",null,null,"0","0");
DELETE FROM sale_items WHERE id=101000265;
insert into sale_items(id,stock_item_id,stock_item_code,code,hsn_code,is_group_item,group_item_id,is_combo_item,name,description,sub_class_id,is_valid,is_manufactured,alternative_name,is_printable_to_kitchen,name_to_print,alternative_name_to_print,barcode,is_open,qty_on_hand,uom_id,item_weight,profit_category_id,prd_department_id,tax_id,tax_exemption,tax_group_id,tax_id_home_service,tax_id_table_service,tax_id_take_away_service,fixed_price,whls_price,is_whls_price_pc,item_cost,tax_calculation_method,taxation_based_on,is_require_weighing,display_order,best_before,is_hot_item_1,hot_item_1_display_order,is_hot_item_2,hot_item_2_display_order,is_hot_item_3,hot_item_3_display_order,fg_color,bg_color,attrib1_name,attrib1_options,attrib2_name,attrib2_options,attrib3_name,attrib3_options,attrib4_name,attrib4_options,attrib5_name,attrib5_options,tag1,tag2,tag3,tag4,tag5,choice_ids,created_by,created_at,updated_by,updated_at,is_deleted,is_system,item_thumb,sys_sale_flag) values ("101000265","101000265",null,"40",null,"0",null,"0","Fish Chatti Curry",null,"101000118","1","0","Fish Chatti Curry","1",null,null,null,"1",null,"43","1.00000",null,null,"101000101","0","101000101",null,null,null,"0.00000","0.00000","0","0.00000","1","0","0","0",null,"0",null,"0",null,"0",null,"#FFFFFF","#175f93",null,null,null,null,null,null,null,null,null,null,null,null,null,null,null,null,"0","2020-01-24 10:22:05.0",null,null,"0","0",null,"1");
DELETE FROM sale_item_ext WHERE id=101000265;
insert into sale_item_ext(id,kitchen_id,is_deleted,last_sync_at) values ("101000265","101000101","0","2020-01-23 23:52:05.0");
DELETE FROM stock_items WHERE id=101000266;
insert into stock_items(id,code,name,description,supplier_product_code,stock_item_attributes,stock_item_location,stock_item_category_id,prd_department_id,part_no,market_valuation_method,movement_method,uom_id,item_weight,qty_on_hand,unit_price,optimum_level,reorder_level,reorder_qty,preferred_supplier_id,last_purchase_unit_price,last_purchase_supplier_id,tax_id,tax_calculation_method,is_service_item,is_valid,is_manufactured,is_sellable,is_semi_finished,is_finished,sales_margin,is_sales_margin_percent,tax_percentage,qty_manufactured,top_consumption_rank,created_by,created_at,updated_by,updated_at,is_system,is_deleted) values ("101000266","14","Crab Roast",null,null,"",null,null,null,null,"0",null,"43","1.00000",null,"320.00000",null,null,null,null,null,null,"101000101","1","0","1","0","1","0","0","0","0","0.00",null,"0","0","2020-01-24 10:22:05.0",null,null,"0","0");
DELETE FROM sale_items WHERE id=101000266;
insert into sale_items(id,stock_item_id,stock_item_code,code,hsn_code,is_group_item,group_item_id,is_combo_item,name,description,sub_class_id,is_valid,is_manufactured,alternative_name,is_printable_to_kitchen,name_to_print,alternative_name_to_print,barcode,is_open,qty_on_hand,uom_id,item_weight,profit_category_id,prd_department_id,tax_id,tax_exemption,tax_group_id,tax_id_home_service,tax_id_table_service,tax_id_take_away_service,fixed_price,whls_price,is_whls_price_pc,item_cost,tax_calculation_method,taxation_based_on,is_require_weighing,display_order,best_before,is_hot_item_1,hot_item_1_display_order,is_hot_item_2,hot_item_2_display_order,is_hot_item_3,hot_item_3_display_order,fg_color,bg_color,attrib1_name,attrib1_options,attrib2_name,attrib2_options,attrib3_name,attrib3_options,attrib4_name,attrib4_options,attrib5_name,attrib5_options,tag1,tag2,tag3,tag4,tag5,choice_ids,created_by,created_at,updated_by,updated_at,is_deleted,is_system,item_thumb,sys_sale_flag) values ("101000266","101000266",null,"14",null,"0",null,"0","Crab Roast",null,"101000118","1","0","Crab Roast","1",null,null,null,"0",null,"43","1.00000",null,null,"101000101","0","101000101",null,null,null,"320.00000","0.00000","0","0.00000","1","0","0","0",null,"0",null,"0",null,"0",null,"#FFFFFF","#1c420f",null,null,null,null,null,null,null,null,null,null,null,null,null,null,null,null,"0","2020-01-24 10:22:05.0",null,null,"0","0",null,"1");
DELETE FROM sale_item_ext WHERE id=101000266;
insert into sale_item_ext(id,kitchen_id,is_deleted,last_sync_at) values ("101000266","101000101","0","2020-01-23 23:52:05.0");
DELETE FROM stock_items WHERE id=101000267;
insert into stock_items(id,code,name,description,supplier_product_code,stock_item_attributes,stock_item_location,stock_item_category_id,prd_department_id,part_no,market_valuation_method,movement_method,uom_id,item_weight,qty_on_hand,unit_price,optimum_level,reorder_level,reorder_qty,preferred_supplier_id,last_purchase_unit_price,last_purchase_supplier_id,tax_id,tax_calculation_method,is_service_item,is_valid,is_manufactured,is_sellable,is_semi_finished,is_finished,sales_margin,is_sales_margin_percent,tax_percentage,qty_manufactured,top_consumption_rank,created_by,created_at,updated_by,updated_at,is_system,is_deleted) values ("101000267","I","Ice Cream",null,null,"",null,null,null,null,"0",null,"43","1.00000",null,"80.00000",null,null,null,null,null,null,"101000101","1","0","1","0","1","0","0","0","0","0.00",null,"0","0","2020-01-24 10:22:05.0",null,null,"0","0");
DELETE FROM sale_items WHERE id=101000267;
insert into sale_items(id,stock_item_id,stock_item_code,code,hsn_code,is_group_item,group_item_id,is_combo_item,name,description,sub_class_id,is_valid,is_manufactured,alternative_name,is_printable_to_kitchen,name_to_print,alternative_name_to_print,barcode,is_open,qty_on_hand,uom_id,item_weight,profit_category_id,prd_department_id,tax_id,tax_exemption,tax_group_id,tax_id_home_service,tax_id_table_service,tax_id_take_away_service,fixed_price,whls_price,is_whls_price_pc,item_cost,tax_calculation_method,taxation_based_on,is_require_weighing,display_order,best_before,is_hot_item_1,hot_item_1_display_order,is_hot_item_2,hot_item_2_display_order,is_hot_item_3,hot_item_3_display_order,fg_color,bg_color,attrib1_name,attrib1_options,attrib2_name,attrib2_options,attrib3_name,attrib3_options,attrib4_name,attrib4_options,attrib5_name,attrib5_options,tag1,tag2,tag3,tag4,tag5,choice_ids,created_by,created_at,updated_by,updated_at,is_deleted,is_system,item_thumb,sys_sale_flag) values ("101000267","101000267",null,"I",null,"0",null,"0","Ice Cream",null,"101000119","1","0","Ice Cream","1",null,null,null,"0",null,"43","1.00000",null,null,"101000101","0","101000101",null,null,null,"80.00000","0.00000","0","0.00000","1","0","0","0",null,"0",null,"0",null,"0",null,"#FFFFFF","#155e68",null,null,null,null,null,null,null,null,null,null,null,null,null,null,null,null,"0","2020-01-24 10:22:05.0",null,null,"0","0",null,"1");
DELETE FROM sale_item_ext WHERE id=101000267;
insert into sale_item_ext(id,kitchen_id,is_deleted,last_sync_at) values ("101000267","101000101","0","2020-01-23 23:52:05.0");
DELETE FROM stock_items WHERE id=101000268;
insert into stock_items(id,code,name,description,supplier_product_code,stock_item_attributes,stock_item_location,stock_item_category_id,prd_department_id,part_no,market_valuation_method,movement_method,uom_id,item_weight,qty_on_hand,unit_price,optimum_level,reorder_level,reorder_qty,preferred_supplier_id,last_purchase_unit_price,last_purchase_supplier_id,tax_id,tax_calculation_method,is_service_item,is_valid,is_manufactured,is_sellable,is_semi_finished,is_finished,sales_margin,is_sales_margin_percent,tax_percentage,qty_manufactured,top_consumption_rank,created_by,created_at,updated_by,updated_at,is_system,is_deleted) values ("101000268","BV","Boiled veg",null,null,"",null,null,null,null,"0",null,"1","1.00000",null,"100.00000",null,null,null,null,null,null,"101000101","1","0","1","0","1","0","0","0","0","0.00",null,"0","0","2020-01-24 10:22:05.0",null,null,"0","0");
DELETE FROM sale_items WHERE id=101000268;
insert into sale_items(id,stock_item_id,stock_item_code,code,hsn_code,is_group_item,group_item_id,is_combo_item,name,description,sub_class_id,is_valid,is_manufactured,alternative_name,is_printable_to_kitchen,name_to_print,alternative_name_to_print,barcode,is_open,qty_on_hand,uom_id,item_weight,profit_category_id,prd_department_id,tax_id,tax_exemption,tax_group_id,tax_id_home_service,tax_id_table_service,tax_id_take_away_service,fixed_price,whls_price,is_whls_price_pc,item_cost,tax_calculation_method,taxation_based_on,is_require_weighing,display_order,best_before,is_hot_item_1,hot_item_1_display_order,is_hot_item_2,hot_item_2_display_order,is_hot_item_3,hot_item_3_display_order,fg_color,bg_color,attrib1_name,attrib1_options,attrib2_name,attrib2_options,attrib3_name,attrib3_options,attrib4_name,attrib4_options,attrib5_name,attrib5_options,tag1,tag2,tag3,tag4,tag5,choice_ids,created_by,created_at,updated_by,updated_at,is_deleted,is_system,item_thumb,sys_sale_flag) values ("101000268","101000268",null,"BV",null,"0",null,"0","Boiled veg",null,"101000115","1","0",null,"1",null,null,null,"0",null,"1","1.00000",null,null,"101000101","0","101000101",null,null,null,"100.00000","0.00000","0","0.00000","1","0","0","0",null,"0",null,"0",null,"0",null,"#FFFFFF","#133372",null,null,null,null,null,null,null,null,null,null,null,null,null,null,null,null,"0","2020-01-24 10:22:05.0",null,null,"0","0",null,"1");
DELETE FROM sale_item_ext WHERE id=101000268;
insert into sale_item_ext(id,kitchen_id,is_deleted,last_sync_at) values ("101000268","101000101","0","2020-01-23 23:52:05.0");
DELETE FROM stock_items WHERE id=101000269;
insert into stock_items(id,code,name,description,supplier_product_code,stock_item_attributes,stock_item_location,stock_item_category_id,prd_department_id,part_no,market_valuation_method,movement_method,uom_id,item_weight,qty_on_hand,unit_price,optimum_level,reorder_level,reorder_qty,preferred_supplier_id,last_purchase_unit_price,last_purchase_supplier_id,tax_id,tax_calculation_method,is_service_item,is_valid,is_manufactured,is_sellable,is_semi_finished,is_finished,sales_margin,is_sales_margin_percent,tax_percentage,qty_manufactured,top_consumption_rank,created_by,created_at,updated_by,updated_at,is_system,is_deleted) values ("101000269","234","Mixed Raitha",null,null,"",null,null,null,null,"0",null,"1","1.00000",null,"50.00000",null,null,null,null,null,null,"101000101","1","0","1","0","1","0","0","0","0","0.00",null,"0","0","2020-01-24 10:22:05.0",null,null,"0","0");
DELETE FROM sale_items WHERE id=101000269;
insert into sale_items(id,stock_item_id,stock_item_code,code,hsn_code,is_group_item,group_item_id,is_combo_item,name,description,sub_class_id,is_valid,is_manufactured,alternative_name,is_printable_to_kitchen,name_to_print,alternative_name_to_print,barcode,is_open,qty_on_hand,uom_id,item_weight,profit_category_id,prd_department_id,tax_id,tax_exemption,tax_group_id,tax_id_home_service,tax_id_table_service,tax_id_take_away_service,fixed_price,whls_price,is_whls_price_pc,item_cost,tax_calculation_method,taxation_based_on,is_require_weighing,display_order,best_before,is_hot_item_1,hot_item_1_display_order,is_hot_item_2,hot_item_2_display_order,is_hot_item_3,hot_item_3_display_order,fg_color,bg_color,attrib1_name,attrib1_options,attrib2_name,attrib2_options,attrib3_name,attrib3_options,attrib4_name,attrib4_options,attrib5_name,attrib5_options,tag1,tag2,tag3,tag4,tag5,choice_ids,created_by,created_at,updated_by,updated_at,is_deleted,is_system,item_thumb,sys_sale_flag) values ("101000269","101000269",null,"234",null,"0",null,"0","Mixed Raitha",null,"101000115","1","0",null,"1",null,null,null,"0",null,"1","1.00000",null,null,"101000101","0","101000101",null,null,null,"50.00000","0.00000","0","0.00000","1","0","0","0",null,"0",null,"0",null,"0",null,"#FFFFFF","#133372",null,null,null,null,null,null,null,null,null,null,null,null,null,null,null,null,"0","2020-01-24 10:22:05.0",null,null,"0","0",null,"1");
DELETE FROM sale_item_ext WHERE id=101000269;
insert into sale_item_ext(id,kitchen_id,is_deleted,last_sync_at) values ("101000269","101000102","0","2020-01-23 23:52:05.0");
DELETE FROM stock_items WHERE id=101000270;
insert into stock_items(id,code,name,description,supplier_product_code,stock_item_attributes,stock_item_location,stock_item_category_id,prd_department_id,part_no,market_valuation_method,movement_method,uom_id,item_weight,qty_on_hand,unit_price,optimum_level,reorder_level,reorder_qty,preferred_supplier_id,last_purchase_unit_price,last_purchase_supplier_id,tax_id,tax_calculation_method,is_service_item,is_valid,is_manufactured,is_sellable,is_semi_finished,is_finished,sales_margin,is_sales_margin_percent,tax_percentage,qty_manufactured,top_consumption_rank,created_by,created_at,updated_by,updated_at,is_system,is_deleted) values ("101000270","302","curd",null,null,"",null,null,null,null,"0",null,"1","1.00000",null,"50.00000",null,null,null,null,null,null,"101000101","1","0","1","0","1","0","0","0","0","0.00",null,"0","0","2020-01-24 10:22:05.0",null,null,"0","0");
DELETE FROM stock_items WHERE id=101000280;
insert into stock_items(id,code,name,description,supplier_product_code,stock_item_attributes,stock_item_location,stock_item_category_id,prd_department_id,part_no,market_valuation_method,movement_method,uom_id,item_weight,qty_on_hand,unit_price,optimum_level,reorder_level,reorder_qty,preferred_supplier_id,last_purchase_unit_price,last_purchase_supplier_id,tax_id,tax_calculation_method,is_service_item,is_valid,is_manufactured,is_sellable,is_semi_finished,is_finished,sales_margin,is_sales_margin_percent,tax_percentage,qty_manufactured,top_consumption_rank,created_by,created_at,updated_by,updated_at,is_system,is_deleted) values ("101000280","SQUI","Squid Salad",null,null,"",null,null,null,null,"0",null,"27","1.00000",null,"200.00000",null,null,null,null,null,null,"101000101","1","0","1","0","1","0","0","0","0","0.00",null,"0","0","2020-01-24 10:22:05.0",null,null,"0","0");
DELETE FROM sale_items WHERE id=101000280;
insert into sale_items(id,stock_item_id,stock_item_code,code,hsn_code,is_group_item,group_item_id,is_combo_item,name,description,sub_class_id,is_valid,is_manufactured,alternative_name,is_printable_to_kitchen,name_to_print,alternative_name_to_print,barcode,is_open,qty_on_hand,uom_id,item_weight,profit_category_id,prd_department_id,tax_id,tax_exemption,tax_group_id,tax_id_home_service,tax_id_table_service,tax_id_take_away_service,fixed_price,whls_price,is_whls_price_pc,item_cost,tax_calculation_method,taxation_based_on,is_require_weighing,display_order,best_before,is_hot_item_1,hot_item_1_display_order,is_hot_item_2,hot_item_2_display_order,is_hot_item_3,hot_item_3_display_order,fg_color,bg_color,attrib1_name,attrib1_options,attrib2_name,attrib2_options,attrib3_name,attrib3_options,attrib4_name,attrib4_options,attrib5_name,attrib5_options,tag1,tag2,tag3,tag4,tag5,choice_ids,created_by,created_at,updated_by,updated_at,is_deleted,is_system,item_thumb,sys_sale_flag) values ("101000280","101000280",null,"SQUI",null,"0",null,"0","Squid Salad",null,"101000118","1","0",null,"1",null,null,null,"0",null,"27","1.00000",null,null,"101000101","0","101000101",null,null,null,"200.00000","0.00000","0","0.00000","1","0","0","0",null,"0",null,"0",null,"0",null,"#FFFFFF","#08470b",null,null,null,null,null,null,null,null,null,null,null,null,null,null,null,null,"0","2020-01-24 10:22:06.0",null,null,"0","0",null,"1");
DELETE FROM sale_item_ext WHERE id=101000280;
insert into sale_item_ext(id,kitchen_id,is_deleted,last_sync_at) values ("101000280","101000101","0","2020-01-23 23:52:06.0");
DELETE FROM stock_items WHERE id=101000281;
insert into stock_items(id,code,name,description,supplier_product_code,stock_item_attributes,stock_item_location,stock_item_category_id,prd_department_id,part_no,market_valuation_method,movement_method,uom_id,item_weight,qty_on_hand,unit_price,optimum_level,reorder_level,reorder_qty,preferred_supplier_id,last_purchase_unit_price,last_purchase_supplier_id,tax_id,tax_calculation_method,is_service_item,is_valid,is_manufactured,is_sellable,is_semi_finished,is_finished,sales_margin,is_sales_margin_percent,tax_percentage,qty_manufactured,top_consumption_rank,created_by,created_at,updated_by,updated_at,is_system,is_deleted) values ("101000281","MMP","Maniyanpilai Raju Spl.Tiger Prawns",null,null,"",null,null,null,null,"0",null,"27","1.00000",null,"600.00000",null,null,null,null,null,null,"101000101","1","0","1","0","1","0","0","0","0","0.00",null,"0","0","2020-01-24 10:22:06.0",null,null,"0","0");
DELETE FROM sale_items WHERE id=101000281;
insert into sale_items(id,stock_item_id,stock_item_code,code,hsn_code,is_group_item,group_item_id,is_combo_item,name,description,sub_class_id,is_valid,is_manufactured,alternative_name,is_printable_to_kitchen,name_to_print,alternative_name_to_print,barcode,is_open,qty_on_hand,uom_id,item_weight,profit_category_id,prd_department_id,tax_id,tax_exemption,tax_group_id,tax_id_home_service,tax_id_table_service,tax_id_take_away_service,fixed_price,whls_price,is_whls_price_pc,item_cost,tax_calculation_method,taxation_based_on,is_require_weighing,display_order,best_before,is_hot_item_1,hot_item_1_display_order,is_hot_item_2,hot_item_2_display_order,is_hot_item_3,hot_item_3_display_order,fg_color,bg_color,attrib1_name,attrib1_options,attrib2_name,attrib2_options,attrib3_name,attrib3_options,attrib4_name,attrib4_options,attrib5_name,attrib5_options,tag1,tag2,tag3,tag4,tag5,choice_ids,created_by,created_at,updated_by,updated_at,is_deleted,is_system,item_thumb,sys_sale_flag) values ("101000281","101000281",null,"MMP",null,"0",null,"0","Maniyanpilai Raju Spl.Tiger Prawns",null,"101000118","1","0",null,"1",null,null,null,"0",null,"27","1.00000",null,null,"101000101","0","101000101",null,null,null,"600.00000","0.00000","0","0.00000","1","0","0","0",null,"0",null,"0",null,"0",null,"#FFFFFF","#08470b",null,null,null,null,null,null,null,null,null,null,null,null,null,null,null,null,"0","2020-01-24 10:22:06.0",null,null,"0","0",null,"1");
DELETE FROM sale_item_ext WHERE id=101000281;
insert into sale_item_ext(id,kitchen_id,is_deleted,last_sync_at) values ("101000281","101000101","0","2020-01-23 23:52:06.0");
DELETE FROM stock_items WHERE id=101000282;
insert into stock_items(id,code,name,description,supplier_product_code,stock_item_attributes,stock_item_location,stock_item_category_id,prd_department_id,part_no,market_valuation_method,movement_method,uom_id,item_weight,qty_on_hand,unit_price,optimum_level,reorder_level,reorder_qty,preferred_supplier_id,last_purchase_unit_price,last_purchase_supplier_id,tax_id,tax_calculation_method,is_service_item,is_valid,is_manufactured,is_sellable,is_semi_finished,is_finished,sales_margin,is_sales_margin_percent,tax_percentage,qty_manufactured,top_consumption_rank,created_by,created_at,updated_by,updated_at,is_system,is_deleted) values ("101000282","CRAB","Crab Varutharachath",null,null,"",null,null,null,null,"0",null,"27","1.00000",null,"320.00000",null,null,null,null,null,null,"101000101","1","0","1","0","1","0","0","0","0","0.00",null,"0","0","2020-01-24 10:22:06.0",null,null,"0","0");
DELETE FROM sale_items WHERE id=101000282;
insert into sale_items(id,stock_item_id,stock_item_code,code,hsn_code,is_group_item,group_item_id,is_combo_item,name,description,sub_class_id,is_valid,is_manufactured,alternative_name,is_printable_to_kitchen,name_to_print,alternative_name_to_print,barcode,is_open,qty_on_hand,uom_id,item_weight,profit_category_id,prd_department_id,tax_id,tax_exemption,tax_group_id,tax_id_home_service,tax_id_table_service,tax_id_take_away_service,fixed_price,whls_price,is_whls_price_pc,item_cost,tax_calculation_method,taxation_based_on,is_require_weighing,display_order,best_before,is_hot_item_1,hot_item_1_display_order,is_hot_item_2,hot_item_2_display_order,is_hot_item_3,hot_item_3_display_order,fg_color,bg_color,attrib1_name,attrib1_options,attrib2_name,attrib2_options,attrib3_name,attrib3_options,attrib4_name,attrib4_options,attrib5_name,attrib5_options,tag1,tag2,tag3,tag4,tag5,choice_ids,created_by,created_at,updated_by,updated_at,is_deleted,is_system,item_thumb,sys_sale_flag) values ("101000282","101000282",null,"CRAB",null,"0",null,"0","Crab Varutharachath",null,"101000117","1","0",null,"1",null,null,null,"0",null,"27","1.00000",null,null,"101000101","0","101000101",null,null,null,"320.00000","0.00000","0","0.00000","1","0","0","0",null,"0",null,"0",null,"0",null,"#FFFFFF","#1c6166",null,null,null,null,null,null,null,null,null,null,null,null,null,null,null,null,"0","2020-01-24 10:22:06.0",null,null,"0","0",null,"1");
DELETE FROM sale_item_ext WHERE id=101000282;
insert into sale_item_ext(id,kitchen_id,is_deleted,last_sync_at) values ("101000282","101000101","0","2020-01-23 23:52:06.0");
DELETE FROM stock_items WHERE id=101000283;
insert into stock_items(id,code,name,description,supplier_product_code,stock_item_attributes,stock_item_location,stock_item_category_id,prd_department_id,part_no,market_valuation_method,movement_method,uom_id,item_weight,qty_on_hand,unit_price,optimum_level,reorder_level,reorder_qty,preferred_supplier_id,last_purchase_unit_price,last_purchase_supplier_id,tax_id,tax_calculation_method,is_service_item,is_valid,is_manufactured,is_sellable,is_semi_finished,is_finished,sales_margin,is_sales_margin_percent,tax_percentage,qty_manufactured,top_consumption_rank,created_by,created_at,updated_by,updated_at,is_system,is_deleted) values ("101000283","SVS1","Sula Vineyards Shiraz",null,null,"",null,null,null,null,"0",null,"4","1.00000",null,"2400.00000",null,null,null,null,null,null,"1","0","0","1","0","1","0","0","0","0","0.00",null,"0","0","2020-01-24 10:22:06.0",null,null,"0","0");
DELETE FROM sale_items WHERE id=101000283;
insert into sale_items(id,stock_item_id,stock_item_code,code,hsn_code,is_group_item,group_item_id,is_combo_item,name,description,sub_class_id,is_valid,is_manufactured,alternative_name,is_printable_to_kitchen,name_to_print,alternative_name_to_print,barcode,is_open,qty_on_hand,uom_id,item_weight,profit_category_id,prd_department_id,tax_id,tax_exemption,tax_group_id,tax_id_home_service,tax_id_table_service,tax_id_take_away_service,fixed_price,whls_price,is_whls_price_pc,item_cost,tax_calculation_method,taxation_based_on,is_require_weighing,display_order,best_before,is_hot_item_1,hot_item_1_display_order,is_hot_item_2,hot_item_2_display_order,is_hot_item_3,hot_item_3_display_order,fg_color,bg_color,attrib1_name,attrib1_options,attrib2_name,attrib2_options,attrib3_name,attrib3_options,attrib4_name,attrib4_options,attrib5_name,attrib5_options,tag1,tag2,tag3,tag4,tag5,choice_ids,created_by,created_at,updated_by,updated_at,is_deleted,is_system,item_thumb,sys_sale_flag) values ("101000283","101000283",null,"SVS1",null,"0",null,"0","Sula Vineyards Shiraz",null,"101000107","1","0",null,"1",null,null,null,"0",null,"4","1.00000",null,null,"1","0","1",null,null,null,"2400.00000","0.00000","0","0.00000","0","0","0","0",null,"0",null,"0",null,"0",null,"#FFFFFF","#3926ad",null,null,null,null,null,null,null,null,null,null,null,null,null,null,null,null,"0","2020-01-24 10:22:06.0",null,null,"0","0",null,"1");
DELETE FROM sale_item_ext WHERE id=101000283;
insert into sale_item_ext(id,kitchen_id,is_deleted,last_sync_at) values ("101000283","101000102","0","2020-01-23 23:52:06.0");
DELETE FROM stock_items WHERE id=101000284;
insert into stock_items(id,code,name,description,supplier_product_code,stock_item_attributes,stock_item_location,stock_item_category_id,prd_department_id,part_no,market_valuation_method,movement_method,uom_id,item_weight,qty_on_hand,unit_price,optimum_level,reorder_level,reorder_qty,preferred_supplier_id,last_purchase_unit_price,last_purchase_supplier_id,tax_id,tax_calculation_method,is_service_item,is_valid,is_manufactured,is_sellable,is_semi_finished,is_finished,sales_margin,is_sales_margin_percent,tax_percentage,qty_manufactured,top_consumption_rank,created_by,created_at,updated_by,updated_at,is_system,is_deleted) values ("101000284","SQK","Squid Kerala Fry",null,null,"",null,null,null,null,"0",null,"27","1.00000",null,"250.00000",null,null,null,null,null,null,"101000101","1","0","1","0","1","0","0","0","0","0.00",null,"0","0","2020-01-24 10:22:06.0",null,null,"0","0");
DELETE FROM sale_items WHERE id=101000284;
insert into sale_items(id,stock_item_id,stock_item_code,code,hsn_code,is_group_item,group_item_id,is_combo_item,name,description,sub_class_id,is_valid,is_manufactured,alternative_name,is_printable_to_kitchen,name_to_print,alternative_name_to_print,barcode,is_open,qty_on_hand,uom_id,item_weight,profit_category_id,prd_department_id,tax_id,tax_exemption,tax_group_id,tax_id_home_service,tax_id_table_service,tax_id_take_away_service,fixed_price,whls_price,is_whls_price_pc,item_cost,tax_calculation_method,taxation_based_on,is_require_weighing,display_order,best_before,is_hot_item_1,hot_item_1_display_order,is_hot_item_2,hot_item_2_display_order,is_hot_item_3,hot_item_3_display_order,fg_color,bg_color,attrib1_name,attrib1_options,attrib2_name,attrib2_options,attrib3_name,attrib3_options,attrib4_name,attrib4_options,attrib5_name,attrib5_options,tag1,tag2,tag3,tag4,tag5,choice_ids,created_by,created_at,updated_by,updated_at,is_deleted,is_system,item_thumb,sys_sale_flag) values ("101000284","101000284",null,"SQK",null,"0",null,"0","Squid Kerala Fry",null,"101000111","1","0",null,"1",null,null,null,"0",null,"27","1.00000",null,null,"101000101","0","101000101",null,null,null,"250.00000","0.00000","0","0.00000","1","0","0","0",null,"0",null,"0",null,"0",null,"#FFFFFF","#175f93",null,null,null,null,null,null,null,null,null,null,null,null,null,null,null,null,"0","2020-01-24 10:22:06.0",null,null,"0","0",null,"1");
DELETE FROM sale_item_ext WHERE id=101000284;
insert into sale_item_ext(id,kitchen_id,is_deleted,last_sync_at) values ("101000284","101000101","0","2020-01-23 23:52:06.0");
DELETE FROM stock_items WHERE id=101000285;
insert into stock_items(id,code,name,description,supplier_product_code,stock_item_attributes,stock_item_location,stock_item_category_id,prd_department_id,part_no,market_valuation_method,movement_method,uom_id,item_weight,qty_on_hand,unit_price,optimum_level,reorder_level,reorder_qty,preferred_supplier_id,last_purchase_unit_price,last_purchase_supplier_id,tax_id,tax_calculation_method,is_service_item,is_valid,is_manufactured,is_sellable,is_semi_finished,is_finished,sales_margin,is_sales_margin_percent,tax_percentage,qty_manufactured,top_consumption_rank,created_by,created_at,updated_by,updated_at,is_system,is_deleted) values ("101000285","1100","KADAI CHICKEN WITH BONE ",null,null,"",null,null,null,null,"0",null,"27","1.00000",null,"300.00000",null,null,null,null,null,null,"101000101","1","0","1","0","1","0","0","0","0","0.00",null,"0","0","2020-01-24 10:22:06.0",null,null,"0","0");
DELETE FROM sale_items WHERE id=101000285;
insert into sale_items(id,stock_item_id,stock_item_code,code,hsn_code,is_group_item,group_item_id,is_combo_item,name,description,sub_class_id,is_valid,is_manufactured,alternative_name,is_printable_to_kitchen,name_to_print,alternative_name_to_print,barcode,is_open,qty_on_hand,uom_id,item_weight,profit_category_id,prd_department_id,tax_id,tax_exemption,tax_group_id,tax_id_home_service,tax_id_table_service,tax_id_take_away_service,fixed_price,whls_price,is_whls_price_pc,item_cost,tax_calculation_method,taxation_based_on,is_require_weighing,display_order,best_before,is_hot_item_1,hot_item_1_display_order,is_hot_item_2,hot_item_2_display_order,is_hot_item_3,hot_item_3_display_order,fg_color,bg_color,attrib1_name,attrib1_options,attrib2_name,attrib2_options,attrib3_name,attrib3_options,attrib4_name,attrib4_options,attrib5_name,attrib5_options,tag1,tag2,tag3,tag4,tag5,choice_ids,created_by,created_at,updated_by,updated_at,is_deleted,is_system,item_thumb,sys_sale_flag) values ("101000285","101000285",null,"1100",null,"0",null,"0","KADAI CHICKEN WITH BONE ",null,"101000116","1","0",null,"1",null,null,null,"0",null,"27","1.00000",null,null,"101000101","0","101000101",null,null,null,"300.00000","0.00000","0","0.00000","1","0","0","0",null,"0",null,"0",null,"0",null,"#FFFFFF","#0e443b",null,null,null,null,null,null,null,null,null,null,null,null,null,null,null,null,"0","2020-01-24 10:22:06.0",null,null,"0","0",null,"1");
DELETE FROM sale_item_ext WHERE id=101000285;
insert into sale_item_ext(id,kitchen_id,is_deleted,last_sync_at) values ("101000285","101000101","0","2020-01-23 23:52:06.0");
DELETE FROM stock_items WHERE id=101000286;
insert into stock_items(id,code,name,description,supplier_product_code,stock_item_attributes,stock_item_location,stock_item_category_id,prd_department_id,part_no,market_valuation_method,movement_method,uom_id,item_weight,qty_on_hand,unit_price,optimum_level,reorder_level,reorder_qty,preferred_supplier_id,last_purchase_unit_price,last_purchase_supplier_id,tax_id,tax_calculation_method,is_service_item,is_valid,is_manufactured,is_sellable,is_semi_finished,is_finished,sales_margin,is_sales_margin_percent,tax_percentage,qty_manufactured,top_consumption_rank,created_by,created_at,updated_by,updated_at,is_system,is_deleted) values ("101000286","SW1","Sula Red Bottle",null,null,"",null,null,null,null,"0",null,"8","1.00000",null,"2000.00000",null,null,null,null,null,null,"101000101","0","0","1","0","1","0","0","0","0","0.00",null,"0","0","2020-01-24 10:22:06.0",null,null,"0","0");
DELETE FROM sale_items WHERE id=101000286;
insert into sale_items(id,stock_item_id,stock_item_code,code,hsn_code,is_group_item,group_item_id,is_combo_item,name,description,sub_class_id,is_valid,is_manufactured,alternative_name,is_printable_to_kitchen,name_to_print,alternative_name_to_print,barcode,is_open,qty_on_hand,uom_id,item_weight,profit_category_id,prd_department_id,tax_id,tax_exemption,tax_group_id,tax_id_home_service,tax_id_table_service,tax_id_take_away_service,fixed_price,whls_price,is_whls_price_pc,item_cost,tax_calculation_method,taxation_based_on,is_require_weighing,display_order,best_before,is_hot_item_1,hot_item_1_display_order,is_hot_item_2,hot_item_2_display_order,is_hot_item_3,hot_item_3_display_order,fg_color,bg_color,attrib1_name,attrib1_options,attrib2_name,attrib2_options,attrib3_name,attrib3_options,attrib4_name,attrib4_options,attrib5_name,attrib5_options,tag1,tag2,tag3,tag4,tag5,choice_ids,created_by,created_at,updated_by,updated_at,is_deleted,is_system,item_thumb,sys_sale_flag) values ("101000286","101000286",null,"SW1",null,"0",null,"0","Sula Red Bottle",null,"101000107","1","0",null,"1",null,null,null,"0",null,"8","1.00000",null,null,"101000101","0","101000101",null,null,null,"2000.00000","0.00000","0","0.00000","0","0","0","0",null,"0",null,"0",null,"0",null,"#FFFFFF","#3926ad",null,null,null,null,null,null,null,null,null,null,null,null,null,null,null,null,"0","2020-01-24 10:22:06.0",null,null,"0","0",null,"1");
DELETE FROM sale_item_ext WHERE id=101000286;
insert into sale_item_ext(id,kitchen_id,is_deleted,last_sync_at) values ("101000286","101000102","0","2020-01-23 23:52:06.0");
DELETE FROM stock_items WHERE id=101000287;
insert into stock_items(id,code,name,description,supplier_product_code,stock_item_attributes,stock_item_location,stock_item_category_id,prd_department_id,part_no,market_valuation_method,movement_method,uom_id,item_weight,qty_on_hand,unit_price,optimum_level,reorder_level,reorder_qty,preferred_supplier_id,last_purchase_unit_price,last_purchase_supplier_id,tax_id,tax_calculation_method,is_service_item,is_valid,is_manufactured,is_sellable,is_semi_finished,is_finished,sales_margin,is_sales_margin_percent,tax_percentage,qty_manufactured,top_consumption_rank,created_by,created_at,updated_by,updated_at,is_system,is_deleted) values ("101000287","SVS2","Sula Vineyards Shiraz Bottle",null,null,"",null,null,null,null,"0",null,"8","1.00000",null,"2400.00000",null,null,null,null,null,null,"1","0","0","1","0","1","0","0","0","0","0.00",null,"0","0","2020-01-24 10:22:06.0",null,null,"0","0");
DELETE FROM sale_items WHERE id=101000287;
insert into sale_items(id,stock_item_id,stock_item_code,code,hsn_code,is_group_item,group_item_id,is_combo_item,name,description,sub_class_id,is_valid,is_manufactured,alternative_name,is_printable_to_kitchen,name_to_print,alternative_name_to_print,barcode,is_open,qty_on_hand,uom_id,item_weight,profit_category_id,prd_department_id,tax_id,tax_exemption,tax_group_id,tax_id_home_service,tax_id_table_service,tax_id_take_away_service,fixed_price,whls_price,is_whls_price_pc,item_cost,tax_calculation_method,taxation_based_on,is_require_weighing,display_order,best_before,is_hot_item_1,hot_item_1_display_order,is_hot_item_2,hot_item_2_display_order,is_hot_item_3,hot_item_3_display_order,fg_color,bg_color,attrib1_name,attrib1_options,attrib2_name,attrib2_options,attrib3_name,attrib3_options,attrib4_name,attrib4_options,attrib5_name,attrib5_options,tag1,tag2,tag3,tag4,tag5,choice_ids,created_by,created_at,updated_by,updated_at,is_deleted,is_system,item_thumb,sys_sale_flag) values ("101000287","101000287",null,"SVS2",null,"0",null,"0","Sula Vineyards Shiraz Bottle",null,"101000107","1","0",null,"1",null,null,null,"0",null,"8","1.00000",null,null,"1","0","1",null,null,null,"2400.00000","0.00000","0","0.00000","0","0","0","0",null,"0",null,"0",null,"0",null,"#FFFFFF","#3926ad",null,null,null,null,null,null,null,null,null,null,null,null,null,null,null,null,"0","2020-01-24 10:22:06.0",null,null,"0","0",null,"1");
DELETE FROM sale_item_ext WHERE id=101000287;
insert into sale_item_ext(id,kitchen_id,is_deleted,last_sync_at) values ("101000287","101000102","0","2020-01-23 23:52:06.0");
DELETE FROM stock_items WHERE id=101000288;
insert into stock_items(id,code,name,description,supplier_product_code,stock_item_attributes,stock_item_location,stock_item_category_id,prd_department_id,part_no,market_valuation_method,movement_method,uom_id,item_weight,qty_on_hand,unit_price,optimum_level,reorder_level,reorder_qty,preferred_supplier_id,last_purchase_unit_price,last_purchase_supplier_id,tax_id,tax_calculation_method,is_service_item,is_valid,is_manufactured,is_sellable,is_semi_finished,is_finished,sales_margin,is_sales_margin_percent,tax_percentage,qty_manufactured,top_consumption_rank,created_by,created_at,updated_by,updated_at,is_system,is_deleted) values ("101000288","CHMB","Chicken Manchurian (Bone)",null,null,"",null,null,null,null,"0",null,"27","1.00000",null,"240.00000",null,null,null,null,null,null,"101000101","1","0","1","0","1","0","0","0","0","0.00",null,"0","0","2020-01-24 10:22:06.0",null,null,"0","0");
DELETE FROM sale_items WHERE id=101000288;
insert into sale_items(id,stock_item_id,stock_item_code,code,hsn_code,is_group_item,group_item_id,is_combo_item,name,description,sub_class_id,is_valid,is_manufactured,alternative_name,is_printable_to_kitchen,name_to_print,alternative_name_to_print,barcode,is_open,qty_on_hand,uom_id,item_weight,profit_category_id,prd_department_id,tax_id,tax_exemption,tax_group_id,tax_id_home_service,tax_id_table_service,tax_id_take_away_service,fixed_price,whls_price,is_whls_price_pc,item_cost,tax_calculation_method,taxation_based_on,is_require_weighing,display_order,best_before,is_hot_item_1,hot_item_1_display_order,is_hot_item_2,hot_item_2_display_order,is_hot_item_3,hot_item_3_display_order,fg_color,bg_color,attrib1_name,attrib1_options,attrib2_name,attrib2_options,attrib3_name,attrib3_options,attrib4_name,attrib4_options,attrib5_name,attrib5_options,tag1,tag2,tag3,tag4,tag5,choice_ids,created_by,created_at,updated_by,updated_at,is_deleted,is_system,item_thumb,sys_sale_flag) values ("101000288","101000288",null,"CHMB",null,"0",null,"0","Chicken Manchurian (Bone)",null,"101000116","1","0",null,"1",null,null,null,"0",null,"27","1.00000",null,null,"101000101","0","101000101",null,null,null,"240.00000","0.00000","0","0.00000","1","0","0","0",null,"0",null,"0",null,"0",null,"#FFFFFF","#0e443b",null,null,null,null,null,null,null,null,null,null,null,null,null,null,null,null,"0","2020-01-24 10:22:06.0",null,null,"0","0",null,"1");
DELETE FROM sale_item_ext WHERE id=101000288;
insert into sale_item_ext(id,kitchen_id,is_deleted,last_sync_at) values ("101000288","101000101","0","2020-01-23 23:52:06.0");
DELETE FROM stock_items WHERE id=101000289;
insert into stock_items(id,code,name,description,supplier_product_code,stock_item_attributes,stock_item_location,stock_item_category_id,prd_department_id,part_no,market_valuation_method,movement_method,uom_id,item_weight,qty_on_hand,unit_price,optimum_level,reorder_level,reorder_qty,preferred_supplier_id,last_purchase_unit_price,last_purchase_supplier_id,tax_id,tax_calculation_method,is_service_item,is_valid,is_manufactured,is_sellable,is_semi_finished,is_finished,sales_margin,is_sales_margin_percent,tax_percentage,qty_manufactured,top_consumption_rank,created_by,created_at,updated_by,updated_at,is_system,is_deleted) values ("101000289","CHMBL","Chicken Manchurian (Bone Less)",null,null,"",null,null,null,null,"0",null,"27","1.00000",null,"300.00000",null,null,null,null,null,null,"101000101","1","0","1","0","1","0","0","0","0","0.00",null,"0","0","2020-01-24 10:22:06.0",null,null,"0","0");
DELETE FROM sale_items WHERE id=101000289;
insert into sale_items(id,stock_item_id,stock_item_code,code,hsn_code,is_group_item,group_item_id,is_combo_item,name,description,sub_class_id,is_valid,is_manufactured,alternative_name,is_printable_to_kitchen,name_to_print,alternative_name_to_print,barcode,is_open,qty_on_hand,uom_id,item_weight,profit_category_id,prd_department_id,tax_id,tax_exemption,tax_group_id,tax_id_home_service,tax_id_table_service,tax_id_take_away_service,fixed_price,whls_price,is_whls_price_pc,item_cost,tax_calculation_method,taxation_based_on,is_require_weighing,display_order,best_before,is_hot_item_1,hot_item_1_display_order,is_hot_item_2,hot_item_2_display_order,is_hot_item_3,hot_item_3_display_order,fg_color,bg_color,attrib1_name,attrib1_options,attrib2_name,attrib2_options,attrib3_name,attrib3_options,attrib4_name,attrib4_options,attrib5_name,attrib5_options,tag1,tag2,tag3,tag4,tag5,choice_ids,created_by,created_at,updated_by,updated_at,is_deleted,is_system,item_thumb,sys_sale_flag) values ("101000289","101000289",null,"CHMBL",null,"0",null,"0","Chicken Manchurian (Bone Less)",null,"101000116","1","0",null,"1",null,null,null,"0",null,"27","1.00000",null,null,"101000101","0","101000101",null,null,null,"300.00000","0.00000","0","0.00000","1","0","0","0",null,"0",null,"0",null,"0",null,"#FFFFFF","#0e443b",null,null,null,null,null,null,null,null,null,null,null,null,null,null,null,null,"0","2020-01-24 10:22:06.0",null,null,"0","0",null,"1");
DELETE FROM sale_item_ext WHERE id=101000289;
insert into sale_item_ext(id,kitchen_id,is_deleted,last_sync_at) values ("101000289","101000101","0","2020-01-23 23:52:06.0");
DELETE FROM stock_items WHERE id=101000290;
insert into stock_items(id,code,name,description,supplier_product_code,stock_item_attributes,stock_item_location,stock_item_category_id,prd_department_id,part_no,market_valuation_method,movement_method,uom_id,item_weight,qty_on_hand,unit_price,optimum_level,reorder_level,reorder_qty,preferred_supplier_id,last_purchase_unit_price,last_purchase_supplier_id,tax_id,tax_calculation_method,is_service_item,is_valid,is_manufactured,is_sellable,is_semi_finished,is_finished,sales_margin,is_sales_margin_percent,tax_percentage,qty_manufactured,top_consumption_rank,created_by,created_at,updated_by,updated_at,is_system,is_deleted) values ("101000290","CPB","Chicken Piralan Borm",null,null,"",null,null,null,null,"0",null,"27","1.00000",null,"260.00000",null,null,null,null,null,null,"101000101","1","0","1","0","1","0","0","0","0","0.00",null,"0","0","2020-01-24 10:22:06.0",null,null,"0","0");
DELETE FROM sale_items WHERE id=101000290;
insert into sale_items(id,stock_item_id,stock_item_code,code,hsn_code,is_group_item,group_item_id,is_combo_item,name,description,sub_class_id,is_valid,is_manufactured,alternative_name,is_printable_to_kitchen,name_to_print,alternative_name_to_print,barcode,is_open,qty_on_hand,uom_id,item_weight,profit_category_id,prd_department_id,tax_id,tax_exemption,tax_group_id,tax_id_home_service,tax_id_table_service,tax_id_take_away_service,fixed_price,whls_price,is_whls_price_pc,item_cost,tax_calculation_method,taxation_based_on,is_require_weighing,display_order,best_before,is_hot_item_1,hot_item_1_display_order,is_hot_item_2,hot_item_2_display_order,is_hot_item_3,hot_item_3_display_order,fg_color,bg_color,attrib1_name,attrib1_options,attrib2_name,attrib2_options,attrib3_name,attrib3_options,attrib4_name,attrib4_options,attrib5_name,attrib5_options,tag1,tag2,tag3,tag4,tag5,choice_ids,created_by,created_at,updated_by,updated_at,is_deleted,is_system,item_thumb,sys_sale_flag) values ("101000290","101000290",null,"CPB",null,"0",null,"0","Chicken Piralan Borm",null,"101000118","1","0",null,"1",null,null,null,"0",null,"27","1.00000",null,null,"101000101","0","101000101",null,null,null,"260.00000","0.00000","0","0.00000","1","0","0","0",null,"0",null,"0",null,"0",null,"#FFFFFF","#08470b",null,null,null,null,null,null,null,null,null,null,null,null,null,null,null,null,"0","2020-01-24 10:22:06.0",null,null,"0","0",null,"1");
DELETE FROM sale_item_ext WHERE id=101000290;
insert into sale_item_ext(id,kitchen_id,is_deleted,last_sync_at) values ("101000290","101000101","0","2020-01-23 23:52:06.0");
DELETE FROM stock_items WHERE id=101000291;
insert into stock_items(id,code,name,description,supplier_product_code,stock_item_attributes,stock_item_location,stock_item_category_id,prd_department_id,part_no,market_valuation_method,movement_method,uom_id,item_weight,qty_on_hand,unit_price,optimum_level,reorder_level,reorder_qty,preferred_supplier_id,last_purchase_unit_price,last_purchase_supplier_id,tax_id,tax_calculation_method,is_service_item,is_valid,is_manufactured,is_sellable,is_semi_finished,is_finished,sales_margin,is_sales_margin_percent,tax_percentage,qty_manufactured,top_consumption_rank,created_by,created_at,updated_by,updated_at,is_system,is_deleted) values ("101000291","PC","Parcel Charge",null,null,"",null,null,null,null,"0",null,"27","1.00000",null,"12.00000",null,null,null,null,null,null,"1","1","0","1","0","1","0","0","0","0","0.00",null,"0","0","2020-01-24 10:22:06.0",null,null,"0","0");
DELETE FROM sale_items WHERE id=101000291;
insert into sale_items(id,stock_item_id,stock_item_code,code,hsn_code,is_group_item,group_item_id,is_combo_item,name,description,sub_class_id,is_valid,is_manufactured,alternative_name,is_printable_to_kitchen,name_to_print,alternative_name_to_print,barcode,is_open,qty_on_hand,uom_id,item_weight,profit_category_id,prd_department_id,tax_id,tax_exemption,tax_group_id,tax_id_home_service,tax_id_table_service,tax_id_take_away_service,fixed_price,whls_price,is_whls_price_pc,item_cost,tax_calculation_method,taxation_based_on,is_require_weighing,display_order,best_before,is_hot_item_1,hot_item_1_display_order,is_hot_item_2,hot_item_2_display_order,is_hot_item_3,hot_item_3_display_order,fg_color,bg_color,attrib1_name,attrib1_options,attrib2_name,attrib2_options,attrib3_name,attrib3_options,attrib4_name,attrib4_options,attrib5_name,attrib5_options,tag1,tag2,tag3,tag4,tag5,choice_ids,created_by,created_at,updated_by,updated_at,is_deleted,is_system,item_thumb,sys_sale_flag) values ("101000291","101000291",null,"PC",null,"0",null,"0","Parcel Charge",null,"101000114","1","0",null,"1",null,null,null,"1",null,"27","1.00000",null,null,"1","0","1",null,null,null,"12.00000","0.00000","0","0.00000","1","0","0","0",null,"0",null,"0",null,"0",null,"#FFFFFF","#1d4240",null,null,null,null,null,null,null,null,null,null,null,null,null,null,null,null,"0","2020-01-24 10:22:06.0",null,null,"0","0",null,"1");
DELETE FROM stock_items WHERE id=101000292;
insert into stock_items(id,code,name,description,supplier_product_code,stock_item_attributes,stock_item_location,stock_item_category_id,prd_department_id,part_no,market_valuation_method,movement_method,uom_id,item_weight,qty_on_hand,unit_price,optimum_level,reorder_level,reorder_qty,preferred_supplier_id,last_purchase_unit_price,last_purchase_supplier_id,tax_id,tax_calculation_method,is_service_item,is_valid,is_manufactured,is_sellable,is_semi_finished,is_finished,sales_margin,is_sales_margin_percent,tax_percentage,qty_manufactured,top_consumption_rank,created_by,created_at,updated_by,updated_at,is_system,is_deleted) values ("101000292","CSFR","Chefs Special  fish fry",null,null,"",null,null,null,null,"0",null,"1","1.00000",null,"0.00000",null,null,null,null,null,null,"101000101","1","0","1","0","1","0","0","0","0","0.00",null,"0","0","2020-01-24 10:22:06.0",null,null,"0","0");
DELETE FROM sale_items WHERE id=101000292;
insert into sale_items(id,stock_item_id,stock_item_code,code,hsn_code,is_group_item,group_item_id,is_combo_item,name,description,sub_class_id,is_valid,is_manufactured,alternative_name,is_printable_to_kitchen,name_to_print,alternative_name_to_print,barcode,is_open,qty_on_hand,uom_id,item_weight,profit_category_id,prd_department_id,tax_id,tax_exemption,tax_group_id,tax_id_home_service,tax_id_table_service,tax_id_take_away_service,fixed_price,whls_price,is_whls_price_pc,item_cost,tax_calculation_method,taxation_based_on,is_require_weighing,display_order,best_before,is_hot_item_1,hot_item_1_display_order,is_hot_item_2,hot_item_2_display_order,is_hot_item_3,hot_item_3_display_order,fg_color,bg_color,attrib1_name,attrib1_options,attrib2_name,attrib2_options,attrib3_name,attrib3_options,attrib4_name,attrib4_options,attrib5_name,attrib5_options,tag1,tag2,tag3,tag4,tag5,choice_ids,created_by,created_at,updated_by,updated_at,is_deleted,is_system,item_thumb,sys_sale_flag) values ("101000292","101000292",null,"CSFR",null,"0",null,"0","Chefs Special  fish fry",null,"101000117","1","0",null,"1",null,null,null,"1",null,"1","1.00000",null,null,"101000101","0","101000101",null,null,null,"0.00000","0.00000","0","0.00000","1","0","0","0",null,"0",null,"0",null,"0",null,"#FFFFFF","#1c6166",null,null,null,null,null,null,null,null,null,null,null,null,null,null,null,null,"0","2020-01-24 10:22:06.0",null,null,"0","0",null,"1");
DELETE FROM sale_item_ext WHERE id=101000292;
insert into sale_item_ext(id,kitchen_id,is_deleted,last_sync_at) values ("101000292","101000101","0","2020-01-23 23:52:06.0");
DELETE FROM stock_items WHERE id=101000293;
insert into stock_items(id,code,name,description,supplier_product_code,stock_item_attributes,stock_item_location,stock_item_category_id,prd_department_id,part_no,market_valuation_method,movement_method,uom_id,item_weight,qty_on_hand,unit_price,optimum_level,reorder_level,reorder_qty,preferred_supplier_id,last_purchase_unit_price,last_purchase_supplier_id,tax_id,tax_calculation_method,is_service_item,is_valid,is_manufactured,is_sellable,is_semi_finished,is_finished,sales_margin,is_sales_margin_percent,tax_percentage,qty_manufactured,top_consumption_rank,created_by,created_at,updated_by,updated_at,is_system,is_deleted) values ("101000293","18","SQUID GRILLED",null,null,"",null,null,null,null,"0",null,"1","1.00000",null,"250.00000",null,null,null,null,null,null,"101000101","1","0","1","0","1","0","0","0","0","0.00",null,"0","0","2020-01-24 10:22:06.0",null,null,"0","0");
DELETE FROM sale_items WHERE id=101000293;
insert into sale_items(id,stock_item_id,stock_item_code,code,hsn_code,is_group_item,group_item_id,is_combo_item,name,description,sub_class_id,is_valid,is_manufactured,alternative_name,is_printable_to_kitchen,name_to_print,alternative_name_to_print,barcode,is_open,qty_on_hand,uom_id,item_weight,profit_category_id,prd_department_id,tax_id,tax_exemption,tax_group_id,tax_id_home_service,tax_id_table_service,tax_id_take_away_service,fixed_price,whls_price,is_whls_price_pc,item_cost,tax_calculation_method,taxation_based_on,is_require_weighing,display_order,best_before,is_hot_item_1,hot_item_1_display_order,is_hot_item_2,hot_item_2_display_order,is_hot_item_3,hot_item_3_display_order,fg_color,bg_color,attrib1_name,attrib1_options,attrib2_name,attrib2_options,attrib3_name,attrib3_options,attrib4_name,attrib4_options,attrib5_name,attrib5_options,tag1,tag2,tag3,tag4,tag5,choice_ids,created_by,created_at,updated_by,updated_at,is_deleted,is_system,item_thumb,sys_sale_flag) values ("101000293","101000293",null,"18",null,"0",null,"0","SQUID GRILLED",null,"101000111","1","0",null,"1",null,null,null,"0",null,"1","1.00000",null,null,"101000101","0","101000101",null,null,null,"250.00000","0.00000","0","0.00000","1","0","0","0",null,"0",null,"0",null,"0",null,"#FFFFFF","#175f93",null,null,null,null,null,null,null,null,null,null,null,null,null,null,null,null,"0","2020-01-24 10:22:06.0",null,null,"0","0",null,"1");
